
Opening input/output transcript to file "C:\Users\radie\Desktop\1_TrainingSIMS\realvesselSIM2\\fluent-20260225-121203-7032.trn".
Auto-Transcript Start Time:  12:12:03, 25 Feb 2026 E. Australia Standard Time 

              Welcome to ANSYS Fluent 2025 R2.04

              Copyright 1987-2025 ANSYS, Inc. All Rights Reserved.
              Unauthorized use, distribution or duplication is prohibited.
              This product is subject to U.S. laws governing export and re-export.
              For full Legal Notice, see documentation.

Build Time: Oct  7 2025 15:34:38 EDT  Build Id: 10205  
 
Connected License Server List:	1055@localhost

     --------------------------------------------------------------
     This is an academic version of ANSYS FLUENT. Usage of this product
     license is limited to the terms and conditions specified in your ANSYS
     license form, additional terms section.
     --------------------------------------------------------------
Host spawning Node 0 on machine "DESKTOP-BBN4MI6" (win64).

-----------------------------------------------------------------------------------
ID    Hostname         Core  O.S.         PID    Vendor                           
-----------------------------------------------------------------------------------
n3    DESKTOP-BBN4MI6  4/12  Windows-x64  21184  Intel(R) Core(TM) i5-10400F      
n2    DESKTOP-BBN4MI6  3/12  Windows-x64  20980  Intel(R) Core(TM) i5-10400F      
n1    DESKTOP-BBN4MI6  2/12  Windows-x64  28456  Intel(R) Core(TM) i5-10400F      
n0*   DESKTOP-BBN4MI6  1/12  Windows-x64  18312  Intel(R) Core(TM) i5-10400F      
host  DESKTOP-BBN4MI6        Windows-x64  21516  Intel(R) Core(TM) i5-10400F      

MPI Option Selected: intel
Selected system interconnect: default
-----------------------------------------------------------------------------------

Cleanup script file is C:\\Users\\radie\\Desktop\\1_TrainingSIMS\\realvesselSIM2\\cleanup-fluent-DESKTOP-BBN4MI6-21516.bat

Posting ANSYS Product Improvement Program startup data
Done.

Reading journal file results/coronary2/Re500/run_coronary2_Re500.jou...

> ; ===========================================================
; bifurcation_template_robust.jou  (BATCH-SAFE EXPORT FIX)
; Validated for ANSYS Fluent 2025 R2 (25.2)
; Mesh -> laminar -> water-liquid -> BCs -> iterate -> export
; ===========================================================

/file/set-tui-version "25.2"

> /file/set-batch-options yes no yes

> ; overwrite files? yes
; hide questions?  no   (keep no because BC sections still use scripted responses)
; exit on error?   yes

define/                 parametric-study/       solve/
display/                plot/                   surface/
exit                    preferences/            switch-to-meshing-mode
file/                   print-license-usage     turbo-setup/
mesh/                   report/                 views/
parallel/               server/

> ; Prevent overwrite prompts during export/write
/file/confirm-overwrite? no

> 
define/                 parametric-study/       solve/
display/                plot/                   surface/
exit                    preferences/            switch-to-meshing-mode
file/                   print-license-usage     turbo-setup/
mesh/                   report/                 views/
parallel/               server/

> /file/read-case "coronary2.msh"Multicore SMT processors detected. Processor affinity set!

Reading "coronary2.msh"...

Buffering for file scan...

ANSYS(R) TGLib(TM) 3D, revision 24.1.0
Warning: Skipping edges zones section(s).
   35982 nodes.
   41815 nodes.
  178694 nodes.
 1481898 mixed interior faces, zone 2633.
   81602 triangular wall faces, zone 20.
     244 mixed pressure-outlet faces, zone 19.
     344 mixed pressure-outlet faces, zone 18.
     894 mixed velocity-inlet faces, zone 17.
  700623 mixed cells, zone 2584.

Building...
     mesh
	auto partitioning mesh by Metis (fast),
	distributing mesh
		parts....,
		faces....,
		nodes....,
		cells....,
        bandwidth reduction using Reverse Cuthill-McKee: 176553/1496 = 118.017
     materials,
     interface,
     domains,
     zones,
	Skipping thread 13 of domain 1 (not referenced by grid).
	Skipping thread 14 of domain 1 (not referenced by grid).
	Skipping thread 15 of domain 1 (not referenced by grid).
	Skipping thread 16 of domain 1 (not referenced by grid).
	Skipping thread 10 of domain 1 (not referenced by grid).
	interior--fluid_domain
	wall-fluid_domain
	outlet_2
	outlet_1
	inlet
	fluid_domain
     parallel,
Done.


> 
adjoint/                parallel/               server/
define/                 parametric-study/       solve/
display/                plot/                   surface/
exit                    preferences/            turbo-setup/
file/                   print-license-usage     views/
mesh/                   report/

> ; ---------- Models ----------
/define/models/solver/pressure-based yes

> /define/models/viscous/laminar yes

> 
adjoint/                parallel/               server/
define/                 parametric-study/       solve/
display/                plot/                   surface/
exit                    preferences/            turbo-setup/
file/                   print-license-usage     views/
mesh/                   report/

> ; ---------- Materials ----------
/define/materials/copy fluid water-liquid

Material "water-liquid" copied from database: fluent-database.


> /define/boundary-conditions/fluid (fluid_domain)
fluid_domain yes water-liquid
Specify source terms? [no] no
Specify fixed values? [no] no
Frame Motion? [no] no
Use Profile for Reference Frame X-Origin of Rotation-Axis? [no] no
Reference Frame X-Origin of Rotation-Axis (constant or expression) (in [m]) [0] 0
Use Profile for Reference Frame Y-Origin of Rotation-Axis? [no] no
Reference Frame Y-Origin of Rotation-Axis (constant or expression) (in [m]) [0] 0
Use Profile for Reference Frame Z-Origin of Rotation-Axis? [no] no
Reference Frame Z-Origin of Rotation-Axis (constant or expression) (in [m]) [0] 0
Use Profile for Reference Frame X-Component of Rotation-Axis? [no] no
Reference Frame X-Component of Rotation-Axis (constant or expression) [0] 0
Use Profile for Reference Frame Y-Component of Rotation-Axis? [no] no
Reference Frame Y-Component of Rotation-Axis (constant or expression) [0] 0
Use Profile for Reference Frame Z-Component of Rotation-Axis? [no] no
Reference Frame Z-Component of Rotation-Axis (constant or expression) [1] 1
Mesh Motion? [no] no
Enter yes or no to continue [no] no
Porous zone? [no] no
3D Fan Zone? [no] no

> 
adjoint/                parallel/               server/
define/                 parametric-study/       solve/
display/                plot/                   surface/
exit                    preferences/            turbo-setup/
file/                   print-license-usage     views/
mesh/                   report/

> ; ---------- Boundary Conditions ----------
; INLET
/define/boundary-conditions/velocity-inlet (inlet)
inlet
Velocity Specification Method: Magnitude and Direction [no] no
Velocity Specification Method: Components [no] no
Velocity Specification Method: Magnitude, Normal to Boundary [yes] yes
Reference Frame: Absolute [yes] yes
Use Profile for Velocity Magnitude? [no] no
Velocity Magnitude (constant or expression) (in [m/s]) [0] 0.11698867305045128
Use Profile for Supersonic/Initial Gauge Pressure? [no] no
Supersonic/Initial Gauge Pressure (constant or expression) (in [Pa]) [0] 0

> 
adjoint/                parallel/               server/
define/                 parametric-study/       solve/
display/                plot/                   surface/
exit                    preferences/            turbo-setup/
file/                   print-license-usage     views/
mesh/                   report/

> ; OUTLETS
/define/boundary-conditions/pressure-outlet (outlet_1 outlet_2)
outlet_1
Backflow Reference Frame: Absolute [yes] yes
Use Profile for Gauge Pressure? [no] no
Gauge Pressure (constant or expression) (in [Pa]) [0] 0
Backflow Direction Specification Method: Direction Vector [no] no
Backflow Direction Specification Method: Normal to Boundary [yes] yes
Backflow Pressure Specification: Total Pressure [yes] yes
Radial Equilibrium Pressure Distribution [no] no
Average Pressure Specification? [no] no
Specify targeted mass flow rate [no] no

> 
adjoint/                parallel/               server/
define/                 parametric-study/       solve/
display/                plot/                   surface/
exit                    preferences/            turbo-setup/
file/                   print-license-usage     views/
mesh/                   report/

> /define/boundary-conditions/pressure-outlet (outlet_1 outlet_2)
outlet_2
Backflow Reference Frame: Absolute [yes] yes
Use Profile for Gauge Pressure? [no] no
Gauge Pressure (constant or expression) (in [Pa]) [0] 0
Backflow Direction Specification Method: Direction Vector [no] no
Backflow Direction Specification Method: Normal to Boundary [yes] yes
Backflow Pressure Specification: Total Pressure [yes] yes
Radial Equilibrium Pressure Distribution [no] no
Average Pressure Specification? [no] no
Specify targeted mass flow rate [no] no

> 
adjoint/                parallel/               server/
define/                 parametric-study/       solve/
display/                plot/                   surface/
exit                    preferences/            turbo-setup/
file/                   print-license-usage     views/
mesh/                   report/

> ; WALLS
/define/boundary-conditions/wall (wall-fluid_domain)
wall-fluid_domain
Wall Motion [motion-bc-stationary]: Change current value? [no] no
Shear Boundary Condition [shear-bc-noslip]: Change current value? [no] no

> 
adjoint/                parallel/               server/
define/                 parametric-study/       solve/
display/                plot/                   surface/
exit                    preferences/            turbo-setup/
file/                   print-license-usage     views/
mesh/                   report/

> ; ---------- Solution Methods ----------
/solve/set/p-v-coupling 24

> /solve/set/discretization-scheme/pressure 12

> /solve/set/discretization-scheme/mom 4

> 
adjoint/                parallel/               server/
define/                 parametric-study/       solve/
display/                plot/                   surface/
exit                    preferences/            turbo-setup/
file/                   print-license-usage     views/
mesh/                   report/

> ; ---------- Solution Controls ----------
/solve/monitors/residual/convergence-criteria 1e-6 1e-5 1e-5 1e-5

> /solve/monitors/residual/print? yes

> 
adjoint/                parallel/               server/
define/                 parametric-study/       solve/
display/                plot/                   surface/
exit                    preferences/            turbo-setup/
file/                   print-license-usage     views/
mesh/                   report/

> ; ---------- Initialization ----------
/solve/initialize/compute-defaults/velocity-inlet (inlet)
inlet

> /solve/initialize/initialize-flow

> 
adjoint/                parallel/               server/
define/                 parametric-study/       solve/
display/                plot/                   surface/
exit                    preferences/            turbo-setup/
file/                   print-license-usage     views/
mesh/                   report/

> ; ---------- Solve ----------
/solve/iterate 3500

  iter  continuity  x-velocity  y-velocity  z-velocity     time/iter

 Reversed flow on 244 faces (100.0% area) of pressure-outlet 19.
     1  1.0000e+00  3.6686e-03  5.1866e-03  5.0885e-03  1:59:20 3499

 Reversed flow on 88 faces (24.5% area) of pressure-outlet 19.

 Reversed flow on 172 faces (45.0% area) of pressure-outlet 18.
     2  8.1222e-01  8.8069e-03  1.3671e-02  1.4950e-02  1:54:32 3498

 Reversed flow on 148 faces (62.5% area) of pressure-outlet 19.

 Reversed flow on 156 faces (36.3% area) of pressure-outlet 18.
     3  3.6975e-01  3.5343e-03  4.9716e-03  4.3663e-03  1:51:14 3497

 Reversed flow on 31 faces (11.2% area) of pressure-outlet 19.

 Reversed flow on 95 faces (18.1% area) of pressure-outlet 18.
     4  2.4516e-01  2.0564e-03  2.6564e-03  2.0109e-03  1:53:26 3496

 Reversed flow on 11 faces (3.7% area) of pressure-outlet 19.

 Reversed flow on 121 faces (18.4% area) of pressure-outlet 18.
     5  2.0737e-01  1.4862e-03  1.6334e-03  1.1215e-03  1:55:17 3495

 Reversed flow on 2 faces (0.3% area) of pressure-outlet 19.

 Reversed flow on 123 faces (18.8% area) of pressure-outlet 18.
     6  1.6948e-01  1.2670e-03  1.2442e-03  7.8856e-04  1:56:43 3494

 Reversed flow on 158 faces (24.4% area) of pressure-outlet 18.
     7  1.4088e-01  1.1524e-03  1.0358e-03  6.2856e-04  1:52:30 3493

 Reversed flow on 181 faces (29.9% area) of pressure-outlet 18.
     8  1.1634e-01  9.9117e-04  8.5123e-04  5.0141e-04  1:54:23 3492

 Reversed flow on 188 faces (32.3% area) of pressure-outlet 18.
     9  1.0344e-01  9.6087e-04  7.8762e-04  4.9209e-04  1:56:00 3491

 Reversed flow on 204 faces (36.3% area) of pressure-outlet 18.
    10  9.5634e-02  9.0693e-04  7.2887e-04  4.6639e-04  1:57:25 3490

 Reversed flow on 213 faces (38.0% area) of pressure-outlet 18.
    11  9.1284e-02  8.7343e-04  6.9820e-04  4.6020e-04  1:58:25 3489

 Reversed flow on 9 faces (3.6% area) of pressure-outlet 19.

 Reversed flow on 212 faces (38.0% area) of pressure-outlet 18.

  iter  continuity  x-velocity  y-velocity  z-velocity     time/iter
    12  8.8838e-02  8.4079e-04  6.7291e-04  4.5108e-04  1:53:26 3488

 Reversed flow on 27 faces (9.9% area) of pressure-outlet 19.

 Reversed flow on 212 faces (38.5% area) of pressure-outlet 18.
    13  8.1269e-02  7.5176e-04  6.1121e-04  4.0093e-04  1:54:43 3487

 Reversed flow on 29 faces (14.1% area) of pressure-outlet 19.

 Reversed flow on 202 faces (37.1% area) of pressure-outlet 18.
    14  7.7149e-02  7.1423e-04  5.9090e-04  3.9154e-04  1:55:37 3486

 Reversed flow on 37 faces (17.9% area) of pressure-outlet 19.

 Reversed flow on 204 faces (37.9% area) of pressure-outlet 18.
    15  7.3765e-02  6.6977e-04  5.6666e-04  3.7177e-04  1:56:19 3485

 Reversed flow on 40 faces (19.8% area) of pressure-outlet 19.

 Reversed flow on 199 faces (37.2% area) of pressure-outlet 18.
    16  7.0816e-02  6.2791e-04  5.3948e-04  3.5307e-04  1:51:44 3484

 Reversed flow on 42 faces (21.1% area) of pressure-outlet 19.

 Reversed flow on 199 faces (36.9% area) of pressure-outlet 18.
    17  6.5702e-02  5.7014e-04  4.9711e-04  3.2228e-04  1:53:09 3483

 Reversed flow on 40 faces (21.6% area) of pressure-outlet 19.

 Reversed flow on 192 faces (36.0% area) of pressure-outlet 18.
    18  6.3815e-02  5.5070e-04  4.8209e-04  3.1941e-04  1:54:20 3482

 Reversed flow on 44 faces (23.5% area) of pressure-outlet 19.

 Reversed flow on 199 faces (38.0% area) of pressure-outlet 18.
    19  6.2976e-02  5.2291e-04  4.6206e-04  3.0886e-04  1:50:06 3481

 Reversed flow on 51 faces (26.8% area) of pressure-outlet 19.

 Reversed flow on 202 faces (38.6% area) of pressure-outlet 18.
    20  5.9004e-02  4.7594e-04  4.2451e-04  2.8223e-04  1:46:44 3480

 Reversed flow on 49 faces (25.7% area) of pressure-outlet 19.

 Reversed flow on 208 faces (39.5% area) of pressure-outlet 18.
    21  5.5511e-02  4.4461e-04  3.9645e-04  2.6659e-04  1:44:03 3479

 Reversed flow on 51 faces (26.6% area) of pressure-outlet 19.

 Reversed flow on 210 faces (40.3% area) of pressure-outlet 18.
    22  5.2410e-02  4.1457e-04  3.7010e-04  2.5040e-04  1:41:53 3478

 Reversed flow on 52 faces (26.5% area) of pressure-outlet 19.

 Reversed flow on 202 faces (38.9% area) of pressure-outlet 18.

  iter  continuity  x-velocity  y-velocity  z-velocity     time/iter
    23  4.9915e-02  3.9138e-04  3.4783e-04  2.3776e-04  1:40:09 3477

 Reversed flow on 59 faces (27.2% area) of pressure-outlet 19.

 Reversed flow on 208 faces (39.3% area) of pressure-outlet 18.
    24  4.7580e-02  3.6650e-04  3.2582e-04  2.2376e-04  1:38:47 3476

 Reversed flow on 60 faces (27.4% area) of pressure-outlet 19.

 Reversed flow on 200 faces (38.6% area) of pressure-outlet 18.
    25  4.5430e-02  3.4502e-04  3.0604e-04  2.1251e-04  1:37:39 3475

 Reversed flow on 60 faces (27.5% area) of pressure-outlet 19.

 Reversed flow on 200 faces (38.6% area) of pressure-outlet 18.
    26  4.3275e-02  3.2576e-04  2.8848e-04  2.0269e-04  1:36:45 3474

 Reversed flow on 61 faces (27.8% area) of pressure-outlet 19.

 Reversed flow on 201 faces (38.1% area) of pressure-outlet 18.
    27  4.1455e-02  3.0764e-04  2.7199e-04  1.9353e-04  1:41:07 3473

 Reversed flow on 60 faces (27.5% area) of pressure-outlet 19.

 Reversed flow on 203 faces (38.1% area) of pressure-outlet 18.
    28  4.1417e-02  3.0668e-04  2.6912e-04  1.9572e-04  1:39:33 3472

 Reversed flow on 61 faces (27.8% area) of pressure-outlet 19.

 Reversed flow on 218 faces (39.4% area) of pressure-outlet 18.
    29  3.9247e-02  2.7564e-04  2.4453e-04  1.7680e-04  1:38:15 3471

 Reversed flow on 62 faces (28.1% area) of pressure-outlet 19.

 Reversed flow on 213 faces (39.0% area) of pressure-outlet 18.
    30  3.7312e-02  2.5930e-04  2.2963e-04  1.6868e-04  1:37:11 3470

 Reversed flow on 61 faces (27.7% area) of pressure-outlet 19.

 Reversed flow on 210 faces (38.5% area) of pressure-outlet 18.
    31  3.5110e-02  2.4069e-04  2.1378e-04  1.5827e-04  1:36:17 3469

 Reversed flow on 60 faces (27.5% area) of pressure-outlet 19.

 Reversed flow on 208 faces (38.4% area) of pressure-outlet 18.
    32  3.3050e-02  2.2505e-04  1.9960e-04  1.4902e-04  1:35:38 3468

 Reversed flow on 62 faces (28.8% area) of pressure-outlet 19.

 Reversed flow on 204 faces (38.1% area) of pressure-outlet 18.
    33  3.1431e-02  2.1244e-04  1.8896e-04  1.4141e-04  1:35:05 3467

 Reversed flow on 59 faces (27.8% area) of pressure-outlet 19.

 Reversed flow on 192 faces (37.2% area) of pressure-outlet 18.

  iter  continuity  x-velocity  y-velocity  z-velocity     time/iter
    34  2.9769e-02  2.0022e-04  1.7772e-04  1.3429e-04  1:34:39 3466

 Reversed flow on 60 faces (28.8% area) of pressure-outlet 19.

 Reversed flow on 195 faces (37.3% area) of pressure-outlet 18.
    35  2.8308e-02  1.8992e-04  1.6763e-04  1.2854e-04  1:34:21 3465

 Reversed flow on 58 faces (28.4% area) of pressure-outlet 19.

 Reversed flow on 189 faces (36.7% area) of pressure-outlet 18.
    36  2.6938e-02  1.7967e-04  1.5834e-04  1.2206e-04  1:34:02 3464

 Reversed flow on 57 faces (28.0% area) of pressure-outlet 19.

 Reversed flow on 188 faces (36.1% area) of pressure-outlet 18.
    37  2.5771e-02  1.7144e-04  1.5083e-04  1.1677e-04  1:33:45 3463

 Reversed flow on 57 faces (28.0% area) of pressure-outlet 19.

 Reversed flow on 184 faces (36.0% area) of pressure-outlet 18.
    38  2.4908e-02  1.6452e-04  1.4465e-04  1.1235e-04  1:33:38 3462

 Reversed flow on 56 faces (27.8% area) of pressure-outlet 19.

 Reversed flow on 185 faces (35.4% area) of pressure-outlet 18.
    39  2.3970e-02  1.5654e-04  1.3773e-04  1.0720e-04  1:33:29 3461

 Reversed flow on 56 faces (27.8% area) of pressure-outlet 19.

 Reversed flow on 189 faces (35.6% area) of pressure-outlet 18.
    40  2.3173e-02  1.5097e-04  1.3254e-04  1.0343e-04  1:33:18 3460

 Reversed flow on 58 faces (28.7% area) of pressure-outlet 19.

 Reversed flow on 190 faces (35.7% area) of pressure-outlet 18.
    41  2.2382e-02  1.4368e-04  1.2660e-04  9.8714e-05  1:33:12 3459

 Reversed flow on 57 faces (28.5% area) of pressure-outlet 19.

 Reversed flow on 186 faces (35.3% area) of pressure-outlet 18.
    42  2.1600e-02  1.3723e-04  1.2137e-04  9.4513e-05  1:33:08 3458

 Reversed flow on 55 faces (28.2% area) of pressure-outlet 19.

 Reversed flow on 183 faces (35.1% area) of pressure-outlet 18.
    43  2.1038e-02  1.3325e-04  1.1734e-04  9.2323e-05  1:33:04 3457

 Reversed flow on 54 faces (28.1% area) of pressure-outlet 19.

 Reversed flow on 183 faces (35.1% area) of pressure-outlet 18.
    44  2.0297e-02  1.2718e-04  1.1176e-04  8.8178e-05  1:32:57 3456

 Reversed flow on 54 faces (28.1% area) of pressure-outlet 19.

 Reversed flow on 180 faces (34.8% area) of pressure-outlet 18.

  iter  continuity  x-velocity  y-velocity  z-velocity     time/iter
    45  1.9425e-02  1.2047e-04  1.0639e-04  8.3781e-05  1:32:53 3455

 Reversed flow on 54 faces (28.1% area) of pressure-outlet 19.

 Reversed flow on 178 faces (34.5% area) of pressure-outlet 18.
    46  1.8587e-02  1.1475e-04  1.0188e-04  8.0184e-05  1:32:50 3454

 Reversed flow on 55 faces (28.3% area) of pressure-outlet 19.

 Reversed flow on 178 faces (34.5% area) of pressure-outlet 18.
    47  1.7847e-02  1.0968e-04  9.7560e-05  7.6926e-05  1:32:45 3453

 Reversed flow on 54 faces (28.2% area) of pressure-outlet 19.

 Reversed flow on 178 faces (34.5% area) of pressure-outlet 18.
    48  1.7156e-02  1.0508e-04  9.3331e-05  7.3978e-05  1:32:40 3452

 Reversed flow on 53 faces (28.0% area) of pressure-outlet 19.

 Reversed flow on 179 faces (35.4% area) of pressure-outlet 18.
    49  1.6718e-02  1.0259e-04  9.0148e-05  7.2021e-05  1:32:44 3451

 Reversed flow on 53 faces (28.0% area) of pressure-outlet 19.

 Reversed flow on 180 faces (35.9% area) of pressure-outlet 18.
    50  1.6293e-02  9.8723e-05  8.6311e-05  6.9363e-05  1:32:40 3450

 Reversed flow on 53 faces (28.0% area) of pressure-outlet 19.

 Reversed flow on 180 faces (35.9% area) of pressure-outlet 18.
    51  1.5865e-02  9.5996e-05  8.3168e-05  6.7260e-05  1:32:36 3449

 Reversed flow on 55 faces (28.1% area) of pressure-outlet 19.

 Reversed flow on 181 faces (35.9% area) of pressure-outlet 18.
    52  1.5223e-02  9.1314e-05  7.8828e-05  6.3769e-05  1:32:32 3448

 Reversed flow on 55 faces (28.1% area) of pressure-outlet 19.

 Reversed flow on 179 faces (35.7% area) of pressure-outlet 18.
    53  1.4457e-02  8.6984e-05  7.4762e-05  6.0589e-05  1:32:30 3447

 Reversed flow on 55 faces (28.1% area) of pressure-outlet 19.

 Reversed flow on 179 faces (35.6% area) of pressure-outlet 18.
    54  1.3784e-02  8.3109e-05  7.0964e-05  5.7853e-05  1:32:28 3446

 Reversed flow on 55 faces (28.1% area) of pressure-outlet 19.

 Reversed flow on 179 faces (35.6% area) of pressure-outlet 18.
    55  1.3217e-02  7.9941e-05  6.7804e-05  5.5748e-05  1:32:26 3445

 Reversed flow on 55 faces (28.1% area) of pressure-outlet 19.

 Reversed flow on 179 faces (35.6% area) of pressure-outlet 18.

  iter  continuity  x-velocity  y-velocity  z-velocity     time/iter
    56  1.2650e-02  7.5995e-05  6.4261e-05  5.3037e-05  1:32:23 3444

 Reversed flow on 56 faces (29.1% area) of pressure-outlet 19.

 Reversed flow on 179 faces (35.6% area) of pressure-outlet 18.
    57  1.2021e-02  7.1865e-05  6.0655e-05  5.0166e-05  1:32:19 3443

 Reversed flow on 56 faces (29.1% area) of pressure-outlet 19.

 Reversed flow on 174 faces (34.9% area) of pressure-outlet 18.
    58  1.1387e-02  6.8095e-05  5.7404e-05  4.7600e-05  1:32:16 3442

 Reversed flow on 55 faces (28.8% area) of pressure-outlet 19.

 Reversed flow on 173 faces (34.8% area) of pressure-outlet 18.
    59  1.0929e-02  6.5598e-05  5.4964e-05  4.5796e-05  1:32:15 3441

 Reversed flow on 55 faces (28.8% area) of pressure-outlet 19.

 Reversed flow on 173 faces (34.8% area) of pressure-outlet 18.
    60  1.0426e-02  6.2024e-05  5.1928e-05  4.3379e-05  1:32:13 3440

 Reversed flow on 55 faces (28.8% area) of pressure-outlet 19.

 Reversed flow on 173 faces (34.8% area) of pressure-outlet 18.
    61  9.9737e-03  5.9467e-05  4.9732e-05  4.1680e-05  1:32:13 3439

 Reversed flow on 55 faces (28.8% area) of pressure-outlet 19.

 Reversed flow on 174 faces (34.8% area) of pressure-outlet 18.
    62  9.5032e-03  5.6132e-05  4.7054e-05  3.9434e-05  1:32:10 3438

 Reversed flow on 55 faces (28.8% area) of pressure-outlet 19.

 Reversed flow on 175 faces (34.9% area) of pressure-outlet 18.
    63  9.0533e-03  5.3207e-05  4.4613e-05  3.7510e-05  1:32:08 3437

 Reversed flow on 54 faces (28.5% area) of pressure-outlet 19.

 Reversed flow on 175 faces (34.9% area) of pressure-outlet 18.
    64  8.6646e-03  5.0703e-05  4.2669e-05  3.5878e-05  1:32:07 3436

 Reversed flow on 54 faces (28.5% area) of pressure-outlet 19.

 Reversed flow on 178 faces (35.1% area) of pressure-outlet 18.
    65  8.4561e-03  4.9501e-05  4.1791e-05  3.5134e-05  1:32:07 3435

 Reversed flow on 54 faces (28.5% area) of pressure-outlet 19.

 Reversed flow on 180 faces (35.3% area) of pressure-outlet 18.
    66  8.1251e-03  4.6608e-05  3.9430e-05  3.3103e-05  1:32:06 3434

 Reversed flow on 54 faces (28.5% area) of pressure-outlet 19.

 Reversed flow on 178 faces (35.2% area) of pressure-outlet 18.

  iter  continuity  x-velocity  y-velocity  z-velocity     time/iter
    67  7.7764e-03  4.4198e-05  3.7441e-05  3.1513e-05  1:32:04 3433

 Reversed flow on 54 faces (28.5% area) of pressure-outlet 19.

 Reversed flow on 177 faces (35.2% area) of pressure-outlet 18.
    68  7.5768e-03  4.3079e-05  3.6471e-05  3.0784e-05  1:32:02 3432

 Reversed flow on 54 faces (28.5% area) of pressure-outlet 19.

 Reversed flow on 177 faces (35.2% area) of pressure-outlet 18.
    69  7.2908e-03  4.0839e-05  3.4705e-05  2.9121e-05  1:31:59 3431

 Reversed flow on 54 faces (28.5% area) of pressure-outlet 19.

 Reversed flow on 176 faces (35.1% area) of pressure-outlet 18.
    70  7.1014e-03  4.0021e-05  3.3842e-05  2.8560e-05  1:31:56 3430

 Reversed flow on 54 faces (28.5% area) of pressure-outlet 19.

 Reversed flow on 177 faces (35.2% area) of pressure-outlet 18.
    71  6.8170e-03  3.7709e-05  3.2010e-05  2.6810e-05  1:32:02 3429

 Reversed flow on 54 faces (28.5% area) of pressure-outlet 19.

 Reversed flow on 175 faces (35.0% area) of pressure-outlet 18.
    72  6.5751e-03  3.6367e-05  3.1029e-05  2.5814e-05  1:32:01 3428

 Reversed flow on 52 faces (27.8% area) of pressure-outlet 19.

 Reversed flow on 175 faces (35.0% area) of pressure-outlet 18.
    73  6.3569e-03  3.5114e-05  2.9958e-05  2.4857e-05  1:31:57 3427

 Reversed flow on 52 faces (27.8% area) of pressure-outlet 19.

 Reversed flow on 175 faces (35.0% area) of pressure-outlet 18.
    74  6.1272e-03  3.3591e-05  2.8644e-05  2.3833e-05  1:31:53 3426

 Reversed flow on 52 faces (27.8% area) of pressure-outlet 19.

 Reversed flow on 175 faces (35.0% area) of pressure-outlet 18.
    75  5.9227e-03  3.2414e-05  2.7552e-05  2.2970e-05  1:31:52 3425

 Reversed flow on 52 faces (27.8% area) of pressure-outlet 19.

 Reversed flow on 175 faces (35.0% area) of pressure-outlet 18.
    76  5.6740e-03  3.0786e-05  2.6234e-05  2.1813e-05  1:31:50 3424

 Reversed flow on 52 faces (27.8% area) of pressure-outlet 19.

 Reversed flow on 174 faces (34.7% area) of pressure-outlet 18.
    77  5.4410e-03  2.9590e-05  2.5058e-05  2.1015e-05  1:31:46 3423

 Reversed flow on 53 faces (27.9% area) of pressure-outlet 19.

 Reversed flow on 174 faces (34.7% area) of pressure-outlet 18.

  iter  continuity  x-velocity  y-velocity  z-velocity     time/iter
    78  5.1938e-03  2.8150e-05  2.3823e-05  1.9980e-05  1:31:43 3422

 Reversed flow on 53 faces (27.9% area) of pressure-outlet 19.

 Reversed flow on 174 faces (34.7% area) of pressure-outlet 18.
    79  4.9584e-03  2.6943e-05  2.2828e-05  1.9133e-05  1:31:43 3421

 Reversed flow on 52 faces (27.4% area) of pressure-outlet 19.

 Reversed flow on 174 faces (34.7% area) of pressure-outlet 18.
    80  4.7686e-03  2.6042e-05  2.2058e-05  1.8527e-05  1:31:51 3420

 Reversed flow on 51 faces (27.4% area) of pressure-outlet 19.

 Reversed flow on 173 faces (34.6% area) of pressure-outlet 18.
    81  4.6638e-03  2.5650e-05  2.1623e-05  1.8196e-05  1:31:47 3419

 Reversed flow on 52 faces (28.1% area) of pressure-outlet 19.

 Reversed flow on 174 faces (34.8% area) of pressure-outlet 18.
    82  4.5029e-03  2.4405e-05  2.0587e-05  1.7205e-05  1:31:45 3418

 Reversed flow on 51 faces (27.7% area) of pressure-outlet 19.

 Reversed flow on 174 faces (34.8% area) of pressure-outlet 18.
    83  4.3275e-03  2.3464e-05  1.9794e-05  1.6535e-05  1:31:43 3417

 Reversed flow on 51 faces (27.7% area) of pressure-outlet 19.

 Reversed flow on 174 faces (34.8% area) of pressure-outlet 18.
    84  4.1912e-03  2.2890e-05  1.9357e-05  1.6127e-05  1:31:39 3416

 Reversed flow on 51 faces (27.7% area) of pressure-outlet 19.

 Reversed flow on 174 faces (34.8% area) of pressure-outlet 18.
    85  4.0591e-03  2.2133e-05  1.8767e-05  1.5471e-05  1:31:37 3415

 Reversed flow on 51 faces (27.7% area) of pressure-outlet 19.

 Reversed flow on 174 faces (34.8% area) of pressure-outlet 18.
    86  3.9266e-03  2.1352e-05  1.8081e-05  1.4845e-05  1:31:39 3414

 Reversed flow on 50 faces (27.5% area) of pressure-outlet 19.

 Reversed flow on 174 faces (34.8% area) of pressure-outlet 18.
    87  3.7965e-03  2.0761e-05  1.7549e-05  1.4486e-05  1:31:36 3413

 Reversed flow on 50 faces (27.5% area) of pressure-outlet 19.

 Reversed flow on 174 faces (34.8% area) of pressure-outlet 18.
    88  3.6790e-03  2.0251e-05  1.7080e-05  1.4090e-05  1:31:31 3412

 Reversed flow on 50 faces (27.5% area) of pressure-outlet 19.

 Reversed flow on 174 faces (34.8% area) of pressure-outlet 18.

  iter  continuity  x-velocity  y-velocity  z-velocity     time/iter
    89  3.5987e-03  1.9890e-05  1.6748e-05  1.3801e-05  1:31:29 3411

 Reversed flow on 50 faces (27.5% area) of pressure-outlet 19.

 Reversed flow on 174 faces (34.8% area) of pressure-outlet 18.
    90  3.5029e-03  1.9299e-05  1.6237e-05  1.3382e-05  1:31:28 3410

 Reversed flow on 50 faces (27.5% area) of pressure-outlet 19.

 Reversed flow on 174 faces (34.8% area) of pressure-outlet 18.
    91  3.4167e-03  1.9065e-05  1.6003e-05  1.3226e-05  1:33:02 3409

 Reversed flow on 50 faces (27.5% area) of pressure-outlet 19.

 Reversed flow on 174 faces (34.8% area) of pressure-outlet 18.
    92  3.3566e-03  1.8881e-05  1.5820e-05  1.3050e-05  1:32:45 3408

 Reversed flow on 50 faces (27.5% area) of pressure-outlet 19.

 Reversed flow on 174 faces (34.8% area) of pressure-outlet 18.
    93  3.2740e-03  1.8410e-05  1.5404e-05  1.2722e-05  1:32:27 3407

 Reversed flow on 50 faces (27.5% area) of pressure-outlet 19.

 Reversed flow on 174 faces (34.8% area) of pressure-outlet 18.
    94  3.2216e-03  1.8426e-05  1.5347e-05  1.2805e-05  1:32:17 3406

 Reversed flow on 50 faces (27.5% area) of pressure-outlet 19.

 Reversed flow on 174 faces (34.8% area) of pressure-outlet 18.
    95  3.1872e-03  1.8470e-05  1.5368e-05  1.2787e-05  1:32:32 3405

 Reversed flow on 50 faces (27.5% area) of pressure-outlet 19.

 Reversed flow on 174 faces (34.8% area) of pressure-outlet 18.
    96  3.1426e-03  1.8285e-05  1.5235e-05  1.2613e-05  1:32:15 3404

 Reversed flow on 50 faces (27.5% area) of pressure-outlet 19.

 Reversed flow on 174 faces (34.8% area) of pressure-outlet 18.
    97  3.1013e-03  1.8127e-05  1.5136e-05  1.2535e-05  1:32:02 3403

 Reversed flow on 50 faces (27.5% area) of pressure-outlet 19.

 Reversed flow on 174 faces (34.8% area) of pressure-outlet 18.
    98  3.0605e-03  1.8181e-05  1.5094e-05  1.2618e-05  1:31:50 3402

 Reversed flow on 50 faces (27.5% area) of pressure-outlet 19.

 Reversed flow on 174 faces (34.8% area) of pressure-outlet 18.
    99  3.0304e-03  1.8122e-05  1.5004e-05  1.2573e-05  1:31:44 3401

 Reversed flow on 50 faces (27.5% area) of pressure-outlet 19.

 Reversed flow on 173 faces (34.4% area) of pressure-outlet 18.

  iter  continuity  x-velocity  y-velocity  z-velocity     time/iter
   100  2.9769e-03  1.7744e-05  1.4684e-05  1.2341e-05  1:31:32 3400

 Reversed flow on 50 faces (27.5% area) of pressure-outlet 19.

 Reversed flow on 174 faces (34.5% area) of pressure-outlet 18.
   101  2.9249e-03  1.7669e-05  1.4569e-05  1.2345e-05  1:31:30 3399

 Reversed flow on 50 faces (27.5% area) of pressure-outlet 19.

 Reversed flow on 176 faces (34.8% area) of pressure-outlet 18.
   102  2.9090e-03  1.7803e-05  1.4643e-05  1.2499e-05  1:31:22 3398

 Reversed flow on 50 faces (27.5% area) of pressure-outlet 19.

 Reversed flow on 176 faces (34.8% area) of pressure-outlet 18.
   103  2.8603e-03  1.7379e-05  1.4326e-05  1.2262e-05  1:31:19 3397

 Reversed flow on 50 faces (27.5% area) of pressure-outlet 19.

 Reversed flow on 174 faces (34.6% area) of pressure-outlet 18.
   104  2.8005e-03  1.7039e-05  1.4052e-05  1.2059e-05  1:31:14 3396

 Reversed flow on 50 faces (27.5% area) of pressure-outlet 19.

 Reversed flow on 174 faces (34.6% area) of pressure-outlet 18.
   105  2.7531e-03  1.7033e-05  1.4061e-05  1.2125e-05  1:31:09 3395

 Reversed flow on 50 faces (27.5% area) of pressure-outlet 19.

 Reversed flow on 174 faces (34.6% area) of pressure-outlet 18.
   106  2.7390e-03  1.7199e-05  1.4188e-05  1.2353e-05  1:31:04 3394

 Reversed flow on 50 faces (27.5% area) of pressure-outlet 19.

 Reversed flow on 174 faces (34.6% area) of pressure-outlet 18.
   107  2.6994e-03  1.6945e-05  1.4030e-05  1.2217e-05  1:31:01 3393

 Reversed flow on 50 faces (27.5% area) of pressure-outlet 19.

 Reversed flow on 174 faces (34.6% area) of pressure-outlet 18.
   108  2.6635e-03  1.6947e-05  1.4073e-05  1.2278e-05  1:30:59 3392

 Reversed flow on 50 faces (27.5% area) of pressure-outlet 19.

 Reversed flow on 174 faces (34.6% area) of pressure-outlet 18.
   109  2.6520e-03  1.7307e-05  1.4380e-05  1.2614e-05  1:31:01 3391

 Reversed flow on 50 faces (27.5% area) of pressure-outlet 19.

 Reversed flow on 174 faces (34.6% area) of pressure-outlet 18.
   110  2.6711e-03  1.7744e-05  1.4761e-05  1.2987e-05  1:34:53 3390

 Reversed flow on 50 faces (27.5% area) of pressure-outlet 19.

 Reversed flow on 175 faces (34.7% area) of pressure-outlet 18.

  iter  continuity  x-velocity  y-velocity  z-velocity     time/iter
   111  2.6707e-03  1.7796e-05  1.4869e-05  1.3023e-05  1:34:03 3389

 Reversed flow on 50 faces (27.5% area) of pressure-outlet 19.

 Reversed flow on 176 faces (34.9% area) of pressure-outlet 18.
   112  2.6858e-03  1.8199e-05  1.5264e-05  1.3374e-05  1:33:22 3388

 Reversed flow on 50 faces (27.5% area) of pressure-outlet 19.

 Reversed flow on 176 faces (34.9% area) of pressure-outlet 18.
   113  2.7257e-03  1.8803e-05  1.5801e-05  1.3759e-05  1:32:52 3387

 Reversed flow on 50 faces (27.5% area) of pressure-outlet 19.

 Reversed flow on 176 faces (34.9% area) of pressure-outlet 18.
   114  2.7626e-03  1.9285e-05  1.6270e-05  1.3994e-05  1:32:25 3386

 Reversed flow on 50 faces (27.5% area) of pressure-outlet 19.

 Reversed flow on 175 faces (34.7% area) of pressure-outlet 18.
   115  2.7960e-03  1.9769e-05  1.6776e-05  1.4336e-05  1:32:05 3385

 Reversed flow on 50 faces (27.5% area) of pressure-outlet 19.

 Reversed flow on 175 faces (34.7% area) of pressure-outlet 18.
   116  2.8454e-03  2.0531e-05  1.7369e-05  1.4808e-05  1:31:47 3384

 Reversed flow on 50 faces (27.5% area) of pressure-outlet 19.

 Reversed flow on 176 faces (34.9% area) of pressure-outlet 18.
   117  2.8967e-03  2.1235e-05  1.7961e-05  1.5213e-05  1:31:35 3383

 Reversed flow on 50 faces (27.5% area) of pressure-outlet 19.

 Reversed flow on 175 faces (34.5% area) of pressure-outlet 18.
   118  2.9351e-03  2.1734e-05  1.8409e-05  1.5466e-05  1:31:24 3382

 Reversed flow on 50 faces (27.5% area) of pressure-outlet 19.

 Reversed flow on 175 faces (34.5% area) of pressure-outlet 18.
   119  2.9881e-03  2.2218e-05  1.8913e-05  1.5762e-05  1:31:11 3381

 Reversed flow on 50 faces (27.5% area) of pressure-outlet 19.

 Reversed flow on 175 faces (34.5% area) of pressure-outlet 18.
   120  3.0341e-03  2.2699e-05  1.9357e-05  1.6081e-05  1:31:02 3380

 Reversed flow on 50 faces (27.5% area) of pressure-outlet 19.

 Reversed flow on 176 faces (34.9% area) of pressure-outlet 18.
   121  3.0790e-03  2.3134e-05  1.9782e-05  1.6373e-05  1:30:53 3379

 Reversed flow on 50 faces (27.5% area) of pressure-outlet 19.

 Reversed flow on 174 faces (34.4% area) of pressure-outlet 18.

  iter  continuity  x-velocity  y-velocity  z-velocity     time/iter
   122  3.0979e-03  2.3262e-05  2.0021e-05  1.6441e-05  1:30:47 3378

 Reversed flow on 50 faces (27.5% area) of pressure-outlet 19.

 Reversed flow on 177 faces (34.6% area) of pressure-outlet 18.
   123  3.0803e-03  2.3172e-05  1.9917e-05  1.6344e-05  1:30:50 3377

 Reversed flow on 50 faces (27.5% area) of pressure-outlet 19.

 Reversed flow on 178 faces (34.7% area) of pressure-outlet 18.
   124  3.0583e-03  2.3254e-05  1.9911e-05  1.6377e-05  1:30:42 3376

 Reversed flow on 50 faces (27.5% area) of pressure-outlet 19.

 Reversed flow on 176 faces (34.6% area) of pressure-outlet 18.
   125  3.0332e-03  2.3049e-05  1.9738e-05  1.6236e-05  1:30:35 3375

 Reversed flow on 50 faces (27.5% area) of pressure-outlet 19.

 Reversed flow on 174 faces (34.4% area) of pressure-outlet 18.
   126  2.9838e-03  2.2511e-05  1.9252e-05  1.5899e-05  1:30:33 3374

 Reversed flow on 50 faces (27.5% area) of pressure-outlet 19.

 Reversed flow on 174 faces (34.4% area) of pressure-outlet 18.
   127  2.9191e-03  2.2112e-05  1.8697e-05  1.5513e-05  1:30:28 3373

 Reversed flow on 50 faces (27.5% area) of pressure-outlet 19.

 Reversed flow on 173 faces (34.3% area) of pressure-outlet 18.
   128  2.8643e-03  2.1733e-05  1.8260e-05  1.5234e-05  1:30:30 3372

 Reversed flow on 50 faces (27.5% area) of pressure-outlet 19.

 Reversed flow on 173 faces (34.2% area) of pressure-outlet 18.
   129  2.8064e-03  2.1067e-05  1.7646e-05  1.4795e-05  1:30:27 3371

 Reversed flow on 50 faces (27.5% area) of pressure-outlet 19.

 Reversed flow on 177 faces (34.5% area) of pressure-outlet 18.
   130  2.7210e-03  2.0380e-05  1.6858e-05  1.4180e-05  1:30:23 3370

 Reversed flow on 50 faces (27.5% area) of pressure-outlet 19.

 Reversed flow on 176 faces (34.4% area) of pressure-outlet 18.
   131  2.6456e-03  1.9884e-05  1.6332e-05  1.3715e-05  1:30:22 3369

 Reversed flow on 50 faces (27.5% area) of pressure-outlet 19.

 Reversed flow on 175 faces (34.4% area) of pressure-outlet 18.
   132  2.5808e-03  1.9245e-05  1.5782e-05  1.3265e-05  1:30:20 3368

 Reversed flow on 50 faces (27.5% area) of pressure-outlet 19.

 Reversed flow on 177 faces (34.7% area) of pressure-outlet 18.

  iter  continuity  x-velocity  y-velocity  z-velocity     time/iter
   133  2.4850e-03  1.8278e-05  1.5005e-05  1.2612e-05  1:30:19 3367

 Reversed flow on 50 faces (27.5% area) of pressure-outlet 19.

 Reversed flow on 178 faces (35.0% area) of pressure-outlet 18.
   134  2.3811e-03  1.7536e-05  1.4340e-05  1.2016e-05  1:30:17 3366

 Reversed flow on 50 faces (27.5% area) of pressure-outlet 19.

 Reversed flow on 178 faces (34.6% area) of pressure-outlet 18.
   135  2.2854e-03  1.6871e-05  1.3813e-05  1.1589e-05  1:30:13 3365

 Reversed flow on 50 faces (27.5% area) of pressure-outlet 19.

 Reversed flow on 179 faces (34.9% area) of pressure-outlet 18.
   136  2.1961e-03  1.5963e-05  1.3167e-05  1.1048e-05  1:30:12 3364

 Reversed flow on 50 faces (27.5% area) of pressure-outlet 19.

 Reversed flow on 177 faces (34.6% area) of pressure-outlet 18.
   137  2.0882e-03  1.5067e-05  1.2403e-05  1.0442e-05  1:30:11 3363

 Reversed flow on 50 faces (27.5% area) of pressure-outlet 19.

 Reversed flow on 177 faces (34.6% area) of pressure-outlet 18.
   138  1.9748e-03  1.4319e-05  1.1886e-05  1.0031e-05  1:30:09 3362

 Reversed flow on 50 faces (27.5% area) of pressure-outlet 19.

 Reversed flow on 176 faces (34.5% area) of pressure-outlet 18.
   139  1.8797e-03  1.3544e-05  1.1374e-05  9.5992e-06  1:30:06 3361

 Reversed flow on 50 faces (27.5% area) of pressure-outlet 19.

 Reversed flow on 174 faces (34.4% area) of pressure-outlet 18.
   140  1.7885e-03  1.2649e-05  1.0704e-05  9.0839e-06  1:30:05 3360

 Reversed flow on 50 faces (27.5% area) of pressure-outlet 19.

 Reversed flow on 173 faces (34.2% area) of pressure-outlet 18.
   141  1.6920e-03  1.1999e-05  1.0091e-05  8.6272e-06  1:30:05 3359

 Reversed flow on 50 faces (27.5% area) of pressure-outlet 19.

 Reversed flow on 173 faces (34.2% area) of pressure-outlet 18.
   142  1.6067e-03  1.1423e-05  9.6079e-06  8.2302e-06  1:30:04 3358

 Reversed flow on 50 faces (27.5% area) of pressure-outlet 19.

 Reversed flow on 174 faces (34.5% area) of pressure-outlet 18.
   143  1.5354e-03  1.0697e-05  9.0887e-06  7.7906e-06  1:30:02 3357

 Reversed flow on 50 faces (27.5% area) of pressure-outlet 19.

 Reversed flow on 174 faces (34.5% area) of pressure-outlet 18.

  iter  continuity  x-velocity  y-velocity  z-velocity     time/iter
   144  1.4570e-03  1.0086e-05  8.4737e-06  7.3467e-06  1:29:58 3356

 Reversed flow on 50 faces (27.5% area) of pressure-outlet 19.

 Reversed flow on 174 faces (34.5% area) of pressure-outlet 18.
   145  1.3889e-03  9.5898e-06  8.0446e-06  7.0107e-06  1:29:56 3355

 Reversed flow on 50 faces (27.5% area) of pressure-outlet 19.

 Reversed flow on 174 faces (34.5% area) of pressure-outlet 18.
   146  1.3331e-03  9.0806e-06  7.6445e-06  6.6237e-06  1:29:59 3354

 Reversed flow on 50 faces (27.5% area) of pressure-outlet 19.

 Reversed flow on 175 faces (34.5% area) of pressure-outlet 18.
   147  1.2699e-03  8.5327e-06  7.2223e-06  6.2671e-06  1:29:59 3353

 Reversed flow on 50 faces (27.5% area) of pressure-outlet 19.

 Reversed flow on 175 faces (34.5% area) of pressure-outlet 18.
   148  1.2165e-03  8.2177e-06  6.8284e-06  5.9563e-06  1:29:56 3352

 Reversed flow on 50 faces (27.5% area) of pressure-outlet 19.

 Reversed flow on 175 faces (34.5% area) of pressure-outlet 18.
   149  1.1735e-03  7.8271e-06  6.5643e-06  5.7042e-06  1:29:52 3351

 Reversed flow on 50 faces (27.5% area) of pressure-outlet 19.

 Reversed flow on 175 faces (34.5% area) of pressure-outlet 18.
   150  1.1214e-03  7.4308e-06  6.3121e-06  5.4455e-06  1:29:50 3350

 Reversed flow on 50 faces (27.5% area) of pressure-outlet 19.

 Reversed flow on 175 faces (34.5% area) of pressure-outlet 18.
   151  1.0687e-03  7.1434e-06  5.9747e-06  5.2154e-06  1:29:50 3349

 Reversed flow on 50 faces (27.5% area) of pressure-outlet 19.

 Reversed flow on 175 faces (34.5% area) of pressure-outlet 18.
   152  1.0237e-03  6.8527e-06  5.7547e-06  5.0152e-06  1:29:49 3348

 Reversed flow on 50 faces (27.5% area) of pressure-outlet 19.

 Reversed flow on 175 faces (34.5% area) of pressure-outlet 18.
   153  9.8699e-04  6.6368e-06  5.5964e-06  4.8519e-06  1:29:44 3347

 Reversed flow on 50 faces (27.5% area) of pressure-outlet 19.

 Reversed flow on 175 faces (34.5% area) of pressure-outlet 18.
   154  9.4465e-04  6.3764e-06  5.4090e-06  4.7226e-06  1:29:44 3346

 Reversed flow on 50 faces (27.5% area) of pressure-outlet 19.

 Reversed flow on 175 faces (34.5% area) of pressure-outlet 18.

  iter  continuity  x-velocity  y-velocity  z-velocity     time/iter
   155  9.0937e-04  6.1927e-06  5.1480e-06  4.4833e-06  1:29:41 3345

 Reversed flow on 50 faces (27.5% area) of pressure-outlet 19.

 Reversed flow on 175 faces (34.5% area) of pressure-outlet 18.
   156  8.7368e-04  5.9763e-06  4.9960e-06  4.3182e-06  1:29:39 3344

 Reversed flow on 50 faces (27.5% area) of pressure-outlet 19.

 Reversed flow on 175 faces (34.5% area) of pressure-outlet 18.
   157  8.4862e-04  5.8471e-06  4.8736e-06  4.2322e-06  1:29:37 3343

 Reversed flow on 50 faces (27.5% area) of pressure-outlet 19.

 Reversed flow on 175 faces (34.5% area) of pressure-outlet 18.
   158  8.2192e-04  5.7385e-06  4.7093e-06  4.0912e-06  1:29:34 3342

 Reversed flow on 50 faces (27.5% area) of pressure-outlet 19.

 Reversed flow on 175 faces (34.5% area) of pressure-outlet 18.
   159  7.9355e-04  5.5277e-06  4.5649e-06  3.9087e-06  1:29:32 3341

 Reversed flow on 50 faces (27.5% area) of pressure-outlet 19.

 Reversed flow on 175 faces (34.5% area) of pressure-outlet 18.
   160  7.6669e-04  5.3800e-06  4.4054e-06  3.8011e-06  1:29:36 3340

 Reversed flow on 50 faces (27.5% area) of pressure-outlet 19.

 Reversed flow on 175 faces (34.5% area) of pressure-outlet 18.
   161  7.4348e-04  5.2429e-06  4.3404e-06  3.7980e-06  1:29:34 3339

 Reversed flow on 50 faces (27.5% area) of pressure-outlet 19.

 Reversed flow on 174 faces (34.2% area) of pressure-outlet 18.
   162  7.2501e-04  5.1620e-06  4.2054e-06  3.6729e-06  1:29:33 3338

 Reversed flow on 50 faces (27.5% area) of pressure-outlet 19.

 Reversed flow on 175 faces (34.2% area) of pressure-outlet 18.
   163  7.0077e-04  4.9415e-06  4.0924e-06  3.6297e-06  1:29:30 3337

 Reversed flow on 50 faces (27.5% area) of pressure-outlet 19.

 Reversed flow on 175 faces (34.2% area) of pressure-outlet 18.
   164  6.8343e-04  4.7989e-06  3.9772e-06  3.5575e-06  1:29:27 3336

 Reversed flow on 50 faces (27.5% area) of pressure-outlet 19.

 Reversed flow on 175 faces (34.2% area) of pressure-outlet 18.
   165  6.5771e-04  4.7051e-06  3.8555e-06  3.4884e-06  1:29:25 3335

 Reversed flow on 50 faces (27.5% area) of pressure-outlet 19.

 Reversed flow on 174 faces (34.2% area) of pressure-outlet 18.

  iter  continuity  x-velocity  y-velocity  z-velocity     time/iter
   166  6.4553e-04  4.6086e-06  3.7918e-06  3.4688e-06  1:29:21 3334

 Reversed flow on 50 faces (27.5% area) of pressure-outlet 19.

 Reversed flow on 174 faces (34.2% area) of pressure-outlet 18.
   167  6.3014e-04  4.5172e-06  3.6924e-06  3.4050e-06  1:29:22 3333

 Reversed flow on 50 faces (27.5% area) of pressure-outlet 19.

 Reversed flow on 174 faces (34.2% area) of pressure-outlet 18.
   168  6.0926e-04  4.3573e-06  3.6267e-06  3.3659e-06  1:29:22 3332

 Reversed flow on 50 faces (27.5% area) of pressure-outlet 19.

 Reversed flow on 174 faces (34.2% area) of pressure-outlet 18.
   169  5.9758e-04  4.3168e-06  3.5078e-06  3.2373e-06  1:29:22 3331

 Reversed flow on 50 faces (27.5% area) of pressure-outlet 19.

 Reversed flow on 174 faces (34.2% area) of pressure-outlet 18.
   170  5.8530e-04  4.2162e-06  3.4822e-06  3.2269e-06  1:29:20 3330

 Reversed flow on 50 faces (27.5% area) of pressure-outlet 19.

 Reversed flow on 174 faces (34.2% area) of pressure-outlet 18.
   171  5.8056e-04  4.2378e-06  3.4756e-06  3.2146e-06  1:29:15 3329

 Reversed flow on 50 faces (27.5% area) of pressure-outlet 19.

 Reversed flow on 174 faces (34.2% area) of pressure-outlet 18.
   172  5.6723e-04  4.2035e-06  3.4267e-06  3.1715e-06  1:29:13 3328

 Reversed flow on 50 faces (27.5% area) of pressure-outlet 19.

 Reversed flow on 174 faces (34.2% area) of pressure-outlet 18.
   173  5.6989e-04  4.0725e-06  3.3725e-06  3.0720e-06  1:29:12 3327

 Reversed flow on 50 faces (27.5% area) of pressure-outlet 19.

 Reversed flow on 174 faces (34.2% area) of pressure-outlet 18.
   174  5.6592e-04  4.1985e-06  3.3611e-06  3.1268e-06  1:29:09 3326

 Reversed flow on 50 faces (27.5% area) of pressure-outlet 19.

 Reversed flow on 174 faces (34.2% area) of pressure-outlet 18.
   175  5.6676e-04  4.3383e-06  3.4489e-06  3.2930e-06  1:29:07 3325

 Reversed flow on 50 faces (27.5% area) of pressure-outlet 19.

 Reversed flow on 174 faces (34.2% area) of pressure-outlet 18.
   176  5.8398e-04  4.4111e-06  3.4379e-06  3.2327e-06  1:29:03 3324

 Reversed flow on 50 faces (27.5% area) of pressure-outlet 19.

 Reversed flow on 174 faces (34.2% area) of pressure-outlet 18.

  iter  continuity  x-velocity  y-velocity  z-velocity     time/iter
   177  5.7752e-04  4.2551e-06  3.4266e-06  3.2358e-06  1:29:01 3323

 Reversed flow on 50 faces (27.5% area) of pressure-outlet 19.

 Reversed flow on 174 faces (34.2% area) of pressure-outlet 18.
   178  5.8030e-04  4.5574e-06  3.5124e-06  3.3774e-06  1:28:59 3322

 Reversed flow on 50 faces (27.5% area) of pressure-outlet 19.

 Reversed flow on 173 faces (33.9% area) of pressure-outlet 18.
   179  5.9542e-04  4.7636e-06  3.6740e-06  3.5501e-06  1:28:57 3321

 Reversed flow on 50 faces (27.5% area) of pressure-outlet 19.

 Reversed flow on 173 faces (33.9% area) of pressure-outlet 18.
   180  6.0883e-04  4.6795e-06  3.7375e-06  3.5265e-06  1:28:56 3320

 Reversed flow on 50 faces (27.5% area) of pressure-outlet 19.

 Reversed flow on 173 faces (33.9% area) of pressure-outlet 18.
   181  6.0058e-04  4.7370e-06  3.6981e-06  3.5773e-06  1:28:53 3319

 Reversed flow on 50 faces (27.5% area) of pressure-outlet 19.

 Reversed flow on 173 faces (33.9% area) of pressure-outlet 18.
   182  6.0526e-04  4.9786e-06  3.8957e-06  3.7657e-06  1:28:52 3318

 Reversed flow on 50 faces (27.5% area) of pressure-outlet 19.

 Reversed flow on 173 faces (33.9% area) of pressure-outlet 18.
   183  6.2575e-04  5.1348e-06  4.0288e-06  3.8354e-06  1:28:53 3317

 Reversed flow on 50 faces (27.5% area) of pressure-outlet 19.

 Reversed flow on 173 faces (33.9% area) of pressure-outlet 18.
   184  6.2167e-04  4.9699e-06  4.0455e-06  3.8677e-06  1:28:53 3316

 Reversed flow on 50 faces (27.5% area) of pressure-outlet 19.

 Reversed flow on 173 faces (33.9% area) of pressure-outlet 18.
   185  6.2019e-04  5.1559e-06  4.0685e-06  3.8920e-06  1:28:53 3315

 Reversed flow on 50 faces (27.5% area) of pressure-outlet 19.

 Reversed flow on 173 faces (33.9% area) of pressure-outlet 18.
   186  6.1910e-04  5.3032e-06  4.2154e-06  3.9909e-06  1:28:54 3314

 Reversed flow on 50 faces (27.5% area) of pressure-outlet 19.

 Reversed flow on 173 faces (33.9% area) of pressure-outlet 18.
   187  6.2585e-04  5.2150e-06  4.2562e-06  4.0324e-06  1:28:51 3313

 Reversed flow on 50 faces (27.5% area) of pressure-outlet 19.

 Reversed flow on 173 faces (33.9% area) of pressure-outlet 18.

  iter  continuity  x-velocity  y-velocity  z-velocity     time/iter
   188  6.1727e-04  5.2658e-06  4.1964e-06  4.0688e-06  1:28:48 3312

 Reversed flow on 50 faces (27.5% area) of pressure-outlet 19.

 Reversed flow on 173 faces (33.9% area) of pressure-outlet 18.
   189  6.1491e-04  5.3732e-06  4.3037e-06  4.0767e-06  1:28:48 3311

 Reversed flow on 50 faces (27.5% area) of pressure-outlet 19.

 Reversed flow on 173 faces (33.9% area) of pressure-outlet 18.
   190  6.1435e-04  5.4316e-06  4.3165e-06  4.0726e-06  1:28:44 3310

 Reversed flow on 50 faces (27.5% area) of pressure-outlet 19.

 Reversed flow on 173 faces (33.9% area) of pressure-outlet 18.
   191  6.0511e-04  5.3540e-06  4.3458e-06  4.1764e-06  1:28:45 3309

 Reversed flow on 50 faces (27.5% area) of pressure-outlet 19.

 Reversed flow on 173 faces (33.9% area) of pressure-outlet 18.
   192  6.0957e-04  5.4633e-06  4.3318e-06  4.1160e-06  1:28:44 3308

 Reversed flow on 50 faces (27.5% area) of pressure-outlet 19.

 Reversed flow on 173 faces (33.9% area) of pressure-outlet 18.
   193  5.9883e-04  5.4899e-06  4.3587e-06  4.1183e-06  1:28:41 3307

 Reversed flow on 50 faces (27.5% area) of pressure-outlet 19.

 Reversed flow on 173 faces (33.9% area) of pressure-outlet 18.
   194  6.0012e-04  5.4041e-06  4.3489e-06  4.1348e-06  1:28:38 3306

 Reversed flow on 50 faces (27.5% area) of pressure-outlet 19.

 Reversed flow on 173 faces (33.9% area) of pressure-outlet 18.
   195  5.8835e-04  5.5078e-06  4.3247e-06  4.1501e-06  1:28:36 3305

 Reversed flow on 50 faces (27.5% area) of pressure-outlet 19.

 Reversed flow on 173 faces (33.9% area) of pressure-outlet 18.
   196  5.9212e-04  5.4664e-06  4.3747e-06  4.1511e-06  1:28:34 3304

 Reversed flow on 50 faces (27.5% area) of pressure-outlet 19.

 Reversed flow on 173 faces (33.9% area) of pressure-outlet 18.
   197  5.9450e-04  5.4973e-06  4.3155e-06  4.1259e-06  1:28:33 3303

 Reversed flow on 50 faces (27.5% area) of pressure-outlet 19.

 Reversed flow on 173 faces (33.9% area) of pressure-outlet 18.
   198  5.8416e-04  5.3882e-06  4.2990e-06  4.1461e-06  1:28:36 3302

 Reversed flow on 50 faces (27.5% area) of pressure-outlet 19.

 Reversed flow on 173 faces (33.9% area) of pressure-outlet 18.

  iter  continuity  x-velocity  y-velocity  z-velocity     time/iter
   199  5.8397e-04  5.4566e-06  4.2903e-06  4.0791e-06  1:28:34 3301

 Reversed flow on 50 faces (27.5% area) of pressure-outlet 19.

 Reversed flow on 173 faces (33.9% area) of pressure-outlet 18.
   200  5.7715e-04  5.3877e-06  4.2993e-06  4.1280e-06  1:28:32 3300

 Reversed flow on 50 faces (27.5% area) of pressure-outlet 19.

 Reversed flow on 173 faces (33.9% area) of pressure-outlet 18.
   201  5.8739e-04  5.3051e-06  4.2920e-06  4.1219e-06  1:28:29 3299

 Reversed flow on 50 faces (27.5% area) of pressure-outlet 19.

 Reversed flow on 173 faces (33.9% area) of pressure-outlet 18.
   202  5.6714e-04  5.4076e-06  4.2422e-06  4.1212e-06  1:28:27 3298

 Reversed flow on 50 faces (27.5% area) of pressure-outlet 19.

 Reversed flow on 173 faces (33.9% area) of pressure-outlet 18.
   203  5.6620e-04  5.2806e-06  4.2633e-06  4.1889e-06  1:28:21 3297

 Reversed flow on 50 faces (27.5% area) of pressure-outlet 19.

 Reversed flow on 174 faces (33.9% area) of pressure-outlet 18.
   204  5.6701e-04  5.3211e-06  4.2184e-06  4.1153e-06  1:28:21 3296

 Reversed flow on 50 faces (27.5% area) of pressure-outlet 19.

 Reversed flow on 174 faces (33.9% area) of pressure-outlet 18.
   205  5.5795e-04  5.2187e-06  4.2482e-06  4.1723e-06  1:28:19 3295

 Reversed flow on 50 faces (27.5% area) of pressure-outlet 19.

 Reversed flow on 174 faces (33.9% area) of pressure-outlet 18.
   206  5.6675e-04  5.3834e-06  4.2338e-06  4.2171e-06  1:28:18 3294

 Reversed flow on 50 faces (27.5% area) of pressure-outlet 19.

 Reversed flow on 174 faces (33.9% area) of pressure-outlet 18.
   207  5.5134e-04  5.3277e-06  4.1983e-06  4.2374e-06  1:28:17 3293

 Reversed flow on 50 faces (27.5% area) of pressure-outlet 19.

 Reversed flow on 174 faces (33.9% area) of pressure-outlet 18.
   208  5.5499e-04  5.2480e-06  4.2544e-06  4.2164e-06  1:28:18 3292

 Reversed flow on 50 faces (27.5% area) of pressure-outlet 19.

 Reversed flow on 174 faces (33.9% area) of pressure-outlet 18.
   209  5.5186e-04  5.4929e-06  4.2605e-06  4.3021e-06  1:28:16 3291

 Reversed flow on 50 faces (27.5% area) of pressure-outlet 19.

 Reversed flow on 174 faces (33.9% area) of pressure-outlet 18.

  iter  continuity  x-velocity  y-velocity  z-velocity     time/iter
   210  5.7401e-04  5.5308e-06  4.3300e-06  4.4100e-06  1:28:13 3290

 Reversed flow on 50 faces (27.5% area) of pressure-outlet 19.

 Reversed flow on 174 faces (33.9% area) of pressure-outlet 18.
   211  5.7437e-04  5.7137e-06  4.3788e-06  4.3927e-06  1:28:12 3289

 Reversed flow on 50 faces (27.5% area) of pressure-outlet 19.

 Reversed flow on 174 faces (33.9% area) of pressure-outlet 18.
   212  5.7703e-04  5.6022e-06  4.5145e-06  4.5203e-06  1:28:10 3288

 Reversed flow on 50 faces (27.5% area) of pressure-outlet 19.

 Reversed flow on 174 faces (33.9% area) of pressure-outlet 18.
   213  6.0998e-04  5.9107e-06  4.6010e-06  4.5749e-06  1:28:08 3287

 Reversed flow on 50 faces (27.5% area) of pressure-outlet 19.

 Reversed flow on 174 faces (33.9% area) of pressure-outlet 18.
   214  6.1135e-04  6.1245e-06  4.7451e-06  4.7291e-06  1:28:04 3286

 Reversed flow on 50 faces (27.5% area) of pressure-outlet 19.

 Reversed flow on 174 faces (33.9% area) of pressure-outlet 18.
   215  6.3058e-04  6.1966e-06  4.9480e-06  4.9038e-06  1:28:03 3285

 Reversed flow on 50 faces (27.5% area) of pressure-outlet 19.

 Reversed flow on 174 faces (33.9% area) of pressure-outlet 18.
   216  6.3545e-04  6.3815e-06  5.0140e-06  4.9785e-06  1:28:01 3284

 Reversed flow on 50 faces (27.5% area) of pressure-outlet 19.

 Reversed flow on 174 faces (33.9% area) of pressure-outlet 18.
   217  6.6517e-04  6.5051e-06  5.2076e-06  5.1617e-06  1:28:01 3283

 Reversed flow on 50 faces (27.5% area) of pressure-outlet 19.

 Reversed flow on 174 faces (33.9% area) of pressure-outlet 18.
   218  6.9456e-04  7.1485e-06  5.4084e-06  5.4992e-06  1:27:56 3282

 Reversed flow on 50 faces (27.5% area) of pressure-outlet 19.

 Reversed flow on 174 faces (33.9% area) of pressure-outlet 18.
   219  7.2412e-04  7.2156e-06  5.5815e-06  5.7378e-06  1:28:05 3281

 Reversed flow on 50 faces (27.5% area) of pressure-outlet 19.

 Reversed flow on 174 faces (33.9% area) of pressure-outlet 18.
   220  7.4856e-04  7.4262e-06  5.6618e-06  5.6926e-06  1:28:02 3280

 Reversed flow on 50 faces (27.5% area) of pressure-outlet 19.

 Reversed flow on 174 faces (33.9% area) of pressure-outlet 18.

  iter  continuity  x-velocity  y-velocity  z-velocity     time/iter
   221  7.6681e-04  7.8815e-06  5.9651e-06  6.1479e-06  1:28:01 3279

 Reversed flow on 50 faces (27.5% area) of pressure-outlet 19.

 Reversed flow on 174 faces (33.9% area) of pressure-outlet 18.
   222  8.5080e-04  8.5716e-06  6.3186e-06  6.5397e-06  1:27:58 3278

 Reversed flow on 50 faces (27.5% area) of pressure-outlet 19.

 Reversed flow on 174 faces (33.9% area) of pressure-outlet 18.
   223  8.7948e-04  8.8696e-06  6.4962e-06  6.6941e-06  1:27:54 3277

 Reversed flow on 50 faces (27.5% area) of pressure-outlet 19.

 Reversed flow on 174 faces (33.9% area) of pressure-outlet 18.
   224  9.0994e-04  8.8051e-06  6.7873e-06  6.8380e-06  1:27:52 3276

 Reversed flow on 50 faces (27.5% area) of pressure-outlet 19.

 Reversed flow on 174 faces (33.9% area) of pressure-outlet 18.
   225  9.5876e-04  9.5486e-06  7.2064e-06  7.1853e-06  1:27:50 3275

 Reversed flow on 50 faces (27.5% area) of pressure-outlet 19.

 Reversed flow on 174 faces (33.9% area) of pressure-outlet 18.
   226  1.0193e-03  9.8032e-06  7.6670e-06  7.6195e-06  1:27:47 3274

 Reversed flow on 50 faces (27.5% area) of pressure-outlet 19.

 Reversed flow on 174 faces (33.9% area) of pressure-outlet 18.
   227  1.0324e-03  1.0001e-05  7.8526e-06  7.6829e-06  1:27:45 3273

 Reversed flow on 50 faces (27.5% area) of pressure-outlet 19.

 Reversed flow on 174 faces (33.9% area) of pressure-outlet 18.
   228  1.0179e-03  9.9858e-06  8.0659e-06  7.9568e-06  1:27:42 3272

 Reversed flow on 50 faces (27.5% area) of pressure-outlet 19.

 Reversed flow on 174 faces (33.9% area) of pressure-outlet 18.
   229  1.0668e-03  1.0482e-05  8.4022e-06  8.0959e-06  1:27:40 3271

 Reversed flow on 50 faces (27.5% area) of pressure-outlet 19.

 Reversed flow on 174 faces (33.9% area) of pressure-outlet 18.
   230  1.0806e-03  1.0900e-05  8.7214e-06  8.4320e-06  1:27:40 3270

 Reversed flow on 50 faces (27.5% area) of pressure-outlet 19.

 Reversed flow on 174 faces (33.9% area) of pressure-outlet 18.
   231  1.1015e-03  1.0720e-05  8.8181e-06  8.6638e-06  1:27:37 3269

 Reversed flow on 50 faces (27.5% area) of pressure-outlet 19.

 Reversed flow on 174 faces (33.9% area) of pressure-outlet 18.

  iter  continuity  x-velocity  y-velocity  z-velocity     time/iter
   232  1.1034e-03  1.1035e-05  8.8363e-06  8.5956e-06  1:27:37 3268

 Reversed flow on 50 faces (27.5% area) of pressure-outlet 19.

 Reversed flow on 174 faces (33.9% area) of pressure-outlet 18.
   233  1.1116e-03  1.0921e-05  8.9914e-06  8.6481e-06  1:27:37 3267

 Reversed flow on 50 faces (27.5% area) of pressure-outlet 19.

 Reversed flow on 174 faces (33.9% area) of pressure-outlet 18.
   234  1.1280e-03  1.1313e-05  9.0129e-06  8.7176e-06  1:27:36 3266

 Reversed flow on 50 faces (27.5% area) of pressure-outlet 19.

 Reversed flow on 174 faces (33.9% area) of pressure-outlet 18.
   235  1.1295e-03  1.1358e-05  9.0703e-06  8.9418e-06  1:27:39 3265

 Reversed flow on 50 faces (27.5% area) of pressure-outlet 19.

 Reversed flow on 174 faces (33.9% area) of pressure-outlet 18.
   236  1.1511e-03  1.1409e-05  9.1375e-06  8.7423e-06  1:27:38 3264

 Reversed flow on 50 faces (27.5% area) of pressure-outlet 19.

 Reversed flow on 174 faces (33.9% area) of pressure-outlet 18.
   237  1.1149e-03  1.1275e-05  9.0631e-06  8.7703e-06  1:27:32 3263

 Reversed flow on 50 faces (27.5% area) of pressure-outlet 19.

 Reversed flow on 174 faces (33.9% area) of pressure-outlet 18.
   238  1.1523e-03  1.1308e-05  9.1281e-06  8.9406e-06  1:27:28 3262

 Reversed flow on 50 faces (27.5% area) of pressure-outlet 19.

 Reversed flow on 174 faces (33.9% area) of pressure-outlet 18.
   239  1.1371e-03  1.1734e-05  9.2024e-06  9.0114e-06  1:27:26 3261

 Reversed flow on 50 faces (27.5% area) of pressure-outlet 19.

 Reversed flow on 174 faces (33.9% area) of pressure-outlet 18.
   240  1.1282e-03  1.1226e-05  9.2608e-06  9.1160e-06  1:27:19 3260

 Reversed flow on 50 faces (27.5% area) of pressure-outlet 19.

 Reversed flow on 174 faces (33.9% area) of pressure-outlet 18.
   241  1.1479e-03  1.1609e-05  9.3119e-06  9.1104e-06  1:27:17 3259

 Reversed flow on 50 faces (27.5% area) of pressure-outlet 19.

 Reversed flow on 173 faces (33.9% area) of pressure-outlet 18.
   242  1.1367e-03  1.1499e-05  9.3071e-06  9.2416e-06  1:27:16 3258

 Reversed flow on 50 faces (27.5% area) of pressure-outlet 19.

 Reversed flow on 173 faces (33.9% area) of pressure-outlet 18.

  iter  continuity  x-velocity  y-velocity  z-velocity     time/iter
   243  1.1273e-03  1.1505e-05  9.2959e-06  9.1796e-06  1:27:11 3257

 Reversed flow on 50 faces (27.5% area) of pressure-outlet 19.

 Reversed flow on 173 faces (33.9% area) of pressure-outlet 18.
   244  1.1036e-03  1.1529e-05  9.4452e-06  9.3680e-06  1:27:11 3256

 Reversed flow on 50 faces (27.5% area) of pressure-outlet 19.

 Reversed flow on 173 faces (33.9% area) of pressure-outlet 18.
   245  1.1488e-03  1.1621e-05  9.5836e-06  9.3675e-06  1:27:11 3255

 Reversed flow on 50 faces (27.5% area) of pressure-outlet 19.

 Reversed flow on 173 faces (33.9% area) of pressure-outlet 18.
   246  1.1131e-03  1.1844e-05  9.4058e-06  9.3033e-06  1:27:08 3254

 Reversed flow on 50 faces (27.5% area) of pressure-outlet 19.

 Reversed flow on 173 faces (33.9% area) of pressure-outlet 18.
   247  1.1110e-03  1.1596e-05  9.5496e-06  9.5824e-06  1:31:56 3253

 Reversed flow on 50 faces (27.5% area) of pressure-outlet 19.

 Reversed flow on 173 faces (33.9% area) of pressure-outlet 18.
   248  1.1923e-03  1.2978e-05  1.0384e-05  1.0148e-05  1:30:56 3252

 Reversed flow on 50 faces (27.5% area) of pressure-outlet 19.

 Reversed flow on 173 faces (33.9% area) of pressure-outlet 18.
   249  1.1848e-03  1.2637e-05  1.0167e-05  1.0084e-05  1:34:55 3251

 Reversed flow on 50 faces (27.5% area) of pressure-outlet 19.

 Reversed flow on 173 faces (33.9% area) of pressure-outlet 18.
   250  1.2173e-03  1.3307e-05  1.0543e-05  1.0471e-05  1:38:08 3250

 Reversed flow on 50 faces (27.5% area) of pressure-outlet 19.

 Reversed flow on 173 faces (33.9% area) of pressure-outlet 18.
   251  1.2217e-03  1.3722e-05  1.1031e-05  1.0973e-05  1:40:57 3249

 Reversed flow on 50 faces (27.5% area) of pressure-outlet 19.

 Reversed flow on 173 faces (33.9% area) of pressure-outlet 18.
   252  1.2898e-03  1.4155e-05  1.1399e-05  1.1153e-05  1:43:25 3248

 Reversed flow on 50 faces (27.5% area) of pressure-outlet 19.

 Reversed flow on 173 faces (33.9% area) of pressure-outlet 18.
   253  1.2912e-03  1.4796e-05  1.1583e-05  1.1461e-05  1:40:10 3247

 Reversed flow on 50 faces (27.5% area) of pressure-outlet 19.

 Reversed flow on 173 faces (33.9% area) of pressure-outlet 18.

  iter  continuity  x-velocity  y-velocity  z-velocity     time/iter
   254  1.2849e-03  1.4048e-05  1.1311e-05  1.1391e-05  1:42:15 3246

 Reversed flow on 50 faces (27.5% area) of pressure-outlet 19.

 Reversed flow on 173 faces (33.9% area) of pressure-outlet 18.
   255  1.3372e-03  1.5191e-05  1.2028e-05  1.1851e-05  1:39:11 3245

 Reversed flow on 50 faces (27.5% area) of pressure-outlet 19.

 Reversed flow on 173 faces (33.9% area) of pressure-outlet 18.
   256  1.3006e-03  1.4562e-05  1.1527e-05  1.1546e-05  1:41:33 3244

 Reversed flow on 50 faces (27.5% area) of pressure-outlet 19.

 Reversed flow on 173 faces (33.9% area) of pressure-outlet 18.
   257  1.3626e-03  1.5303e-05  1.2011e-05  1.1983e-05  1:43:31 3243

 Reversed flow on 50 faces (27.5% area) of pressure-outlet 19.

 Reversed flow on 173 faces (33.9% area) of pressure-outlet 18.
   258  1.3395e-03  1.5582e-05  1.2377e-05  1.2412e-05  1:44:57 3242

 Reversed flow on 50 faces (27.5% area) of pressure-outlet 19.

 Reversed flow on 173 faces (33.9% area) of pressure-outlet 18.
   259  1.3863e-03  1.5708e-05  1.2577e-05  1.2466e-05  1:46:05 3241

 Reversed flow on 50 faces (27.5% area) of pressure-outlet 19.

 Reversed flow on 173 faces (33.9% area) of pressure-outlet 18.
   260  1.4198e-03  1.6492e-05  1.2843e-05  1.2851e-05  1:46:57 3240

 Reversed flow on 50 faces (27.5% area) of pressure-outlet 19.

 Reversed flow on 174 faces (33.9% area) of pressure-outlet 18.
   261  1.4340e-03  1.6245e-05  1.2905e-05  1.3174e-05  1:47:39 3239

 Reversed flow on 50 faces (27.5% area) of pressure-outlet 19.

 Reversed flow on 174 faces (33.9% area) of pressure-outlet 18.
   262  1.4698e-03  1.7094e-05  1.3512e-05  1.3389e-05  1:48:14 3238

 Reversed flow on 50 faces (27.5% area) of pressure-outlet 19.

 Reversed flow on 173 faces (33.9% area) of pressure-outlet 18.
   263  1.4617e-03  1.6663e-05  1.3353e-05  1.3493e-05  1:48:49 3237

 Reversed flow on 50 faces (27.5% area) of pressure-outlet 19.

 Reversed flow on 174 faces (33.9% area) of pressure-outlet 18.
   264  1.5303e-03  1.7363e-05  1.3701e-05  1.3703e-05  1:49:06 3236

 Reversed flow on 50 faces (27.5% area) of pressure-outlet 19.

 Reversed flow on 174 faces (33.9% area) of pressure-outlet 18.

  iter  continuity  x-velocity  y-velocity  z-velocity     time/iter
   265  1.4995e-03  1.7741e-05  1.4122e-05  1.4148e-05  1:49:21 3235

 Reversed flow on 50 faces (27.5% area) of pressure-outlet 19.

 Reversed flow on 173 faces (33.9% area) of pressure-outlet 18.
   266  1.5420e-03  1.7521e-05  1.4130e-05  1.4152e-05  1:49:31 3234

 Reversed flow on 50 faces (27.5% area) of pressure-outlet 19.

 Reversed flow on 174 faces (33.9% area) of pressure-outlet 18.
   267  1.5571e-03  1.8093e-05  1.4332e-05  1.4269e-05  1:49:41 3233

 Reversed flow on 50 faces (27.5% area) of pressure-outlet 19.

 Reversed flow on 174 faces (33.9% area) of pressure-outlet 18.
   268  1.5543e-03  1.7765e-05  1.4278e-05  1.4510e-05  1:53:31 3232

 Reversed flow on 50 faces (27.5% area) of pressure-outlet 19.

 Reversed flow on 174 faces (33.9% area) of pressure-outlet 18.
   269  1.6162e-03  1.8946e-05  1.4993e-05  1.4882e-05  1:52:51 3231

 Reversed flow on 50 faces (27.5% area) of pressure-outlet 19.

 Reversed flow on 174 faces (33.9% area) of pressure-outlet 18.
   270  1.5833e-03  1.8530e-05  1.4818e-05  1.4999e-05  1:52:22 3230

 Reversed flow on 50 faces (27.5% area) of pressure-outlet 19.

 Reversed flow on 174 faces (33.9% area) of pressure-outlet 18.
   271  1.6339e-03  1.8872e-05  1.4917e-05  1.4818e-05  1:51:56 3229

 Reversed flow on 50 faces (27.5% area) of pressure-outlet 19.

 Reversed flow on 174 faces (33.9% area) of pressure-outlet 18.
   272  1.5982e-03  1.9000e-05  1.5148e-05  1.5174e-05  1:51:35 3228

 Reversed flow on 50 faces (27.5% area) of pressure-outlet 19.

 Reversed flow on 174 faces (33.9% area) of pressure-outlet 18.
   273  1.6580e-03  1.9152e-05  1.5221e-05  1.5295e-05  1:51:17 3227

 Reversed flow on 50 faces (27.5% area) of pressure-outlet 19.

 Reversed flow on 174 faces (33.9% area) of pressure-outlet 18.
   274  1.6506e-03  1.9839e-05  1.5459e-05  1.5419e-05  1:51:08 3226

 Reversed flow on 50 faces (27.5% area) of pressure-outlet 19.

 Reversed flow on 174 faces (33.9% area) of pressure-outlet 18.
   275  1.6497e-03  1.8935e-05  1.5189e-05  1.5396e-05  1:50:54 3225

 Reversed flow on 50 faces (27.5% area) of pressure-outlet 19.

 Reversed flow on 174 faces (33.9% area) of pressure-outlet 18.

  iter  continuity  x-velocity  y-velocity  z-velocity     time/iter
   276  1.7215e-03  2.0072e-05  1.5863e-05  1.5692e-05  1:50:41 3224

 Reversed flow on 50 faces (27.5% area) of pressure-outlet 19.

 Reversed flow on 173 faces (33.9% area) of pressure-outlet 18.
   277  1.6860e-03  1.9929e-05  1.5666e-05  1.5884e-05  1:50:35 3223

 Reversed flow on 50 faces (27.5% area) of pressure-outlet 19.

 Reversed flow on 174 faces (33.9% area) of pressure-outlet 18.
   278  1.7378e-03  2.0293e-05  1.5865e-05  1.5850e-05  1:50:26 3222

 Reversed flow on 50 faces (27.5% area) of pressure-outlet 19.

 Reversed flow on 174 faces (33.9% area) of pressure-outlet 18.
   279  1.7068e-03  2.0074e-05  1.6177e-05  1.6191e-05  1:50:21 3221

 Reversed flow on 50 faces (27.5% area) of pressure-outlet 19.

 Reversed flow on 173 faces (33.9% area) of pressure-outlet 18.
   280  1.7591e-03  2.0153e-05  1.6226e-05  1.6116e-05  1:50:16 3220

 Reversed flow on 50 faces (27.5% area) of pressure-outlet 19.

 Reversed flow on 173 faces (33.9% area) of pressure-outlet 18.
   281  1.7683e-03  2.1284e-05  1.6495e-05  1.6572e-05  1:50:10 3219

 Reversed flow on 50 faces (27.5% area) of pressure-outlet 19.

 Reversed flow on 174 faces (33.9% area) of pressure-outlet 18.
   282  1.7995e-03  2.0757e-05  1.6462e-05  1.6788e-05  1:50:06 3218

 Reversed flow on 50 faces (27.5% area) of pressure-outlet 19.

 Reversed flow on 173 faces (33.9% area) of pressure-outlet 18.
   283  1.8450e-03  2.1520e-05  1.7075e-05  1.6888e-05  1:50:05 3217

 Reversed flow on 50 faces (27.5% area) of pressure-outlet 19.

 Reversed flow on 173 faces (33.9% area) of pressure-outlet 18.
   284  1.8127e-03  2.0950e-05  1.6677e-05  1.6952e-05  1:50:00 3216

 Reversed flow on 50 faces (27.5% area) of pressure-outlet 19.

 Reversed flow on 173 faces (33.9% area) of pressure-outlet 18.
   285  1.9192e-03  2.2208e-05  1.7022e-05  1.7313e-05  1:49:57 3215

 Reversed flow on 50 faces (27.5% area) of pressure-outlet 19.

 Reversed flow on 173 faces (33.9% area) of pressure-outlet 18.
   286  1.8826e-03  2.2229e-05  1.7368e-05  1.7626e-05  1:49:53 3214

 Reversed flow on 50 faces (27.5% area) of pressure-outlet 19.

 Reversed flow on 173 faces (33.9% area) of pressure-outlet 18.

  iter  continuity  x-velocity  y-velocity  z-velocity     time/iter
   287  1.9107e-03  2.1567e-05  1.7204e-05  1.7187e-05  1:49:50 3213

 Reversed flow on 50 faces (27.5% area) of pressure-outlet 19.

 Reversed flow on 173 faces (33.9% area) of pressure-outlet 18.
   288  1.9347e-03  2.2339e-05  1.7504e-05  1.7571e-05  1:49:47 3212

 Reversed flow on 50 faces (27.5% area) of pressure-outlet 19.

 Reversed flow on 174 faces (33.9% area) of pressure-outlet 18.
   289  2.0300e-03  2.2506e-05  1.7759e-05  1.8021e-05  1:49:45 3211

 Reversed flow on 50 faces (27.5% area) of pressure-outlet 19.

 Reversed flow on 174 faces (33.9% area) of pressure-outlet 18.
   290  2.0336e-03  2.3506e-05  1.8491e-05  1.8283e-05  1:44:58 3210

 Reversed flow on 50 faces (27.5% area) of pressure-outlet 19.

 Reversed flow on 173 faces (33.9% area) of pressure-outlet 18.
   291  1.9773e-03  2.1695e-05  1.7524e-05  1.7616e-05  1:45:53 3209

 Reversed flow on 50 faces (27.5% area) of pressure-outlet 19.

 Reversed flow on 174 faces (33.9% area) of pressure-outlet 18.
   292  2.0605e-03  2.2788e-05  1.8037e-05  1.7815e-05  1:46:36 3208

 Reversed flow on 50 faces (27.5% area) of pressure-outlet 19.

 Reversed flow on 174 faces (33.9% area) of pressure-outlet 18.
   293  2.0042e-03  2.2875e-05  1.8383e-05  1.8210e-05  1:47:10 3207

 Reversed flow on 50 faces (27.5% area) of pressure-outlet 19.

 Reversed flow on 174 faces (33.9% area) of pressure-outlet 18.
   294  2.0664e-03  2.3100e-05  1.8645e-05  1.8327e-05  1:47:37 3206

 Reversed flow on 50 faces (27.5% area) of pressure-outlet 19.

 Reversed flow on 174 faces (33.9% area) of pressure-outlet 18.
   295  2.0707e-03  2.3531e-05  1.8913e-05  1.8744e-05  1:44:12 3205

 Reversed flow on 50 faces (27.5% area) of pressure-outlet 19.

 Reversed flow on 174 faces (33.9% area) of pressure-outlet 18.
   296  2.0531e-03  2.2306e-05  1.8124e-05  1.7794e-05  1:45:15 3204

 Reversed flow on 50 faces (27.5% area) of pressure-outlet 19.

 Reversed flow on 174 faces (33.9% area) of pressure-outlet 18.
   297  2.0461e-03  2.3482e-05  1.8574e-05  1.8172e-05  1:41:24 3203

 Reversed flow on 50 faces (27.5% area) of pressure-outlet 19.

 Reversed flow on 174 faces (33.9% area) of pressure-outlet 18.

  iter  continuity  x-velocity  y-velocity  z-velocity     time/iter
   298  1.9850e-03  2.2076e-05  1.7658e-05  1.7763e-05  1:43:00 3202

 Reversed flow on 50 faces (27.5% area) of pressure-outlet 19.

 Reversed flow on 174 faces (33.9% area) of pressure-outlet 18.
   299  2.0712e-03  2.3108e-05  1.8232e-05  1.7785e-05  1:39:35 3201

 Reversed flow on 50 faces (27.5% area) of pressure-outlet 19.

 Reversed flow on 174 faces (33.9% area) of pressure-outlet 18.
   300  1.9475e-03  2.1508e-05  1.7245e-05  1.7083e-05  1:41:33 3200

 Reversed flow on 50 faces (27.5% area) of pressure-outlet 19.

 Reversed flow on 174 faces (33.9% area) of pressure-outlet 18.
   301  1.9736e-03  2.2019e-05  1.7540e-05  1.7235e-05  1:43:04 3199

 Reversed flow on 50 faces (27.5% area) of pressure-outlet 19.

 Reversed flow on 174 faces (33.9% area) of pressure-outlet 18.
   302  1.9475e-03  2.2627e-05  1.7710e-05  1.7644e-05  1:39:33 3198

 Reversed flow on 50 faces (27.5% area) of pressure-outlet 19.

 Reversed flow on 174 faces (33.9% area) of pressure-outlet 18.
   303  1.9266e-03  2.1323e-05  1.7084e-05  1.6841e-05  1:41:34 3197

 Reversed flow on 50 faces (27.5% area) of pressure-outlet 19.

 Reversed flow on 174 faces (33.9% area) of pressure-outlet 18.
   304  1.9328e-03  2.2009e-05  1.7648e-05  1.7313e-05  1:38:24 3196

 Reversed flow on 50 faces (27.5% area) of pressure-outlet 19.

 Reversed flow on 173 faces (33.9% area) of pressure-outlet 18.
   305  1.8724e-03  2.0792e-05  1.6605e-05  1.6657e-05  1:40:35 3195

 Reversed flow on 50 faces (27.5% area) of pressure-outlet 19.

 Reversed flow on 173 faces (33.9% area) of pressure-outlet 18.
   306  1.9097e-03  2.1942e-05  1.7221e-05  1.7010e-05  1:42:14 3194

 Reversed flow on 50 faces (27.5% area) of pressure-outlet 19.

 Reversed flow on 173 faces (33.9% area) of pressure-outlet 18.
   307  1.8740e-03  2.1068e-05  1.7153e-05  1.7312e-05  1:43:38 3193

 Reversed flow on 50 faces (27.5% area) of pressure-outlet 19.

 Reversed flow on 173 faces (33.9% area) of pressure-outlet 18.
   308  1.9425e-03  2.1827e-05  1.7564e-05  1.7152e-05  1:44:42 3192

 Reversed flow on 50 faces (27.5% area) of pressure-outlet 19.

 Reversed flow on 173 faces (33.9% area) of pressure-outlet 18.

  iter  continuity  x-velocity  y-velocity  z-velocity     time/iter
   309  1.8804e-03  2.1958e-05  1.7349e-05  1.7366e-05  1:45:30 3191

 Reversed flow on 50 faces (27.5% area) of pressure-outlet 19.

 Reversed flow on 173 faces (33.9% area) of pressure-outlet 18.
   310  1.8936e-03  2.1700e-05  1.7324e-05  1.7311e-05  1:46:13 3190

 Reversed flow on 50 faces (27.5% area) of pressure-outlet 19.

 Reversed flow on 173 faces (33.9% area) of pressure-outlet 18.
   311  1.8953e-03  2.2221e-05  1.7940e-05  1.7696e-05  1:46:46 3189

 Reversed flow on 50 faces (27.5% area) of pressure-outlet 19.

 Reversed flow on 173 faces (33.9% area) of pressure-outlet 18.
   312  1.9142e-03  2.1685e-05  1.7455e-05  1.7369e-05  1:47:11 3188

 Reversed flow on 50 faces (27.5% area) of pressure-outlet 19.

 Reversed flow on 173 faces (33.9% area) of pressure-outlet 18.
   313  1.8933e-03  2.2301e-05  1.7445e-05  1.7190e-05  1:48:59 3187

 Reversed flow on 50 faces (27.5% area) of pressure-outlet 19.

 Reversed flow on 173 faces (33.9% area) of pressure-outlet 18.
   314  1.8503e-03  2.1392e-05  1.7327e-05  1.7533e-05  1:48:56 3186

 Reversed flow on 50 faces (27.5% area) of pressure-outlet 19.

 Reversed flow on 173 faces (33.9% area) of pressure-outlet 18.
   315  1.9293e-03  2.2370e-05  1.7904e-05  1.7415e-05  1:48:53 3185

 Reversed flow on 50 faces (27.5% area) of pressure-outlet 19.

 Reversed flow on 173 faces (33.9% area) of pressure-outlet 18.
   316  1.8654e-03  2.2089e-05  1.7400e-05  1.7441e-05  1:48:56 3184

 Reversed flow on 50 faces (27.5% area) of pressure-outlet 19.

 Reversed flow on 173 faces (33.9% area) of pressure-outlet 18.
   317  1.8821e-03  2.1808e-05  1.7164e-05  1.7221e-05  1:48:53 3183

 Reversed flow on 50 faces (27.5% area) of pressure-outlet 19.

 Reversed flow on 173 faces (33.9% area) of pressure-outlet 18.
   318  1.8606e-03  2.2300e-05  1.7808e-05  1.7627e-05  1:48:49 3182

 Reversed flow on 50 faces (27.5% area) of pressure-outlet 19.

 Reversed flow on 173 faces (33.9% area) of pressure-outlet 18.
   319  1.8831e-03  2.1592e-05  1.7306e-05  1.7214e-05  1:48:46 3181

 Reversed flow on 50 faces (27.5% area) of pressure-outlet 19.

 Reversed flow on 173 faces (33.9% area) of pressure-outlet 18.

  iter  continuity  x-velocity  y-velocity  z-velocity     time/iter
   320  1.8777e-03  2.2327e-05  1.7323e-05  1.7161e-05  1:48:43 3180

 Reversed flow on 50 faces (27.5% area) of pressure-outlet 19.

 Reversed flow on 174 faces (33.9% area) of pressure-outlet 18.
   321  1.8367e-03  2.1393e-05  1.7110e-05  1.7465e-05  1:48:39 3179

 Reversed flow on 50 faces (27.5% area) of pressure-outlet 19.

 Reversed flow on 173 faces (33.9% area) of pressure-outlet 18.
   322  1.8946e-03  2.2210e-05  1.7692e-05  1.7309e-05  1:48:40 3178

 Reversed flow on 50 faces (27.5% area) of pressure-outlet 19.

 Reversed flow on 173 faces (33.9% area) of pressure-outlet 18.
   323  1.8385e-03  2.1829e-05  1.7222e-05  1.7321e-05  1:48:38 3177

 Reversed flow on 50 faces (27.5% area) of pressure-outlet 19.

 Reversed flow on 174 faces (33.9% area) of pressure-outlet 18.
   324  1.8796e-03  2.1939e-05  1.7155e-05  1.7253e-05  1:48:32 3176

 Reversed flow on 50 faces (27.5% area) of pressure-outlet 19.

 Reversed flow on 174 faces (33.9% area) of pressure-outlet 18.
   325  1.8302e-03  2.2229e-05  1.7638e-05  1.7593e-05  1:48:36 3175

 Reversed flow on 50 faces (27.5% area) of pressure-outlet 19.

 Reversed flow on 173 faces (33.9% area) of pressure-outlet 18.
   326  1.8578e-03  2.1478e-05  1.7232e-05  1.7209e-05  1:48:35 3174

 Reversed flow on 50 faces (27.5% area) of pressure-outlet 19.

 Reversed flow on 174 faces (33.9% area) of pressure-outlet 18.
   327  1.8720e-03  2.2267e-05  1.7346e-05  1.7241e-05  1:48:40 3173

 Reversed flow on 50 faces (27.5% area) of pressure-outlet 19.

 Reversed flow on 174 faces (33.9% area) of pressure-outlet 18.
   328  1.8475e-03  2.1569e-05  1.7102e-05  1.7505e-05  1:48:34 3172

 Reversed flow on 50 faces (27.5% area) of pressure-outlet 19.

 Reversed flow on 174 faces (33.9% area) of pressure-outlet 18.
   329  1.8888e-03  2.2252e-05  1.7696e-05  1.7389e-05  1:48:31 3171

 Reversed flow on 50 faces (27.5% area) of pressure-outlet 19.

 Reversed flow on 174 faces (33.9% area) of pressure-outlet 18.
   330  1.8302e-03  2.1480e-05  1.7228e-05  1.7377e-05  1:48:27 3170

 Reversed flow on 50 faces (27.5% area) of pressure-outlet 19.

 Reversed flow on 174 faces (33.9% area) of pressure-outlet 18.

  iter  continuity  x-velocity  y-velocity  z-velocity     time/iter
   331  1.8951e-03  2.1823e-05  1.7252e-05  1.7301e-05  1:48:24 3169

 Reversed flow on 50 faces (27.5% area) of pressure-outlet 19.

 Reversed flow on 174 faces (33.9% area) of pressure-outlet 18.
   332  1.8298e-03  2.2182e-05  1.7613e-05  1.7597e-05  1:48:24 3168

 Reversed flow on 50 faces (27.5% area) of pressure-outlet 19.

 Reversed flow on 173 faces (33.9% area) of pressure-outlet 18.
   333  1.8563e-03  2.1471e-05  1.7287e-05  1.7295e-05  1:48:20 3167

 Reversed flow on 50 faces (27.5% area) of pressure-outlet 19.

 Reversed flow on 174 faces (33.9% area) of pressure-outlet 18.
   334  1.8496e-03  2.1971e-05  1.7385e-05  1.7189e-05  1:48:19 3166

 Reversed flow on 50 faces (27.5% area) of pressure-outlet 19.

 Reversed flow on 174 faces (33.9% area) of pressure-outlet 18.
   335  1.8258e-03  2.1202e-05  1.7058e-05  1.7288e-05  1:48:16 3165

 Reversed flow on 50 faces (27.5% area) of pressure-outlet 19.

 Reversed flow on 174 faces (33.9% area) of pressure-outlet 18.
   336  1.8823e-03  2.2270e-05  1.7581e-05  1.7395e-05  1:48:14 3164

 Reversed flow on 50 faces (27.5% area) of pressure-outlet 19.

 Reversed flow on 174 faces (33.9% area) of pressure-outlet 18.
   337  1.8201e-03  2.1732e-05  1.7267e-05  1.7481e-05  1:48:11 3163

 Reversed flow on 50 faces (27.5% area) of pressure-outlet 19.

 Reversed flow on 174 faces (33.9% area) of pressure-outlet 18.
   338  1.8643e-03  2.1805e-05  1.7153e-05  1.7021e-05  1:48:09 3162

 Reversed flow on 50 faces (27.5% area) of pressure-outlet 19.

 Reversed flow on 174 faces (33.9% area) of pressure-outlet 18.
   339  1.7975e-03  2.1576e-05  1.7187e-05  1.7169e-05  1:48:05 3161

 Reversed flow on 50 faces (27.5% area) of pressure-outlet 19.

 Reversed flow on 173 faces (33.9% area) of pressure-outlet 18.
   340  1.8445e-03  2.1490e-05  1.7034e-05  1.7098e-05  1:48:02 3160

 Reversed flow on 50 faces (27.5% area) of pressure-outlet 19.

 Reversed flow on 174 faces (33.9% area) of pressure-outlet 18.
   341  1.8140e-03  2.2176e-05  1.7227e-05  1.7128e-05  1:47:59 3159

 Reversed flow on 50 faces (27.5% area) of pressure-outlet 19.

 Reversed flow on 174 faces (33.9% area) of pressure-outlet 18.

  iter  continuity  x-velocity  y-velocity  z-velocity     time/iter
   342  1.8187e-03  2.1022e-05  1.6878e-05  1.7071e-05  1:47:57 3158

 Reversed flow on 50 faces (27.5% area) of pressure-outlet 19.

 Reversed flow on 174 faces (33.9% area) of pressure-outlet 18.
   343  1.8689e-03  2.1921e-05  1.7387e-05  1.7150e-05  1:47:56 3157

 Reversed flow on 50 faces (27.5% area) of pressure-outlet 19.

 Reversed flow on 173 faces (33.9% area) of pressure-outlet 18.
   344  1.8106e-03  2.1593e-05  1.7025e-05  1.7251e-05  1:47:53 3156

 Reversed flow on 50 faces (27.5% area) of pressure-outlet 19.

 Reversed flow on 174 faces (33.9% area) of pressure-outlet 18.
   345  1.8629e-03  2.1912e-05  1.7143e-05  1.7129e-05  1:47:52 3155

 Reversed flow on 50 faces (27.5% area) of pressure-outlet 19.

 Reversed flow on 174 faces (33.9% area) of pressure-outlet 18.
   346  1.8180e-03  2.1528e-05  1.7343e-05  1.7349e-05  1:47:51 3154

 Reversed flow on 50 faces (27.5% area) of pressure-outlet 19.

 Reversed flow on 173 faces (33.9% area) of pressure-outlet 18.
   347  1.8574e-03  2.1293e-05  1.7194e-05  1.7012e-05  1:47:48 3153

 Reversed flow on 50 faces (27.5% area) of pressure-outlet 19.

 Reversed flow on 173 faces (33.9% area) of pressure-outlet 18.
   348  1.8442e-03  2.2282e-05  1.7267e-05  1.7386e-05  1:47:48 3152

 Reversed flow on 50 faces (27.5% area) of pressure-outlet 19.

 Reversed flow on 174 faces (33.9% area) of pressure-outlet 18.
   349  1.8804e-03  2.1753e-05  1.7175e-05  1.7531e-05  1:47:49 3151

 Reversed flow on 50 faces (27.5% area) of pressure-outlet 19.

 Reversed flow on 173 faces (33.9% area) of pressure-outlet 18.
   350  1.8915e-03  2.2284e-05  1.7571e-05  1.7389e-05  1:47:44 3150

 Reversed flow on 50 faces (27.5% area) of pressure-outlet 19.

 Reversed flow on 173 faces (33.9% area) of pressure-outlet 18.
   351  1.8474e-03  2.1403e-05  1.7063e-05  1.7348e-05  1:47:41 3149

 Reversed flow on 50 faces (27.5% area) of pressure-outlet 19.

 Reversed flow on 173 faces (33.9% area) of pressure-outlet 18.
   352  1.9598e-03  2.2606e-05  1.7374e-05  1.7569e-05  1:47:36 3148

 Reversed flow on 50 faces (27.5% area) of pressure-outlet 19.

 Reversed flow on 173 faces (33.9% area) of pressure-outlet 18.

  iter  continuity  x-velocity  y-velocity  z-velocity     time/iter
   353  1.9204e-03  2.2555e-05  1.7657e-05  1.7874e-05  1:47:36 3147

 Reversed flow on 50 faces (27.5% area) of pressure-outlet 19.

 Reversed flow on 173 faces (33.9% area) of pressure-outlet 18.
   354  1.9302e-03  2.1872e-05  1.7455e-05  1.7334e-05  1:47:36 3146

 Reversed flow on 50 faces (27.5% area) of pressure-outlet 19.

 Reversed flow on 173 faces (33.9% area) of pressure-outlet 18.
   355  1.9308e-03  2.2210e-05  1.7608e-05  1.7562e-05  1:47:33 3145

 Reversed flow on 50 faces (27.5% area) of pressure-outlet 19.

 Reversed flow on 174 faces (33.9% area) of pressure-outlet 18.
   356  2.0124e-03  2.2350e-05  1.7815e-05  1.7923e-05  1:47:32 3144

 Reversed flow on 50 faces (27.5% area) of pressure-outlet 19.

 Reversed flow on 174 faces (33.9% area) of pressure-outlet 18.
   357  2.0126e-03  2.3404e-05  1.8490e-05  1.8210e-05  1:42:51 3143

 Reversed flow on 50 faces (27.5% area) of pressure-outlet 19.

 Reversed flow on 174 faces (33.9% area) of pressure-outlet 18.
   358  1.9431e-03  2.1651e-05  1.7518e-05  1.7581e-05  1:43:55 3142

 Reversed flow on 50 faces (27.5% area) of pressure-outlet 19.

 Reversed flow on 174 faces (33.9% area) of pressure-outlet 18.
   359  2.0292e-03  2.2587e-05  1.7952e-05  1.7654e-05  1:44:36 3141

 Reversed flow on 50 faces (27.5% area) of pressure-outlet 19.

 Reversed flow on 174 faces (33.9% area) of pressure-outlet 18.
   360  1.9603e-03  2.2449e-05  1.8070e-05  1.7890e-05  1:45:06 3140

 Reversed flow on 50 faces (27.5% area) of pressure-outlet 19.

 Reversed flow on 174 faces (33.9% area) of pressure-outlet 18.
   361  2.0164e-03  2.2739e-05  1.8230e-05  1.7920e-05  1:45:31 3139

 Reversed flow on 50 faces (27.5% area) of pressure-outlet 19.

 Reversed flow on 174 faces (33.9% area) of pressure-outlet 18.
   362  2.0109e-03  2.3144e-05  1.8501e-05  1.8369e-05  1:41:15 3138

 Reversed flow on 50 faces (27.5% area) of pressure-outlet 19.

 Reversed flow on 174 faces (33.9% area) of pressure-outlet 18.
   363  1.9868e-03  2.1756e-05  1.7610e-05  1.7283e-05  1:42:26 3137

 Reversed flow on 50 faces (27.5% area) of pressure-outlet 19.

 Reversed flow on 174 faces (33.9% area) of pressure-outlet 18.

  iter  continuity  x-velocity  y-velocity  z-velocity     time/iter
   364  1.9649e-03  2.2656e-05  1.7909e-05  1.7559e-05  1:38:43 3136

 Reversed flow on 50 faces (27.5% area) of pressure-outlet 19.

 Reversed flow on 174 faces (33.9% area) of pressure-outlet 18.
   365  1.9084e-03  2.1380e-05  1.6993e-05  1.7148e-05  1:40:24 3135

 Reversed flow on 50 faces (27.5% area) of pressure-outlet 19.

 Reversed flow on 174 faces (33.9% area) of pressure-outlet 18.
   366  1.9962e-03  2.2493e-05  1.7684e-05  1.7320e-05  1:37:08 3134

 Reversed flow on 50 faces (27.5% area) of pressure-outlet 19.

 Reversed flow on 174 faces (33.9% area) of pressure-outlet 18.
   367  1.8791e-03  2.0741e-05  1.6661e-05  1.6642e-05  1:39:04 3133

 Reversed flow on 50 faces (27.5% area) of pressure-outlet 19.

 Reversed flow on 173 faces (33.9% area) of pressure-outlet 18.
   368  1.9023e-03  2.1299e-05  1.6968e-05  1.6678e-05  1:40:40 3132

 Reversed flow on 50 faces (27.5% area) of pressure-outlet 19.

 Reversed flow on 173 faces (33.9% area) of pressure-outlet 18.
   369  1.8543e-03  2.1774e-05  1.7058e-05  1.7091e-05  1:41:55 3131

 Reversed flow on 50 faces (27.5% area) of pressure-outlet 19.

 Reversed flow on 174 faces (33.9% area) of pressure-outlet 18.
   370  1.9084e-03  2.1420e-05  1.7162e-05  1.7057e-05  1:43:32 3130

 Reversed flow on 50 faces (27.5% area) of pressure-outlet 19.

 Reversed flow on 174 faces (33.9% area) of pressure-outlet 18.
   371  1.9028e-03  2.1761e-05  1.7597e-05  1.7353e-05  1:41:04 3129

 Reversed flow on 50 faces (27.5% area) of pressure-outlet 19.

 Reversed flow on 173 faces (33.9% area) of pressure-outlet 18.
   372  1.8425e-03  2.0589e-05  1.6492e-05  1.6582e-05  1:43:22 3128

 Reversed flow on 50 faces (27.5% area) of pressure-outlet 19.

 Reversed flow on 173 faces (33.9% area) of pressure-outlet 18.
   373  1.8527e-03  2.1591e-05  1.6932e-05  1.6749e-05  1:44:02 3127

 Reversed flow on 50 faces (27.5% area) of pressure-outlet 19.

 Reversed flow on 173 faces (33.9% area) of pressure-outlet 18.
   374  1.8033e-03  2.0641e-05  1.6815e-05  1.6995e-05  1:44:34 3126

 Reversed flow on 50 faces (27.5% area) of pressure-outlet 19.

 Reversed flow on 173 faces (33.9% area) of pressure-outlet 18.

  iter  continuity  x-velocity  y-velocity  z-velocity     time/iter
   375  1.8959e-03  2.1563e-05  1.7309e-05  1.6901e-05  1:44:59 3125

 Reversed flow on 50 faces (27.5% area) of pressure-outlet 19.

 Reversed flow on 173 faces (33.9% area) of pressure-outlet 18.
   376  1.8310e-03  2.1610e-05  1.7052e-05  1.7110e-05  1:45:19 3124

 Reversed flow on 50 faces (27.5% area) of pressure-outlet 19.

 Reversed flow on 173 faces (33.9% area) of pressure-outlet 18.
   377  1.8512e-03  2.1355e-05  1.6962e-05  1.6983e-05  1:45:34 3123

 Reversed flow on 50 faces (27.5% area) of pressure-outlet 19.

 Reversed flow on 173 faces (33.9% area) of pressure-outlet 18.
   378  1.8378e-03  2.1838e-05  1.7542e-05  1.7350e-05  1:45:43 3122

 Reversed flow on 50 faces (27.5% area) of pressure-outlet 19.

 Reversed flow on 173 faces (33.9% area) of pressure-outlet 18.
   379  1.8594e-03  2.1260e-05  1.7056e-05  1.7004e-05  1:45:52 3121

 Reversed flow on 50 faces (27.5% area) of pressure-outlet 19.

 Reversed flow on 173 faces (33.9% area) of pressure-outlet 18.
   380  1.8474e-03  2.1885e-05  1.7067e-05  1.6855e-05  1:45:58 3120

 Reversed flow on 50 faces (27.5% area) of pressure-outlet 19.

 Reversed flow on 173 faces (33.9% area) of pressure-outlet 18.
   381  1.7949e-03  2.0941e-05  1.6887e-05  1.7149e-05  1:46:01 3119

 Reversed flow on 50 faces (27.5% area) of pressure-outlet 19.

 Reversed flow on 173 faces (33.9% area) of pressure-outlet 18.
   382  1.8653e-03  2.1829e-05  1.7426e-05  1.6992e-05  1:46:07 3118

 Reversed flow on 50 faces (27.5% area) of pressure-outlet 19.

 Reversed flow on 173 faces (33.9% area) of pressure-outlet 18.
   383  1.8035e-03  2.1574e-05  1.6974e-05  1.7073e-05  1:46:07 3117

 Reversed flow on 50 faces (27.5% area) of pressure-outlet 19.

 Reversed flow on 173 faces (33.9% area) of pressure-outlet 18.
   384  1.8332e-03  2.1375e-05  1.6784e-05  1.6872e-05  1:46:09 3116

 Reversed flow on 50 faces (27.5% area) of pressure-outlet 19.

 Reversed flow on 173 faces (33.9% area) of pressure-outlet 18.
   385  1.8117e-03  2.1867e-05  1.7414e-05  1.7287e-05  1:46:10 3115

 Reversed flow on 50 faces (27.5% area) of pressure-outlet 19.

 Reversed flow on 173 faces (33.9% area) of pressure-outlet 18.

  iter  continuity  x-velocity  y-velocity  z-velocity     time/iter
   386  1.8321e-03  2.1141e-05  1.6918e-05  1.6881e-05  1:46:13 3114

 Reversed flow on 50 faces (27.5% area) of pressure-outlet 19.

 Reversed flow on 173 faces (33.9% area) of pressure-outlet 18.
   387  1.8251e-03  2.1892e-05  1.6963e-05  1.6859e-05  1:46:13 3113

 Reversed flow on 50 faces (27.5% area) of pressure-outlet 19.

 Reversed flow on 174 faces (33.9% area) of pressure-outlet 18.
   388  1.7834e-03  2.1037e-05  1.6782e-05  1.7160e-05  1:46:13 3112

 Reversed flow on 50 faces (27.5% area) of pressure-outlet 19.

 Reversed flow on 174 faces (33.9% area) of pressure-outlet 18.
   389  1.8476e-03  2.1809e-05  1.7353e-05  1.7000e-05  1:46:12 3111

 Reversed flow on 50 faces (27.5% area) of pressure-outlet 19.

 Reversed flow on 173 faces (33.9% area) of pressure-outlet 18.
   390  1.7815e-03  2.1317e-05  1.6840e-05  1.6976e-05  1:46:09 3110

 Reversed flow on 50 faces (27.5% area) of pressure-outlet 19.

 Reversed flow on 174 faces (33.9% area) of pressure-outlet 18.
   391  1.8235e-03  2.1481e-05  1.6815e-05  1.6925e-05  1:46:05 3109

 Reversed flow on 50 faces (27.5% area) of pressure-outlet 19.

 Reversed flow on 174 faces (33.9% area) of pressure-outlet 18.
   392  1.7781e-03  2.1825e-05  1.7297e-05  1.7271e-05  1:46:05 3108

 Reversed flow on 50 faces (27.5% area) of pressure-outlet 19.

 Reversed flow on 173 faces (33.9% area) of pressure-outlet 18.
   393  1.8003e-03  2.0976e-05  1.6814e-05  1.6838e-05  1:46:08 3107

 Reversed flow on 50 faces (27.5% area) of pressure-outlet 19.

 Reversed flow on 174 faces (33.9% area) of pressure-outlet 18.
   394  1.8136e-03  2.1742e-05  1.6982e-05  1.6876e-05  1:46:03 3106

 Reversed flow on 50 faces (27.5% area) of pressure-outlet 19.

 Reversed flow on 174 faces (33.9% area) of pressure-outlet 18.
   395  1.7830e-03  2.1045e-05  1.6729e-05  1.7122e-05  1:46:02 3105

 Reversed flow on 50 faces (27.5% area) of pressure-outlet 19.

 Reversed flow on 174 faces (33.9% area) of pressure-outlet 18.
   396  1.8299e-03  2.1781e-05  1.7311e-05  1.7060e-05  1:45:59 3104

 Reversed flow on 50 faces (27.5% area) of pressure-outlet 19.

 Reversed flow on 174 faces (33.9% area) of pressure-outlet 18.

  iter  continuity  x-velocity  y-velocity  z-velocity     time/iter
   397  1.7717e-03  2.1081e-05  1.6847e-05  1.7031e-05  1:46:01 3103

 Reversed flow on 50 faces (27.5% area) of pressure-outlet 19.

 Reversed flow on 174 faces (33.9% area) of pressure-outlet 18.
   398  1.8225e-03  2.1284e-05  1.6812e-05  1.6860e-05  1:45:57 3102

 Reversed flow on 50 faces (27.5% area) of pressure-outlet 19.

 Reversed flow on 174 faces (33.9% area) of pressure-outlet 18.
   399  1.7598e-03  2.1566e-05  1.7126e-05  1.7132e-05  1:45:54 3101

 Reversed flow on 50 faces (27.5% area) of pressure-outlet 19.

 Reversed flow on 173 faces (33.9% area) of pressure-outlet 18.
   400  1.7870e-03  2.0962e-05  1.6810e-05  1.6864e-05  1:45:52 3100

 Reversed flow on 50 faces (27.5% area) of pressure-outlet 19.

 Reversed flow on 174 faces (33.9% area) of pressure-outlet 18.
   401  1.7821e-03  2.1564e-05  1.6954e-05  1.6796e-05  1:45:52 3099

 Reversed flow on 50 faces (27.5% area) of pressure-outlet 19.

 Reversed flow on 174 faces (33.9% area) of pressure-outlet 18.
   402  1.7568e-03  2.0656e-05  1.6566e-05  1.6850e-05  1:45:49 3098

 Reversed flow on 50 faces (27.5% area) of pressure-outlet 19.

 Reversed flow on 174 faces (33.9% area) of pressure-outlet 18.
   403  1.8180e-03  2.1674e-05  1.7096e-05  1.6937e-05  1:45:49 3097

 Reversed flow on 50 faces (27.5% area) of pressure-outlet 19.

 Reversed flow on 174 faces (33.9% area) of pressure-outlet 18.
   404  1.7515e-03  2.1206e-05  1.6769e-05  1.7006e-05  1:45:45 3096

 Reversed flow on 50 faces (27.5% area) of pressure-outlet 19.

 Reversed flow on 174 faces (33.9% area) of pressure-outlet 18.
   405  1.7862e-03  2.1182e-05  1.6623e-05  1.6564e-05  1:45:46 3095

 Reversed flow on 50 faces (27.5% area) of pressure-outlet 19.

 Reversed flow on 174 faces (33.9% area) of pressure-outlet 18.
   406  1.7329e-03  2.0998e-05  1.6761e-05  1.6766e-05  1:45:42 3094

 Reversed flow on 50 faces (27.5% area) of pressure-outlet 19.

 Reversed flow on 173 faces (33.9% area) of pressure-outlet 18.
   407  1.7762e-03  2.0830e-05  1.6558e-05  1.6618e-05  1:45:46 3093

 Reversed flow on 50 faces (27.5% area) of pressure-outlet 19.

 Reversed flow on 173 faces (33.9% area) of pressure-outlet 18.

  iter  continuity  x-velocity  y-velocity  z-velocity     time/iter
   408  1.7526e-03  2.1627e-05  1.6777e-05  1.6742e-05  1:45:41 3092

 Reversed flow on 50 faces (27.5% area) of pressure-outlet 19.

 Reversed flow on 174 faces (33.9% area) of pressure-outlet 18.
   409  1.7549e-03  2.0526e-05  1.6447e-05  1.6714e-05  1:45:38 3091

 Reversed flow on 50 faces (27.5% area) of pressure-outlet 19.

 Reversed flow on 174 faces (33.9% area) of pressure-outlet 18.
   410  1.8096e-03  2.1375e-05  1.7004e-05  1.6788e-05  1:45:36 3090

 Reversed flow on 50 faces (27.5% area) of pressure-outlet 19.

 Reversed flow on 173 faces (33.9% area) of pressure-outlet 18.
   411  1.7466e-03  2.1049e-05  1.6617e-05  1.6876e-05  1:45:34 3089

 Reversed flow on 50 faces (27.5% area) of pressure-outlet 19.

 Reversed flow on 174 faces (33.9% area) of pressure-outlet 18.
   412  1.8094e-03  2.1461e-05  1.6704e-05  1.6784e-05  1:45:32 3088

 Reversed flow on 50 faces (27.5% area) of pressure-outlet 19.

 Reversed flow on 174 faces (33.9% area) of pressure-outlet 18.
   413  1.7636e-03  2.1162e-05  1.6944e-05  1.7017e-05  1:45:36 3087

 Reversed flow on 50 faces (27.5% area) of pressure-outlet 19.

 Reversed flow on 173 faces (33.9% area) of pressure-outlet 18.
   414  1.7934e-03  2.0760e-05  1.6703e-05  1.6601e-05  1:45:32 3086

 Reversed flow on 50 faces (27.5% area) of pressure-outlet 19.

 Reversed flow on 173 faces (33.9% area) of pressure-outlet 18.
   415  1.7954e-03  2.1793e-05  1.6844e-05  1.7019e-05  1:45:32 3085

 Reversed flow on 50 faces (27.5% area) of pressure-outlet 19.

 Reversed flow on 174 faces (33.9% area) of pressure-outlet 18.
   416  1.8394e-03  2.1401e-05  1.6753e-05  1.7209e-05  1:45:33 3084

 Reversed flow on 50 faces (27.5% area) of pressure-outlet 19.

 Reversed flow on 173 faces (33.9% area) of pressure-outlet 18.
   417  1.8543e-03  2.2005e-05  1.7224e-05  1.7115e-05  1:45:25 3083

 Reversed flow on 50 faces (27.5% area) of pressure-outlet 19.

 Reversed flow on 173 faces (33.9% area) of pressure-outlet 18.
   418  1.8152e-03  2.1043e-05  1.6760e-05  1.7102e-05  1:45:25 3082

 Reversed flow on 50 faces (27.5% area) of pressure-outlet 19.

 Reversed flow on 174 faces (33.9% area) of pressure-outlet 18.

  iter  continuity  x-velocity  y-velocity  z-velocity     time/iter
   419  1.9458e-03  2.2364e-05  1.7220e-05  1.7414e-05  1:45:21 3081

 Reversed flow on 50 faces (27.5% area) of pressure-outlet 19.

 Reversed flow on 174 faces (33.9% area) of pressure-outlet 18.
   420  1.9051e-03  2.2373e-05  1.7542e-05  1.7737e-05  1:45:20 3080

 Reversed flow on 50 faces (27.5% area) of pressure-outlet 19.

 Reversed flow on 173 faces (33.9% area) of pressure-outlet 18.
   421  1.9148e-03  2.1730e-05  1.7390e-05  1.7278e-05  1:45:16 3079

 Reversed flow on 50 faces (27.5% area) of pressure-outlet 19.

 Reversed flow on 173 faces (33.9% area) of pressure-outlet 18.
   422  1.9243e-03  2.2131e-05  1.7617e-05  1.7555e-05  1:45:14 3078

 Reversed flow on 50 faces (27.5% area) of pressure-outlet 19.

 Reversed flow on 174 faces (33.9% area) of pressure-outlet 18.
   423  1.9999e-03  2.2268e-05  1.7867e-05  1.7884e-05  1:45:08 3077

 Reversed flow on 50 faces (27.5% area) of pressure-outlet 19.

 Reversed flow on 174 faces (33.9% area) of pressure-outlet 18.
   424  2.0068e-03  2.3337e-05  1.8496e-05  1.8167e-05  1:40:34 3076

 Reversed flow on 50 faces (27.5% area) of pressure-outlet 19.

 Reversed flow on 174 faces (33.9% area) of pressure-outlet 18.
   425  1.9461e-03  2.1724e-05  1.7556e-05  1.7669e-05  1:41:26 3075

 Reversed flow on 50 faces (27.5% area) of pressure-outlet 19.

 Reversed flow on 174 faces (33.9% area) of pressure-outlet 18.
   426  2.0234e-03  2.2541e-05  1.7944e-05  1.7636e-05  1:37:37 3074

 Reversed flow on 50 faces (27.5% area) of pressure-outlet 19.

 Reversed flow on 174 faces (33.9% area) of pressure-outlet 18.
   427  1.9020e-03  2.1464e-05  1.7146e-05  1.7019e-05  1:42:36 3073

 Reversed flow on 50 faces (27.5% area) of pressure-outlet 19.

 Reversed flow on 174 faces (33.9% area) of pressure-outlet 18.
   428  1.9487e-03  2.1990e-05  1.7565e-05  1.7357e-05  1:43:02 3072

 Reversed flow on 50 faces (27.5% area) of pressure-outlet 19.

 Reversed flow on 174 faces (33.9% area) of pressure-outlet 18.
   429  1.9394e-03  2.2424e-05  1.7783e-05  1.7682e-05  1:38:49 3071

 Reversed flow on 50 faces (27.5% area) of pressure-outlet 19.

 Reversed flow on 174 faces (33.9% area) of pressure-outlet 18.

  iter  continuity  x-velocity  y-velocity  z-velocity     time/iter
   430  1.9214e-03  2.1064e-05  1.7035e-05  1.6687e-05  1:40:00 3070

 Reversed flow on 50 faces (27.5% area) of pressure-outlet 19.

 Reversed flow on 174 faces (33.9% area) of pressure-outlet 18.
   431  1.9244e-03  2.2099e-05  1.7470e-05  1.7186e-05  1:36:27 3069

 Reversed flow on 50 faces (27.5% area) of pressure-outlet 19.

 Reversed flow on 174 faces (33.9% area) of pressure-outlet 18.
   432  1.8744e-03  2.0986e-05  1.6628e-05  1.6806e-05  1:38:05 3068

 Reversed flow on 50 faces (27.5% area) of pressure-outlet 19.

 Reversed flow on 174 faces (33.9% area) of pressure-outlet 18.
   433  1.9474e-03  2.2028e-05  1.7303e-05  1.6990e-05  1:34:51 3067

 Reversed flow on 50 faces (27.5% area) of pressure-outlet 19.

 Reversed flow on 174 faces (33.9% area) of pressure-outlet 18.
   434  1.8380e-03  2.0341e-05  1.6345e-05  1.6380e-05  1:36:50 3066

 Reversed flow on 50 faces (27.5% area) of pressure-outlet 19.

 Reversed flow on 173 faces (33.9% area) of pressure-outlet 18.
   435  1.8730e-03  2.0979e-05  1.6754e-05  1.6462e-05  1:38:24 3065

 Reversed flow on 50 faces (27.5% area) of pressure-outlet 19.

 Reversed flow on 173 faces (33.9% area) of pressure-outlet 18.
   436  1.8260e-03  2.1480e-05  1.6853e-05  1.6889e-05  1:39:38 3064

 Reversed flow on 50 faces (27.5% area) of pressure-outlet 19.

 Reversed flow on 174 faces (33.9% area) of pressure-outlet 18.
   437  1.8802e-03  2.1104e-05  1.6938e-05  1.6885e-05  1:40:38 3063

 Reversed flow on 50 faces (27.5% area) of pressure-outlet 19.

 Reversed flow on 173 faces (33.9% area) of pressure-outlet 18.
   438  1.8777e-03  2.1527e-05  1.7421e-05  1.7208e-05  1:36:53 3062

 Reversed flow on 50 faces (27.5% area) of pressure-outlet 19.

 Reversed flow on 173 faces (33.9% area) of pressure-outlet 18.
   439  1.8209e-03  2.0359e-05  1.6334e-05  1.6413e-05  1:38:25 3061

 Reversed flow on 50 faces (27.5% area) of pressure-outlet 19.

 Reversed flow on 173 faces (33.9% area) of pressure-outlet 18.
   440  1.8324e-03  2.1359e-05  1.6750e-05  1.6576e-05  1:39:36 3060

 Reversed flow on 50 faces (27.5% area) of pressure-outlet 19.

 Reversed flow on 173 faces (33.9% area) of pressure-outlet 18.

  iter  continuity  x-velocity  y-velocity  z-velocity     time/iter
   441  1.7809e-03  2.0469e-05  1.6665e-05  1.6853e-05  1:40:33 3059

 Reversed flow on 50 faces (27.5% area) of pressure-outlet 19.

 Reversed flow on 173 faces (33.9% area) of pressure-outlet 18.
   442  1.8712e-03  2.1405e-05  1.7171e-05  1.6773e-05  1:41:20 3058

 Reversed flow on 50 faces (27.5% area) of pressure-outlet 19.

 Reversed flow on 173 faces (33.9% area) of pressure-outlet 18.
   443  1.8154e-03  2.1477e-05  1.6946e-05  1.7003e-05  1:41:56 3057

 Reversed flow on 50 faces (27.5% area) of pressure-outlet 19.

 Reversed flow on 173 faces (33.9% area) of pressure-outlet 18.
   444  1.8316e-03  2.1167e-05  1.6810e-05  1.6839e-05  1:42:23 3056

 Reversed flow on 50 faces (27.5% area) of pressure-outlet 19.

 Reversed flow on 173 faces (33.9% area) of pressure-outlet 18.
   445  1.8187e-03  2.1683e-05  1.7387e-05  1.7200e-05  1:42:44 3055

 Reversed flow on 50 faces (27.5% area) of pressure-outlet 19.

 Reversed flow on 173 faces (33.9% area) of pressure-outlet 18.
   446  1.8427e-03  2.1119e-05  1.6930e-05  1.6893e-05  1:43:04 3054

 Reversed flow on 50 faces (27.5% area) of pressure-outlet 19.

 Reversed flow on 173 faces (33.9% area) of pressure-outlet 18.
   447  1.8422e-03  2.1772e-05  1.6963e-05  1.6755e-05  1:43:13 3053

 Reversed flow on 50 faces (27.5% area) of pressure-outlet 19.

 Reversed flow on 173 faces (33.9% area) of pressure-outlet 18.
   448  1.7848e-03  2.0830e-05  1.6788e-05  1.7050e-05  1:43:23 3052

 Reversed flow on 50 faces (27.5% area) of pressure-outlet 19.

 Reversed flow on 173 faces (33.9% area) of pressure-outlet 18.
   449  1.8534e-03  2.1721e-05  1.7329e-05  1.6909e-05  1:43:30 3051

 Reversed flow on 50 faces (27.5% area) of pressure-outlet 19.

 Reversed flow on 173 faces (33.9% area) of pressure-outlet 18.
   450  1.7937e-03  2.1442e-05  1.6865e-05  1.6978e-05  1:43:37 3050

 Reversed flow on 50 faces (27.5% area) of pressure-outlet 19.

 Reversed flow on 174 faces (33.9% area) of pressure-outlet 18.
   451  1.8178e-03  2.1265e-05  1.6707e-05  1.6801e-05  1:43:42 3049

 Reversed flow on 50 faces (27.5% area) of pressure-outlet 19.

 Reversed flow on 174 faces (33.9% area) of pressure-outlet 18.

  iter  continuity  x-velocity  y-velocity  z-velocity     time/iter
   452  1.8030e-03  2.1799e-05  1.7355e-05  1.7226e-05  1:43:46 3048

 Reversed flow on 50 faces (27.5% area) of pressure-outlet 19.

 Reversed flow on 173 faces (33.9% area) of pressure-outlet 18.
   453  1.8195e-03  2.1061e-05  1.6841e-05  1.6818e-05  1:43:48 3047

 Reversed flow on 50 faces (27.5% area) of pressure-outlet 19.

 Reversed flow on 173 faces (33.9% area) of pressure-outlet 18.
   454  1.8133e-03  2.1780e-05  1.6877e-05  1.6787e-05  1:43:48 3046

 Reversed flow on 50 faces (27.5% area) of pressure-outlet 19.

 Reversed flow on 174 faces (33.9% area) of pressure-outlet 18.
   455  1.7754e-03  2.0994e-05  1.6754e-05  1.7125e-05  1:43:49 3045

 Reversed flow on 50 faces (27.5% area) of pressure-outlet 19.

 Reversed flow on 173 faces (33.9% area) of pressure-outlet 18.
   456  1.8336e-03  2.1708e-05  1.7268e-05  1.6941e-05  1:43:51 3044

 Reversed flow on 50 faces (27.5% area) of pressure-outlet 19.

 Reversed flow on 173 faces (33.9% area) of pressure-outlet 18.
   457  1.7745e-03  2.1258e-05  1.6793e-05  1.6934e-05  1:44:00 3043

 Reversed flow on 50 faces (27.5% area) of pressure-outlet 19.

 Reversed flow on 174 faces (33.9% area) of pressure-outlet 18.
   458  1.8169e-03  2.1389e-05  1.6773e-05  1.6890e-05  1:43:57 3042

 Reversed flow on 50 faces (27.5% area) of pressure-outlet 19.

 Reversed flow on 174 faces (33.9% area) of pressure-outlet 18.
   459  1.7765e-03  2.1833e-05  1.7272e-05  1.7244e-05  1:43:52 3041

 Reversed flow on 50 faces (27.5% area) of pressure-outlet 19.

 Reversed flow on 173 faces (33.9% area) of pressure-outlet 18.
   460  1.7944e-03  2.0878e-05  1.6746e-05  1.6781e-05  1:43:54 3040

 Reversed flow on 50 faces (27.5% area) of pressure-outlet 19.

 Reversed flow on 173 faces (33.9% area) of pressure-outlet 18.
   461  1.7998e-03  2.1570e-05  1.6876e-05  1.6764e-05  1:44:13 3039

 Reversed flow on 50 faces (27.5% area) of pressure-outlet 19.

 Reversed flow on 174 faces (33.9% area) of pressure-outlet 18.
   462  1.7696e-03  2.0907e-05  1.6649e-05  1.7037e-05  1:44:05 3038

 Reversed flow on 50 faces (27.5% area) of pressure-outlet 19.

 Reversed flow on 174 faces (33.9% area) of pressure-outlet 18.

  iter  continuity  x-velocity  y-velocity  z-velocity     time/iter
   463  1.8212e-03  2.1601e-05  1.7209e-05  1.6933e-05  1:43:59 3037

 Reversed flow on 50 faces (27.5% area) of pressure-outlet 19.

 Reversed flow on 174 faces (33.9% area) of pressure-outlet 18.
   464  1.7558e-03  2.0968e-05  1.6770e-05  1.6937e-05  1:43:59 3036

 Reversed flow on 50 faces (27.5% area) of pressure-outlet 19.

 Reversed flow on 174 faces (33.9% area) of pressure-outlet 18.
   465  1.8036e-03  2.1088e-05  1.6686e-05  1.6714e-05  1:43:53 3035

 Reversed flow on 50 faces (27.5% area) of pressure-outlet 19.

 Reversed flow on 174 faces (33.9% area) of pressure-outlet 18.
   466  1.7475e-03  2.1424e-05  1.7012e-05  1.7010e-05  1:43:49 3034

 Reversed flow on 50 faces (27.5% area) of pressure-outlet 19.

 Reversed flow on 173 faces (33.9% area) of pressure-outlet 18.
   467  1.7682e-03  2.0779e-05  1.6636e-05  1.6725e-05  1:43:46 3033

 Reversed flow on 50 faces (27.5% area) of pressure-outlet 19.

 Reversed flow on 174 faces (33.9% area) of pressure-outlet 18.
   468  1.7612e-03  2.1368e-05  1.6770e-05  1.6605e-05  1:43:52 3032

 Reversed flow on 50 faces (27.5% area) of pressure-outlet 19.

 Reversed flow on 174 faces (33.9% area) of pressure-outlet 18.
   469  1.7305e-03  2.0384e-05  1.6359e-05  1.6647e-05  1:43:46 3031

 Reversed flow on 50 faces (27.5% area) of pressure-outlet 19.

 Reversed flow on 174 faces (33.9% area) of pressure-outlet 18.
   470  1.7898e-03  2.1356e-05  1.6862e-05  1.6700e-05  1:43:39 3030

 Reversed flow on 50 faces (27.5% area) of pressure-outlet 19.

 Reversed flow on 174 faces (33.9% area) of pressure-outlet 18.
   471  1.7274e-03  2.0994e-05  1.6562e-05  1.6806e-05  1:43:38 3029

 Reversed flow on 50 faces (27.5% area) of pressure-outlet 19.

 Reversed flow on 174 faces (33.9% area) of pressure-outlet 18.
   472  1.7713e-03  2.1022e-05  1.6474e-05  1.6435e-05  1:43:35 3028

 Reversed flow on 50 faces (27.5% area) of pressure-outlet 19.

 Reversed flow on 174 faces (33.9% area) of pressure-outlet 18.
   473  1.7193e-03  2.0842e-05  1.6646e-05  1.6635e-05  1:43:34 3027

 Reversed flow on 50 faces (27.5% area) of pressure-outlet 19.

 Reversed flow on 173 faces (33.9% area) of pressure-outlet 18.

  iter  continuity  x-velocity  y-velocity  z-velocity     time/iter
   474  1.7613e-03  2.0616e-05  1.6405e-05  1.6472e-05  1:43:29 3026

 Reversed flow on 50 faces (27.5% area) of pressure-outlet 19.

 Reversed flow on 173 faces (33.9% area) of pressure-outlet 18.
   475  1.7393e-03  2.1493e-05  1.6658e-05  1.6628e-05  1:43:29 3025

 Reversed flow on 50 faces (27.5% area) of pressure-outlet 19.

 Reversed flow on 174 faces (33.9% area) of pressure-outlet 18.
   476  1.7487e-03  2.0496e-05  1.6399e-05  1.6698e-05  1:43:25 3024

 Reversed flow on 50 faces (27.5% area) of pressure-outlet 19.

 Reversed flow on 174 faces (33.9% area) of pressure-outlet 18.
   477  1.8080e-03  2.1276e-05  1.6957e-05  1.6717e-05  1:43:21 3023

 Reversed flow on 50 faces (27.5% area) of pressure-outlet 19.

 Reversed flow on 173 faces (33.9% area) of pressure-outlet 18.
   478  1.7405e-03  2.0981e-05  1.6572e-05  1.6830e-05  1:43:20 3022

 Reversed flow on 50 faces (27.5% area) of pressure-outlet 19.

 Reversed flow on 174 faces (33.9% area) of pressure-outlet 18.
   479  1.8143e-03  2.1483e-05  1.6675e-05  1.6825e-05  1:43:17 3021

 Reversed flow on 50 faces (27.5% area) of pressure-outlet 19.

 Reversed flow on 174 faces (33.9% area) of pressure-outlet 18.
   480  1.7662e-03  2.1312e-05  1.6971e-05  1.7058e-05  1:43:12 3020

 Reversed flow on 50 faces (27.5% area) of pressure-outlet 19.

 Reversed flow on 173 faces (33.9% area) of pressure-outlet 18.
   481  1.7917e-03  2.0752e-05  1.6672e-05  1.6630e-05  1:43:10 3019

 Reversed flow on 50 faces (27.5% area) of pressure-outlet 19.

 Reversed flow on 173 faces (33.9% area) of pressure-outlet 18.
   482  1.8138e-03  2.1883e-05  1.6910e-05  1.7066e-05  1:43:06 3018

 Reversed flow on 50 faces (27.5% area) of pressure-outlet 19.

 Reversed flow on 174 faces (33.9% area) of pressure-outlet 18.
   483  1.8671e-03  2.1578e-05  1.6840e-05  1.7316e-05  1:43:05 3017

 Reversed flow on 50 faces (27.5% area) of pressure-outlet 19.

 Reversed flow on 173 faces (33.9% area) of pressure-outlet 18.
   484  1.8724e-03  2.2139e-05  1.7283e-05  1.7190e-05  1:43:01 3016

 Reversed flow on 50 faces (27.5% area) of pressure-outlet 19.

 Reversed flow on 173 faces (33.9% area) of pressure-outlet 18.

  iter  continuity  x-velocity  y-velocity  z-velocity     time/iter
   485  1.8354e-03  2.1169e-05  1.6914e-05  1.7210e-05  1:43:00 3015

 Reversed flow on 50 faces (27.5% area) of pressure-outlet 19.

 Reversed flow on 174 faces (33.9% area) of pressure-outlet 18.
   486  1.9722e-03  2.2420e-05  1.7366e-05  1.7488e-05  1:42:57 3014

 Reversed flow on 50 faces (27.5% area) of pressure-outlet 19.

 Reversed flow on 174 faces (33.9% area) of pressure-outlet 18.
   487  1.9269e-03  2.2536e-05  1.7789e-05  1.7887e-05  1:42:54 3013

 Reversed flow on 50 faces (27.5% area) of pressure-outlet 19.

 Reversed flow on 173 faces (33.9% area) of pressure-outlet 18.
   488  1.9413e-03  2.1960e-05  1.7646e-05  1.7507e-05  1:42:52 3012

 Reversed flow on 50 faces (27.5% area) of pressure-outlet 19.

 Reversed flow on 173 faces (33.9% area) of pressure-outlet 18.
   489  1.9491e-03  2.2394e-05  1.7878e-05  1.7752e-05  1:38:23 3011

 Reversed flow on 50 faces (27.5% area) of pressure-outlet 19.

 Reversed flow on 174 faces (33.9% area) of pressure-outlet 18.
   490  1.9455e-03  2.1499e-05  1.7312e-05  1.7278e-05  1:39:14 3010

 Reversed flow on 50 faces (27.5% area) of pressure-outlet 19.

 Reversed flow on 174 faces (33.9% area) of pressure-outlet 18.
   491  1.9775e-03  2.2932e-05  1.8153e-05  1.7853e-05  1:35:29 3009

 Reversed flow on 50 faces (27.5% area) of pressure-outlet 19.

 Reversed flow on 174 faces (33.9% area) of pressure-outlet 18.
   492  1.9113e-03  2.1427e-05  1.7269e-05  1.7450e-05  1:36:53 3008

 Reversed flow on 50 faces (27.5% area) of pressure-outlet 19.

 Reversed flow on 174 faces (33.9% area) of pressure-outlet 18.
   493  1.9951e-03  2.2199e-05  1.7680e-05  1.7352e-05  1:33:35 3007

 Reversed flow on 50 faces (27.5% area) of pressure-outlet 19.

 Reversed flow on 174 faces (33.9% area) of pressure-outlet 18.
   494  1.8871e-03  2.1195e-05  1.6896e-05  1.6788e-05  1:35:22 3006

 Reversed flow on 50 faces (27.5% area) of pressure-outlet 19.

 Reversed flow on 174 faces (33.9% area) of pressure-outlet 18.
   495  1.9216e-03  2.1644e-05  1.7247e-05  1.7063e-05  1:36:47 3005

 Reversed flow on 50 faces (27.5% area) of pressure-outlet 19.

 Reversed flow on 174 faces (33.9% area) of pressure-outlet 18.

  iter  continuity  x-velocity  y-velocity  z-velocity     time/iter
   496  1.9143e-03  2.2254e-05  1.7524e-05  1.7394e-05  1:33:27 3004

 Reversed flow on 50 faces (27.5% area) of pressure-outlet 19.

 Reversed flow on 174 faces (33.9% area) of pressure-outlet 18.
   497  1.8968e-03  2.0811e-05  1.6788e-05  1.6488e-05  1:35:16 3003

 Reversed flow on 50 faces (27.5% area) of pressure-outlet 19.

 Reversed flow on 174 faces (33.9% area) of pressure-outlet 18.
   498  1.9108e-03  2.1860e-05  1.7291e-05  1.7003e-05  1:32:16 3002

 Reversed flow on 50 faces (27.5% area) of pressure-outlet 19.

 Reversed flow on 174 faces (33.9% area) of pressure-outlet 18.
   499  1.8550e-03  2.0774e-05  1.6423e-05  1.6595e-05  1:34:30 3001

 Reversed flow on 50 faces (27.5% area) of pressure-outlet 19.

 Reversed flow on 174 faces (33.9% area) of pressure-outlet 18.
   500  1.9201e-03  2.1788e-05  1.7106e-05  1.6848e-05  1:31:40 3000

 Reversed flow on 50 faces (27.5% area) of pressure-outlet 19.

 Reversed flow on 174 faces (33.9% area) of pressure-outlet 18.
   501  1.8165e-03  2.0113e-05  1.6175e-05  1.6270e-05  1:33:47 2999

 Reversed flow on 50 faces (27.5% area) of pressure-outlet 19.

 Reversed flow on 173 faces (33.9% area) of pressure-outlet 18.
   502  1.8519e-03  2.0679e-05  1.6575e-05  1.6289e-05  1:35:28 2998

 Reversed flow on 50 faces (27.5% area) of pressure-outlet 19.

 Reversed flow on 173 faces (33.9% area) of pressure-outlet 18.
   503  1.8003e-03  2.1124e-05  1.6613e-05  1.6633e-05  1:36:47 2997

 Reversed flow on 50 faces (27.5% area) of pressure-outlet 19.

 Reversed flow on 173 faces (33.9% area) of pressure-outlet 18.
   504  1.8463e-03  2.0759e-05  1.6704e-05  1.6680e-05  1:37:50 2996

 Reversed flow on 50 faces (27.5% area) of pressure-outlet 19.

 Reversed flow on 173 faces (33.9% area) of pressure-outlet 18.
   505  1.8587e-03  2.1382e-05  1.7309e-05  1.7096e-05  1:34:18 2995

 Reversed flow on 50 faces (27.5% area) of pressure-outlet 19.

 Reversed flow on 173 faces (33.9% area) of pressure-outlet 18.
   506  1.8067e-03  2.0197e-05  1.6223e-05  1.6269e-05  1:36:00 2994

 Reversed flow on 50 faces (27.5% area) of pressure-outlet 19.

 Reversed flow on 173 faces (33.9% area) of pressure-outlet 18.

  iter  continuity  x-velocity  y-velocity  z-velocity     time/iter
   507  1.8179e-03  2.1160e-05  1.6589e-05  1.6433e-05  1:37:13 2993

 Reversed flow on 50 faces (27.5% area) of pressure-outlet 19.

 Reversed flow on 173 faces (33.9% area) of pressure-outlet 18.
   508  1.7637e-03  2.0353e-05  1.6526e-05  1.6725e-05  1:38:11 2992

 Reversed flow on 50 faces (27.5% area) of pressure-outlet 19.

 Reversed flow on 173 faces (33.9% area) of pressure-outlet 18.
   509  1.8594e-03  2.1305e-05  1.7056e-05  1.6641e-05  1:38:56 2991

 Reversed flow on 50 faces (27.5% area) of pressure-outlet 19.

 Reversed flow on 173 faces (33.9% area) of pressure-outlet 18.
   510  1.8000e-03  2.1293e-05  1.6791e-05  1.6842e-05  1:39:30 2990

 Reversed flow on 50 faces (27.5% area) of pressure-outlet 19.

 Reversed flow on 173 faces (33.9% area) of pressure-outlet 18.
   511  1.8149e-03  2.0996e-05  1.6656e-05  1.6704e-05  1:40:02 2989

 Reversed flow on 50 faces (27.5% area) of pressure-outlet 19.

 Reversed flow on 173 faces (33.9% area) of pressure-outlet 18.
   512  1.8120e-03  2.1621e-05  1.7293e-05  1.7099e-05  1:40:24 2988

 Reversed flow on 50 faces (27.5% area) of pressure-outlet 19.

 Reversed flow on 173 faces (33.9% area) of pressure-outlet 18.
   513  1.8276e-03  2.0957e-05  1.6790e-05  1.6764e-05  1:40:44 2987

 Reversed flow on 50 faces (27.5% area) of pressure-outlet 19.

 Reversed flow on 173 faces (33.9% area) of pressure-outlet 18.
   514  1.8266e-03  2.1597e-05  1.6819e-05  1.6647e-05  1:40:58 2986

 Reversed flow on 50 faces (27.5% area) of pressure-outlet 19.

 Reversed flow on 173 faces (33.9% area) of pressure-outlet 18.
   515  1.7728e-03  2.0718e-05  1.6670e-05  1.6947e-05  1:41:07 2985

 Reversed flow on 50 faces (27.5% area) of pressure-outlet 19.

 Reversed flow on 173 faces (33.9% area) of pressure-outlet 18.
   516  1.8376e-03  2.1562e-05  1.7190e-05  1.6803e-05  1:41:14 2984

 Reversed flow on 50 faces (27.5% area) of pressure-outlet 19.

 Reversed flow on 173 faces (33.9% area) of pressure-outlet 18.
   517  1.7799e-03  2.1331e-05  1.6758e-05  1.6884e-05  1:41:16 2983

 Reversed flow on 50 faces (27.5% area) of pressure-outlet 19.

 Reversed flow on 174 faces (33.9% area) of pressure-outlet 18.

  iter  continuity  x-velocity  y-velocity  z-velocity     time/iter
   518  1.8091e-03  2.1174e-05  1.6644e-05  1.6755e-05  1:41:21 2982

 Reversed flow on 50 faces (27.5% area) of pressure-outlet 19.

 Reversed flow on 174 faces (33.9% area) of pressure-outlet 18.
   519  1.7906e-03  2.1678e-05  1.7231e-05  1.7136e-05  1:41:25 2981

 Reversed flow on 50 faces (27.5% area) of pressure-outlet 19.

 Reversed flow on 173 faces (33.9% area) of pressure-outlet 18.
   520  1.8022e-03  2.0932e-05  1.6730e-05  1.6741e-05  1:41:26 2980

 Reversed flow on 50 faces (27.5% area) of pressure-outlet 19.

 Reversed flow on 173 faces (33.9% area) of pressure-outlet 18.
   521  1.8040e-03  2.1635e-05  1.6774e-05  1.6685e-05  1:41:27 2979

 Reversed flow on 50 faces (27.5% area) of pressure-outlet 19.

 Reversed flow on 174 faces (33.9% area) of pressure-outlet 18.
   522  1.7598e-03  2.0881e-05  1.6659e-05  1.7026e-05  1:41:28 2978

 Reversed flow on 50 faces (27.5% area) of pressure-outlet 19.

 Reversed flow on 174 faces (33.9% area) of pressure-outlet 18.
   523  1.8210e-03  2.1560e-05  1.7147e-05  1.6829e-05  1:41:28 2977

 Reversed flow on 50 faces (27.5% area) of pressure-outlet 19.

 Reversed flow on 173 faces (33.9% area) of pressure-outlet 18.
   524  1.7605e-03  2.1085e-05  1.6668e-05  1.6825e-05  1:41:28 2976

 Reversed flow on 50 faces (27.5% area) of pressure-outlet 19.

 Reversed flow on 174 faces (33.9% area) of pressure-outlet 18.
   525  1.8028e-03  2.1185e-05  1.6645e-05  1.6779e-05  1:41:28 2975

 Reversed flow on 50 faces (27.5% area) of pressure-outlet 19.

 Reversed flow on 174 faces (33.9% area) of pressure-outlet 18.
   526  1.7649e-03  2.1700e-05  1.7160e-05  1.7135e-05  1:41:30 2974

 Reversed flow on 50 faces (27.5% area) of pressure-outlet 19.

 Reversed flow on 173 faces (33.9% area) of pressure-outlet 18.
   527  1.7816e-03  2.0717e-05  1.6636e-05  1.6712e-05  1:41:26 2973

 Reversed flow on 50 faces (27.5% area) of pressure-outlet 19.

 Reversed flow on 174 faces (33.9% area) of pressure-outlet 18.
   528  1.7932e-03  2.1419e-05  1.6783e-05  1.6659e-05  1:41:25 2972

 Reversed flow on 50 faces (27.5% area) of pressure-outlet 19.

 Reversed flow on 174 faces (33.9% area) of pressure-outlet 18.

  iter  continuity  x-velocity  y-velocity  z-velocity     time/iter
   529  1.7505e-03  2.0738e-05  1.6541e-05  1.6918e-05  1:41:23 2971

 Reversed flow on 50 faces (27.5% area) of pressure-outlet 19.

 Reversed flow on 174 faces (33.9% area) of pressure-outlet 18.
   530  1.8005e-03  2.1419e-05  1.7076e-05  1.6819e-05  1:41:23 2970

 Reversed flow on 50 faces (27.5% area) of pressure-outlet 19.

 Reversed flow on 174 faces (33.9% area) of pressure-outlet 18.
   531  1.7398e-03  2.0903e-05  1.6694e-05  1.6872e-05  1:41:35 2969

 Reversed flow on 50 faces (27.5% area) of pressure-outlet 19.

 Reversed flow on 174 faces (33.9% area) of pressure-outlet 18.
   532  1.7846e-03  2.0960e-05  1.6596e-05  1.6624e-05  1:41:44 2968

 Reversed flow on 50 faces (27.5% area) of pressure-outlet 19.

 Reversed flow on 174 faces (33.9% area) of pressure-outlet 18.
   533  1.7421e-03  2.1347e-05  1.6924e-05  1.6933e-05  1:41:37 2967

 Reversed flow on 50 faces (27.5% area) of pressure-outlet 19.

 Reversed flow on 173 faces (33.9% area) of pressure-outlet 18.
   534  1.7598e-03  2.0720e-05  1.6544e-05  1.6653e-05  1:41:30 2966

 Reversed flow on 50 faces (27.5% area) of pressure-outlet 19.

 Reversed flow on 174 faces (33.9% area) of pressure-outlet 18.
   535  1.7505e-03  2.1326e-05  1.6691e-05  1.6531e-05  1:41:28 2965

 Reversed flow on 50 faces (27.5% area) of pressure-outlet 19.

 Reversed flow on 174 faces (33.9% area) of pressure-outlet 18.
   536  1.7232e-03  2.0316e-05  1.6289e-05  1.6598e-05  1:42:48 2964

 Reversed flow on 50 faces (27.5% area) of pressure-outlet 19.

 Reversed flow on 174 faces (33.9% area) of pressure-outlet 18.
   537  1.7861e-03  2.1272e-05  1.6816e-05  1.6649e-05  1:42:25 2963

 Reversed flow on 50 faces (27.5% area) of pressure-outlet 19.

 Reversed flow on 174 faces (33.9% area) of pressure-outlet 18.
   538  1.7223e-03  2.0992e-05  1.6514e-05  1.6765e-05  1:42:08 2962

 Reversed flow on 50 faces (27.5% area) of pressure-outlet 19.

 Reversed flow on 174 faces (33.9% area) of pressure-outlet 18.
   539  1.7653e-03  2.1025e-05  1.6441e-05  1.6444e-05  1:41:54 2961

 Reversed flow on 50 faces (27.5% area) of pressure-outlet 19.

 Reversed flow on 174 faces (33.9% area) of pressure-outlet 18.

  iter  continuity  x-velocity  y-velocity  z-velocity     time/iter
   540  1.7193e-03  2.0830e-05  1.6662e-05  1.6632e-05  1:41:43 2960

 Reversed flow on 50 faces (27.5% area) of pressure-outlet 19.

 Reversed flow on 173 faces (33.9% area) of pressure-outlet 18.
   541  1.7639e-03  2.0645e-05  1.6438e-05  1.6514e-05  1:41:33 2959

 Reversed flow on 50 faces (27.5% area) of pressure-outlet 19.

 Reversed flow on 173 faces (33.9% area) of pressure-outlet 18.
   542  1.7491e-03  2.1587e-05  1.6713e-05  1.6683e-05  1:41:23 2958

 Reversed flow on 50 faces (27.5% area) of pressure-outlet 19.

 Reversed flow on 174 faces (33.9% area) of pressure-outlet 18.
   543  1.7537e-03  2.0588e-05  1.6443e-05  1.6761e-05  1:41:14 2957

 Reversed flow on 50 faces (27.5% area) of pressure-outlet 19.

 Reversed flow on 173 faces (33.9% area) of pressure-outlet 18.
   544  1.8089e-03  2.1306e-05  1.6986e-05  1.6741e-05  1:41:08 2956

 Reversed flow on 50 faces (27.5% area) of pressure-outlet 19.

 Reversed flow on 173 faces (33.9% area) of pressure-outlet 18.
   545  1.7452e-03  2.0983e-05  1.6583e-05  1.6860e-05  1:41:01 2955

 Reversed flow on 50 faces (27.5% area) of pressure-outlet 19.

 Reversed flow on 174 faces (33.9% area) of pressure-outlet 18.
   546  1.8358e-03  2.1680e-05  1.6740e-05  1.6954e-05  1:40:58 2954

 Reversed flow on 50 faces (27.5% area) of pressure-outlet 19.

 Reversed flow on 174 faces (33.9% area) of pressure-outlet 18.
   547  1.7802e-03  2.1498e-05  1.7029e-05  1.7123e-05  1:40:57 2953

 Reversed flow on 50 faces (27.5% area) of pressure-outlet 19.

 Reversed flow on 173 faces (33.9% area) of pressure-outlet 18.
   548  1.8015e-03  2.0831e-05  1.6689e-05  1.6699e-05  1:40:51 2952

 Reversed flow on 50 faces (27.5% area) of pressure-outlet 19.

 Reversed flow on 173 faces (33.9% area) of pressure-outlet 18.
   549  1.8308e-03  2.1956e-05  1.6970e-05  1.7127e-05  1:40:47 2951

 Reversed flow on 50 faces (27.5% area) of pressure-outlet 19.

 Reversed flow on 174 faces (33.9% area) of pressure-outlet 18.
   550  1.8902e-03  2.1699e-05  1.6942e-05  1.7405e-05  1:40:44 2950

 Reversed flow on 50 faces (27.5% area) of pressure-outlet 19.

 Reversed flow on 173 faces (33.9% area) of pressure-outlet 18.

  iter  continuity  x-velocity  y-velocity  z-velocity     time/iter
   551  1.8981e-03  2.2329e-05  1.7434e-05  1.7339e-05  1:36:21 2949

 Reversed flow on 50 faces (27.5% area) of pressure-outlet 19.

 Reversed flow on 173 faces (33.9% area) of pressure-outlet 18.
   552  1.8265e-03  2.0729e-05  1.6535e-05  1.6751e-05  1:37:13 2948

 Reversed flow on 50 faces (27.5% area) of pressure-outlet 19.

 Reversed flow on 174 faces (33.9% area) of pressure-outlet 18.
   553  1.9622e-03  2.1981e-05  1.7161e-05  1.7172e-05  1:37:51 2947

 Reversed flow on 50 faces (27.5% area) of pressure-outlet 19.

 Reversed flow on 174 faces (33.9% area) of pressure-outlet 18.
   554  1.9047e-03  2.2069e-05  1.7529e-05  1.7540e-05  1:38:21 2946

 Reversed flow on 50 faces (27.5% area) of pressure-outlet 19.

 Reversed flow on 173 faces (33.9% area) of pressure-outlet 18.
   555  1.9368e-03  2.1750e-05  1.7564e-05  1.7380e-05  1:38:46 2945

 Reversed flow on 50 faces (27.5% area) of pressure-outlet 19.

 Reversed flow on 173 faces (33.9% area) of pressure-outlet 18.
   556  1.9585e-03  2.2391e-05  1.7951e-05  1.7809e-05  1:34:45 2944

 Reversed flow on 50 faces (27.5% area) of pressure-outlet 19.

 Reversed flow on 174 faces (33.9% area) of pressure-outlet 18.
   557  1.9542e-03  2.1527e-05  1.7397e-05  1.7258e-05  1:35:52 2943

 Reversed flow on 50 faces (27.5% area) of pressure-outlet 19.

 Reversed flow on 174 faces (33.9% area) of pressure-outlet 18.
   558  1.9763e-03  2.2819e-05  1.8068e-05  1.7751e-05  1:32:33 2942

 Reversed flow on 50 faces (27.5% area) of pressure-outlet 19.

 Reversed flow on 174 faces (33.9% area) of pressure-outlet 18.
   559  1.9105e-03  2.1404e-05  1.7207e-05  1.7415e-05  1:34:05 2941

 Reversed flow on 50 faces (27.5% area) of pressure-outlet 19.

 Reversed flow on 174 faces (33.9% area) of pressure-outlet 18.
   560  2.0042e-03  2.2267e-05  1.7701e-05  1.7340e-05  1:30:58 2940

 Reversed flow on 50 faces (27.5% area) of pressure-outlet 19.

 Reversed flow on 174 faces (33.9% area) of pressure-outlet 18.
   561  1.8866e-03  2.1113e-05  1.6809e-05  1.6678e-05  1:32:57 2939

 Reversed flow on 50 faces (27.5% area) of pressure-outlet 19.

 Reversed flow on 174 faces (33.9% area) of pressure-outlet 18.

  iter  continuity  x-velocity  y-velocity  z-velocity     time/iter
   562  1.9141e-03  2.1507e-05  1.7115e-05  1.6957e-05  1:34:27 2938

 Reversed flow on 50 faces (27.5% area) of pressure-outlet 19.

 Reversed flow on 174 faces (33.9% area) of pressure-outlet 18.
   563  1.9040e-03  2.2154e-05  1.7388e-05  1.7259e-05  1:31:15 2937

 Reversed flow on 50 faces (27.5% area) of pressure-outlet 19.

 Reversed flow on 174 faces (33.9% area) of pressure-outlet 18.
   564  1.8849e-03  2.0687e-05  1.6677e-05  1.6418e-05  1:33:03 2936

 Reversed flow on 50 faces (27.5% area) of pressure-outlet 19.

 Reversed flow on 174 faces (33.9% area) of pressure-outlet 18.
   565  1.8978e-03  2.1679e-05  1.7181e-05  1.6900e-05  1:30:14 2935

 Reversed flow on 50 faces (27.5% area) of pressure-outlet 19.

 Reversed flow on 173 faces (33.9% area) of pressure-outlet 18.
   566  1.8402e-03  2.0619e-05  1.6304e-05  1.6468e-05  1:32:19 2934

 Reversed flow on 50 faces (27.5% area) of pressure-outlet 19.

 Reversed flow on 173 faces (33.9% area) of pressure-outlet 18.
   567  1.8987e-03  2.1604e-05  1.6976e-05  1.6753e-05  1:33:56 2933

 Reversed flow on 50 faces (27.5% area) of pressure-outlet 19.

 Reversed flow on 173 faces (33.9% area) of pressure-outlet 18.
   568  1.8387e-03  2.0585e-05  1.6720e-05  1.6837e-05  1:35:08 2932

 Reversed flow on 50 faces (27.5% area) of pressure-outlet 19.

 Reversed flow on 173 faces (33.9% area) of pressure-outlet 18.
   569  1.8790e-03  2.1116e-05  1.6918e-05  1.6646e-05  1:36:05 2931

 Reversed flow on 50 faces (27.5% area) of pressure-outlet 19.

 Reversed flow on 173 faces (33.9% area) of pressure-outlet 18.
   570  1.8306e-03  2.1609e-05  1.7023e-05  1.7037e-05  1:36:51 2930

 Reversed flow on 50 faces (27.5% area) of pressure-outlet 19.

 Reversed flow on 173 faces (33.9% area) of pressure-outlet 18.
   571  1.8687e-03  2.1154e-05  1.7018e-05  1.7022e-05  1:37:28 2929

 Reversed flow on 50 faces (27.5% area) of pressure-outlet 19.

 Reversed flow on 173 faces (33.9% area) of pressure-outlet 18.
   572  1.8684e-03  2.1654e-05  1.7514e-05  1.7261e-05  1:33:39 2928

 Reversed flow on 50 faces (27.5% area) of pressure-outlet 19.

 Reversed flow on 173 faces (33.9% area) of pressure-outlet 18.

  iter  continuity  x-velocity  y-velocity  z-velocity     time/iter
   573  1.8096e-03  2.0362e-05  1.6343e-05  1.6391e-05  1:35:01 2927

 Reversed flow on 50 faces (27.5% area) of pressure-outlet 19.

 Reversed flow on 173 faces (33.9% area) of pressure-outlet 18.
   574  1.8287e-03  2.1319e-05  1.6702e-05  1.6562e-05  1:36:00 2926

 Reversed flow on 50 faces (27.5% area) of pressure-outlet 19.

 Reversed flow on 173 faces (33.9% area) of pressure-outlet 18.
   575  1.7701e-03  2.0519e-05  1.6643e-05  1.6823e-05  1:36:44 2925

 Reversed flow on 50 faces (27.5% area) of pressure-outlet 19.

 Reversed flow on 173 faces (33.9% area) of pressure-outlet 18.
   576  1.8507e-03  2.1355e-05  1.7095e-05  1.6677e-05  1:37:22 2924

 Reversed flow on 50 faces (27.5% area) of pressure-outlet 19.

 Reversed flow on 173 faces (33.9% area) of pressure-outlet 18.
   577  1.8023e-03  2.1364e-05  1.6846e-05  1.6889e-05  1:37:48 2923

 Reversed flow on 50 faces (27.5% area) of pressure-outlet 19.

 Reversed flow on 173 faces (33.9% area) of pressure-outlet 18.
   578  1.8172e-03  2.1048e-05  1.6706e-05  1.6749e-05  1:38:10 2922

 Reversed flow on 50 faces (27.5% area) of pressure-outlet 19.

 Reversed flow on 173 faces (33.9% area) of pressure-outlet 18.
   579  1.8104e-03  2.1667e-05  1.7317e-05  1.7115e-05  1:38:25 2921

 Reversed flow on 50 faces (27.5% area) of pressure-outlet 19.

 Reversed flow on 173 faces (33.9% area) of pressure-outlet 18.
   580  1.8233e-03  2.0999e-05  1.6818e-05  1.6799e-05  1:38:38 2920

 Reversed flow on 50 faces (27.5% area) of pressure-outlet 19.

 Reversed flow on 173 faces (33.9% area) of pressure-outlet 18.
   581  1.8215e-03  2.1578e-05  1.6807e-05  1.6656e-05  1:38:51 2919

 Reversed flow on 50 faces (27.5% area) of pressure-outlet 19.

 Reversed flow on 173 faces (33.9% area) of pressure-outlet 18.
   582  1.7682e-03  2.0783e-05  1.6697e-05  1.6983e-05  1:38:58 2918

 Reversed flow on 50 faces (27.5% area) of pressure-outlet 19.

 Reversed flow on 173 faces (33.9% area) of pressure-outlet 18.
   583  1.8321e-03  2.1511e-05  1.7166e-05  1.6792e-05  1:39:06 2917

 Reversed flow on 50 faces (27.5% area) of pressure-outlet 19.

 Reversed flow on 173 faces (33.9% area) of pressure-outlet 18.

  iter  continuity  x-velocity  y-velocity  z-velocity     time/iter
   584  1.7770e-03  2.1329e-05  1.6755e-05  1.6891e-05  1:39:09 2916

 Reversed flow on 50 faces (27.5% area) of pressure-outlet 19.

 Reversed flow on 174 faces (33.9% area) of pressure-outlet 18.
   585  1.8075e-03  2.1185e-05  1.6666e-05  1.6788e-05  1:42:32 2915

 Reversed flow on 50 faces (27.5% area) of pressure-outlet 19.

 Reversed flow on 174 faces (33.9% area) of pressure-outlet 18.
   586  1.7928e-03  2.1755e-05  1.7261e-05  1.7186e-05  1:41:53 2914

 Reversed flow on 50 faces (27.5% area) of pressure-outlet 19.

 Reversed flow on 173 faces (33.9% area) of pressure-outlet 18.
   587  1.7997e-03  2.0933e-05  1.6733e-05  1.6764e-05  1:41:21 2913

 Reversed flow on 50 faces (27.5% area) of pressure-outlet 19.

 Reversed flow on 173 faces (33.9% area) of pressure-outlet 18.
   588  1.8079e-03  2.1655e-05  1.6804e-05  1.6706e-05  1:40:58 2912

 Reversed flow on 50 faces (27.5% area) of pressure-outlet 19.

 Reversed flow on 174 faces (33.9% area) of pressure-outlet 18.
   589  1.7548e-03  2.0894e-05  1.6671e-05  1.7034e-05  1:40:36 2911

 Reversed flow on 50 faces (27.5% area) of pressure-outlet 19.

 Reversed flow on 174 faces (33.9% area) of pressure-outlet 18.
   590  1.8165e-03  2.1557e-05  1.7153e-05  1.6839e-05  1:40:18 2910

 Reversed flow on 50 faces (27.5% area) of pressure-outlet 19.

 Reversed flow on 174 faces (33.9% area) of pressure-outlet 18.
   591  1.7580e-03  2.1121e-05  1.6699e-05  1.6867e-05  1:40:06 2909

 Reversed flow on 50 faces (27.5% area) of pressure-outlet 19.

 Reversed flow on 174 faces (33.9% area) of pressure-outlet 18.
   592  1.7994e-03  2.1148e-05  1.6659e-05  1.6790e-05  1:39:53 2908

 Reversed flow on 50 faces (27.5% area) of pressure-outlet 19.

 Reversed flow on 174 faces (33.9% area) of pressure-outlet 18.
   593  1.7610e-03  2.1677e-05  1.7148e-05  1.7133e-05  1:39:42 2907

 Reversed flow on 50 faces (27.5% area) of pressure-outlet 19.

 Reversed flow on 173 faces (33.9% area) of pressure-outlet 18.
   594  1.7758e-03  2.0728e-05  1.6638e-05  1.6731e-05  1:39:34 2906

 Reversed flow on 50 faces (27.5% area) of pressure-outlet 19.

 Reversed flow on 174 faces (33.9% area) of pressure-outlet 18.

  iter  continuity  x-velocity  y-velocity  z-velocity     time/iter
   595  1.7880e-03  2.1447e-05  1.6789e-05  1.6643e-05  1:39:33 2905

 Reversed flow on 50 faces (27.5% area) of pressure-outlet 19.

 Reversed flow on 174 faces (33.9% area) of pressure-outlet 18.
   596  1.7341e-03  2.0665e-05  1.6499e-05  1.6877e-05  1:39:26 2904

 Reversed flow on 50 faces (27.5% area) of pressure-outlet 19.

 Reversed flow on 174 faces (33.9% area) of pressure-outlet 18.
   597  1.7940e-03  2.1348e-05  1.7015e-05  1.6754e-05  1:39:18 2903

 Reversed flow on 50 faces (27.5% area) of pressure-outlet 19.

 Reversed flow on 174 faces (33.9% area) of pressure-outlet 18.
   598  1.7249e-03  2.0889e-05  1.6604e-05  1.6797e-05  1:39:13 2902

 Reversed flow on 50 faces (27.5% area) of pressure-outlet 19.

 Reversed flow on 174 faces (33.9% area) of pressure-outlet 18.
   599  1.7597e-03  2.0847e-05  1.6481e-05  1.6522e-05  1:39:11 2901

 Reversed flow on 50 faces (27.5% area) of pressure-outlet 19.

 Reversed flow on 174 faces (33.9% area) of pressure-outlet 18.
   600  1.7276e-03  2.1233e-05  1.6833e-05  1.6845e-05  1:39:07 2900

 Reversed flow on 50 faces (27.5% area) of pressure-outlet 19.

 Reversed flow on 173 faces (33.9% area) of pressure-outlet 18.
   601  1.7445e-03  2.0597e-05  1.6429e-05  1.6545e-05  1:39:05 2899

 Reversed flow on 50 faces (27.5% area) of pressure-outlet 19.

 Reversed flow on 174 faces (33.9% area) of pressure-outlet 18.
   602  1.7320e-03  2.1227e-05  1.6568e-05  1.6421e-05  1:39:04 2898

 Reversed flow on 50 faces (27.5% area) of pressure-outlet 19.

 Reversed flow on 174 faces (33.9% area) of pressure-outlet 18.
   603  1.6995e-03  2.0189e-05  1.6166e-05  1.6499e-05  1:38:59 2897

 Reversed flow on 50 faces (27.5% area) of pressure-outlet 19.

 Reversed flow on 174 faces (33.9% area) of pressure-outlet 18.
   604  1.7676e-03  2.1093e-05  1.6733e-05  1.6540e-05  1:38:55 2896

 Reversed flow on 50 faces (27.5% area) of pressure-outlet 19.

 Reversed flow on 174 faces (33.9% area) of pressure-outlet 18.
   605  1.7023e-03  2.0860e-05  1.6413e-05  1.6650e-05  1:38:51 2895

 Reversed flow on 50 faces (27.5% area) of pressure-outlet 19.

 Reversed flow on 174 faces (33.9% area) of pressure-outlet 18.

  iter  continuity  x-velocity  y-velocity  z-velocity     time/iter
   606  1.7435e-03  2.0887e-05  1.6330e-05  1.6372e-05  1:38:48 2894

 Reversed flow on 50 faces (27.5% area) of pressure-outlet 19.

 Reversed flow on 174 faces (33.9% area) of pressure-outlet 18.
   607  1.7069e-03  2.0817e-05  1.6638e-05  1.6612e-05  1:38:46 2893

 Reversed flow on 50 faces (27.5% area) of pressure-outlet 19.

 Reversed flow on 173 faces (33.9% area) of pressure-outlet 18.
   608  1.7424e-03  2.0480e-05  1.6339e-05  1.6396e-05  1:38:42 2892

 Reversed flow on 50 faces (27.5% area) of pressure-outlet 19.

 Reversed flow on 173 faces (33.9% area) of pressure-outlet 18.
   609  1.7305e-03  2.1430e-05  1.6588e-05  1.6599e-05  1:38:40 2891

 Reversed flow on 50 faces (27.5% area) of pressure-outlet 19.

 Reversed flow on 174 faces (33.9% area) of pressure-outlet 18.
   610  1.7362e-03  2.0535e-05  1.6337e-05  1.6704e-05  1:38:40 2890

 Reversed flow on 50 faces (27.5% area) of pressure-outlet 19.

 Reversed flow on 173 faces (33.9% area) of pressure-outlet 18.
   611  1.7892e-03  2.1158e-05  1.6858e-05  1.6616e-05  1:38:38 2889

 Reversed flow on 50 faces (27.5% area) of pressure-outlet 19.

 Reversed flow on 173 faces (33.9% area) of pressure-outlet 18.
   612  1.7260e-03  2.0805e-05  1.6452e-05  1.6738e-05  1:38:38 2888

 Reversed flow on 50 faces (27.5% area) of pressure-outlet 19.

 Reversed flow on 174 faces (33.9% area) of pressure-outlet 18.
   613  1.8244e-03  2.1568e-05  1.6603e-05  1.6864e-05  1:38:39 2887

 Reversed flow on 50 faces (27.5% area) of pressure-outlet 19.

 Reversed flow on 174 faces (33.9% area) of pressure-outlet 18.
   614  1.7621e-03  2.1448e-05  1.6889e-05  1.7005e-05  1:38:36 2886

 Reversed flow on 50 faces (27.5% area) of pressure-outlet 19.

 Reversed flow on 173 faces (33.9% area) of pressure-outlet 18.
   615  1.7765e-03  2.0611e-05  1.6488e-05  1.6570e-05  1:38:34 2885

 Reversed flow on 50 faces (27.5% area) of pressure-outlet 19.

 Reversed flow on 173 faces (33.9% area) of pressure-outlet 18.
   616  1.8220e-03  2.1804e-05  1.6921e-05  1.7041e-05  1:38:29 2884

 Reversed flow on 50 faces (27.5% area) of pressure-outlet 19.

 Reversed flow on 174 faces (33.9% area) of pressure-outlet 18.

  iter  continuity  x-velocity  y-velocity  z-velocity     time/iter
   617  1.8919e-03  2.1606e-05  1.6916e-05  1.7339e-05  1:38:27 2883

 Reversed flow on 50 faces (27.5% area) of pressure-outlet 19.

 Reversed flow on 174 faces (33.9% area) of pressure-outlet 18.
   618  1.8952e-03  2.2294e-05  1.7454e-05  1.7334e-05  1:38:26 2882

 Reversed flow on 50 faces (27.5% area) of pressure-outlet 19.

 Reversed flow on 173 faces (33.9% area) of pressure-outlet 18.
   619  1.8595e-03  2.1309e-05  1.7175e-05  1.7380e-05  1:38:25 2881

 Reversed flow on 50 faces (27.5% area) of pressure-outlet 19.

 Reversed flow on 174 faces (33.9% area) of pressure-outlet 18.
   620  1.9874e-03  2.2393e-05  1.7571e-05  1.7544e-05  1:38:23 2880

 Reversed flow on 50 faces (27.5% area) of pressure-outlet 19.

 Reversed flow on 174 faces (33.9% area) of pressure-outlet 18.
   621  1.9271e-03  2.2652e-05  1.8013e-05  1.7976e-05  1:38:17 2879

 Reversed flow on 50 faces (27.5% area) of pressure-outlet 19.

 Reversed flow on 173 faces (33.9% area) of pressure-outlet 18.
   622  1.9523e-03  2.2189e-05  1.7915e-05  1.7736e-05  1:38:14 2878

 Reversed flow on 50 faces (27.5% area) of pressure-outlet 19.

 Reversed flow on 174 faces (33.9% area) of pressure-outlet 18.
   623  1.9583e-03  2.2671e-05  1.8111e-05  1.7924e-05  1:33:56 2877

 Reversed flow on 50 faces (27.5% area) of pressure-outlet 19.

 Reversed flow on 174 faces (33.9% area) of pressure-outlet 18.
   624  1.9399e-03  2.1483e-05  1.7367e-05  1.7265e-05  1:34:46 2876

 Reversed flow on 50 faces (27.5% area) of pressure-outlet 19.

 Reversed flow on 174 faces (33.9% area) of pressure-outlet 18.
   625  1.9779e-03  2.2904e-05  1.8072e-05  1.7763e-05  1:35:28 2875

 Reversed flow on 50 faces (27.5% area) of pressure-outlet 19.

 Reversed flow on 174 faces (33.9% area) of pressure-outlet 18.
   626  1.9413e-03  2.2213e-05  1.7787e-05  1.7980e-05  1:35:57 2874

 Reversed flow on 50 faces (27.5% area) of pressure-outlet 19.

 Reversed flow on 174 faces (33.9% area) of pressure-outlet 18.
   627  2.0191e-03  2.2708e-05  1.7980e-05  1.7558e-05  1:36:20 2873

 Reversed flow on 50 faces (27.5% area) of pressure-outlet 19.

 Reversed flow on 174 faces (33.9% area) of pressure-outlet 18.

  iter  continuity  x-velocity  y-velocity  z-velocity     time/iter
   628  1.9522e-03  2.2241e-05  1.7885e-05  1.7680e-05  1:36:38 2872

 Reversed flow on 50 faces (27.5% area) of pressure-outlet 19.

 Reversed flow on 174 faces (33.9% area) of pressure-outlet 18.
   629  1.9662e-03  2.2308e-05  1.7756e-05  1.7584e-05  1:36:53 2871

 Reversed flow on 50 faces (27.5% area) of pressure-outlet 19.

 Reversed flow on 174 faces (33.9% area) of pressure-outlet 18.
   630  1.9495e-03  2.3038e-05  1.8042e-05  1.7873e-05  1:32:50 2870

 Reversed flow on 50 faces (27.5% area) of pressure-outlet 19.

 Reversed flow on 174 faces (33.9% area) of pressure-outlet 18.
   631  1.9166e-03  2.1210e-05  1.7089e-05  1.6985e-05  1:33:48 2869

 Reversed flow on 50 faces (27.5% area) of pressure-outlet 19.

 Reversed flow on 174 faces (33.9% area) of pressure-outlet 18.
   632  1.9256e-03  2.2086e-05  1.7556e-05  1.7212e-05  1:30:23 2868

 Reversed flow on 50 faces (27.5% area) of pressure-outlet 19.

 Reversed flow on 173 faces (33.9% area) of pressure-outlet 18.
   633  1.8402e-03  2.0840e-05  1.6509e-05  1.6707e-05  1:31:51 2867

 Reversed flow on 50 faces (27.5% area) of pressure-outlet 19.

 Reversed flow on 173 faces (33.9% area) of pressure-outlet 18.
   634  1.8998e-03  2.1694e-05  1.7127e-05  1.6948e-05  1:33:00 2866

 Reversed flow on 50 faces (27.5% area) of pressure-outlet 19.

 Reversed flow on 173 faces (33.9% area) of pressure-outlet 18.
   635  1.8357e-03  2.0827e-05  1.6983e-05  1.7081e-05  1:33:56 2865

 Reversed flow on 50 faces (27.5% area) of pressure-outlet 19.

 Reversed flow on 173 faces (33.9% area) of pressure-outlet 18.
   636  1.8821e-03  2.1229e-05  1.7072e-05  1.6801e-05  1:34:41 2864

 Reversed flow on 50 faces (27.5% area) of pressure-outlet 19.

 Reversed flow on 173 faces (33.9% area) of pressure-outlet 18.
   637  1.8342e-03  2.1769e-05  1.7144e-05  1.7141e-05  1:35:17 2863

 Reversed flow on 50 faces (27.5% area) of pressure-outlet 19.

 Reversed flow on 173 faces (33.9% area) of pressure-outlet 18.
   638  1.8594e-03  2.1213e-05  1.7092e-05  1.7129e-05  1:35:42 2862

 Reversed flow on 50 faces (27.5% area) of pressure-outlet 19.

 Reversed flow on 173 faces (33.9% area) of pressure-outlet 18.

  iter  continuity  x-velocity  y-velocity  z-velocity     time/iter
   639  1.8737e-03  2.1887e-05  1.7643e-05  1.7356e-05  1:31:51 2861

 Reversed flow on 50 faces (27.5% area) of pressure-outlet 19.

 Reversed flow on 173 faces (33.9% area) of pressure-outlet 18.
   640  1.8028e-03  2.0491e-05  1.6392e-05  1.6470e-05  1:32:59 2860

 Reversed flow on 50 faces (27.5% area) of pressure-outlet 19.

 Reversed flow on 173 faces (33.9% area) of pressure-outlet 18.
   641  1.8213e-03  2.1308e-05  1.6693e-05  1.6581e-05  1:33:53 2859

 Reversed flow on 50 faces (27.5% area) of pressure-outlet 19.

 Reversed flow on 173 faces (33.9% area) of pressure-outlet 18.
   642  1.7559e-03  2.0618e-05  1.6636e-05  1.6835e-05  1:34:35 2858

 Reversed flow on 50 faces (27.5% area) of pressure-outlet 19.

 Reversed flow on 173 faces (33.9% area) of pressure-outlet 18.
   643  1.8392e-03  2.1328e-05  1.7026e-05  1.6632e-05  1:35:08 2857

 Reversed flow on 50 faces (27.5% area) of pressure-outlet 19.

 Reversed flow on 173 faces (33.9% area) of pressure-outlet 18.
   644  1.7881e-03  2.1340e-05  1.6787e-05  1.6847e-05  1:35:36 2856

 Reversed flow on 50 faces (27.5% area) of pressure-outlet 19.

 Reversed flow on 173 faces (33.9% area) of pressure-outlet 18.
   645  1.8042e-03  2.0981e-05  1.6657e-05  1.6744e-05  1:35:56 2855

 Reversed flow on 50 faces (27.5% area) of pressure-outlet 19.

 Reversed flow on 173 faces (33.9% area) of pressure-outlet 18.
   646  1.8050e-03  2.1703e-05  1.7286e-05  1.7080e-05  1:36:12 2854

 Reversed flow on 50 faces (27.5% area) of pressure-outlet 19.

 Reversed flow on 173 faces (33.9% area) of pressure-outlet 18.
   647  1.7983e-03  2.0911e-05  1.6714e-05  1.6751e-05  1:36:23 2853

 Reversed flow on 50 faces (27.5% area) of pressure-outlet 19.

 Reversed flow on 173 faces (33.9% area) of pressure-outlet 18.
   648  1.8109e-03  2.1460e-05  1.6711e-05  1.6607e-05  1:36:33 2852

 Reversed flow on 50 faces (27.5% area) of pressure-outlet 19.

 Reversed flow on 173 faces (33.9% area) of pressure-outlet 18.
   649  1.7536e-03  2.0763e-05  1.6628e-05  1.6909e-05  1:36:42 2851

 Reversed flow on 50 faces (27.5% area) of pressure-outlet 19.

 Reversed flow on 173 faces (33.9% area) of pressure-outlet 18.

  iter  continuity  x-velocity  y-velocity  z-velocity     time/iter
   650  1.8124e-03  2.1383e-05  1.7016e-05  1.6708e-05  1:36:49 2850

 Reversed flow on 50 faces (27.5% area) of pressure-outlet 19.

 Reversed flow on 173 faces (33.9% area) of pressure-outlet 18.
   651  1.7612e-03  2.1263e-05  1.6678e-05  1.6833e-05  1:36:54 2849

 Reversed flow on 50 faces (27.5% area) of pressure-outlet 19.

 Reversed flow on 174 faces (33.9% area) of pressure-outlet 18.
   652  1.7932e-03  2.1065e-05  1.6600e-05  1.6755e-05  1:36:54 2848

 Reversed flow on 50 faces (27.5% area) of pressure-outlet 19.

 Reversed flow on 174 faces (33.9% area) of pressure-outlet 18.
   653  1.7783e-03  2.1670e-05  1.7157e-05  1.7108e-05  1:36:55 2847

 Reversed flow on 50 faces (27.5% area) of pressure-outlet 19.

 Reversed flow on 173 faces (33.9% area) of pressure-outlet 18.
   654  1.7746e-03  2.0780e-05  1.6614e-05  1.6691e-05  1:36:58 2846

 Reversed flow on 50 faces (27.5% area) of pressure-outlet 19.

 Reversed flow on 174 faces (33.9% area) of pressure-outlet 18.
   655  1.7973e-03  2.1481e-05  1.6698e-05  1.6613e-05  1:36:59 2845

 Reversed flow on 50 faces (27.5% area) of pressure-outlet 19.

 Reversed flow on 174 faces (33.9% area) of pressure-outlet 18.
   656  1.7350e-03  2.0824e-05  1.6577e-05  1.6937e-05  1:36:58 2844

 Reversed flow on 50 faces (27.5% area) of pressure-outlet 19.

 Reversed flow on 173 faces (33.9% area) of pressure-outlet 18.
   657  1.8025e-03  2.1384e-05  1.7003e-05  1.6718e-05  1:36:56 2843

 Reversed flow on 50 faces (27.5% area) of pressure-outlet 19.

 Reversed flow on 173 faces (33.9% area) of pressure-outlet 18.
   658  1.7437e-03  2.1004e-05  1.6595e-05  1.6782e-05  1:36:56 2842

 Reversed flow on 50 faces (27.5% area) of pressure-outlet 19.

 Reversed flow on 174 faces (33.9% area) of pressure-outlet 18.
   659  1.7821e-03  2.0953e-05  1.6558e-05  1.6723e-05  1:36:57 2841

 Reversed flow on 50 faces (27.5% area) of pressure-outlet 19.

 Reversed flow on 174 faces (33.9% area) of pressure-outlet 18.
   660  1.7527e-03  2.1566e-05  1.7053e-05  1.7052e-05  1:36:56 2840

 Reversed flow on 50 faces (27.5% area) of pressure-outlet 19.

 Reversed flow on 173 faces (33.9% area) of pressure-outlet 18.

  iter  continuity  x-velocity  y-velocity  z-velocity     time/iter
   661  1.7535e-03  2.0520e-05  1.6477e-05  1.6629e-05  1:36:55 2839

 Reversed flow on 50 faces (27.5% area) of pressure-outlet 19.

 Reversed flow on 174 faces (33.9% area) of pressure-outlet 18.
   662  1.7748e-03  2.1215e-05  1.6618e-05  1.6475e-05  1:36:53 2838

 Reversed flow on 50 faces (27.5% area) of pressure-outlet 19.

 Reversed flow on 174 faces (33.9% area) of pressure-outlet 18.
   663  1.7142e-03  2.0469e-05  1.6352e-05  1.6710e-05  1:36:51 2837

 Reversed flow on 50 faces (27.5% area) of pressure-outlet 19.

 Reversed flow on 174 faces (33.9% area) of pressure-outlet 18.
   664  1.7713e-03  2.1131e-05  1.6820e-05  1.6608e-05  1:36:49 2836

 Reversed flow on 50 faces (27.5% area) of pressure-outlet 19.

 Reversed flow on 174 faces (33.9% area) of pressure-outlet 18.
   665  1.7119e-03  2.0832e-05  1.6496e-05  1.6720e-05  1:36:45 2835

 Reversed flow on 50 faces (27.5% area) of pressure-outlet 19.

 Reversed flow on 174 faces (33.9% area) of pressure-outlet 18.
   666  1.7525e-03  2.0757e-05  1.6395e-05  1.6465e-05  1:36:42 2834

 Reversed flow on 50 faces (27.5% area) of pressure-outlet 19.

 Reversed flow on 174 faces (33.9% area) of pressure-outlet 18.
   667  1.7218e-03  2.1128e-05  1.6704e-05  1.6729e-05  1:36:40 2833

 Reversed flow on 50 faces (27.5% area) of pressure-outlet 19.

 Reversed flow on 173 faces (33.9% area) of pressure-outlet 18.
   668  1.7380e-03  2.0527e-05  1.6332e-05  1.6496e-05  1:36:38 2832

 Reversed flow on 50 faces (27.5% area) of pressure-outlet 19.

 Reversed flow on 174 faces (33.9% area) of pressure-outlet 18.
   669  1.7324e-03  2.1221e-05  1.6513e-05  1.6377e-05  1:36:38 2831

 Reversed flow on 50 faces (27.5% area) of pressure-outlet 19.

 Reversed flow on 174 faces (33.9% area) of pressure-outlet 18.
   670  1.6974e-03  2.0133e-05  1.6126e-05  1.6462e-05  1:36:53 2830

 Reversed flow on 50 faces (27.5% area) of pressure-outlet 19.

 Reversed flow on 174 faces (33.9% area) of pressure-outlet 18.
   671  1.7596e-03  2.0932e-05  1.6628e-05  1.6428e-05  1:36:48 2829

 Reversed flow on 50 faces (27.5% area) of pressure-outlet 19.

 Reversed flow on 174 faces (33.9% area) of pressure-outlet 18.

  iter  continuity  x-velocity  y-velocity  z-velocity     time/iter
   672  1.6975e-03  2.0853e-05  1.6352e-05  1.6589e-05  1:36:43 2828

 Reversed flow on 50 faces (27.5% area) of pressure-outlet 19.

 Reversed flow on 174 faces (33.9% area) of pressure-outlet 18.
   673  1.7392e-03  2.0816e-05  1.6264e-05  1.6352e-05  1:36:39 2827

 Reversed flow on 50 faces (27.5% area) of pressure-outlet 19.

 Reversed flow on 174 faces (33.9% area) of pressure-outlet 18.
   674  1.7099e-03  2.0803e-05  1.6610e-05  1.6569e-05  1:36:34 2826

 Reversed flow on 50 faces (27.5% area) of pressure-outlet 19.

 Reversed flow on 173 faces (33.9% area) of pressure-outlet 18.
   675  1.7387e-03  2.0398e-05  1.6302e-05  1.6362e-05  1:36:31 2825

 Reversed flow on 50 faces (27.5% area) of pressure-outlet 19.

 Reversed flow on 173 faces (33.9% area) of pressure-outlet 18.
   676  1.7427e-03  2.1426e-05  1.6567e-05  1.6563e-05  1:36:32 2824

 Reversed flow on 50 faces (27.5% area) of pressure-outlet 19.

 Reversed flow on 174 faces (33.9% area) of pressure-outlet 18.
   677  1.7414e-03  2.0591e-05  1.6348e-05  1.6737e-05  1:36:28 2823

 Reversed flow on 50 faces (27.5% area) of pressure-outlet 19.

 Reversed flow on 173 faces (33.9% area) of pressure-outlet 18.
   678  1.7899e-03  2.1121e-05  1.6829e-05  1.6565e-05  1:36:23 2822

 Reversed flow on 50 faces (27.5% area) of pressure-outlet 19.

 Reversed flow on 173 faces (33.9% area) of pressure-outlet 18.
   679  1.7343e-03  2.0859e-05  1.6469e-05  1.6768e-05  1:36:20 2821

 Reversed flow on 50 faces (27.5% area) of pressure-outlet 19.

 Reversed flow on 174 faces (33.9% area) of pressure-outlet 18.
   680  1.8421e-03  2.1655e-05  1.6636e-05  1.6941e-05  1:36:17 2820

 Reversed flow on 50 faces (27.5% area) of pressure-outlet 19.

 Reversed flow on 174 faces (33.9% area) of pressure-outlet 18.
   681  1.7890e-03  2.1727e-05  1.7003e-05  1.7126e-05  1:36:15 2819

 Reversed flow on 50 faces (27.5% area) of pressure-outlet 19.

 Reversed flow on 173 faces (33.9% area) of pressure-outlet 18.
   682  1.8060e-03  2.0776e-05  1.6583e-05  1.6720e-05  1:36:12 2818

 Reversed flow on 50 faces (27.5% area) of pressure-outlet 19.

 Reversed flow on 173 faces (33.9% area) of pressure-outlet 18.

  iter  continuity  x-velocity  y-velocity  z-velocity     time/iter
   683  1.8588e-03  2.1945e-05  1.7086e-05  1.7128e-05  1:36:10 2817

 Reversed flow on 50 faces (27.5% area) of pressure-outlet 19.

 Reversed flow on 174 faces (33.9% area) of pressure-outlet 18.
   684  1.9134e-03  2.1752e-05  1.7112e-05  1.7474e-05  1:36:11 2816

 Reversed flow on 50 faces (27.5% area) of pressure-outlet 19.

 Reversed flow on 174 faces (33.9% area) of pressure-outlet 18.
   685  1.9407e-03  2.2501e-05  1.7734e-05  1.7515e-05  1:36:08 2815

 Reversed flow on 50 faces (27.5% area) of pressure-outlet 19.

 Reversed flow on 173 faces (33.9% area) of pressure-outlet 18.
   686  1.8971e-03  2.1634e-05  1.7485e-05  1.7619e-05  1:36:02 2814

 Reversed flow on 50 faces (27.5% area) of pressure-outlet 19.

 Reversed flow on 174 faces (33.9% area) of pressure-outlet 18.
   687  2.0109e-03  2.2534e-05  1.7793e-05  1.7705e-05  1:36:02 2813

 Reversed flow on 50 faces (27.5% area) of pressure-outlet 19.

 Reversed flow on 174 faces (33.9% area) of pressure-outlet 18.
   688  1.9503e-03  2.2919e-05  1.8259e-05  1.8124e-05  1:35:58 2812

 Reversed flow on 50 faces (27.5% area) of pressure-outlet 19.

 Reversed flow on 174 faces (33.9% area) of pressure-outlet 18.
   689  1.9764e-03  2.2404e-05  1.8108e-05  1.7948e-05  1:35:56 2811

 Reversed flow on 50 faces (27.5% area) of pressure-outlet 19.

 Reversed flow on 174 faces (33.9% area) of pressure-outlet 18.
   690  1.9823e-03  2.2953e-05  1.8309e-05  1.8051e-05  1:31:45 2810

 Reversed flow on 50 faces (27.5% area) of pressure-outlet 19.

 Reversed flow on 174 faces (33.9% area) of pressure-outlet 18.
   691  1.9538e-03  2.1610e-05  1.7460e-05  1.7339e-05  1:32:34 2809

 Reversed flow on 50 faces (27.5% area) of pressure-outlet 19.

 Reversed flow on 174 faces (33.9% area) of pressure-outlet 18.
   692  1.9777e-03  2.2904e-05  1.8045e-05  1.7726e-05  1:33:14 2808

 Reversed flow on 50 faces (27.5% area) of pressure-outlet 19.

 Reversed flow on 174 faces (33.9% area) of pressure-outlet 18.
   693  1.9404e-03  2.2389e-05  1.7825e-05  1.7995e-05  1:33:43 2807

 Reversed flow on 50 faces (27.5% area) of pressure-outlet 19.

 Reversed flow on 174 faces (33.9% area) of pressure-outlet 18.

  iter  continuity  x-velocity  y-velocity  z-velocity     time/iter
   694  2.0232e-03  2.2753e-05  1.8005e-05  1.7572e-05  1:34:07 2806

 Reversed flow on 50 faces (27.5% area) of pressure-outlet 19.

 Reversed flow on 174 faces (33.9% area) of pressure-outlet 18.
   695  1.9515e-03  2.2231e-05  1.7918e-05  1.7684e-05  1:34:24 2805

 Reversed flow on 50 faces (27.5% area) of pressure-outlet 19.

 Reversed flow on 174 faces (33.9% area) of pressure-outlet 18.
   696  1.9629e-03  2.2210e-05  1.7700e-05  1.7571e-05  1:34:39 2804

 Reversed flow on 50 faces (27.5% area) of pressure-outlet 19.

 Reversed flow on 174 faces (33.9% area) of pressure-outlet 18.
   697  1.9408e-03  2.2993e-05  1.8004e-05  1.7809e-05  1:30:41 2803

 Reversed flow on 50 faces (27.5% area) of pressure-outlet 19.

 Reversed flow on 174 faces (33.9% area) of pressure-outlet 18.
   698  1.9027e-03  2.1130e-05  1.7052e-05  1.7000e-05  1:31:39 2802

 Reversed flow on 50 faces (27.5% area) of pressure-outlet 19.

 Reversed flow on 173 faces (33.9% area) of pressure-outlet 18.
   699  1.9205e-03  2.2020e-05  1.7556e-05  1.7201e-05  1:28:15 2801

 Reversed flow on 50 faces (27.5% area) of pressure-outlet 19.

 Reversed flow on 173 faces (33.9% area) of pressure-outlet 18.
   700  1.8246e-03  2.0805e-05  1.6494e-05  1.6697e-05  1:29:40 2800

 Reversed flow on 50 faces (27.5% area) of pressure-outlet 19.

 Reversed flow on 173 faces (33.9% area) of pressure-outlet 18.
   701  1.8859e-03  2.1535e-05  1.7050e-05  1.6898e-05  1:30:46 2799

 Reversed flow on 50 faces (27.5% area) of pressure-outlet 19.

 Reversed flow on 173 faces (33.9% area) of pressure-outlet 18.
   702  1.8248e-03  2.0865e-05  1.7013e-05  1.7093e-05  1:31:40 2798

 Reversed flow on 50 faces (27.5% area) of pressure-outlet 19.

 Reversed flow on 173 faces (33.9% area) of pressure-outlet 18.
   703  1.8755e-03  2.1167e-05  1.7063e-05  1.6777e-05  1:32:25 2797

 Reversed flow on 50 faces (27.5% area) of pressure-outlet 19.

 Reversed flow on 173 faces (33.9% area) of pressure-outlet 18.
   704  1.8263e-03  2.1737e-05  1.7110e-05  1.7056e-05  1:32:57 2796

 Reversed flow on 50 faces (27.5% area) of pressure-outlet 19.

 Reversed flow on 173 faces (33.9% area) of pressure-outlet 18.

  iter  continuity  x-velocity  y-velocity  z-velocity     time/iter
   705  1.8380e-03  2.1055e-05  1.6984e-05  1.7053e-05  1:33:21 2795

 Reversed flow on 50 faces (27.5% area) of pressure-outlet 19.

 Reversed flow on 173 faces (33.9% area) of pressure-outlet 18.
   706  1.8666e-03  2.1908e-05  1.7600e-05  1.7292e-05  1:29:36 2794

 Reversed flow on 50 faces (27.5% area) of pressure-outlet 19.

 Reversed flow on 173 faces (33.9% area) of pressure-outlet 18.
   707  1.7986e-03  2.0513e-05  1.6364e-05  1.6480e-05  1:30:43 2793

 Reversed flow on 50 faces (27.5% area) of pressure-outlet 19.

 Reversed flow on 173 faces (33.9% area) of pressure-outlet 18.
   708  1.8200e-03  2.1218e-05  1.6648e-05  1.6564e-05  1:31:42 2792

 Reversed flow on 50 faces (27.5% area) of pressure-outlet 19.

 Reversed flow on 173 faces (33.9% area) of pressure-outlet 18.
   709  1.7504e-03  2.0628e-05  1.6612e-05  1.6799e-05  1:32:22 2791

 Reversed flow on 50 faces (27.5% area) of pressure-outlet 19.

 Reversed flow on 173 faces (33.9% area) of pressure-outlet 18.
   710  1.8321e-03  2.1218e-05  1.6941e-05  1.6569e-05  1:32:53 2790

 Reversed flow on 50 faces (27.5% area) of pressure-outlet 19.

 Reversed flow on 173 faces (33.9% area) of pressure-outlet 18.
   711  1.7818e-03  2.1320e-05  1.6745e-05  1.6788e-05  1:33:17 2789

 Reversed flow on 50 faces (27.5% area) of pressure-outlet 19.

 Reversed flow on 173 faces (33.9% area) of pressure-outlet 18.
   712  1.7902e-03  2.0823e-05  1.6580e-05  1.6692e-05  1:33:49 2788

 Reversed flow on 50 faces (27.5% area) of pressure-outlet 19.

 Reversed flow on 173 faces (33.9% area) of pressure-outlet 18.
   713  1.8022e-03  2.1683e-05  1.7228e-05  1.7024e-05  1:34:03 2787

 Reversed flow on 50 faces (27.5% area) of pressure-outlet 19.

 Reversed flow on 173 faces (33.9% area) of pressure-outlet 18.
   714  1.7874e-03  2.0873e-05  1.6658e-05  1.6720e-05  1:34:21 2786

 Reversed flow on 50 faces (27.5% area) of pressure-outlet 19.

 Reversed flow on 173 faces (33.9% area) of pressure-outlet 18.
   715  1.8158e-03  2.1432e-05  1.6704e-05  1.6640e-05  1:34:31 2785

 Reversed flow on 50 faces (27.5% area) of pressure-outlet 19.

 Reversed flow on 174 faces (33.9% area) of pressure-outlet 18.

  iter  continuity  x-velocity  y-velocity  z-velocity     time/iter
   716  1.7502e-03  2.0857e-05  1.6678e-05  1.6937e-05  1:34:35 2784

 Reversed flow on 50 faces (27.5% area) of pressure-outlet 19.

 Reversed flow on 173 faces (33.9% area) of pressure-outlet 18.
   717  1.8048e-03  2.1283e-05  1.6943e-05  1.6661e-05  1:34:39 2783

 Reversed flow on 50 faces (27.5% area) of pressure-outlet 19.

 Reversed flow on 173 faces (33.9% area) of pressure-outlet 18.
   718  1.7499e-03  2.1186e-05  1.6603e-05  1.6749e-05  1:34:39 2782

 Reversed flow on 50 faces (27.5% area) of pressure-outlet 19.

 Reversed flow on 174 faces (33.9% area) of pressure-outlet 18.
   719  1.7808e-03  2.0968e-05  1.6579e-05  1.6741e-05  1:34:40 2781

 Reversed flow on 50 faces (27.5% area) of pressure-outlet 19.

 Reversed flow on 174 faces (33.9% area) of pressure-outlet 18.
   720  1.7750e-03  2.1680e-05  1.7127e-05  1.7068e-05  1:34:40 2780

 Reversed flow on 50 faces (27.5% area) of pressure-outlet 19.

 Reversed flow on 173 faces (33.9% area) of pressure-outlet 18.
   721  1.7631e-03  2.0668e-05  1.6539e-05  1.6641e-05  1:34:40 2779

 Reversed flow on 50 faces (27.5% area) of pressure-outlet 19.

 Reversed flow on 174 faces (33.9% area) of pressure-outlet 18.
   722  1.7949e-03  2.1363e-05  1.6648e-05  1.6589e-05  1:34:39 2778

 Reversed flow on 50 faces (27.5% area) of pressure-outlet 19.

 Reversed flow on 174 faces (33.9% area) of pressure-outlet 18.
   723  1.7287e-03  2.0804e-05  1.6547e-05  1.6866e-05  1:34:39 2777

 Reversed flow on 50 faces (27.5% area) of pressure-outlet 19.

 Reversed flow on 173 faces (33.9% area) of pressure-outlet 18.
   724  1.7848e-03  2.1174e-05  1.6855e-05  1.6601e-05  1:34:39 2776

 Reversed flow on 50 faces (27.5% area) of pressure-outlet 19.

 Reversed flow on 173 faces (33.9% area) of pressure-outlet 18.
   725  1.7346e-03  2.0896e-05  1.6524e-05  1.6696e-05  1:34:34 2775

 Reversed flow on 50 faces (27.5% area) of pressure-outlet 19.

 Reversed flow on 174 faces (33.9% area) of pressure-outlet 18.
   726  1.7698e-03  2.0791e-05  1.6503e-05  1.6657e-05  1:34:33 2774

 Reversed flow on 50 faces (27.5% area) of pressure-outlet 19.

 Reversed flow on 174 faces (33.9% area) of pressure-outlet 18.

  iter  continuity  x-velocity  y-velocity  z-velocity     time/iter
   727  1.7571e-03  2.1533e-05  1.7025e-05  1.7007e-05  1:34:32 2773

 Reversed flow on 50 faces (27.5% area) of pressure-outlet 19.

 Reversed flow on 173 faces (33.9% area) of pressure-outlet 18.
   728  1.7455e-03  2.0472e-05  1.6445e-05  1.6618e-05  1:34:33 2772

 Reversed flow on 50 faces (27.5% area) of pressure-outlet 19.

 Reversed flow on 174 faces (33.9% area) of pressure-outlet 18.
   729  1.7703e-03  2.1103e-05  1.6544e-05  1.6413e-05  1:34:32 2771

 Reversed flow on 50 faces (27.5% area) of pressure-outlet 19.

 Reversed flow on 174 faces (33.9% area) of pressure-outlet 18.
   730  1.7055e-03  2.0391e-05  1.6294e-05  1.6626e-05  1:34:30 2770

 Reversed flow on 50 faces (27.5% area) of pressure-outlet 19.

 Reversed flow on 174 faces (33.9% area) of pressure-outlet 18.
   731  1.7598e-03  2.1008e-05  1.6679e-05  1.6510e-05  1:34:29 2769

 Reversed flow on 50 faces (27.5% area) of pressure-outlet 19.

 Reversed flow on 174 faces (33.9% area) of pressure-outlet 18.
   732  1.7088e-03  2.0876e-05  1.6456e-05  1.6679e-05  1:34:28 2768

 Reversed flow on 50 faces (27.5% area) of pressure-outlet 19.

 Reversed flow on 174 faces (33.9% area) of pressure-outlet 18.
   733  1.7369e-03  2.0604e-05  1.6296e-05  1.6385e-05  1:34:27 2767

 Reversed flow on 50 faces (27.5% area) of pressure-outlet 19.

 Reversed flow on 174 faces (33.9% area) of pressure-outlet 18.
   734  1.7249e-03  2.1069e-05  1.6643e-05  1.6657e-05  1:34:24 2766

 Reversed flow on 50 faces (27.5% area) of pressure-outlet 19.

 Reversed flow on 173 faces (33.9% area) of pressure-outlet 18.
   735  1.7318e-03  2.0450e-05  1.6246e-05  1.6448e-05  1:34:22 2765

 Reversed flow on 50 faces (27.5% area) of pressure-outlet 19.

 Reversed flow on 174 faces (33.9% area) of pressure-outlet 18.
   736  1.7351e-03  2.1160e-05  1.6426e-05  1.6289e-05  1:34:26 2764

 Reversed flow on 50 faces (27.5% area) of pressure-outlet 19.

 Reversed flow on 174 faces (33.9% area) of pressure-outlet 18.
   737  1.6904e-03  2.0058e-05  1.6078e-05  1.6394e-05  1:34:23 2763

 Reversed flow on 50 faces (27.5% area) of pressure-outlet 19.

 Reversed flow on 173 faces (33.9% area) of pressure-outlet 18.

  iter  continuity  x-velocity  y-velocity  z-velocity     time/iter
   738  1.7577e-03  2.0804e-05  1.6557e-05  1.6337e-05  1:34:19 2762

 Reversed flow on 50 faces (27.5% area) of pressure-outlet 19.

 Reversed flow on 173 faces (33.9% area) of pressure-outlet 18.
   739  1.6984e-03  2.0868e-05  1.6305e-05  1.6553e-05  1:34:15 2761

 Reversed flow on 50 faces (27.5% area) of pressure-outlet 19.

 Reversed flow on 174 faces (33.9% area) of pressure-outlet 18.
   740  1.7488e-03  2.0919e-05  1.6321e-05  1.6486e-05  1:34:14 2760

 Reversed flow on 50 faces (27.5% area) of pressure-outlet 19.

 Reversed flow on 174 faces (33.9% area) of pressure-outlet 18.
   741  1.7344e-03  2.1027e-05  1.6751e-05  1.6702e-05  1:34:12 2759

 Reversed flow on 50 faces (27.5% area) of pressure-outlet 19.

 Reversed flow on 173 faces (33.9% area) of pressure-outlet 18.
   742  1.7437e-03  2.0386e-05  1.6348e-05  1.6415e-05  1:34:11 2758

 Reversed flow on 50 faces (27.5% area) of pressure-outlet 19.

 Reversed flow on 173 faces (33.9% area) of pressure-outlet 18.
   743  1.7851e-03  2.1604e-05  1.6646e-05  1.6705e-05  1:37:22 2757

 Reversed flow on 50 faces (27.5% area) of pressure-outlet 19.

 Reversed flow on 174 faces (33.9% area) of pressure-outlet 18.
   744  1.7725e-03  2.0883e-05  1.6466e-05  1.6902e-05  1:36:42 2756

 Reversed flow on 50 faces (27.5% area) of pressure-outlet 19.

 Reversed flow on 173 faces (33.9% area) of pressure-outlet 18.
   745  1.8074e-03  2.1221e-05  1.6851e-05  1.6610e-05  1:36:08 2755

 Reversed flow on 50 faces (27.5% area) of pressure-outlet 19.

 Reversed flow on 173 faces (33.9% area) of pressure-outlet 18.
   746  1.7614e-03  2.1034e-05  1.6550e-05  1.6885e-05  1:35:39 2754

 Reversed flow on 50 faces (27.5% area) of pressure-outlet 19.

 Reversed flow on 174 faces (33.9% area) of pressure-outlet 18.
   747  1.8870e-03  2.1885e-05  1.6820e-05  1.7155e-05  1:35:20 2753

 Reversed flow on 50 faces (27.5% area) of pressure-outlet 19.

 Reversed flow on 174 faces (33.9% area) of pressure-outlet 18.
   748  1.8453e-03  2.2188e-05  1.7271e-05  1.7381e-05  1:35:02 2752

 Reversed flow on 50 faces (27.5% area) of pressure-outlet 19.

 Reversed flow on 173 faces (33.9% area) of pressure-outlet 18.

  iter  continuity  x-velocity  y-velocity  z-velocity     time/iter
   749  1.8577e-03  2.1060e-05  1.6864e-05  1.6989e-05  1:34:45 2751

 Reversed flow on 50 faces (27.5% area) of pressure-outlet 19.

 Reversed flow on 173 faces (33.9% area) of pressure-outlet 18.
   750  1.9125e-03  2.2143e-05  1.7360e-05  1.7269e-05  1:34:32 2750

 Reversed flow on 50 faces (27.5% area) of pressure-outlet 19.

 Reversed flow on 174 faces (33.9% area) of pressure-outlet 18.
   751  1.9510e-03  2.2011e-05  1.7490e-05  1.7733e-05  1:34:20 2749

 Reversed flow on 50 faces (27.5% area) of pressure-outlet 19.

 Reversed flow on 174 faces (33.9% area) of pressure-outlet 18.
   752  1.9808e-03  2.2835e-05  1.8140e-05  1.7804e-05  1:30:11 2748

 Reversed flow on 50 faces (27.5% area) of pressure-outlet 19.

 Reversed flow on 174 faces (33.9% area) of pressure-outlet 18.
   753  1.9004e-03  2.1463e-05  1.7296e-05  1.7375e-05  1:30:51 2747

 Reversed flow on 50 faces (27.5% area) of pressure-outlet 19.

 Reversed flow on 174 faces (33.9% area) of pressure-outlet 18.
   754  1.9972e-03  2.2139e-05  1.7657e-05  1.7470e-05  1:31:22 2746

 Reversed flow on 50 faces (27.5% area) of pressure-outlet 19.

 Reversed flow on 174 faces (33.9% area) of pressure-outlet 18.
   755  1.9297e-03  2.2397e-05  1.7921e-05  1.7684e-05  1:31:49 2745

 Reversed flow on 50 faces (27.5% area) of pressure-outlet 19.

 Reversed flow on 174 faces (33.9% area) of pressure-outlet 18.
   756  1.9717e-03  2.2182e-05  1.7917e-05  1.7788e-05  1:32:09 2744

 Reversed flow on 50 faces (27.5% area) of pressure-outlet 19.

 Reversed flow on 174 faces (33.9% area) of pressure-outlet 18.
   757  2.0020e-03  2.3013e-05  1.8345e-05  1.8018e-05  1:28:22 2743

 Reversed flow on 50 faces (27.5% area) of pressure-outlet 19.

 Reversed flow on 174 faces (33.9% area) of pressure-outlet 18.
   758  1.9704e-03  2.1590e-05  1.7456e-05  1.7234e-05  1:30:41 2742

 Reversed flow on 50 faces (27.5% area) of pressure-outlet 19.

 Reversed flow on 174 faces (33.9% area) of pressure-outlet 18.
   759  1.9796e-03  2.2686e-05  1.7898e-05  1.7528e-05  1:31:13 2741

 Reversed flow on 50 faces (27.5% area) of pressure-outlet 19.

 Reversed flow on 174 faces (33.9% area) of pressure-outlet 18.

  iter  continuity  x-velocity  y-velocity  z-velocity     time/iter
   760  1.9371e-03  2.2383e-05  1.7724e-05  1.7862e-05  1:32:02 2740

 Reversed flow on 50 faces (27.5% area) of pressure-outlet 19.

 Reversed flow on 174 faces (33.9% area) of pressure-outlet 18.
   761  2.0333e-03  2.2760e-05  1.8002e-05  1.7572e-05  1:32:18 2739

 Reversed flow on 50 faces (27.5% area) of pressure-outlet 19.

 Reversed flow on 174 faces (33.9% area) of pressure-outlet 18.
   762  1.9569e-03  2.2196e-05  1.7952e-05  1.7692e-05  1:32:32 2738

 Reversed flow on 50 faces (27.5% area) of pressure-outlet 19.

 Reversed flow on 173 faces (33.9% area) of pressure-outlet 18.
   763  1.9645e-03  2.2093e-05  1.7652e-05  1.7544e-05  1:32:40 2737

 Reversed flow on 50 faces (27.5% area) of pressure-outlet 19.

 Reversed flow on 173 faces (33.9% area) of pressure-outlet 18.
   764  1.9381e-03  2.2924e-05  1.7972e-05  1.7763e-05  1:28:46 2736

 Reversed flow on 50 faces (27.5% area) of pressure-outlet 19.

 Reversed flow on 173 faces (33.9% area) of pressure-outlet 18.
   765  1.9004e-03  2.1070e-05  1.7043e-05  1.7040e-05  1:29:38 2735

 Reversed flow on 50 faces (27.5% area) of pressure-outlet 19.

 Reversed flow on 173 faces (33.9% area) of pressure-outlet 18.
   766  1.9280e-03  2.2005e-05  1.7606e-05  1.7251e-05  1:26:19 2734

 Reversed flow on 50 faces (27.5% area) of pressure-outlet 19.

 Reversed flow on 173 faces (33.9% area) of pressure-outlet 18.
   767  1.8228e-03  2.0752e-05  1.6474e-05  1.6672e-05  1:27:40 2733

 Reversed flow on 50 faces (27.5% area) of pressure-outlet 19.

 Reversed flow on 173 faces (33.9% area) of pressure-outlet 18.
   768  1.8765e-03  2.1375e-05  1.6949e-05  1.6809e-05  1:28:46 2732

 Reversed flow on 50 faces (27.5% area) of pressure-outlet 19.

 Reversed flow on 173 faces (33.9% area) of pressure-outlet 18.
   769  1.8208e-03  2.0885e-05  1.7028e-05  1.7054e-05  1:29:39 2731

 Reversed flow on 50 faces (27.5% area) of pressure-outlet 19.

 Reversed flow on 173 faces (33.9% area) of pressure-outlet 18.
   770  1.8695e-03  2.1086e-05  1.7007e-05  1.6722e-05  1:30:20 2730

 Reversed flow on 50 faces (27.5% area) of pressure-outlet 19.

 Reversed flow on 173 faces (33.9% area) of pressure-outlet 18.

  iter  continuity  x-velocity  y-velocity  z-velocity     time/iter
   771  1.8162e-03  2.1647e-05  1.7043e-05  1.6934e-05  1:30:53 2729

 Reversed flow on 50 faces (27.5% area) of pressure-outlet 19.

 Reversed flow on 173 faces (33.9% area) of pressure-outlet 18.
   772  1.8258e-03  2.0995e-05  1.6913e-05  1.7026e-05  1:31:18 2728

 Reversed flow on 50 faces (27.5% area) of pressure-outlet 19.

 Reversed flow on 173 faces (33.9% area) of pressure-outlet 18.
   773  1.8670e-03  2.1947e-05  1.7578e-05  1.7241e-05  1:27:39 2727

 Reversed flow on 50 faces (27.5% area) of pressure-outlet 19.

 Reversed flow on 173 faces (33.9% area) of pressure-outlet 18.
   774  1.7963e-03  2.0572e-05  1.6365e-05  1.6503e-05  1:28:43 2726

 Reversed flow on 50 faces (27.5% area) of pressure-outlet 19.

 Reversed flow on 173 faces (33.9% area) of pressure-outlet 18.
   775  1.8127e-03  2.1100e-05  1.6580e-05  1.6500e-05  1:29:32 2725

 Reversed flow on 50 faces (27.5% area) of pressure-outlet 19.

 Reversed flow on 173 faces (33.9% area) of pressure-outlet 18.
   776  1.7449e-03  2.0651e-05  1.6611e-05  1.6780e-05  1:30:13 2724

 Reversed flow on 50 faces (27.5% area) of pressure-outlet 19.

 Reversed flow on 173 faces (33.9% area) of pressure-outlet 18.
   777  1.8301e-03  2.1157e-05  1.6916e-05  1.6558e-05  1:30:44 2723

 Reversed flow on 50 faces (27.5% area) of pressure-outlet 19.

 Reversed flow on 173 faces (33.9% area) of pressure-outlet 18.
   778  1.7860e-03  2.1413e-05  1.6793e-05  1.6825e-05  1:31:07 2722

 Reversed flow on 50 faces (27.5% area) of pressure-outlet 19.

 Reversed flow on 173 faces (33.9% area) of pressure-outlet 18.
   779  1.8000e-03  2.0843e-05  1.6625e-05  1.6779e-05  1:31:26 2721

 Reversed flow on 50 faces (27.5% area) of pressure-outlet 19.

 Reversed flow on 173 faces (33.9% area) of pressure-outlet 18.
   780  1.8080e-03  2.1695e-05  1.7247e-05  1.7027e-05  1:31:41 2720

 Reversed flow on 50 faces (27.5% area) of pressure-outlet 19.

 Reversed flow on 173 faces (33.9% area) of pressure-outlet 18.
   781  1.7934e-03  2.0963e-05  1.6714e-05  1.6794e-05  1:31:50 2719

 Reversed flow on 50 faces (27.5% area) of pressure-outlet 19.

 Reversed flow on 173 faces (33.9% area) of pressure-outlet 18.

  iter  continuity  x-velocity  y-velocity  z-velocity     time/iter
   782  1.8341e-03  2.1533e-05  1.6782e-05  1.6748e-05  1:31:59 2718

 Reversed flow on 50 faces (27.5% area) of pressure-outlet 19.

 Reversed flow on 174 faces (33.9% area) of pressure-outlet 18.
   783  1.7645e-03  2.1103e-05  1.6845e-05  1.7083e-05  1:32:07 2717

 Reversed flow on 50 faces (27.5% area) of pressure-outlet 19.

 Reversed flow on 173 faces (33.9% area) of pressure-outlet 18.
   784  1.8199e-03  2.1352e-05  1.7010e-05  1.6736e-05  1:32:14 2716

 Reversed flow on 50 faces (27.5% area) of pressure-outlet 19.

 Reversed flow on 173 faces (33.9% area) of pressure-outlet 18.
   785  1.7683e-03  2.1354e-05  1.6707e-05  1.6843e-05  1:32:16 2715

 Reversed flow on 50 faces (27.5% area) of pressure-outlet 19.

 Reversed flow on 174 faces (33.9% area) of pressure-outlet 18.
   786  1.7995e-03  2.1109e-05  1.6715e-05  1.6897e-05  1:32:16 2714

 Reversed flow on 50 faces (27.5% area) of pressure-outlet 19.

 Reversed flow on 174 faces (33.9% area) of pressure-outlet 18.
   787  1.7974e-03  2.1918e-05  1.7279e-05  1.7192e-05  1:32:18 2713

 Reversed flow on 50 faces (27.5% area) of pressure-outlet 19.

 Reversed flow on 173 faces (33.9% area) of pressure-outlet 18.
   788  1.7799e-03  2.0810e-05  1.6664e-05  1.6784e-05  1:32:18 2712

 Reversed flow on 50 faces (27.5% area) of pressure-outlet 19.

 Reversed flow on 174 faces (33.9% area) of pressure-outlet 18.
   789  1.8236e-03  2.1505e-05  1.6810e-05  1.6762e-05  1:32:19 2711

 Reversed flow on 50 faces (27.5% area) of pressure-outlet 19.

 Reversed flow on 174 faces (33.9% area) of pressure-outlet 18.
   790  1.7562e-03  2.1082e-05  1.6761e-05  1.7044e-05  1:32:20 2710

 Reversed flow on 50 faces (27.5% area) of pressure-outlet 19.

 Reversed flow on 173 faces (33.9% area) of pressure-outlet 18.
   791  1.8077e-03  2.1281e-05  1.6974e-05  1.6751e-05  1:32:20 2709

 Reversed flow on 50 faces (27.5% area) of pressure-outlet 19.

 Reversed flow on 173 faces (33.9% area) of pressure-outlet 18.
   792  1.7585e-03  2.1021e-05  1.6667e-05  1.6813e-05  1:32:19 2708

 Reversed flow on 50 faces (27.5% area) of pressure-outlet 19.

 Reversed flow on 174 faces (33.9% area) of pressure-outlet 18.

  iter  continuity  x-velocity  y-velocity  z-velocity     time/iter
   793  1.7898e-03  2.0860e-05  1.6632e-05  1.6762e-05  1:32:17 2707

 Reversed flow on 50 faces (27.5% area) of pressure-outlet 19.

 Reversed flow on 174 faces (33.9% area) of pressure-outlet 18.
   794  1.7733e-03  2.1623e-05  1.7083e-05  1.7065e-05  1:32:18 2706

 Reversed flow on 50 faces (27.5% area) of pressure-outlet 19.

 Reversed flow on 173 faces (33.9% area) of pressure-outlet 18.
   795  1.7568e-03  2.0611e-05  1.6548e-05  1.6739e-05  1:32:17 2705

 Reversed flow on 50 faces (27.5% area) of pressure-outlet 19.

 Reversed flow on 174 faces (33.9% area) of pressure-outlet 18.
   796  1.7861e-03  2.1183e-05  1.6636e-05  1.6493e-05  1:32:15 2704

 Reversed flow on 50 faces (27.5% area) of pressure-outlet 19.

 Reversed flow on 174 faces (33.9% area) of pressure-outlet 18.
   797  1.7148e-03  2.0436e-05  1.6354e-05  1.6643e-05  1:32:13 2703

 Reversed flow on 50 faces (27.5% area) of pressure-outlet 19.

 Reversed flow on 174 faces (33.9% area) of pressure-outlet 18.
   798  1.7763e-03  2.1064e-05  1.6666e-05  1.6537e-05  1:32:11 2702

 Reversed flow on 50 faces (27.5% area) of pressure-outlet 19.

 Reversed flow on 174 faces (33.9% area) of pressure-outlet 18.
   799  1.7243e-03  2.1024e-05  1.6493e-05  1.6687e-05  1:32:10 2701

 Reversed flow on 50 faces (27.5% area) of pressure-outlet 19.

 Reversed flow on 174 faces (33.9% area) of pressure-outlet 18.
   800  1.7450e-03  2.0674e-05  1.6335e-05  1.6404e-05  1:32:08 2700

 Reversed flow on 50 faces (27.5% area) of pressure-outlet 19.

 Reversed flow on 174 faces (33.9% area) of pressure-outlet 18.
   801  1.7476e-03  2.1126e-05  1.6704e-05  1.6676e-05  1:32:04 2699

 Reversed flow on 50 faces (27.5% area) of pressure-outlet 19.

 Reversed flow on 173 faces (33.9% area) of pressure-outlet 18.
   802  1.7473e-03  2.0509e-05  1.6282e-05  1.6485e-05  1:32:01 2698

 Reversed flow on 50 faces (27.5% area) of pressure-outlet 19.

 Reversed flow on 174 faces (33.9% area) of pressure-outlet 18.
   803  1.7656e-03  2.1316e-05  1.6517e-05  1.6402e-05  1:32:05 2697

 Reversed flow on 50 faces (27.5% area) of pressure-outlet 19.

 Reversed flow on 174 faces (33.9% area) of pressure-outlet 18.

  iter  continuity  x-velocity  y-velocity  z-velocity     time/iter
   804  1.7194e-03  2.0232e-05  1.6237e-05  1.6516e-05  1:32:02 2696

 Reversed flow on 50 faces (27.5% area) of pressure-outlet 19.

 Reversed flow on 173 faces (33.9% area) of pressure-outlet 18.
   805  1.7812e-03  2.0853e-05  1.6633e-05  1.6378e-05  1:32:00 2695

 Reversed flow on 50 faces (27.5% area) of pressure-outlet 19.

 Reversed flow on 173 faces (33.9% area) of pressure-outlet 18.
   806  1.7218e-03  2.1011e-05  1.6403e-05  1.6665e-05  1:31:55 2694

 Reversed flow on 50 faces (27.5% area) of pressure-outlet 19.

 Reversed flow on 174 faces (33.9% area) of pressure-outlet 18.
   807  1.7867e-03  2.1163e-05  1.6512e-05  1.6739e-05  1:31:55 2693

 Reversed flow on 50 faces (27.5% area) of pressure-outlet 19.

 Reversed flow on 174 faces (33.9% area) of pressure-outlet 18.
   808  1.7743e-03  2.1351e-05  1.6960e-05  1.6908e-05  1:31:51 2692

 Reversed flow on 50 faces (27.5% area) of pressure-outlet 19.

 Reversed flow on 173 faces (33.9% area) of pressure-outlet 18.
   809  1.7706e-03  2.0523e-05  1.6475e-05  1.6586e-05  1:31:49 2691

 Reversed flow on 50 faces (27.5% area) of pressure-outlet 19.

 Reversed flow on 173 faces (33.9% area) of pressure-outlet 18.
   810  1.8327e-03  2.1908e-05  1.6820e-05  1.6937e-05  1:31:47 2690

 Reversed flow on 50 faces (27.5% area) of pressure-outlet 19.

 Reversed flow on 174 faces (33.9% area) of pressure-outlet 18.
   811  1.8276e-03  2.1389e-05  1.6705e-05  1.7189e-05  1:31:45 2689

 Reversed flow on 50 faces (27.5% area) of pressure-outlet 19.

 Reversed flow on 173 faces (33.9% area) of pressure-outlet 18.
   812  1.8536e-03  2.1566e-05  1.7031e-05  1.6828e-05  1:31:43 2688

 Reversed flow on 50 faces (27.5% area) of pressure-outlet 19.

 Reversed flow on 173 faces (33.9% area) of pressure-outlet 18.
   813  1.8191e-03  2.1355e-05  1.6871e-05  1.7140e-05  1:31:40 2687

 Reversed flow on 50 faces (27.5% area) of pressure-outlet 19.

 Reversed flow on 174 faces (33.9% area) of pressure-outlet 18.
   814  1.9625e-03  2.2242e-05  1.7216e-05  1.7481e-05  1:31:37 2686

 Reversed flow on 50 faces (27.5% area) of pressure-outlet 19.

 Reversed flow on 174 faces (33.9% area) of pressure-outlet 18.

  iter  continuity  x-velocity  y-velocity  z-velocity     time/iter
   815  1.9171e-03  2.2775e-05  1.7808e-05  1.7839e-05  1:31:36 2685

 Reversed flow on 50 faces (27.5% area) of pressure-outlet 19.

 Reversed flow on 173 faces (33.9% area) of pressure-outlet 18.
   816  1.9332e-03  2.1591e-05  1.7447e-05  1.7464e-05  1:31:34 2684

 Reversed flow on 50 faces (27.5% area) of pressure-outlet 19.

 Reversed flow on 173 faces (33.9% area) of pressure-outlet 18.
   817  1.9811e-03  2.2624e-05  1.7864e-05  1.7606e-05  1:31:33 2683

 Reversed flow on 50 faces (27.5% area) of pressure-outlet 19.

 Reversed flow on 174 faces (33.9% area) of pressure-outlet 18.
   818  1.9850e-03  2.2390e-05  1.7968e-05  1.8047e-05  1:32:13 2682

 Reversed flow on 50 faces (27.5% area) of pressure-outlet 19.

 Reversed flow on 174 faces (33.9% area) of pressure-outlet 18.
   819  2.0356e-03  2.3305e-05  1.8572e-05  1.8160e-05  1:33:28 2681

 Reversed flow on 50 faces (27.5% area) of pressure-outlet 19.

 Reversed flow on 174 faces (33.9% area) of pressure-outlet 18.
   820  1.9807e-03  2.2700e-05  1.8380e-05  1.8434e-05  1:33:14 2680

 Reversed flow on 50 faces (27.5% area) of pressure-outlet 19.

 Reversed flow on 174 faces (33.9% area) of pressure-outlet 18.
   821  2.0619e-03  2.2964e-05  1.8347e-05  1.8057e-05  1:32:48 2679

 Reversed flow on 50 faces (27.5% area) of pressure-outlet 19.

 Reversed flow on 174 faces (33.9% area) of pressure-outlet 18.
   822  1.9984e-03  2.3201e-05  1.8553e-05  1.8216e-05  1:32:29 2678

 Reversed flow on 50 faces (27.5% area) of pressure-outlet 19.

 Reversed flow on 174 faces (33.9% area) of pressure-outlet 18.
   823  2.0148e-03  2.2742e-05  1.8204e-05  1.8187e-05  1:32:13 2677

 Reversed flow on 50 faces (27.5% area) of pressure-outlet 19.

 Reversed flow on 174 faces (33.9% area) of pressure-outlet 18.
   824  2.0285e-03  2.3537e-05  1.8549e-05  1.8154e-05  1:28:05 2676

 Reversed flow on 50 faces (27.5% area) of pressure-outlet 19.

 Reversed flow on 174 faces (33.9% area) of pressure-outlet 18.
   825  1.9709e-03  2.1673e-05  1.7468e-05  1.7343e-05  1:28:43 2675

 Reversed flow on 50 faces (27.5% area) of pressure-outlet 19.

 Reversed flow on 174 faces (33.9% area) of pressure-outlet 18.

  iter  continuity  x-velocity  y-velocity  z-velocity     time/iter
   826  1.9767e-03  2.2602e-05  1.7890e-05  1.7527e-05  1:29:11 2674

 Reversed flow on 50 faces (27.5% area) of pressure-outlet 19.

 Reversed flow on 173 faces (33.9% area) of pressure-outlet 18.
   827  1.9214e-03  2.2446e-05  1.7702e-05  1.7828e-05  1:29:37 2673

 Reversed flow on 50 faces (27.5% area) of pressure-outlet 19.

 Reversed flow on 174 faces (33.9% area) of pressure-outlet 18.
   828  1.9989e-03  2.2572e-05  1.7843e-05  1.7549e-05  1:29:52 2672

 Reversed flow on 50 faces (27.5% area) of pressure-outlet 19.

 Reversed flow on 174 faces (33.9% area) of pressure-outlet 18.
   829  1.9319e-03  2.2102e-05  1.7939e-05  1.7692e-05  1:30:07 2671

 Reversed flow on 50 faces (27.5% area) of pressure-outlet 19.

 Reversed flow on 173 faces (33.9% area) of pressure-outlet 18.
   830  1.9500e-03  2.2002e-05  1.7614e-05  1.7525e-05  1:30:17 2670

 Reversed flow on 50 faces (27.5% area) of pressure-outlet 19.

 Reversed flow on 173 faces (33.9% area) of pressure-outlet 18.
   831  1.9129e-03  2.2727e-05  1.7858e-05  1.7630e-05  1:30:25 2669

 Reversed flow on 50 faces (27.5% area) of pressure-outlet 19.

 Reversed flow on 173 faces (33.9% area) of pressure-outlet 18.
   832  1.9108e-03  2.1526e-05  1.7493e-05  1.7636e-05  1:30:36 2668

 Reversed flow on 50 faces (27.5% area) of pressure-outlet 19.

 Reversed flow on 173 faces (33.9% area) of pressure-outlet 18.
   833  1.9612e-03  2.2441e-05  1.8022e-05  1.7659e-05  1:30:39 2667

 Reversed flow on 50 faces (27.5% area) of pressure-outlet 19.

 Reversed flow on 173 faces (33.9% area) of pressure-outlet 18.
   834  1.8815e-03  2.1971e-05  1.7475e-05  1.7596e-05  1:30:44 2666

 Reversed flow on 50 faces (27.5% area) of pressure-outlet 19.

 Reversed flow on 173 faces (33.9% area) of pressure-outlet 18.
   835  1.9137e-03  2.2103e-05  1.7476e-05  1.7347e-05  1:30:44 2665

 Reversed flow on 50 faces (27.5% area) of pressure-outlet 19.

 Reversed flow on 173 faces (33.9% area) of pressure-outlet 18.
   836  1.8616e-03  2.1870e-05  1.7804e-05  1.7697e-05  1:30:45 2664

 Reversed flow on 50 faces (27.5% area) of pressure-outlet 19.

 Reversed flow on 173 faces (33.9% area) of pressure-outlet 18.

  iter  continuity  x-velocity  y-velocity  z-velocity     time/iter
   837  1.9138e-03  2.1833e-05  1.7584e-05  1.7326e-05  1:30:44 2663

 Reversed flow on 50 faces (27.5% area) of pressure-outlet 19.

 Reversed flow on 173 faces (33.9% area) of pressure-outlet 18.
   838  1.8468e-03  2.2203e-05  1.7429e-05  1.7274e-05  1:30:45 2662

 Reversed flow on 50 faces (27.5% area) of pressure-outlet 19.

 Reversed flow on 173 faces (33.9% area) of pressure-outlet 18.
   839  1.8393e-03  2.1363e-05  1.7189e-05  1.7378e-05  1:30:44 2661

 Reversed flow on 50 faces (27.5% area) of pressure-outlet 19.

 Reversed flow on 173 faces (33.9% area) of pressure-outlet 18.
   840  1.9058e-03  2.2519e-05  1.7932e-05  1.7543e-05  1:30:44 2660

 Reversed flow on 50 faces (27.5% area) of pressure-outlet 19.

 Reversed flow on 173 faces (33.9% area) of pressure-outlet 18.
   841  1.8541e-03  2.1776e-05  1.7301e-05  1.7420e-05  1:30:44 2659

 Reversed flow on 50 faces (27.5% area) of pressure-outlet 19.

 Reversed flow on 173 faces (33.9% area) of pressure-outlet 18.
   842  1.8693e-03  2.1835e-05  1.7139e-05  1.7070e-05  1:30:43 2658

 Reversed flow on 50 faces (27.5% area) of pressure-outlet 19.

 Reversed flow on 173 faces (33.9% area) of pressure-outlet 18.
   843  1.8111e-03  2.1642e-05  1.7412e-05  1.7470e-05  1:30:42 2657

 Reversed flow on 50 faces (27.5% area) of pressure-outlet 19.

 Reversed flow on 173 faces (33.9% area) of pressure-outlet 18.
   844  1.8707e-03  2.1661e-05  1.7364e-05  1.7085e-05  1:30:39 2656

 Reversed flow on 50 faces (27.5% area) of pressure-outlet 19.

 Reversed flow on 173 faces (33.9% area) of pressure-outlet 18.
   845  1.8112e-03  2.1932e-05  1.7128e-05  1.7120e-05  1:30:37 2655

 Reversed flow on 50 faces (27.5% area) of pressure-outlet 19.

 Reversed flow on 174 faces (33.9% area) of pressure-outlet 18.
   846  1.8173e-03  2.1206e-05  1.6924e-05  1.7191e-05  1:30:35 2654

 Reversed flow on 50 faces (27.5% area) of pressure-outlet 19.

 Reversed flow on 174 faces (33.9% area) of pressure-outlet 18.
   847  1.8512e-03  2.2213e-05  1.7583e-05  1.7354e-05  1:30:33 2653

 Reversed flow on 50 faces (27.5% area) of pressure-outlet 19.

 Reversed flow on 173 faces (33.9% area) of pressure-outlet 18.

  iter  continuity  x-velocity  y-velocity  z-velocity     time/iter
   848  1.8116e-03  2.1358e-05  1.6981e-05  1.7098e-05  1:30:30 2652

 Reversed flow on 50 faces (27.5% area) of pressure-outlet 19.

 Reversed flow on 174 faces (33.9% area) of pressure-outlet 18.
   849  1.8460e-03  2.1766e-05  1.6999e-05  1.6985e-05  1:30:28 2651

 Reversed flow on 50 faces (27.5% area) of pressure-outlet 19.

 Reversed flow on 174 faces (33.9% area) of pressure-outlet 18.
   850  1.7761e-03  2.1504e-05  1.7139e-05  1.7323e-05  1:30:26 2650

 Reversed flow on 50 faces (27.5% area) of pressure-outlet 19.

 Reversed flow on 173 faces (33.9% area) of pressure-outlet 18.
   851  1.8270e-03  2.1454e-05  1.7129e-05  1.6898e-05  1:30:24 2649

 Reversed flow on 50 faces (27.5% area) of pressure-outlet 19.

 Reversed flow on 173 faces (33.9% area) of pressure-outlet 18.
   852  1.7885e-03  2.1643e-05  1.6899e-05  1.6997e-05  1:30:22 2648

 Reversed flow on 50 faces (27.5% area) of pressure-outlet 19.

 Reversed flow on 174 faces (33.9% area) of pressure-outlet 18.
   853  1.8126e-03  2.1224e-05  1.6868e-05  1.7101e-05  1:30:21 2647

 Reversed flow on 50 faces (27.5% area) of pressure-outlet 19.

 Reversed flow on 174 faces (33.9% area) of pressure-outlet 18.
   854  1.8088e-03  2.2056e-05  1.7380e-05  1.7253e-05  1:30:17 2646

 Reversed flow on 50 faces (27.5% area) of pressure-outlet 19.

 Reversed flow on 173 faces (33.9% area) of pressure-outlet 18.
   855  1.7845e-03  2.0923e-05  1.6772e-05  1.6969e-05  1:30:17 2645

 Reversed flow on 50 faces (27.5% area) of pressure-outlet 19.

 Reversed flow on 174 faces (33.9% area) of pressure-outlet 18.
   856  1.8450e-03  2.1590e-05  1.6962e-05  1.6932e-05  1:30:19 2644

 Reversed flow on 50 faces (27.5% area) of pressure-outlet 19.

 Reversed flow on 174 faces (33.9% area) of pressure-outlet 18.
   857  1.7717e-03  2.1330e-05  1.6976e-05  1.7189e-05  1:30:16 2643

 Reversed flow on 50 faces (27.5% area) of pressure-outlet 19.

 Reversed flow on 173 faces (33.9% area) of pressure-outlet 18.
   858  1.8116e-03  2.1283e-05  1.7026e-05  1.6863e-05  1:30:14 2642

 Reversed flow on 50 faces (27.5% area) of pressure-outlet 19.

 Reversed flow on 173 faces (33.9% area) of pressure-outlet 18.

  iter  continuity  x-velocity  y-velocity  z-velocity     time/iter
   859  1.7790e-03  2.1267e-05  1.6861e-05  1.6970e-05  1:30:09 2641

 Reversed flow on 50 faces (27.5% area) of pressure-outlet 19.

 Reversed flow on 174 faces (33.9% area) of pressure-outlet 18.
   860  1.7983e-03  2.0944e-05  1.6772e-05  1.6894e-05  1:30:07 2640

 Reversed flow on 50 faces (27.5% area) of pressure-outlet 19.

 Reversed flow on 174 faces (33.9% area) of pressure-outlet 18.
   861  1.8066e-03  2.1915e-05  1.7270e-05  1.7202e-05  1:30:11 2639

 Reversed flow on 50 faces (27.5% area) of pressure-outlet 19.

 Reversed flow on 173 faces (33.9% area) of pressure-outlet 18.
   862  1.7784e-03  2.0954e-05  1.6775e-05  1.6990e-05  1:30:08 2638

 Reversed flow on 50 faces (27.5% area) of pressure-outlet 19.

 Reversed flow on 174 faces (33.9% area) of pressure-outlet 18.
   863  1.8119e-03  2.1420e-05  1.6838e-05  1.6685e-05  1:30:13 2637

 Reversed flow on 50 faces (27.5% area) of pressure-outlet 19.

 Reversed flow on 174 faces (33.9% area) of pressure-outlet 18.
   864  1.7403e-03  2.0741e-05  1.6583e-05  1.6803e-05  1:30:10 2636

 Reversed flow on 50 faces (27.5% area) of pressure-outlet 19.

 Reversed flow on 174 faces (33.9% area) of pressure-outlet 18.
   865  1.7995e-03  2.1248e-05  1.6803e-05  1.6691e-05  1:30:04 2635

 Reversed flow on 50 faces (27.5% area) of pressure-outlet 19.

 Reversed flow on 174 faces (33.9% area) of pressure-outlet 18.
   866  1.7513e-03  2.1410e-05  1.6710e-05  1.6851e-05  1:30:00 2634

 Reversed flow on 50 faces (27.5% area) of pressure-outlet 19.

 Reversed flow on 174 faces (33.9% area) of pressure-outlet 18.
   867  1.7694e-03  2.0804e-05  1.6485e-05  1.6559e-05  1:29:57 2633

 Reversed flow on 50 faces (27.5% area) of pressure-outlet 19.

 Reversed flow on 174 faces (33.9% area) of pressure-outlet 18.
   868  1.7720e-03  2.1296e-05  1.6809e-05  1.6753e-05  1:29:54 2632

 Reversed flow on 50 faces (27.5% area) of pressure-outlet 19.

 Reversed flow on 173 faces (33.9% area) of pressure-outlet 18.
   869  1.7603e-03  2.0698e-05  1.6411e-05  1.6624e-05  1:29:48 2631

 Reversed flow on 50 faces (27.5% area) of pressure-outlet 19.

 Reversed flow on 174 faces (33.9% area) of pressure-outlet 18.

  iter  continuity  x-velocity  y-velocity  z-velocity     time/iter
   870  1.7838e-03  2.1403e-05  1.6632e-05  1.6527e-05  1:29:48 2630

 Reversed flow on 50 faces (27.5% area) of pressure-outlet 19.

 Reversed flow on 174 faces (33.9% area) of pressure-outlet 18.
   871  1.7412e-03  2.0453e-05  1.6445e-05  1.6673e-05  1:29:47 2629

 Reversed flow on 50 faces (27.5% area) of pressure-outlet 19.

 Reversed flow on 173 faces (33.9% area) of pressure-outlet 18.
   872  1.7962e-03  2.0929e-05  1.6732e-05  1.6472e-05  1:29:43 2628

 Reversed flow on 50 faces (27.5% area) of pressure-outlet 19.

 Reversed flow on 173 faces (33.9% area) of pressure-outlet 18.
   873  1.7541e-03  2.1322e-05  1.6606e-05  1.6859e-05  1:29:41 2627

 Reversed flow on 50 faces (27.5% area) of pressure-outlet 19.

 Reversed flow on 174 faces (33.9% area) of pressure-outlet 18.
   874  1.8154e-03  2.1269e-05  1.6658e-05  1.6900e-05  1:29:40 2626

 Reversed flow on 50 faces (27.5% area) of pressure-outlet 19.

 Reversed flow on 174 faces (33.9% area) of pressure-outlet 18.
   875  1.8048e-03  2.1616e-05  1.7130e-05  1.7086e-05  1:29:37 2625

 Reversed flow on 50 faces (27.5% area) of pressure-outlet 19.

 Reversed flow on 173 faces (33.9% area) of pressure-outlet 18.
   876  1.7931e-03  2.0684e-05  1.6600e-05  1.6736e-05  1:29:38 2624

 Reversed flow on 50 faces (27.5% area) of pressure-outlet 19.

 Reversed flow on 173 faces (33.9% area) of pressure-outlet 18.
   877  1.8691e-03  2.2068e-05  1.6936e-05  1.7070e-05  1:29:36 2623

 Reversed flow on 50 faces (27.5% area) of pressure-outlet 19.

 Reversed flow on 173 faces (33.9% area) of pressure-outlet 18.
   878  1.8449e-03  2.1620e-05  1.6866e-05  1.7318e-05  1:29:34 2622

 Reversed flow on 50 faces (27.5% area) of pressure-outlet 19.

 Reversed flow on 173 faces (33.9% area) of pressure-outlet 18.
   879  1.8754e-03  2.1697e-05  1.7108e-05  1.6921e-05  1:29:34 2621

 Reversed flow on 50 faces (27.5% area) of pressure-outlet 19.

 Reversed flow on 173 faces (33.9% area) of pressure-outlet 18.
   880  1.8404e-03  2.1480e-05  1.6991e-05  1.7210e-05  1:29:29 2620

 Reversed flow on 50 faces (27.5% area) of pressure-outlet 19.

 Reversed flow on 174 faces (33.9% area) of pressure-outlet 18.

  iter  continuity  x-velocity  y-velocity  z-velocity     time/iter
   881  1.9778e-03  2.2258e-05  1.7326e-05  1.7568e-05  1:29:28 2619

 Reversed flow on 50 faces (27.5% area) of pressure-outlet 19.

 Reversed flow on 174 faces (33.9% area) of pressure-outlet 18.
   882  1.9339e-03  2.2908e-05  1.7957e-05  1.7927e-05  1:25:35 2618

 Reversed flow on 50 faces (27.5% area) of pressure-outlet 19.

 Reversed flow on 173 faces (33.9% area) of pressure-outlet 18.
   883  1.8941e-03  2.1027e-05  1.6981e-05  1.6984e-05  1:26:17 2617

 Reversed flow on 50 faces (27.5% area) of pressure-outlet 19.

 Reversed flow on 174 faces (33.9% area) of pressure-outlet 18.
   884  1.9578e-03  2.2232e-05  1.7518e-05  1.7258e-05  1:22:59 2616

 Reversed flow on 50 faces (27.5% area) of pressure-outlet 19.

 Reversed flow on 174 faces (33.9% area) of pressure-outlet 18.
   885  1.9007e-03  2.1159e-05  1.6992e-05  1.7013e-05  1:24:13 2615

 Reversed flow on 50 faces (27.5% area) of pressure-outlet 19.

 Reversed flow on 174 faces (33.9% area) of pressure-outlet 18.
   886  1.9709e-03  2.2490e-05  1.7910e-05  1.7574e-05  1:25:10 2614

 Reversed flow on 50 faces (27.5% area) of pressure-outlet 19.

 Reversed flow on 174 faces (33.9% area) of pressure-outlet 18.
   887  1.9366e-03  2.2125e-05  1.7865e-05  1.7980e-05  1:25:57 2613

 Reversed flow on 50 faces (27.5% area) of pressure-outlet 19.

 Reversed flow on 174 faces (33.9% area) of pressure-outlet 18.
   888  2.0111e-03  2.2323e-05  1.7902e-05  1.7579e-05  1:26:33 2612

 Reversed flow on 50 faces (27.5% area) of pressure-outlet 19.

 Reversed flow on 174 faces (33.9% area) of pressure-outlet 18.
   889  1.9677e-03  2.2747e-05  1.8174e-05  1.7836e-05  1:23:11 2611

 Reversed flow on 50 faces (27.5% area) of pressure-outlet 19.

 Reversed flow on 174 faces (33.9% area) of pressure-outlet 18.
   890  1.9332e-03  2.1511e-05  1.7176e-05  1.7206e-05  1:24:21 2610

 Reversed flow on 50 faces (27.5% area) of pressure-outlet 19.

 Reversed flow on 174 faces (33.9% area) of pressure-outlet 18.
   891  1.9482e-03  2.2538e-05  1.7680e-05  1.7354e-05  1:21:29 2609

 Reversed flow on 50 faces (27.5% area) of pressure-outlet 19.

 Reversed flow on 174 faces (33.9% area) of pressure-outlet 18.

  iter  continuity  x-velocity  y-velocity  z-velocity     time/iter
   892  1.8862e-03  2.0651e-05  1.6663e-05  1.6610e-05  1:22:59 2608

 Reversed flow on 50 faces (27.5% area) of pressure-outlet 19.

 Reversed flow on 174 faces (33.9% area) of pressure-outlet 18.
   893  1.9260e-03  2.1899e-05  1.7241e-05  1.6938e-05  1:24:09 2607

 Reversed flow on 50 faces (27.5% area) of pressure-outlet 19.

 Reversed flow on 174 faces (33.9% area) of pressure-outlet 18.
   894  1.8855e-03  2.1982e-05  1.7293e-05  1.7417e-05  1:25:03 2606

 Reversed flow on 50 faces (27.5% area) of pressure-outlet 19.

 Reversed flow on 174 faces (33.9% area) of pressure-outlet 18.
   895  1.9523e-03  2.2052e-05  1.7432e-05  1.7162e-05  1:25:50 2605

 Reversed flow on 50 faces (27.5% area) of pressure-outlet 19.

 Reversed flow on 174 faces (33.9% area) of pressure-outlet 18.
   896  1.8899e-03  2.1665e-05  1.7585e-05  1.7326e-05  1:26:24 2604

 Reversed flow on 50 faces (27.5% area) of pressure-outlet 19.

 Reversed flow on 173 faces (33.9% area) of pressure-outlet 18.
   897  1.9126e-03  2.1594e-05  1.7269e-05  1.7198e-05  1:26:51 2603

 Reversed flow on 50 faces (27.5% area) of pressure-outlet 19.

 Reversed flow on 173 faces (33.9% area) of pressure-outlet 18.
   898  1.8873e-03  2.2366e-05  1.7593e-05  1.7347e-05  1:27:14 2602

 Reversed flow on 50 faces (27.5% area) of pressure-outlet 19.

 Reversed flow on 173 faces (33.9% area) of pressure-outlet 18.
   899  1.8791e-03  2.1171e-05  1.7228e-05  1.7361e-05  1:27:31 2601

 Reversed flow on 50 faces (27.5% area) of pressure-outlet 19.

 Reversed flow on 173 faces (33.9% area) of pressure-outlet 18.
   900  1.9212e-03  2.2031e-05  1.7721e-05  1.7357e-05  1:27:42 2600

 Reversed flow on 50 faces (27.5% area) of pressure-outlet 19.

 Reversed flow on 173 faces (33.9% area) of pressure-outlet 18.
   901  1.8471e-03  2.1631e-05  1.7223e-05  1.7320e-05  1:27:52 2599

 Reversed flow on 50 faces (27.5% area) of pressure-outlet 19.

 Reversed flow on 173 faces (33.9% area) of pressure-outlet 18.
   902  1.8882e-03  2.1808e-05  1.7250e-05  1.7129e-05  1:30:58 2598

 Reversed flow on 50 faces (27.5% area) of pressure-outlet 19.

 Reversed flow on 173 faces (33.9% area) of pressure-outlet 18.

  iter  continuity  x-velocity  y-velocity  z-velocity     time/iter
   903  1.8358e-03  2.1642e-05  1.7591e-05  1.7474e-05  1:30:28 2597

 Reversed flow on 50 faces (27.5% area) of pressure-outlet 19.

 Reversed flow on 173 faces (33.9% area) of pressure-outlet 18.
   904  1.8850e-03  2.1518e-05  1.7327e-05  1.7093e-05  1:30:05 2596

 Reversed flow on 50 faces (27.5% area) of pressure-outlet 19.

 Reversed flow on 173 faces (33.9% area) of pressure-outlet 18.
   905  1.8198e-03  2.1895e-05  1.7182e-05  1.7006e-05  1:29:47 2595

 Reversed flow on 50 faces (27.5% area) of pressure-outlet 19.

 Reversed flow on 173 faces (33.9% area) of pressure-outlet 18.
   906  1.8087e-03  2.1026e-05  1.6925e-05  1.7128e-05  1:29:28 2594

 Reversed flow on 50 faces (27.5% area) of pressure-outlet 19.

 Reversed flow on 173 faces (33.9% area) of pressure-outlet 18.
   907  1.8788e-03  2.2199e-05  1.7674e-05  1.7281e-05  1:29:15 2593

 Reversed flow on 50 faces (27.5% area) of pressure-outlet 19.

 Reversed flow on 173 faces (33.9% area) of pressure-outlet 18.
   908  1.8253e-03  2.1485e-05  1.7055e-05  1.7178e-05  1:29:04 2592

 Reversed flow on 50 faces (27.5% area) of pressure-outlet 19.

 Reversed flow on 173 faces (33.9% area) of pressure-outlet 18.
   909  1.8433e-03  2.1555e-05  1.6913e-05  1.6848e-05  1:28:55 2591

 Reversed flow on 50 faces (27.5% area) of pressure-outlet 19.

 Reversed flow on 173 faces (33.9% area) of pressure-outlet 18.
   910  1.7878e-03  2.1373e-05  1.7202e-05  1.7213e-05  1:28:51 2590

 Reversed flow on 50 faces (27.5% area) of pressure-outlet 19.

 Reversed flow on 173 faces (33.9% area) of pressure-outlet 18.
   911  1.8431e-03  2.1351e-05  1.7127e-05  1.6886e-05  1:28:44 2589

 Reversed flow on 50 faces (27.5% area) of pressure-outlet 19.

 Reversed flow on 173 faces (33.9% area) of pressure-outlet 18.
   912  1.7923e-03  2.1725e-05  1.6955e-05  1.6934e-05  1:28:37 2588

 Reversed flow on 50 faces (27.5% area) of pressure-outlet 19.

 Reversed flow on 174 faces (33.9% area) of pressure-outlet 18.
   913  1.7978e-03  2.0982e-05  1.6749e-05  1.7039e-05  1:28:31 2587

 Reversed flow on 50 faces (27.5% area) of pressure-outlet 19.

 Reversed flow on 174 faces (33.9% area) of pressure-outlet 18.

  iter  continuity  x-velocity  y-velocity  z-velocity     time/iter
   914  1.8376e-03  2.1994e-05  1.7416e-05  1.7173e-05  1:28:26 2586

 Reversed flow on 50 faces (27.5% area) of pressure-outlet 19.

 Reversed flow on 173 faces (33.9% area) of pressure-outlet 18.
   915  1.7946e-03  2.1219e-05  1.6852e-05  1.7004e-05  1:28:22 2585

 Reversed flow on 50 faces (27.5% area) of pressure-outlet 19.

 Reversed flow on 174 faces (33.9% area) of pressure-outlet 18.
   916  1.8333e-03  2.1586e-05  1.6866e-05  1.6874e-05  1:28:18 2584

 Reversed flow on 50 faces (27.5% area) of pressure-outlet 19.

 Reversed flow on 174 faces (33.9% area) of pressure-outlet 18.
   917  1.7661e-03  2.1450e-05  1.7083e-05  1.7239e-05  1:28:16 2583

 Reversed flow on 50 faces (27.5% area) of pressure-outlet 19.

 Reversed flow on 173 faces (33.9% area) of pressure-outlet 18.
   918  1.8173e-03  2.1264e-05  1.6999e-05  1.6802e-05  1:28:15 2582

 Reversed flow on 50 faces (27.5% area) of pressure-outlet 19.

 Reversed flow on 173 faces (33.9% area) of pressure-outlet 18.
   919  1.7818e-03  2.1542e-05  1.6824e-05  1.6908e-05  1:28:10 2581

 Reversed flow on 50 faces (27.5% area) of pressure-outlet 19.

 Reversed flow on 174 faces (33.9% area) of pressure-outlet 18.
   920  1.8041e-03  2.1128e-05  1.6790e-05  1.7067e-05  1:28:09 2580

 Reversed flow on 50 faces (27.5% area) of pressure-outlet 19.

 Reversed flow on 174 faces (33.9% area) of pressure-outlet 18.
   921  1.8159e-03  2.2043e-05  1.7354e-05  1.7216e-05  1:28:09 2579

 Reversed flow on 50 faces (27.5% area) of pressure-outlet 19.

 Reversed flow on 173 faces (33.9% area) of pressure-outlet 18.
   922  1.7821e-03  2.0907e-05  1.6758e-05  1.6973e-05  1:28:06 2578

 Reversed flow on 50 faces (27.5% area) of pressure-outlet 19.

 Reversed flow on 174 faces (33.9% area) of pressure-outlet 18.
   923  1.8436e-03  2.1500e-05  1.6909e-05  1.6902e-05  1:28:02 2577

 Reversed flow on 50 faces (27.5% area) of pressure-outlet 19.

 Reversed flow on 174 faces (33.9% area) of pressure-outlet 18.
   924  1.7697e-03  2.1369e-05  1.6981e-05  1.7171e-05  1:27:58 2576

 Reversed flow on 50 faces (27.5% area) of pressure-outlet 19.

 Reversed flow on 173 faces (33.9% area) of pressure-outlet 18.

  iter  continuity  x-velocity  y-velocity  z-velocity     time/iter
   925  1.8123e-03  2.1216e-05  1.6985e-05  1.6846e-05  1:27:55 2575

 Reversed flow on 50 faces (27.5% area) of pressure-outlet 19.

 Reversed flow on 173 faces (33.9% area) of pressure-outlet 18.
   926  1.7813e-03  2.1294e-05  1.6887e-05  1.6944e-05  1:27:54 2574

 Reversed flow on 50 faces (27.5% area) of pressure-outlet 19.

 Reversed flow on 174 faces (33.9% area) of pressure-outlet 18.
   927  1.8041e-03  2.0962e-05  1.6819e-05  1.6941e-05  1:27:51 2573

 Reversed flow on 50 faces (27.5% area) of pressure-outlet 19.

 Reversed flow on 174 faces (33.9% area) of pressure-outlet 18.
   928  1.8121e-03  2.1952e-05  1.7290e-05  1.7216e-05  1:27:48 2572

 Reversed flow on 50 faces (27.5% area) of pressure-outlet 19.

 Reversed flow on 173 faces (33.9% area) of pressure-outlet 18.
   929  1.7804e-03  2.1049e-05  1.6827e-05  1.7072e-05  1:27:46 2571

 Reversed flow on 50 faces (27.5% area) of pressure-outlet 19.

 Reversed flow on 174 faces (33.9% area) of pressure-outlet 18.
   930  1.8280e-03  2.1494e-05  1.6914e-05  1.6755e-05  1:27:42 2570

 Reversed flow on 50 faces (27.5% area) of pressure-outlet 19.

 Reversed flow on 174 faces (33.9% area) of pressure-outlet 18.
   931  1.7460e-03  2.0828e-05  1.6645e-05  1.6830e-05  1:27:42 2569

 Reversed flow on 50 faces (27.5% area) of pressure-outlet 19.

 Reversed flow on 174 faces (33.9% area) of pressure-outlet 18.
   932  1.8048e-03  2.1276e-05  1.6828e-05  1.6740e-05  1:27:39 2568

 Reversed flow on 50 faces (27.5% area) of pressure-outlet 19.

 Reversed flow on 174 faces (33.9% area) of pressure-outlet 18.
   933  1.7632e-03  2.1537e-05  1.6794e-05  1.6900e-05  1:27:36 2567

 Reversed flow on 50 faces (27.5% area) of pressure-outlet 19.

 Reversed flow on 174 faces (33.9% area) of pressure-outlet 18.
   934  1.7791e-03  2.0842e-05  1.6554e-05  1.6637e-05  1:27:34 2566

 Reversed flow on 50 faces (27.5% area) of pressure-outlet 19.

 Reversed flow on 174 faces (33.9% area) of pressure-outlet 18.
   935  1.7912e-03  2.1453e-05  1.6941e-05  1.6855e-05  1:27:32 2565

 Reversed flow on 50 faces (27.5% area) of pressure-outlet 19.

 Reversed flow on 173 faces (33.9% area) of pressure-outlet 18.

  iter  continuity  x-velocity  y-velocity  z-velocity     time/iter
   936  1.7742e-03  2.0863e-05  1.6534e-05  1.6767e-05  1:27:30 2564

 Reversed flow on 50 faces (27.5% area) of pressure-outlet 19.

 Reversed flow on 174 faces (33.9% area) of pressure-outlet 18.
   937  1.8007e-03  2.1520e-05  1.6756e-05  1.6670e-05  1:27:29 2563

 Reversed flow on 50 faces (27.5% area) of pressure-outlet 19.

 Reversed flow on 174 faces (33.9% area) of pressure-outlet 18.
   938  1.7536e-03  2.0652e-05  1.6620e-05  1.6817e-05  1:27:28 2562

 Reversed flow on 50 faces (27.5% area) of pressure-outlet 19.

 Reversed flow on 173 faces (33.9% area) of pressure-outlet 18.
   939  1.8081e-03  2.0966e-05  1.6790e-05  1.6533e-05  1:27:26 2561

 Reversed flow on 50 faces (27.5% area) of pressure-outlet 19.

 Reversed flow on 173 faces (33.9% area) of pressure-outlet 18.
   940  1.7581e-03  2.1376e-05  1.6640e-05  1.6888e-05  1:27:23 2560

 Reversed flow on 50 faces (27.5% area) of pressure-outlet 19.

 Reversed flow on 174 faces (33.9% area) of pressure-outlet 18.
   941  1.8216e-03  2.1326e-05  1.6747e-05  1.6987e-05  1:27:21 2559

 Reversed flow on 50 faces (27.5% area) of pressure-outlet 19.

 Reversed flow on 174 faces (33.9% area) of pressure-outlet 18.
   942  1.8092e-03  2.1676e-05  1.7172e-05  1.7115e-05  1:27:18 2558

 Reversed flow on 50 faces (27.5% area) of pressure-outlet 19.

 Reversed flow on 173 faces (33.9% area) of pressure-outlet 18.
   943  1.7929e-03  2.0732e-05  1.6627e-05  1.6784e-05  1:27:17 2557

 Reversed flow on 50 faces (27.5% area) of pressure-outlet 19.

 Reversed flow on 173 faces (33.9% area) of pressure-outlet 18.
   944  1.8838e-03  2.2132e-05  1.6990e-05  1.7136e-05  1:27:15 2556

 Reversed flow on 50 faces (27.5% area) of pressure-outlet 19.

 Reversed flow on 173 faces (33.9% area) of pressure-outlet 18.
   945  1.8552e-03  2.1732e-05  1.6955e-05  1.7380e-05  1:27:14 2555

 Reversed flow on 50 faces (27.5% area) of pressure-outlet 19.

 Reversed flow on 173 faces (33.9% area) of pressure-outlet 18.
   946  1.8763e-03  2.1654e-05  1.7077e-05  1.6906e-05  1:27:12 2554

 Reversed flow on 50 faces (27.5% area) of pressure-outlet 19.

 Reversed flow on 173 faces (33.9% area) of pressure-outlet 18.

  iter  continuity  x-velocity  y-velocity  z-velocity     time/iter
   947  1.8468e-03  2.1519e-05  1.7020e-05  1.7212e-05  1:27:09 2553

 Reversed flow on 50 faces (27.5% area) of pressure-outlet 19.

 Reversed flow on 174 faces (33.9% area) of pressure-outlet 18.
   948  1.9773e-03  2.2219e-05  1.7338e-05  1.7576e-05  1:27:08 2552

 Reversed flow on 50 faces (27.5% area) of pressure-outlet 19.

 Reversed flow on 174 faces (33.9% area) of pressure-outlet 18.
   949  1.9378e-03  2.2945e-05  1.8009e-05  1.7949e-05  1:23:19 2551

 Reversed flow on 50 faces (27.5% area) of pressure-outlet 19.

 Reversed flow on 173 faces (33.9% area) of pressure-outlet 18.
   950  1.8967e-03  2.1059e-05  1.7042e-05  1.7053e-05  1:24:06 2550

 Reversed flow on 50 faces (27.5% area) of pressure-outlet 19.

 Reversed flow on 174 faces (33.9% area) of pressure-outlet 18.
   951  1.9619e-03  2.2232e-05  1.7536e-05  1.7258e-05  1:24:39 2549

 Reversed flow on 50 faces (27.5% area) of pressure-outlet 19.

 Reversed flow on 174 faces (33.9% area) of pressure-outlet 18.
   952  1.9371e-03  2.1932e-05  1.7661e-05  1.7671e-05  1:25:09 2548

 Reversed flow on 50 faces (27.5% area) of pressure-outlet 19.

 Reversed flow on 174 faces (33.9% area) of pressure-outlet 18.
   953  2.0125e-03  2.2933e-05  1.8281e-05  1.7906e-05  1:25:30 2547

 Reversed flow on 50 faces (27.5% area) of pressure-outlet 19.

 Reversed flow on 174 faces (33.9% area) of pressure-outlet 18.
   954  1.9824e-03  2.2693e-05  1.8323e-05  1.8363e-05  1:25:44 2546

 Reversed flow on 50 faces (27.5% area) of pressure-outlet 19.

 Reversed flow on 174 faces (33.9% area) of pressure-outlet 18.
   955  2.0407e-03  2.2698e-05  1.8211e-05  1.7911e-05  1:25:57 2545

 Reversed flow on 50 faces (27.5% area) of pressure-outlet 19.

 Reversed flow on 174 faces (33.9% area) of pressure-outlet 18.
   956  1.9875e-03  2.3040e-05  1.8406e-05  1.8039e-05  1:22:21 2544

 Reversed flow on 50 faces (27.5% area) of pressure-outlet 19.

 Reversed flow on 174 faces (33.9% area) of pressure-outlet 18.
   957  1.9496e-03  2.1723e-05  1.7347e-05  1.7424e-05  1:23:11 2543

 Reversed flow on 50 faces (27.5% area) of pressure-outlet 19.

 Reversed flow on 174 faces (33.9% area) of pressure-outlet 18.

  iter  continuity  x-velocity  y-velocity  z-velocity     time/iter
   958  1.9839e-03  2.2902e-05  1.7924e-05  1.7584e-05  1:20:08 2542

 Reversed flow on 50 faces (27.5% area) of pressure-outlet 19.

 Reversed flow on 174 faces (33.9% area) of pressure-outlet 18.
   959  1.9006e-03  2.0833e-05  1.6781e-05  1.6721e-05  1:21:27 2541

 Reversed flow on 50 faces (27.5% area) of pressure-outlet 19.

 Reversed flow on 174 faces (33.9% area) of pressure-outlet 18.
   960  1.9272e-03  2.1919e-05  1.7301e-05  1.6982e-05  1:22:30 2540

 Reversed flow on 50 faces (27.5% area) of pressure-outlet 19.

 Reversed flow on 173 faces (33.9% area) of pressure-outlet 18.
   961  1.8859e-03  2.2042e-05  1.7340e-05  1.7448e-05  1:23:22 2539

 Reversed flow on 50 faces (27.5% area) of pressure-outlet 19.

 Reversed flow on 174 faces (33.9% area) of pressure-outlet 18.
   962  1.9537e-03  2.2095e-05  1.7477e-05  1.7231e-05  1:23:58 2538

 Reversed flow on 50 faces (27.5% area) of pressure-outlet 19.

 Reversed flow on 174 faces (33.9% area) of pressure-outlet 18.
   963  1.8920e-03  2.1741e-05  1.7635e-05  1.7377e-05  1:24:28 2537

 Reversed flow on 50 faces (27.5% area) of pressure-outlet 19.

 Reversed flow on 173 faces (33.9% area) of pressure-outlet 18.
   964  1.9037e-03  2.1573e-05  1.7242e-05  1.7199e-05  1:24:51 2536

 Reversed flow on 50 faces (27.5% area) of pressure-outlet 19.

 Reversed flow on 173 faces (33.9% area) of pressure-outlet 18.
   965  1.8846e-03  2.2370e-05  1.7574e-05  1.7313e-05  1:25:10 2535

 Reversed flow on 50 faces (27.5% area) of pressure-outlet 19.

 Reversed flow on 173 faces (33.9% area) of pressure-outlet 18.
   966  1.8743e-03  2.1186e-05  1.7226e-05  1.7394e-05  1:25:25 2534

 Reversed flow on 50 faces (27.5% area) of pressure-outlet 19.

 Reversed flow on 173 faces (33.9% area) of pressure-outlet 18.
   967  1.9244e-03  2.2064e-05  1.7733e-05  1.7353e-05  1:25:35 2533

 Reversed flow on 50 faces (27.5% area) of pressure-outlet 19.

 Reversed flow on 173 faces (33.9% area) of pressure-outlet 18.
   968  1.8419e-03  2.1679e-05  1.7233e-05  1.7317e-05  1:25:44 2532

 Reversed flow on 50 faces (27.5% area) of pressure-outlet 19.

 Reversed flow on 173 faces (33.9% area) of pressure-outlet 18.

  iter  continuity  x-velocity  y-velocity  z-velocity     time/iter
   969  1.8720e-03  2.1739e-05  1.7192e-05  1.7103e-05  1:25:50 2531

 Reversed flow on 50 faces (27.5% area) of pressure-outlet 19.

 Reversed flow on 173 faces (33.9% area) of pressure-outlet 18.
   970  1.8335e-03  2.1727e-05  1.7621e-05  1.7485e-05  1:25:53 2530

 Reversed flow on 50 faces (27.5% area) of pressure-outlet 19.

 Reversed flow on 173 faces (33.9% area) of pressure-outlet 18.
   971  1.8821e-03  2.1538e-05  1.7312e-05  1.7125e-05  1:25:56 2529

 Reversed flow on 50 faces (27.5% area) of pressure-outlet 19.

 Reversed flow on 173 faces (33.9% area) of pressure-outlet 18.
   972  1.8256e-03  2.1998e-05  1.7222e-05  1.7029e-05  1:25:59 2528

 Reversed flow on 50 faces (27.5% area) of pressure-outlet 19.

 Reversed flow on 173 faces (33.9% area) of pressure-outlet 18.
   973  1.8083e-03  2.1024e-05  1.6926e-05  1.7157e-05  1:26:03 2527

 Reversed flow on 50 faces (27.5% area) of pressure-outlet 19.

 Reversed flow on 173 faces (33.9% area) of pressure-outlet 18.
   974  1.8765e-03  2.2183e-05  1.7653e-05  1.7265e-05  1:26:03 2526

 Reversed flow on 50 faces (27.5% area) of pressure-outlet 19.

 Reversed flow on 173 faces (33.9% area) of pressure-outlet 18.
   975  1.8214e-03  2.1530e-05  1.7068e-05  1.7189e-05  1:26:03 2525

 Reversed flow on 50 faces (27.5% area) of pressure-outlet 19.

 Reversed flow on 173 faces (33.9% area) of pressure-outlet 18.
   976  1.8385e-03  2.1528e-05  1.6900e-05  1.6852e-05  1:26:03 2524

 Reversed flow on 50 faces (27.5% area) of pressure-outlet 19.

 Reversed flow on 173 faces (33.9% area) of pressure-outlet 18.
   977  1.7884e-03  2.1454e-05  1.7272e-05  1.7239e-05  1:26:01 2523

 Reversed flow on 50 faces (27.5% area) of pressure-outlet 19.

 Reversed flow on 173 faces (33.9% area) of pressure-outlet 18.
   978  1.8449e-03  2.1345e-05  1.7124e-05  1.6920e-05  1:26:00 2522

 Reversed flow on 50 faces (27.5% area) of pressure-outlet 19.

 Reversed flow on 173 faces (33.9% area) of pressure-outlet 18.
   979  1.7935e-03  2.1757e-05  1.6960e-05  1.6934e-05  1:26:00 2521

 Reversed flow on 50 faces (27.5% area) of pressure-outlet 19.

 Reversed flow on 174 faces (33.9% area) of pressure-outlet 18.

  iter  continuity  x-velocity  y-velocity  z-velocity     time/iter
   980  1.7976e-03  2.1010e-05  1.6768e-05  1.7087e-05  1:26:01 2520

 Reversed flow on 50 faces (27.5% area) of pressure-outlet 19.

 Reversed flow on 174 faces (33.9% area) of pressure-outlet 18.
   981  1.8462e-03  2.2019e-05  1.7434e-05  1.7171e-05  1:27:10 2519

 Reversed flow on 50 faces (27.5% area) of pressure-outlet 19.

 Reversed flow on 173 faces (33.9% area) of pressure-outlet 18.
   982  1.7916e-03  2.1255e-05  1.6858e-05  1.7013e-05  1:26:55 2518

 Reversed flow on 50 faces (27.5% area) of pressure-outlet 19.

 Reversed flow on 174 faces (33.9% area) of pressure-outlet 18.
   983  1.8387e-03  2.1614e-05  1.6866e-05  1.6894e-05  1:26:40 2517

 Reversed flow on 50 faces (27.5% area) of pressure-outlet 19.

 Reversed flow on 174 faces (33.9% area) of pressure-outlet 18.
   984  1.7689e-03  2.1521e-05  1.7116e-05  1.7236e-05  1:26:27 2516

 Reversed flow on 50 faces (27.5% area) of pressure-outlet 19.

 Reversed flow on 173 faces (33.9% area) of pressure-outlet 18.
   985  1.8146e-03  2.1204e-05  1.6986e-05  1.6839e-05  1:26:16 2515

 Reversed flow on 50 faces (27.5% area) of pressure-outlet 19.

 Reversed flow on 173 faces (33.9% area) of pressure-outlet 18.
   986  1.8003e-03  2.1688e-05  1.6955e-05  1.7003e-05  1:26:10 2514

 Reversed flow on 50 faces (27.5% area) of pressure-outlet 19.

 Reversed flow on 174 faces (33.9% area) of pressure-outlet 18.
   987  1.8187e-03  2.1145e-05  1.6803e-05  1.7112e-05  1:26:04 2513

 Reversed flow on 50 faces (27.5% area) of pressure-outlet 19.

 Reversed flow on 174 faces (33.9% area) of pressure-outlet 18.
   988  1.8233e-03  2.2032e-05  1.7348e-05  1.7199e-05  1:26:00 2512

 Reversed flow on 50 faces (27.5% area) of pressure-outlet 19.

 Reversed flow on 173 faces (33.9% area) of pressure-outlet 18.
   989  1.7886e-03  2.0916e-05  1.6816e-05  1.7044e-05  1:25:54 2511

 Reversed flow on 50 faces (27.5% area) of pressure-outlet 19.

 Reversed flow on 174 faces (33.9% area) of pressure-outlet 18.
   990  1.8522e-03  2.1470e-05  1.6958e-05  1.6939e-05  1:25:48 2510

 Reversed flow on 50 faces (27.5% area) of pressure-outlet 19.

 Reversed flow on 174 faces (33.9% area) of pressure-outlet 18.

  iter  continuity  x-velocity  y-velocity  z-velocity     time/iter
   991  1.7824e-03  2.1497e-05  1.7114e-05  1.7243e-05  1:25:44 2509

 Reversed flow on 50 faces (27.5% area) of pressure-outlet 19.

 Reversed flow on 173 faces (33.9% area) of pressure-outlet 18.
   992  1.8152e-03  2.1218e-05  1.7008e-05  1.6898e-05  1:25:43 2508

 Reversed flow on 50 faces (27.5% area) of pressure-outlet 19.

 Reversed flow on 173 faces (33.9% area) of pressure-outlet 18.
   993  1.7918e-03  2.1412e-05  1.6986e-05  1.6986e-05  1:25:40 2507

 Reversed flow on 50 faces (27.5% area) of pressure-outlet 19.

 Reversed flow on 174 faces (33.9% area) of pressure-outlet 18.
   994  1.8025e-03  2.0908e-05  1.6831e-05  1.6940e-05  1:25:37 2506

 Reversed flow on 50 faces (27.5% area) of pressure-outlet 19.

 Reversed flow on 174 faces (33.9% area) of pressure-outlet 18.
   995  1.8317e-03  2.2023e-05  1.7314e-05  1.7215e-05  1:25:33 2505

 Reversed flow on 50 faces (27.5% area) of pressure-outlet 19.

 Reversed flow on 174 faces (33.9% area) of pressure-outlet 18.
   996  1.7959e-03  2.1205e-05  1.6891e-05  1.7150e-05  1:25:30 2504

 Reversed flow on 50 faces (27.5% area) of pressure-outlet 19.

 Reversed flow on 174 faces (33.9% area) of pressure-outlet 18.
   997  1.8314e-03  2.1542e-05  1.6947e-05  1.6770e-05  1:25:29 2503

 Reversed flow on 50 faces (27.5% area) of pressure-outlet 19.

 Reversed flow on 174 faces (33.9% area) of pressure-outlet 18.
   998  1.7563e-03  2.0892e-05  1.6710e-05  1.6861e-05  1:25:28 2502

 Reversed flow on 50 faces (27.5% area) of pressure-outlet 19.

 Reversed flow on 174 faces (33.9% area) of pressure-outlet 18.
   999  1.8120e-03  2.1244e-05  1.6837e-05  1.6751e-05  1:25:23 2501

 Reversed flow on 50 faces (27.5% area) of pressure-outlet 19.

 Reversed flow on 174 faces (33.9% area) of pressure-outlet 18.
  1000  1.7749e-03  2.1680e-05  1.6880e-05  1.6949e-05  1:25:21 2500

 Reversed flow on 50 faces (27.5% area) of pressure-outlet 19.

 Reversed flow on 174 faces (33.9% area) of pressure-outlet 18.
  1001  1.7955e-03  2.0900e-05  1.6651e-05  1.6753e-05  1:25:19 2499

 Reversed flow on 50 faces (27.5% area) of pressure-outlet 19.

 Reversed flow on 174 faces (33.9% area) of pressure-outlet 18.

  iter  continuity  x-velocity  y-velocity  z-velocity     time/iter
  1002  1.8210e-03  2.1613e-05  1.7113e-05  1.6953e-05  1:25:15 2498

 Reversed flow on 50 faces (27.5% area) of pressure-outlet 19.

 Reversed flow on 173 faces (33.9% area) of pressure-outlet 18.
  1003  1.7873e-03  2.0980e-05  1.6642e-05  1.6858e-05  1:25:13 2497

 Reversed flow on 50 faces (27.5% area) of pressure-outlet 19.

 Reversed flow on 173 faces (33.9% area) of pressure-outlet 18.
  1004  1.8260e-03  2.1680e-05  1.6894e-05  1.6843e-05  1:25:10 2496

 Reversed flow on 50 faces (27.5% area) of pressure-outlet 19.

 Reversed flow on 173 faces (33.9% area) of pressure-outlet 18.
  1005  1.7803e-03  2.0930e-05  1.6849e-05  1.7017e-05  1:25:12 2495

 Reversed flow on 50 faces (27.5% area) of pressure-outlet 19.

 Reversed flow on 173 faces (33.9% area) of pressure-outlet 18.
  1006  1.8265e-03  2.1036e-05  1.6909e-05  1.6639e-05  1:25:11 2494

 Reversed flow on 50 faces (27.5% area) of pressure-outlet 19.

 Reversed flow on 173 faces (33.9% area) of pressure-outlet 18.
  1007  1.7850e-03  2.1576e-05  1.6797e-05  1.7035e-05  1:25:08 2493

 Reversed flow on 50 faces (27.5% area) of pressure-outlet 19.

 Reversed flow on 173 faces (33.9% area) of pressure-outlet 18.
  1008  1.8454e-03  2.1473e-05  1.6847e-05  1.7129e-05  1:25:05 2492

 Reversed flow on 50 faces (27.5% area) of pressure-outlet 19.

 Reversed flow on 173 faces (33.9% area) of pressure-outlet 18.
  1009  1.8294e-03  2.1902e-05  1.7276e-05  1.7221e-05  1:25:07 2491

 Reversed flow on 50 faces (27.5% area) of pressure-outlet 19.

 Reversed flow on 173 faces (33.9% area) of pressure-outlet 18.
  1010  1.8117e-03  2.0869e-05  1.6720e-05  1.6915e-05  1:25:07 2490

 Reversed flow on 50 faces (27.5% area) of pressure-outlet 19.

 Reversed flow on 173 faces (33.9% area) of pressure-outlet 18.
  1011  1.9074e-03  2.2224e-05  1.7089e-05  1.7234e-05  1:25:04 2489

 Reversed flow on 50 faces (27.5% area) of pressure-outlet 19.

 Reversed flow on 173 faces (33.9% area) of pressure-outlet 18.
  1012  1.8777e-03  2.1941e-05  1.7131e-05  1.7504e-05  1:25:05 2488

 Reversed flow on 50 faces (27.5% area) of pressure-outlet 19.

 Reversed flow on 173 faces (33.9% area) of pressure-outlet 18.

  iter  continuity  x-velocity  y-velocity  z-velocity     time/iter
  1013  1.8987e-03  2.1790e-05  1.7227e-05  1.7044e-05  1:25:01 2487

 Reversed flow on 50 faces (27.5% area) of pressure-outlet 19.

 Reversed flow on 173 faces (33.9% area) of pressure-outlet 18.
  1014  1.8661e-03  2.1599e-05  1.7189e-05  1.7287e-05  1:24:57 2486

 Reversed flow on 50 faces (27.5% area) of pressure-outlet 19.

 Reversed flow on 174 faces (33.9% area) of pressure-outlet 18.
  1015  1.9799e-03  2.2145e-05  1.7430e-05  1.7590e-05  1:24:53 2485

 Reversed flow on 50 faces (27.5% area) of pressure-outlet 19.

 Reversed flow on 174 faces (33.9% area) of pressure-outlet 18.
  1016  1.9466e-03  2.2993e-05  1.8124e-05  1.8002e-05  1:21:21 2484

 Reversed flow on 50 faces (27.5% area) of pressure-outlet 19.

 Reversed flow on 173 faces (33.9% area) of pressure-outlet 18.
  1017  1.9005e-03  2.1134e-05  1.7138e-05  1.7160e-05  1:22:03 2483

 Reversed flow on 50 faces (27.5% area) of pressure-outlet 19.

 Reversed flow on 174 faces (33.9% area) of pressure-outlet 18.
  1018  1.9555e-03  2.2147e-05  1.7506e-05  1.7225e-05  1:22:33 2482

 Reversed flow on 50 faces (27.5% area) of pressure-outlet 19.

 Reversed flow on 174 faces (33.9% area) of pressure-outlet 18.
  1019  1.9166e-03  2.1796e-05  1.7571e-05  1.7544e-05  1:22:55 2481

 Reversed flow on 50 faces (27.5% area) of pressure-outlet 19.

 Reversed flow on 174 faces (33.9% area) of pressure-outlet 18.
  1020  1.9927e-03  2.2744e-05  1.8096e-05  1.7766e-05  1:23:15 2480

 Reversed flow on 50 faces (27.5% area) of pressure-outlet 19.

 Reversed flow on 174 faces (33.9% area) of pressure-outlet 18.
  1021  1.9700e-03  2.2747e-05  1.8254e-05  1.8295e-05  1:23:29 2479

 Reversed flow on 50 faces (27.5% area) of pressure-outlet 19.

 Reversed flow on 174 faces (33.9% area) of pressure-outlet 18.
  1022  2.0247e-03  2.2559e-05  1.8074e-05  1.7772e-05  1:23:39 2478

 Reversed flow on 50 faces (27.5% area) of pressure-outlet 19.

 Reversed flow on 174 faces (33.9% area) of pressure-outlet 18.
  1023  1.9617e-03  2.2816e-05  1.8169e-05  1.7853e-05  1:23:47 2477

 Reversed flow on 50 faces (27.5% area) of pressure-outlet 19.

 Reversed flow on 174 faces (33.9% area) of pressure-outlet 18.

  iter  continuity  x-velocity  y-velocity  z-velocity     time/iter
  1024  1.9705e-03  2.2373e-05  1.7805e-05  1.7903e-05  1:23:54 2476

 Reversed flow on 50 faces (27.5% area) of pressure-outlet 19.

 Reversed flow on 174 faces (33.9% area) of pressure-outlet 18.
  1025  2.0126e-03  2.3346e-05  1.8247e-05  1.7855e-05  1:20:21 2475

 Reversed flow on 50 faces (27.5% area) of pressure-outlet 19.

 Reversed flow on 174 faces (33.9% area) of pressure-outlet 18.
  1026  1.9214e-03  2.1242e-05  1.7121e-05  1.7097e-05  1:21:08 2474

 Reversed flow on 50 faces (27.5% area) of pressure-outlet 19.

 Reversed flow on 173 faces (33.9% area) of pressure-outlet 18.
  1027  1.9483e-03  2.2081e-05  1.7562e-05  1.7157e-05  1:21:48 2473

 Reversed flow on 50 faces (27.5% area) of pressure-outlet 19.

 Reversed flow on 173 faces (33.9% area) of pressure-outlet 18.
  1028  1.8725e-03  2.2070e-05  1.7354e-05  1.7452e-05  1:22:18 2472

 Reversed flow on 50 faces (27.5% area) of pressure-outlet 19.

 Reversed flow on 174 faces (33.9% area) of pressure-outlet 18.
  1029  1.9467e-03  2.2054e-05  1.7468e-05  1.7343e-05  1:22:42 2471

 Reversed flow on 50 faces (27.5% area) of pressure-outlet 19.

 Reversed flow on 174 faces (33.9% area) of pressure-outlet 18.
  1030  1.9076e-03  2.1993e-05  1.7830e-05  1.7628e-05  1:23:00 2470

 Reversed flow on 50 faces (27.5% area) of pressure-outlet 19.

 Reversed flow on 173 faces (33.9% area) of pressure-outlet 18.
  1031  1.9069e-03  2.1596e-05  1.7331e-05  1.7318e-05  1:23:13 2469

 Reversed flow on 50 faces (27.5% area) of pressure-outlet 19.

 Reversed flow on 173 faces (33.9% area) of pressure-outlet 18.
  1032  1.8799e-03  2.2385e-05  1.7536e-05  1.7277e-05  1:23:23 2468

 Reversed flow on 50 faces (27.5% area) of pressure-outlet 19.

 Reversed flow on 173 faces (33.9% area) of pressure-outlet 18.
  1033  1.8595e-03  2.1291e-05  1.7305e-05  1.7516e-05  1:23:29 2467

 Reversed flow on 50 faces (27.5% area) of pressure-outlet 19.

 Reversed flow on 173 faces (33.9% area) of pressure-outlet 18.
  1034  1.9313e-03  2.2240e-05  1.7876e-05  1.7447e-05  1:23:36 2466

 Reversed flow on 50 faces (27.5% area) of pressure-outlet 19.

 Reversed flow on 173 faces (33.9% area) of pressure-outlet 18.

  iter  continuity  x-velocity  y-velocity  z-velocity     time/iter
  1035  1.8496e-03  2.1878e-05  1.7345e-05  1.7417e-05  1:23:43 2465

 Reversed flow on 50 faces (27.5% area) of pressure-outlet 19.

 Reversed flow on 173 faces (33.9% area) of pressure-outlet 18.
  1036  1.8730e-03  2.1870e-05  1.7230e-05  1.7216e-05  1:23:46 2464

 Reversed flow on 50 faces (27.5% area) of pressure-outlet 19.

 Reversed flow on 173 faces (33.9% area) of pressure-outlet 18.
  1037  1.8383e-03  2.1996e-05  1.7725e-05  1.7581e-05  1:23:48 2463

 Reversed flow on 50 faces (27.5% area) of pressure-outlet 19.

 Reversed flow on 173 faces (33.9% area) of pressure-outlet 18.
  1038  1.8843e-03  2.1620e-05  1.7347e-05  1.7202e-05  1:23:48 2462

 Reversed flow on 50 faces (27.5% area) of pressure-outlet 19.

 Reversed flow on 173 faces (33.9% area) of pressure-outlet 18.
  1039  1.8362e-03  2.2126e-05  1.7263e-05  1.7090e-05  1:23:49 2461

 Reversed flow on 50 faces (27.5% area) of pressure-outlet 19.

 Reversed flow on 173 faces (33.9% area) of pressure-outlet 18.
  1040  1.8082e-03  2.1122e-05  1.6954e-05  1.7268e-05  1:23:48 2460

 Reversed flow on 50 faces (27.5% area) of pressure-outlet 19.

 Reversed flow on 173 faces (33.9% area) of pressure-outlet 18.
  1041  1.8784e-03  2.2231e-05  1.7680e-05  1.7289e-05  1:23:49 2459

 Reversed flow on 50 faces (27.5% area) of pressure-outlet 19.

 Reversed flow on 173 faces (33.9% area) of pressure-outlet 18.
  1042  1.8228e-03  2.1628e-05  1.7134e-05  1.7244e-05  1:23:47 2458

 Reversed flow on 50 faces (27.5% area) of pressure-outlet 19.

 Reversed flow on 173 faces (33.9% area) of pressure-outlet 18.
  1043  1.8428e-03  2.1633e-05  1.6941e-05  1.6950e-05  1:23:45 2457

 Reversed flow on 50 faces (27.5% area) of pressure-outlet 19.

 Reversed flow on 173 faces (33.9% area) of pressure-outlet 18.
  1044  1.7954e-03  2.1722e-05  1.7407e-05  1.7342e-05  1:23:45 2456

 Reversed flow on 50 faces (27.5% area) of pressure-outlet 19.

 Reversed flow on 173 faces (33.9% area) of pressure-outlet 18.
  1045  1.8441e-03  2.1400e-05  1.7122e-05  1.6999e-05  1:23:43 2455

 Reversed flow on 50 faces (27.5% area) of pressure-outlet 19.

 Reversed flow on 173 faces (33.9% area) of pressure-outlet 18.

  iter  continuity  x-velocity  y-velocity  z-velocity     time/iter
  1046  1.8091e-03  2.1953e-05  1.7060e-05  1.7031e-05  1:23:44 2454

 Reversed flow on 50 faces (27.5% area) of pressure-outlet 19.

 Reversed flow on 174 faces (33.9% area) of pressure-outlet 18.
  1047  1.8019e-03  2.1163e-05  1.6857e-05  1.7195e-05  1:23:44 2453

 Reversed flow on 50 faces (27.5% area) of pressure-outlet 19.

 Reversed flow on 174 faces (33.9% area) of pressure-outlet 18.
  1048  1.8485e-03  2.2078e-05  1.7462e-05  1.7210e-05  1:23:42 2452

 Reversed flow on 50 faces (27.5% area) of pressure-outlet 19.

 Reversed flow on 173 faces (33.9% area) of pressure-outlet 18.
  1049  1.7945e-03  2.1314e-05  1.6909e-05  1.7101e-05  1:23:43 2451

 Reversed flow on 50 faces (27.5% area) of pressure-outlet 19.

 Reversed flow on 174 faces (33.9% area) of pressure-outlet 18.
  1050  1.8584e-03  2.1799e-05  1.6993e-05  1.7044e-05  1:23:41 2450

 Reversed flow on 50 faces (27.5% area) of pressure-outlet 19.

 Reversed flow on 174 faces (33.9% area) of pressure-outlet 18.
  1051  1.7818e-03  2.1767e-05  1.7251e-05  1.7322e-05  1:23:38 2449

 Reversed flow on 50 faces (27.5% area) of pressure-outlet 19.

 Reversed flow on 173 faces (33.9% area) of pressure-outlet 18.
  1052  1.8096e-03  2.1122e-05  1.6935e-05  1.6866e-05  1:23:36 2448

 Reversed flow on 50 faces (27.5% area) of pressure-outlet 19.

 Reversed flow on 173 faces (33.9% area) of pressure-outlet 18.
  1053  1.8008e-03  2.1636e-05  1.6982e-05  1.6997e-05  1:23:32 2447

 Reversed flow on 50 faces (27.5% area) of pressure-outlet 19.

 Reversed flow on 174 faces (33.9% area) of pressure-outlet 18.
  1054  1.8231e-03  2.1129e-05  1.6853e-05  1.7165e-05  1:23:30 2446

 Reversed flow on 50 faces (27.5% area) of pressure-outlet 19.

 Reversed flow on 174 faces (33.9% area) of pressure-outlet 18.
  1055  1.8431e-03  2.2073e-05  1.7424e-05  1.7251e-05  1:23:27 2445

 Reversed flow on 50 faces (27.5% area) of pressure-outlet 19.

 Reversed flow on 174 faces (33.9% area) of pressure-outlet 18.
  1056  1.7956e-03  2.1025e-05  1.6926e-05  1.7156e-05  1:23:23 2444

 Reversed flow on 50 faces (27.5% area) of pressure-outlet 19.

 Reversed flow on 174 faces (33.9% area) of pressure-outlet 18.

  iter  continuity  x-velocity  y-velocity  z-velocity     time/iter
  1057  1.8562e-03  2.1452e-05  1.6984e-05  1.6928e-05  1:23:23 2443

 Reversed flow on 50 faces (27.5% area) of pressure-outlet 19.

 Reversed flow on 174 faces (33.9% area) of pressure-outlet 18.
  1058  1.7827e-03  2.1502e-05  1.7146e-05  1.7221e-05  1:23:24 2442

 Reversed flow on 50 faces (27.5% area) of pressure-outlet 19.

 Reversed flow on 174 faces (33.9% area) of pressure-outlet 18.
  1059  1.8201e-03  2.1266e-05  1.7032e-05  1.6974e-05  1:23:21 2441

 Reversed flow on 50 faces (27.5% area) of pressure-outlet 19.

 Reversed flow on 174 faces (33.9% area) of pressure-outlet 18.
  1060  1.7896e-03  2.1566e-05  1.7041e-05  1.6992e-05  1:26:07 2440

 Reversed flow on 50 faces (27.5% area) of pressure-outlet 19.

 Reversed flow on 174 faces (33.9% area) of pressure-outlet 18.
  1061  1.7927e-03  2.0794e-05  1.6721e-05  1.6858e-05  1:25:36 2439

 Reversed flow on 50 faces (27.5% area) of pressure-outlet 19.

 Reversed flow on 174 faces (33.9% area) of pressure-outlet 18.
  1062  1.8300e-03  2.1912e-05  1.7174e-05  1.7078e-05  1:25:05 2438

 Reversed flow on 50 faces (27.5% area) of pressure-outlet 19.

 Reversed flow on 174 faces (33.9% area) of pressure-outlet 18.
  1063  1.7896e-03  2.1244e-05  1.6796e-05  1.7089e-05  1:24:40 2437

 Reversed flow on 50 faces (27.5% area) of pressure-outlet 19.

 Reversed flow on 174 faces (33.9% area) of pressure-outlet 18.
  1064  1.8273e-03  2.1488e-05  1.6852e-05  1.6676e-05  1:24:20 2436

 Reversed flow on 50 faces (27.5% area) of pressure-outlet 19.

 Reversed flow on 174 faces (33.9% area) of pressure-outlet 18.
  1065  1.7535e-03  2.0797e-05  1.6674e-05  1.6767e-05  1:24:05 2435

 Reversed flow on 50 faces (27.5% area) of pressure-outlet 19.

 Reversed flow on 173 faces (33.9% area) of pressure-outlet 18.
  1066  1.8085e-03  2.1047e-05  1.6748e-05  1.6676e-05  1:23:50 2434

 Reversed flow on 50 faces (27.5% area) of pressure-outlet 19.

 Reversed flow on 173 faces (33.9% area) of pressure-outlet 18.
  1067  1.7767e-03  2.1733e-05  1.6853e-05  1.6927e-05  1:23:40 2433

 Reversed flow on 50 faces (27.5% area) of pressure-outlet 19.

 Reversed flow on 174 faces (33.9% area) of pressure-outlet 18.

  iter  continuity  x-velocity  y-velocity  z-velocity     time/iter
  1068  1.8020e-03  2.0870e-05  1.6683e-05  1.6837e-05  1:23:32 2432

 Reversed flow on 50 faces (27.5% area) of pressure-outlet 19.

 Reversed flow on 174 faces (33.9% area) of pressure-outlet 18.
  1069  1.8253e-03  2.1577e-05  1.7156e-05  1.6949e-05  1:23:24 2431

 Reversed flow on 50 faces (27.5% area) of pressure-outlet 19.

 Reversed flow on 173 faces (33.9% area) of pressure-outlet 18.
  1070  1.7867e-03  2.0993e-05  1.6709e-05  1.6893e-05  1:23:20 2430

 Reversed flow on 50 faces (27.5% area) of pressure-outlet 19.

 Reversed flow on 173 faces (33.9% area) of pressure-outlet 18.
  1071  1.8452e-03  2.1764e-05  1.6944e-05  1.6987e-05  1:23:14 2429

 Reversed flow on 50 faces (27.5% area) of pressure-outlet 19.

 Reversed flow on 173 faces (33.9% area) of pressure-outlet 18.
  1072  1.7914e-03  2.1206e-05  1.6995e-05  1.7178e-05  1:23:07 2428

 Reversed flow on 50 faces (27.5% area) of pressure-outlet 19.

 Reversed flow on 173 faces (33.9% area) of pressure-outlet 18.
  1073  1.8324e-03  2.1063e-05  1.6939e-05  1.6690e-05  1:23:01 2427

 Reversed flow on 50 faces (27.5% area) of pressure-outlet 19.

 Reversed flow on 173 faces (33.9% area) of pressure-outlet 18.
  1074  1.8018e-03  2.1634e-05  1.6828e-05  1.7037e-05  1:22:58 2426

 Reversed flow on 50 faces (27.5% area) of pressure-outlet 19.

 Reversed flow on 173 faces (33.9% area) of pressure-outlet 18.
  1075  1.8664e-03  2.1622e-05  1.6866e-05  1.7248e-05  1:22:55 2425

 Reversed flow on 50 faces (27.5% area) of pressure-outlet 19.

 Reversed flow on 173 faces (33.9% area) of pressure-outlet 18.
  1076  1.8590e-03  2.2212e-05  1.7353e-05  1.7323e-05  1:22:51 2424

 Reversed flow on 50 faces (27.5% area) of pressure-outlet 19.

 Reversed flow on 173 faces (33.9% area) of pressure-outlet 18.
  1077  1.8400e-03  2.1032e-05  1.6818e-05  1.7036e-05  1:22:49 2423

 Reversed flow on 50 faces (27.5% area) of pressure-outlet 19.

 Reversed flow on 173 faces (33.9% area) of pressure-outlet 18.
  1078  1.9446e-03  2.2334e-05  1.7268e-05  1.7352e-05  1:22:45 2422

 Reversed flow on 50 faces (27.5% area) of pressure-outlet 19.

 Reversed flow on 173 faces (33.9% area) of pressure-outlet 18.

  iter  continuity  x-velocity  y-velocity  z-velocity     time/iter
  1079  1.9143e-03  2.2206e-05  1.7439e-05  1.7699e-05  1:22:42 2421

 Reversed flow on 50 faces (27.5% area) of pressure-outlet 19.

 Reversed flow on 173 faces (33.9% area) of pressure-outlet 18.
  1080  1.9341e-03  2.2056e-05  1.7562e-05  1.7337e-05  1:22:39 2420

 Reversed flow on 50 faces (27.5% area) of pressure-outlet 19.

 Reversed flow on 173 faces (33.9% area) of pressure-outlet 18.
  1081  1.9066e-03  2.1929e-05  1.7570e-05  1.7604e-05  1:22:34 2419

 Reversed flow on 50 faces (27.5% area) of pressure-outlet 19.

 Reversed flow on 174 faces (33.9% area) of pressure-outlet 18.
  1082  1.9931e-03  2.2241e-05  1.7786e-05  1.7745e-05  1:22:31 2418

 Reversed flow on 50 faces (27.5% area) of pressure-outlet 19.

 Reversed flow on 174 faces (33.9% area) of pressure-outlet 18.
  1083  1.9826e-03  2.3260e-05  1.8440e-05  1.8215e-05  1:18:57 2417

 Reversed flow on 50 faces (27.5% area) of pressure-outlet 19.

 Reversed flow on 174 faces (33.9% area) of pressure-outlet 18.
  1084  1.9338e-03  2.1503e-05  1.7396e-05  1.7471e-05  1:19:37 2416

 Reversed flow on 50 faces (27.5% area) of pressure-outlet 19.

 Reversed flow on 174 faces (33.9% area) of pressure-outlet 18.
  1085  1.9731e-03  2.2299e-05  1.7673e-05  1.7373e-05  1:16:36 2415

 Reversed flow on 50 faces (27.5% area) of pressure-outlet 19.

 Reversed flow on 174 faces (33.9% area) of pressure-outlet 18.
  1086  1.8688e-03  2.0930e-05  1.6779e-05  1.6767e-05  1:17:44 2414

 Reversed flow on 50 faces (27.5% area) of pressure-outlet 19.

 Reversed flow on 174 faces (33.9% area) of pressure-outlet 18.
  1087  1.9310e-03  2.2024e-05  1.7413e-05  1.7192e-05  1:18:38 2413

 Reversed flow on 50 faces (27.5% area) of pressure-outlet 19.

 Reversed flow on 174 faces (33.9% area) of pressure-outlet 18.
  1088  1.9129e-03  2.2204e-05  1.7584e-05  1.7653e-05  1:19:21 2412

 Reversed flow on 50 faces (27.5% area) of pressure-outlet 19.

 Reversed flow on 174 faces (33.9% area) of pressure-outlet 18.
  1089  1.9727e-03  2.1978e-05  1.7549e-05  1.7217e-05  1:19:54 2411

 Reversed flow on 50 faces (27.5% area) of pressure-outlet 19.

 Reversed flow on 174 faces (33.9% area) of pressure-outlet 18.

  iter  continuity  x-velocity  y-velocity  z-velocity     time/iter
  1090  1.9212e-03  2.2154e-05  1.7679e-05  1.7418e-05  1:16:47 2410

 Reversed flow on 50 faces (27.5% area) of pressure-outlet 19.

 Reversed flow on 174 faces (33.9% area) of pressure-outlet 18.
  1091  1.8773e-03  2.1067e-05  1.6719e-05  1.6856e-05  1:17:51 2409

 Reversed flow on 50 faces (27.5% area) of pressure-outlet 19.

 Reversed flow on 174 faces (33.9% area) of pressure-outlet 18.
  1092  1.9086e-03  2.2205e-05  1.7332e-05  1.7057e-05  1:15:09 2408

 Reversed flow on 50 faces (27.5% area) of pressure-outlet 19.

 Reversed flow on 174 faces (33.9% area) of pressure-outlet 18.
  1093  1.8153e-03  2.0167e-05  1.6295e-05  1.6395e-05  1:16:32 2407

 Reversed flow on 50 faces (27.5% area) of pressure-outlet 19.

 Reversed flow on 173 faces (33.9% area) of pressure-outlet 18.
  1094  1.8724e-03  2.1193e-05  1.6888e-05  1.6554e-05  1:17:39 2406

 Reversed flow on 50 faces (27.5% area) of pressure-outlet 19.

 Reversed flow on 173 faces (33.9% area) of pressure-outlet 18.
  1095  1.8117e-03  2.1379e-05  1.6813e-05  1.6938e-05  1:18:31 2405

 Reversed flow on 50 faces (27.5% area) of pressure-outlet 19.

 Reversed flow on 173 faces (33.9% area) of pressure-outlet 18.
  1096  1.8664e-03  2.1306e-05  1.6915e-05  1.6875e-05  1:19:10 2404

 Reversed flow on 50 faces (27.5% area) of pressure-outlet 19.

 Reversed flow on 173 faces (33.9% area) of pressure-outlet 18.
  1097  1.8483e-03  2.1538e-05  1.7454e-05  1.7279e-05  1:19:44 2403

 Reversed flow on 50 faces (27.5% area) of pressure-outlet 19.

 Reversed flow on 173 faces (33.9% area) of pressure-outlet 18.
  1098  1.8619e-03  2.1099e-05  1.6978e-05  1.6927e-05  1:20:11 2402

 Reversed flow on 50 faces (27.5% area) of pressure-outlet 19.

 Reversed flow on 173 faces (33.9% area) of pressure-outlet 18.
  1099  1.8361e-03  2.1886e-05  1.7121e-05  1.6893e-05  1:20:32 2401

 Reversed flow on 50 faces (27.5% area) of pressure-outlet 19.

 Reversed flow on 173 faces (33.9% area) of pressure-outlet 18.
  1100  1.8090e-03  2.0878e-05  1.6916e-05  1.7166e-05  1:20:46 2400

 Reversed flow on 50 faces (27.5% area) of pressure-outlet 19.

 Reversed flow on 173 faces (33.9% area) of pressure-outlet 18.

  iter  continuity  x-velocity  y-velocity  z-velocity     time/iter
  1101  1.8871e-03  2.1876e-05  1.7537e-05  1.7096e-05  1:20:58 2399

 Reversed flow on 50 faces (27.5% area) of pressure-outlet 19.

 Reversed flow on 173 faces (33.9% area) of pressure-outlet 18.
  1102  1.8087e-03  2.1491e-05  1.7013e-05  1.7072e-05  1:21:08 2398

 Reversed flow on 50 faces (27.5% area) of pressure-outlet 19.

 Reversed flow on 173 faces (33.9% area) of pressure-outlet 18.
  1103  1.8354e-03  2.1460e-05  1.6880e-05  1.6885e-05  1:21:16 2397

 Reversed flow on 50 faces (27.5% area) of pressure-outlet 19.

 Reversed flow on 173 faces (33.9% area) of pressure-outlet 18.
  1104  1.8045e-03  2.1710e-05  1.7428e-05  1.7288e-05  1:21:21 2396

 Reversed flow on 50 faces (27.5% area) of pressure-outlet 19.

 Reversed flow on 173 faces (33.9% area) of pressure-outlet 18.
  1105  1.8452e-03  2.1259e-05  1.7038e-05  1.6925e-05  1:21:26 2395

 Reversed flow on 50 faces (27.5% area) of pressure-outlet 19.

 Reversed flow on 173 faces (33.9% area) of pressure-outlet 18.
  1106  1.8051e-03  2.1761e-05  1.6968e-05  1.6809e-05  1:21:27 2394

 Reversed flow on 50 faces (27.5% area) of pressure-outlet 19.

 Reversed flow on 173 faces (33.9% area) of pressure-outlet 18.
  1107  1.7778e-03  2.0791e-05  1.6686e-05  1.7018e-05  1:21:28 2393

 Reversed flow on 50 faces (27.5% area) of pressure-outlet 19.

 Reversed flow on 173 faces (33.9% area) of pressure-outlet 18.
  1108  1.8470e-03  2.1886e-05  1.7404e-05  1.7043e-05  1:21:29 2392

 Reversed flow on 50 faces (27.5% area) of pressure-outlet 19.

 Reversed flow on 173 faces (33.9% area) of pressure-outlet 18.
  1109  1.7895e-03  2.1349e-05  1.6884e-05  1.7018e-05  1:21:30 2391

 Reversed flow on 50 faces (27.5% area) of pressure-outlet 19.

 Reversed flow on 174 faces (33.9% area) of pressure-outlet 18.
  1110  1.8194e-03  2.1451e-05  1.6773e-05  1.6817e-05  1:21:30 2390

 Reversed flow on 50 faces (27.5% area) of pressure-outlet 19.

 Reversed flow on 174 faces (33.9% area) of pressure-outlet 18.
  1111  1.7767e-03  2.1600e-05  1.7248e-05  1.7190e-05  1:21:27 2389

 Reversed flow on 50 faces (27.5% area) of pressure-outlet 19.

 Reversed flow on 173 faces (33.9% area) of pressure-outlet 18.

  iter  continuity  x-velocity  y-velocity  z-velocity     time/iter
  1112  1.8200e-03  2.1156e-05  1.6906e-05  1.6836e-05  1:21:28 2388

 Reversed flow on 50 faces (27.5% area) of pressure-outlet 19.

 Reversed flow on 173 faces (33.9% area) of pressure-outlet 18.
  1113  1.7956e-03  2.1794e-05  1.6919e-05  1.6896e-05  1:21:26 2387

 Reversed flow on 50 faces (27.5% area) of pressure-outlet 19.

 Reversed flow on 174 faces (33.9% area) of pressure-outlet 18.
  1114  1.7809e-03  2.1011e-05  1.6716e-05  1.7080e-05  1:21:23 2386

 Reversed flow on 50 faces (27.5% area) of pressure-outlet 19.

 Reversed flow on 174 faces (33.9% area) of pressure-outlet 18.
  1115  1.8300e-03  2.1872e-05  1.7317e-05  1.7073e-05  1:21:22 2385

 Reversed flow on 50 faces (27.5% area) of pressure-outlet 19.

 Reversed flow on 173 faces (33.9% area) of pressure-outlet 18.
  1116  1.7782e-03  2.1155e-05  1.6797e-05  1.7004e-05  1:21:21 2384

 Reversed flow on 50 faces (27.5% area) of pressure-outlet 19.

 Reversed flow on 174 faces (33.9% area) of pressure-outlet 18.
  1117  1.8376e-03  2.1602e-05  1.6859e-05  1.6935e-05  1:21:19 2383

 Reversed flow on 50 faces (27.5% area) of pressure-outlet 19.

 Reversed flow on 174 faces (33.9% area) of pressure-outlet 18.
  1118  1.7710e-03  2.1656e-05  1.7156e-05  1.7218e-05  1:21:18 2382

 Reversed flow on 50 faces (27.5% area) of pressure-outlet 19.

 Reversed flow on 173 faces (33.9% area) of pressure-outlet 18.
  1119  1.7978e-03  2.0979e-05  1.6830e-05  1.6820e-05  1:21:14 2381

 Reversed flow on 50 faces (27.5% area) of pressure-outlet 19.

 Reversed flow on 173 faces (33.9% area) of pressure-outlet 18.
  1120  1.8016e-03  2.1545e-05  1.6938e-05  1.6907e-05  1:21:12 2380

 Reversed flow on 50 faces (27.5% area) of pressure-outlet 19.

 Reversed flow on 174 faces (33.9% area) of pressure-outlet 18.
  1121  1.8090e-03  2.1007e-05  1.6760e-05  1.7082e-05  1:21:11 2379

 Reversed flow on 50 faces (27.5% area) of pressure-outlet 19.

 Reversed flow on 174 faces (33.9% area) of pressure-outlet 18.
  1122  1.8364e-03  2.1958e-05  1.7354e-05  1.7170e-05  1:21:09 2378

 Reversed flow on 50 faces (27.5% area) of pressure-outlet 19.

 Reversed flow on 174 faces (33.9% area) of pressure-outlet 18.

  iter  continuity  x-velocity  y-velocity  z-velocity     time/iter
  1123  1.7938e-03  2.1039e-05  1.6935e-05  1.7151e-05  1:21:08 2377

 Reversed flow on 50 faces (27.5% area) of pressure-outlet 19.

 Reversed flow on 174 faces (33.9% area) of pressure-outlet 18.
  1124  1.8468e-03  2.1390e-05  1.6939e-05  1.6890e-05  1:21:06 2376

 Reversed flow on 50 faces (27.5% area) of pressure-outlet 19.

 Reversed flow on 174 faces (33.9% area) of pressure-outlet 18.
  1125  1.7858e-03  2.1540e-05  1.7173e-05  1.7205e-05  1:21:04 2375

 Reversed flow on 50 faces (27.5% area) of pressure-outlet 19.

 Reversed flow on 174 faces (33.9% area) of pressure-outlet 18.
  1126  1.8159e-03  2.1248e-05  1.7002e-05  1.6965e-05  1:21:03 2374

 Reversed flow on 50 faces (27.5% area) of pressure-outlet 19.

 Reversed flow on 174 faces (33.9% area) of pressure-outlet 18.
  1127  1.7939e-03  2.1696e-05  1.7092e-05  1.7020e-05  1:21:04 2373

 Reversed flow on 50 faces (27.5% area) of pressure-outlet 19.

 Reversed flow on 174 faces (33.9% area) of pressure-outlet 18.
  1128  1.7963e-03  2.0832e-05  1.6733e-05  1.6881e-05  1:21:01 2372

 Reversed flow on 50 faces (27.5% area) of pressure-outlet 19.

 Reversed flow on 174 faces (33.9% area) of pressure-outlet 18.
  1129  1.8350e-03  2.1936e-05  1.7183e-05  1.7055e-05  1:20:58 2371

 Reversed flow on 50 faces (27.5% area) of pressure-outlet 19.

 Reversed flow on 174 faces (33.9% area) of pressure-outlet 18.
  1130  1.7906e-03  2.1348e-05  1.6823e-05  1.7126e-05  1:20:58 2370

 Reversed flow on 50 faces (27.5% area) of pressure-outlet 19.

 Reversed flow on 174 faces (33.9% area) of pressure-outlet 18.
  1131  1.8303e-03  2.1486e-05  1.6839e-05  1.6687e-05  1:20:54 2369

 Reversed flow on 50 faces (27.5% area) of pressure-outlet 19.

 Reversed flow on 174 faces (33.9% area) of pressure-outlet 18.
  1132  1.7589e-03  2.0830e-05  1.6721e-05  1.6776e-05  1:20:50 2368

 Reversed flow on 50 faces (27.5% area) of pressure-outlet 19.

 Reversed flow on 173 faces (33.9% area) of pressure-outlet 18.
  1133  1.8079e-03  2.0989e-05  1.6739e-05  1.6669e-05  1:20:47 2367

 Reversed flow on 50 faces (27.5% area) of pressure-outlet 19.

 Reversed flow on 173 faces (33.9% area) of pressure-outlet 18.

  iter  continuity  x-velocity  y-velocity  z-velocity     time/iter
  1134  1.7725e-03  2.1699e-05  1.6854e-05  1.6917e-05  1:20:41 2366

 Reversed flow on 50 faces (27.5% area) of pressure-outlet 19.

 Reversed flow on 174 faces (33.9% area) of pressure-outlet 18.
  1135  1.7996e-03  2.0869e-05  1.6706e-05  1.6895e-05  1:20:40 2365

 Reversed flow on 50 faces (27.5% area) of pressure-outlet 19.

 Reversed flow on 174 faces (33.9% area) of pressure-outlet 18.
  1136  1.8297e-03  2.1573e-05  1.7175e-05  1.6952e-05  1:20:39 2364

 Reversed flow on 50 faces (27.5% area) of pressure-outlet 19.

 Reversed flow on 173 faces (33.9% area) of pressure-outlet 18.
  1137  1.7821e-03  2.1001e-05  1.6716e-05  1.6922e-05  1:20:36 2363

 Reversed flow on 50 faces (27.5% area) of pressure-outlet 19.

 Reversed flow on 173 faces (33.9% area) of pressure-outlet 18.
  1138  1.8511e-03  2.1741e-05  1.6917e-05  1.6983e-05  1:20:34 2362

 Reversed flow on 50 faces (27.5% area) of pressure-outlet 19.

 Reversed flow on 173 faces (33.9% area) of pressure-outlet 18.
  1139  1.7922e-03  2.1298e-05  1.7024e-05  1.7202e-05  1:20:32 2361

 Reversed flow on 50 faces (27.5% area) of pressure-outlet 19.

 Reversed flow on 173 faces (33.9% area) of pressure-outlet 18.
  1140  1.8306e-03  2.1050e-05  1.6909e-05  1.6690e-05  1:20:30 2360

 Reversed flow on 50 faces (27.5% area) of pressure-outlet 19.

 Reversed flow on 173 faces (33.9% area) of pressure-outlet 18.
  1141  1.8103e-03  2.1699e-05  1.6864e-05  1.7043e-05  1:20:28 2359

 Reversed flow on 50 faces (27.5% area) of pressure-outlet 19.

 Reversed flow on 173 faces (33.9% area) of pressure-outlet 18.
  1142  1.8715e-03  2.1600e-05  1.6849e-05  1.7243e-05  1:20:27 2358

 Reversed flow on 50 faces (27.5% area) of pressure-outlet 19.

 Reversed flow on 173 faces (33.9% area) of pressure-outlet 18.
  1143  1.8633e-03  2.2237e-05  1.7350e-05  1.7303e-05  1:20:25 2357

 Reversed flow on 50 faces (27.5% area) of pressure-outlet 19.

 Reversed flow on 173 faces (33.9% area) of pressure-outlet 18.
  1144  1.8442e-03  2.1044e-05  1.6846e-05  1.7070e-05  1:20:22 2356

 Reversed flow on 50 faces (27.5% area) of pressure-outlet 19.

 Reversed flow on 173 faces (33.9% area) of pressure-outlet 18.

  iter  continuity  x-velocity  y-velocity  z-velocity     time/iter
  1145  1.9467e-03  2.2239e-05  1.7260e-05  1.7317e-05  1:20:21 2355

 Reversed flow on 50 faces (27.5% area) of pressure-outlet 19.

 Reversed flow on 174 faces (33.9% area) of pressure-outlet 18.
  1146  1.9085e-03  2.2156e-05  1.7476e-05  1.7683e-05  1:20:19 2354

 Reversed flow on 50 faces (27.5% area) of pressure-outlet 19.

 Reversed flow on 173 faces (33.9% area) of pressure-outlet 18.
  1147  1.9329e-03  2.2032e-05  1.7586e-05  1.7358e-05  1:20:17 2353

 Reversed flow on 50 faces (27.5% area) of pressure-outlet 19.

 Reversed flow on 173 faces (33.9% area) of pressure-outlet 18.
  1148  1.9068e-03  2.1938e-05  1.7594e-05  1.7597e-05  1:20:14 2352

 Reversed flow on 50 faces (27.5% area) of pressure-outlet 19.

 Reversed flow on 174 faces (33.9% area) of pressure-outlet 18.
  1149  1.9803e-03  2.2132e-05  1.7778e-05  1.7704e-05  1:20:13 2351

 Reversed flow on 50 faces (27.5% area) of pressure-outlet 19.

 Reversed flow on 174 faces (33.9% area) of pressure-outlet 18.
  1150  1.9730e-03  2.3133e-05  1.8337e-05  1.8098e-05  1:16:44 2350

 Reversed flow on 50 faces (27.5% area) of pressure-outlet 19.

 Reversed flow on 174 faces (33.9% area) of pressure-outlet 18.
  1151  1.9236e-03  2.1494e-05  1.7361e-05  1.7458e-05  1:17:23 2349

 Reversed flow on 50 faces (27.5% area) of pressure-outlet 19.

 Reversed flow on 174 faces (33.9% area) of pressure-outlet 18.
  1152  1.9754e-03  2.2304e-05  1.7674e-05  1.7376e-05  1:17:55 2348

 Reversed flow on 50 faces (27.5% area) of pressure-outlet 19.

 Reversed flow on 174 faces (33.9% area) of pressure-outlet 18.
  1153  1.8974e-03  2.1546e-05  1.7352e-05  1.7327e-05  1:18:20 2347

 Reversed flow on 50 faces (27.5% area) of pressure-outlet 19.

 Reversed flow on 174 faces (33.9% area) of pressure-outlet 18.
  1154  1.9488e-03  2.2342e-05  1.7652e-05  1.7446e-05  1:18:45 2346

 Reversed flow on 50 faces (27.5% area) of pressure-outlet 19.

 Reversed flow on 174 faces (33.9% area) of pressure-outlet 18.
  1155  1.9368e-03  2.2680e-05  1.7931e-05  1.7936e-05  1:18:59 2345

 Reversed flow on 50 faces (27.5% area) of pressure-outlet 19.

 Reversed flow on 174 faces (33.9% area) of pressure-outlet 18.

  iter  continuity  x-velocity  y-velocity  z-velocity     time/iter
  1156  1.9774e-03  2.2187e-05  1.7749e-05  1.7490e-05  1:19:09 2344

 Reversed flow on 50 faces (27.5% area) of pressure-outlet 19.

 Reversed flow on 174 faces (33.9% area) of pressure-outlet 18.
  1157  1.9361e-03  2.2339e-05  1.7823e-05  1.7522e-05  1:15:55 2343

 Reversed flow on 50 faces (27.5% area) of pressure-outlet 19.

 Reversed flow on 173 faces (33.9% area) of pressure-outlet 18.
  1158  1.8732e-03  2.1103e-05  1.6754e-05  1.6909e-05  1:16:41 2342

 Reversed flow on 50 faces (27.5% area) of pressure-outlet 19.

 Reversed flow on 173 faces (33.9% area) of pressure-outlet 18.
  1159  1.9180e-03  2.2298e-05  1.7419e-05  1.7172e-05  1:17:17 2341

 Reversed flow on 50 faces (27.5% area) of pressure-outlet 19.

 Reversed flow on 174 faces (33.9% area) of pressure-outlet 18.
  1160  1.8541e-03  2.0888e-05  1.6952e-05  1.7089e-05  1:17:50 2340

 Reversed flow on 50 faces (27.5% area) of pressure-outlet 19.

 Reversed flow on 173 faces (33.9% area) of pressure-outlet 18.
  1161  1.8966e-03  2.1592e-05  1.7261e-05  1.6937e-05  1:18:19 2339

 Reversed flow on 50 faces (27.5% area) of pressure-outlet 19.

 Reversed flow on 173 faces (33.9% area) of pressure-outlet 18.
  1162  1.8411e-03  2.1842e-05  1.7202e-05  1.7305e-05  1:18:34 2338

 Reversed flow on 50 faces (27.5% area) of pressure-outlet 19.

 Reversed flow on 173 faces (33.9% area) of pressure-outlet 18.
  1163  1.8884e-03  2.1607e-05  1.7212e-05  1.7197e-05  1:18:47 2337

 Reversed flow on 50 faces (27.5% area) of pressure-outlet 19.

 Reversed flow on 173 faces (33.9% area) of pressure-outlet 18.
  1164  1.8513e-03  2.1742e-05  1.7572e-05  1.7387e-05  1:18:56 2336

 Reversed flow on 50 faces (27.5% area) of pressure-outlet 19.

 Reversed flow on 173 faces (33.9% area) of pressure-outlet 18.
  1165  1.8496e-03  2.1146e-05  1.7009e-05  1.7013e-05  1:19:04 2335

 Reversed flow on 50 faces (27.5% area) of pressure-outlet 19.

 Reversed flow on 173 faces (33.9% area) of pressure-outlet 18.
  1166  1.8561e-03  2.2024e-05  1.7232e-05  1.6985e-05  1:19:08 2334

 Reversed flow on 50 faces (27.5% area) of pressure-outlet 19.

 Reversed flow on 173 faces (33.9% area) of pressure-outlet 18.

  iter  continuity  x-velocity  y-velocity  z-velocity     time/iter
  1167  1.8075e-03  2.1048e-05  1.7037e-05  1.7265e-05  1:19:12 2333

 Reversed flow on 50 faces (27.5% area) of pressure-outlet 19.

 Reversed flow on 173 faces (33.9% area) of pressure-outlet 18.
  1168  1.8781e-03  2.1897e-05  1.7527e-05  1.7088e-05  1:19:15 2332

 Reversed flow on 50 faces (27.5% area) of pressure-outlet 19.

 Reversed flow on 173 faces (33.9% area) of pressure-outlet 18.
  1169  1.7979e-03  2.1511e-05  1.6970e-05  1.7058e-05  1:19:17 2331

 Reversed flow on 50 faces (27.5% area) of pressure-outlet 19.

 Reversed flow on 173 faces (33.9% area) of pressure-outlet 18.
  1170  1.8140e-03  2.1302e-05  1.6775e-05  1.6845e-05  1:19:16 2330

 Reversed flow on 50 faces (27.5% area) of pressure-outlet 19.

 Reversed flow on 173 faces (33.9% area) of pressure-outlet 18.
  1171  1.7984e-03  2.1776e-05  1.7418e-05  1.7259e-05  1:19:16 2329

 Reversed flow on 50 faces (27.5% area) of pressure-outlet 19.

 Reversed flow on 173 faces (33.9% area) of pressure-outlet 18.
  1172  1.8240e-03  2.1134e-05  1.6930e-05  1.6879e-05  1:19:16 2328

 Reversed flow on 50 faces (27.5% area) of pressure-outlet 19.

 Reversed flow on 173 faces (33.9% area) of pressure-outlet 18.
  1173  1.8010e-03  2.1729e-05  1.6897e-05  1.6752e-05  1:19:19 2327

 Reversed flow on 50 faces (27.5% area) of pressure-outlet 19.

 Reversed flow on 173 faces (33.9% area) of pressure-outlet 18.
  1174  1.7658e-03  2.0779e-05  1.6656e-05  1.7017e-05  1:19:19 2326

 Reversed flow on 50 faces (27.5% area) of pressure-outlet 19.

 Reversed flow on 173 faces (33.9% area) of pressure-outlet 18.
  1175  1.8335e-03  2.1737e-05  1.7304e-05  1.6951e-05  1:19:18 2325

 Reversed flow on 50 faces (27.5% area) of pressure-outlet 19.

 Reversed flow on 173 faces (33.9% area) of pressure-outlet 18.
  1176  1.7707e-03  2.1338e-05  1.6819e-05  1.6964e-05  1:19:17 2324

 Reversed flow on 50 faces (27.5% area) of pressure-outlet 19.

 Reversed flow on 174 faces (33.9% area) of pressure-outlet 18.
  1177  1.8010e-03  2.1336e-05  1.6701e-05  1.6786e-05  1:19:15 2323

 Reversed flow on 50 faces (27.5% area) of pressure-outlet 19.

 Reversed flow on 174 faces (33.9% area) of pressure-outlet 18.

  iter  continuity  x-velocity  y-velocity  z-velocity     time/iter
  1178  1.7714e-03  2.1608e-05  1.7208e-05  1.7152e-05  1:19:14 2322

 Reversed flow on 50 faces (27.5% area) of pressure-outlet 19.

 Reversed flow on 173 faces (33.9% area) of pressure-outlet 18.
  1179  1.8052e-03  2.1040e-05  1.6809e-05  1.6799e-05  1:19:11 2321

 Reversed flow on 50 faces (27.5% area) of pressure-outlet 19.

 Reversed flow on 173 faces (33.9% area) of pressure-outlet 18.
  1180  1.7911e-03  2.1791e-05  1.6875e-05  1.6849e-05  1:19:08 2320

 Reversed flow on 50 faces (27.5% area) of pressure-outlet 19.

 Reversed flow on 174 faces (33.9% area) of pressure-outlet 18.
  1181  1.7708e-03  2.1010e-05  1.6701e-05  1.7094e-05  1:19:07 2319

 Reversed flow on 50 faces (27.5% area) of pressure-outlet 19.

 Reversed flow on 174 faces (33.9% area) of pressure-outlet 18.
  1182  1.8297e-03  2.1787e-05  1.7273e-05  1.7004e-05  1:19:06 2318

 Reversed flow on 50 faces (27.5% area) of pressure-outlet 19.

 Reversed flow on 173 faces (33.9% area) of pressure-outlet 18.
  1183  1.7707e-03  2.1205e-05  1.6801e-05  1.7011e-05  1:19:04 2317

 Reversed flow on 50 faces (27.5% area) of pressure-outlet 19.

 Reversed flow on 174 faces (33.9% area) of pressure-outlet 18.
  1184  1.8380e-03  2.1653e-05  1.6866e-05  1.6995e-05  1:19:02 2316

 Reversed flow on 50 faces (27.5% area) of pressure-outlet 19.

 Reversed flow on 174 faces (33.9% area) of pressure-outlet 18.
  1185  1.7776e-03  2.1845e-05  1.7232e-05  1.7287e-05  1:18:59 2315

 Reversed flow on 50 faces (27.5% area) of pressure-outlet 19.

 Reversed flow on 173 faces (33.9% area) of pressure-outlet 18.
  1186  1.8037e-03  2.1006e-05  1.6842e-05  1.6909e-05  1:18:59 2314

 Reversed flow on 50 faces (27.5% area) of pressure-outlet 19.

 Reversed flow on 173 faces (33.9% area) of pressure-outlet 18.
  1187  1.8197e-03  2.1737e-05  1.7048e-05  1.7009e-05  1:18:57 2313

 Reversed flow on 50 faces (27.5% area) of pressure-outlet 19.

 Reversed flow on 174 faces (33.9% area) of pressure-outlet 18.
  1188  1.8264e-03  2.1234e-05  1.6882e-05  1.7251e-05  1:18:55 2312

 Reversed flow on 50 faces (27.5% area) of pressure-outlet 19.

 Reversed flow on 174 faces (33.9% area) of pressure-outlet 18.

  iter  continuity  x-velocity  y-velocity  z-velocity     time/iter
  1189  1.8503e-03  2.1995e-05  1.7427e-05  1.7210e-05  1:18:54 2311

 Reversed flow on 50 faces (27.5% area) of pressure-outlet 19.

 Reversed flow on 174 faces (33.9% area) of pressure-outlet 18.
  1190  1.8040e-03  2.1200e-05  1.7070e-05  1.7269e-05  1:18:54 2310

 Reversed flow on 50 faces (27.5% area) of pressure-outlet 19.

 Reversed flow on 174 faces (33.9% area) of pressure-outlet 18.
  1191  1.8782e-03  2.1655e-05  1.7129e-05  1.7106e-05  1:18:51 2309

 Reversed flow on 50 faces (27.5% area) of pressure-outlet 19.

 Reversed flow on 174 faces (33.9% area) of pressure-outlet 18.
  1192  1.8105e-03  2.1861e-05  1.7386e-05  1.7387e-05  1:18:47 2308

 Reversed flow on 50 faces (27.5% area) of pressure-outlet 19.

 Reversed flow on 174 faces (33.9% area) of pressure-outlet 18.
  1193  1.8400e-03  2.1443e-05  1.7180e-05  1.7174e-05  1:18:46 2307

 Reversed flow on 50 faces (27.5% area) of pressure-outlet 19.

 Reversed flow on 174 faces (33.9% area) of pressure-outlet 18.
  1194  1.8239e-03  2.1914e-05  1.7287e-05  1.7146e-05  1:18:43 2306

 Reversed flow on 50 faces (27.5% area) of pressure-outlet 19.

 Reversed flow on 174 faces (33.9% area) of pressure-outlet 18.
  1195  1.8185e-03  2.1009e-05  1.6886e-05  1.7037e-05  1:18:40 2305

 Reversed flow on 50 faces (27.5% area) of pressure-outlet 19.

 Reversed flow on 174 faces (33.9% area) of pressure-outlet 18.
  1196  1.8649e-03  2.2122e-05  1.7352e-05  1.7184e-05  1:18:39 2304

 Reversed flow on 50 faces (27.5% area) of pressure-outlet 19.

 Reversed flow on 174 faces (33.9% area) of pressure-outlet 18.
  1197  1.8122e-03  2.1626e-05  1.7062e-05  1.7320e-05  1:18:37 2303

 Reversed flow on 50 faces (27.5% area) of pressure-outlet 19.

 Reversed flow on 174 faces (33.9% area) of pressure-outlet 18.
  1198  1.8571e-03  2.1686e-05  1.7009e-05  1.6843e-05  1:18:33 2302

 Reversed flow on 50 faces (27.5% area) of pressure-outlet 19.

 Reversed flow on 174 faces (33.9% area) of pressure-outlet 18.
  1199  1.7890e-03  2.1154e-05  1.6984e-05  1.6950e-05  1:18:32 2301

 Reversed flow on 50 faces (27.5% area) of pressure-outlet 19.

 Reversed flow on 173 faces (33.9% area) of pressure-outlet 18.

  iter  continuity  x-velocity  y-velocity  z-velocity     time/iter
  1200  1.8334e-03  2.1185e-05  1.6892e-05  1.6860e-05  1:18:29 2300

 Reversed flow on 50 faces (27.5% area) of pressure-outlet 19.

 Reversed flow on 173 faces (33.9% area) of pressure-outlet 18.
  1201  1.8112e-03  2.2057e-05  1.7120e-05  1.7115e-05  1:18:28 2299

 Reversed flow on 50 faces (27.5% area) of pressure-outlet 19.

 Reversed flow on 174 faces (33.9% area) of pressure-outlet 18.
  1202  1.8205e-03  2.0911e-05  1.6817e-05  1.7012e-05  1:18:26 2298

 Reversed flow on 50 faces (27.5% area) of pressure-outlet 19.

 Reversed flow on 174 faces (33.9% area) of pressure-outlet 18.
  1203  1.8486e-03  2.1692e-05  1.7270e-05  1.7034e-05  1:18:24 2297

 Reversed flow on 50 faces (27.5% area) of pressure-outlet 19.

 Reversed flow on 173 faces (33.9% area) of pressure-outlet 18.
  1204  1.7991e-03  2.1191e-05  1.6843e-05  1.7062e-05  1:19:26 2296

 Reversed flow on 50 faces (27.5% area) of pressure-outlet 19.

 Reversed flow on 173 faces (33.9% area) of pressure-outlet 18.
  1205  1.8528e-03  2.1667e-05  1.6956e-05  1.6969e-05  1:19:14 2295

 Reversed flow on 50 faces (27.5% area) of pressure-outlet 19.

 Reversed flow on 173 faces (33.9% area) of pressure-outlet 18.
  1206  1.7936e-03  2.1279e-05  1.7145e-05  1.7222e-05  1:19:01 2294

 Reversed flow on 50 faces (27.5% area) of pressure-outlet 19.

 Reversed flow on 173 faces (33.9% area) of pressure-outlet 18.
  1207  1.8327e-03  2.1013e-05  1.6948e-05  1.6722e-05  1:18:50 2293

 Reversed flow on 50 faces (27.5% area) of pressure-outlet 19.

 Reversed flow on 173 faces (33.9% area) of pressure-outlet 18.
  1208  1.8045e-03  2.1699e-05  1.6895e-05  1.7007e-05  1:18:41 2292

 Reversed flow on 50 faces (27.5% area) of pressure-outlet 19.

 Reversed flow on 173 faces (33.9% area) of pressure-outlet 18.
  1209  1.8387e-03  2.1357e-05  1.6807e-05  1.7163e-05  1:18:33 2291

 Reversed flow on 50 faces (27.5% area) of pressure-outlet 19.

 Reversed flow on 173 faces (33.9% area) of pressure-outlet 18.
  1210  1.8513e-03  2.2059e-05  1.7325e-05  1.7174e-05  1:18:26 2290

 Reversed flow on 50 faces (27.5% area) of pressure-outlet 19.

 Reversed flow on 173 faces (33.9% area) of pressure-outlet 18.

  iter  continuity  x-velocity  y-velocity  z-velocity     time/iter
  1211  1.8125e-03  2.0942e-05  1.6755e-05  1.6964e-05  1:18:20 2289

 Reversed flow on 50 faces (27.5% area) of pressure-outlet 19.

 Reversed flow on 173 faces (33.9% area) of pressure-outlet 18.
  1212  1.9113e-03  2.1994e-05  1.7059e-05  1.7158e-05  1:18:16 2288

 Reversed flow on 50 faces (27.5% area) of pressure-outlet 19.

 Reversed flow on 173 faces (33.9% area) of pressure-outlet 18.
  1213  1.8582e-03  2.1915e-05  1.7260e-05  1.7472e-05  1:18:11 2287

 Reversed flow on 50 faces (27.5% area) of pressure-outlet 19.

 Reversed flow on 173 faces (33.9% area) of pressure-outlet 18.
  1214  1.8740e-03  2.1542e-05  1.7208e-05  1.7015e-05  1:18:07 2286

 Reversed flow on 50 faces (27.5% area) of pressure-outlet 19.

 Reversed flow on 173 faces (33.9% area) of pressure-outlet 18.
  1215  1.8565e-03  2.1590e-05  1.7220e-05  1.7207e-05  1:18:05 2285

 Reversed flow on 50 faces (27.5% area) of pressure-outlet 19.

 Reversed flow on 174 faces (33.9% area) of pressure-outlet 18.
  1216  1.9142e-03  2.1611e-05  1.7316e-05  1.7359e-05  1:18:04 2284

 Reversed flow on 50 faces (27.5% area) of pressure-outlet 19.

 Reversed flow on 174 faces (33.9% area) of pressure-outlet 18.
  1217  1.9265e-03  2.2729e-05  1.7972e-05  1.7760e-05  1:14:38 2283

 Reversed flow on 50 faces (27.5% area) of pressure-outlet 19.

 Reversed flow on 174 faces (33.9% area) of pressure-outlet 18.
  1218  1.8603e-03  2.1032e-05  1.6935e-05  1.7083e-05  1:17:55 2282

 Reversed flow on 50 faces (27.5% area) of pressure-outlet 19.

 Reversed flow on 174 faces (33.9% area) of pressure-outlet 18.
  1219  1.9152e-03  2.1697e-05  1.7226e-05  1.6985e-05  1:17:52 2281

 Reversed flow on 50 faces (27.5% area) of pressure-outlet 19.

 Reversed flow on 174 faces (33.9% area) of pressure-outlet 18.
  1220  1.8342e-03  2.1182e-05  1.7032e-05  1.7057e-05  1:17:50 2280

 Reversed flow on 50 faces (27.5% area) of pressure-outlet 19.

 Reversed flow on 174 faces (33.9% area) of pressure-outlet 18.
  1221  1.8944e-03  2.1881e-05  1.7329e-05  1.7183e-05  1:17:47 2279

 Reversed flow on 50 faces (27.5% area) of pressure-outlet 19.

 Reversed flow on 174 faces (33.9% area) of pressure-outlet 18.

  iter  continuity  x-velocity  y-velocity  z-velocity     time/iter
  1222  1.8861e-03  2.2309e-05  1.7617e-05  1.7636e-05  1:17:45 2278

 Reversed flow on 50 faces (27.5% area) of pressure-outlet 19.

 Reversed flow on 174 faces (33.9% area) of pressure-outlet 18.
  1223  1.9216e-03  2.1654e-05  1.7376e-05  1.7204e-05  1:17:45 2277

 Reversed flow on 50 faces (27.5% area) of pressure-outlet 19.

 Reversed flow on 174 faces (33.9% area) of pressure-outlet 18.
  1224  1.8924e-03  2.2077e-05  1.7504e-05  1.7296e-05  1:17:42 2276

 Reversed flow on 50 faces (27.5% area) of pressure-outlet 19.

 Reversed flow on 173 faces (33.9% area) of pressure-outlet 18.
  1225  1.8693e-03  2.1599e-05  1.7098e-05  1.7286e-05  1:17:41 2275

 Reversed flow on 50 faces (27.5% area) of pressure-outlet 19.

 Reversed flow on 174 faces (33.9% area) of pressure-outlet 18.
  1226  1.9237e-03  2.2400e-05  1.7527e-05  1.7247e-05  1:17:38 2274

 Reversed flow on 50 faces (27.5% area) of pressure-outlet 19.

 Reversed flow on 174 faces (33.9% area) of pressure-outlet 18.
  1227  1.8499e-03  2.1140e-05  1.7162e-05  1.7222e-05  1:17:36 2273

 Reversed flow on 50 faces (27.5% area) of pressure-outlet 19.

 Reversed flow on 173 faces (33.9% area) of pressure-outlet 18.
  1228  1.8904e-03  2.1651e-05  1.7326e-05  1.7034e-05  1:17:33 2272

 Reversed flow on 50 faces (27.5% area) of pressure-outlet 19.

 Reversed flow on 173 faces (33.9% area) of pressure-outlet 18.
  1229  1.8314e-03  2.1947e-05  1.7220e-05  1.7299e-05  1:17:30 2271

 Reversed flow on 50 faces (27.5% area) of pressure-outlet 19.

 Reversed flow on 173 faces (33.9% area) of pressure-outlet 18.
  1230  1.8702e-03  2.1459e-05  1.7158e-05  1.7160e-05  1:17:27 2270

 Reversed flow on 50 faces (27.5% area) of pressure-outlet 19.

 Reversed flow on 173 faces (33.9% area) of pressure-outlet 18.
  1231  1.8519e-03  2.1823e-05  1.7574e-05  1.7379e-05  1:17:25 2269

 Reversed flow on 50 faces (27.5% area) of pressure-outlet 19.

 Reversed flow on 173 faces (33.9% area) of pressure-outlet 18.
  1232  1.8339e-03  2.1087e-05  1.6959e-05  1.7003e-05  1:17:24 2268

 Reversed flow on 50 faces (27.5% area) of pressure-outlet 19.

 Reversed flow on 173 faces (33.9% area) of pressure-outlet 18.

  iter  continuity  x-velocity  y-velocity  z-velocity     time/iter
  1233  1.8443e-03  2.1874e-05  1.7088e-05  1.6934e-05  1:17:27 2267

 Reversed flow on 50 faces (27.5% area) of pressure-outlet 19.

 Reversed flow on 173 faces (33.9% area) of pressure-outlet 18.
  1234  1.7836e-03  2.1064e-05  1.6995e-05  1.7218e-05  1:17:27 2266

 Reversed flow on 50 faces (27.5% area) of pressure-outlet 19.

 Reversed flow on 173 faces (33.9% area) of pressure-outlet 18.
  1235  1.8596e-03  2.1678e-05  1.7356e-05  1.6933e-05  1:17:23 2265

 Reversed flow on 50 faces (27.5% area) of pressure-outlet 19.

 Reversed flow on 173 faces (33.9% area) of pressure-outlet 18.
  1236  1.7763e-03  2.1355e-05  1.6811e-05  1.6927e-05  1:17:20 2264

 Reversed flow on 50 faces (27.5% area) of pressure-outlet 19.

 Reversed flow on 173 faces (33.9% area) of pressure-outlet 18.
  1237  1.7989e-03  2.1148e-05  1.6674e-05  1.6813e-05  1:17:16 2263

 Reversed flow on 50 faces (27.5% area) of pressure-outlet 19.

 Reversed flow on 173 faces (33.9% area) of pressure-outlet 18.
  1238  1.7842e-03  2.1727e-05  1.7269e-05  1.7138e-05  1:17:14 2262

 Reversed flow on 50 faces (27.5% area) of pressure-outlet 19.

 Reversed flow on 173 faces (33.9% area) of pressure-outlet 18.
  1239  1.7844e-03  2.0832e-05  1.6687e-05  1.6685e-05  1:17:14 2261

 Reversed flow on 50 faces (27.5% area) of pressure-outlet 19.

 Reversed flow on 173 faces (33.9% area) of pressure-outlet 18.
  1240  1.7851e-03  2.1420e-05  1.6651e-05  1.6514e-05  1:17:11 2260

 Reversed flow on 50 faces (27.5% area) of pressure-outlet 19.

 Reversed flow on 173 faces (33.9% area) of pressure-outlet 18.
  1241  1.7279e-03  2.0583e-05  1.6431e-05  1.6790e-05  1:17:09 2259

 Reversed flow on 50 faces (27.5% area) of pressure-outlet 19.

 Reversed flow on 173 faces (33.9% area) of pressure-outlet 18.
  1242  1.7821e-03  2.1290e-05  1.6950e-05  1.6603e-05  1:17:06 2258

 Reversed flow on 50 faces (27.5% area) of pressure-outlet 19.

 Reversed flow on 173 faces (33.9% area) of pressure-outlet 18.
  1243  1.7184e-03  2.0898e-05  1.6458e-05  1.6640e-05  1:17:05 2257

 Reversed flow on 50 faces (27.5% area) of pressure-outlet 19.

 Reversed flow on 174 faces (33.9% area) of pressure-outlet 18.

  iter  continuity  x-velocity  y-velocity  z-velocity     time/iter
  1244  1.7422e-03  2.0740e-05  1.6317e-05  1.6441e-05  1:17:02 2256

 Reversed flow on 50 faces (27.5% area) of pressure-outlet 19.

 Reversed flow on 174 faces (33.9% area) of pressure-outlet 18.
  1245  1.7280e-03  2.1259e-05  1.6848e-05  1.6839e-05  1:17:02 2255

 Reversed flow on 50 faces (27.5% area) of pressure-outlet 19.

 Reversed flow on 173 faces (33.9% area) of pressure-outlet 18.
  1246  1.7356e-03  2.0452e-05  1.6336e-05  1.6444e-05  1:16:58 2254

 Reversed flow on 50 faces (27.5% area) of pressure-outlet 19.

 Reversed flow on 174 faces (33.9% area) of pressure-outlet 18.
  1247  1.7276e-03  2.1138e-05  1.6446e-05  1.6366e-05  1:16:56 2253

 Reversed flow on 50 faces (27.5% area) of pressure-outlet 19.

 Reversed flow on 174 faces (33.9% area) of pressure-outlet 18.
  1248  1.6914e-03  2.0277e-05  1.6227e-05  1.6623e-05  1:16:53 2252

 Reversed flow on 50 faces (27.5% area) of pressure-outlet 19.

 Reversed flow on 173 faces (33.9% area) of pressure-outlet 18.
  1249  1.7419e-03  2.0941e-05  1.6694e-05  1.6430e-05  1:16:50 2251

 Reversed flow on 50 faces (27.5% area) of pressure-outlet 19.

 Reversed flow on 173 faces (33.9% area) of pressure-outlet 18.
  1250  1.6798e-03  2.0626e-05  1.6280e-05  1.6513e-05  1:16:48 2250

 Reversed flow on 50 faces (27.5% area) of pressure-outlet 19.

 Reversed flow on 174 faces (33.9% area) of pressure-outlet 18.
  1251  1.7287e-03  2.0744e-05  1.6268e-05  1.6376e-05  1:16:45 2249

 Reversed flow on 50 faces (27.5% area) of pressure-outlet 19.

 Reversed flow on 174 faces (33.9% area) of pressure-outlet 18.
  1252  1.6892e-03  2.1012e-05  1.6662e-05  1.6672e-05  1:16:42 2248

 Reversed flow on 50 faces (27.5% area) of pressure-outlet 19.

 Reversed flow on 173 faces (33.9% area) of pressure-outlet 18.
  1253  1.7060e-03  2.0233e-05  1.6188e-05  1.6277e-05  1:16:39 2247

 Reversed flow on 50 faces (27.5% area) of pressure-outlet 19.

 Reversed flow on 173 faces (33.9% area) of pressure-outlet 18.
  1254  1.7108e-03  2.1022e-05  1.6359e-05  1.6290e-05  1:16:37 2246

 Reversed flow on 50 faces (27.5% area) of pressure-outlet 19.

 Reversed flow on 174 faces (33.9% area) of pressure-outlet 18.

  iter  continuity  x-velocity  y-velocity  z-velocity     time/iter
  1255  1.6711e-03  2.0231e-05  1.6086e-05  1.6481e-05  1:16:36 2245

 Reversed flow on 50 faces (27.5% area) of pressure-outlet 19.

 Reversed flow on 174 faces (33.9% area) of pressure-outlet 18.
  1256  1.7240e-03  2.0866e-05  1.6598e-05  1.6363e-05  1:16:33 2244

 Reversed flow on 50 faces (27.5% area) of pressure-outlet 19.

 Reversed flow on 173 faces (33.9% area) of pressure-outlet 18.
  1257  1.6635e-03  2.0380e-05  1.6185e-05  1.6413e-05  1:16:32 2243

 Reversed flow on 50 faces (27.5% area) of pressure-outlet 19.

 Reversed flow on 174 faces (33.9% area) of pressure-outlet 18.
  1258  1.7271e-03  2.0617e-05  1.6187e-05  1.6302e-05  1:16:29 2242

 Reversed flow on 50 faces (27.5% area) of pressure-outlet 19.

 Reversed flow on 174 faces (33.9% area) of pressure-outlet 18.
  1259  1.6679e-03  2.0831e-05  1.6512e-05  1.6557e-05  1:16:27 2241

 Reversed flow on 50 faces (27.5% area) of pressure-outlet 19.

 Reversed flow on 173 faces (33.9% area) of pressure-outlet 18.
  1260  1.6918e-03  2.0153e-05  1.6140e-05  1.6236e-05  1:16:26 2240

 Reversed flow on 50 faces (27.5% area) of pressure-outlet 19.

 Reversed flow on 173 faces (33.9% area) of pressure-outlet 18.
  1261  1.6973e-03  2.0827e-05  1.6340e-05  1.6254e-05  1:16:24 2239

 Reversed flow on 50 faces (27.5% area) of pressure-outlet 19.

 Reversed flow on 174 faces (33.9% area) of pressure-outlet 18.
  1262  1.6747e-03  2.0057e-05  1.5995e-05  1.6349e-05  1:16:46 2238

 Reversed flow on 50 faces (27.5% area) of pressure-outlet 19.

 Reversed flow on 174 faces (33.9% area) of pressure-outlet 18.
  1263  1.7264e-03  2.0901e-05  1.6551e-05  1.6364e-05  1:17:58 2237

 Reversed flow on 50 faces (27.5% area) of pressure-outlet 19.

 Reversed flow on 173 faces (33.9% area) of pressure-outlet 18.
  1264  1.6615e-03  2.0439e-05  1.6221e-05  1.6456e-05  1:17:52 2236

 Reversed flow on 50 faces (27.5% area) of pressure-outlet 19.

 Reversed flow on 174 faces (33.9% area) of pressure-outlet 18.
  1265  1.7252e-03  2.0592e-05  1.6178e-05  1.6179e-05  1:17:29 2235

 Reversed flow on 50 faces (27.5% area) of pressure-outlet 19.

 Reversed flow on 174 faces (33.9% area) of pressure-outlet 18.

  iter  continuity  x-velocity  y-velocity  z-velocity     time/iter
  1266  1.6671e-03  2.0595e-05  1.6370e-05  1.6416e-05  1:17:14 2234

 Reversed flow on 50 faces (27.5% area) of pressure-outlet 19.

 Reversed flow on 173 faces (33.9% area) of pressure-outlet 18.
  1267  1.7003e-03  2.0291e-05  1.6114e-05  1.6191e-05  1:17:03 2233

 Reversed flow on 50 faces (27.5% area) of pressure-outlet 19.

 Reversed flow on 173 faces (33.9% area) of pressure-outlet 18.
  1268  1.6843e-03  2.0947e-05  1.6326e-05  1.6281e-05  1:16:51 2232

 Reversed flow on 50 faces (27.5% area) of pressure-outlet 19.

 Reversed flow on 174 faces (33.9% area) of pressure-outlet 18.
  1269  1.6811e-03  1.9932e-05  1.5935e-05  1.6226e-05  1:16:40 2231

 Reversed flow on 50 faces (27.5% area) of pressure-outlet 19.

 Reversed flow on 174 faces (33.9% area) of pressure-outlet 18.
  1270  1.7347e-03  2.0872e-05  1.6487e-05  1.6352e-05  1:16:31 2230

 Reversed flow on 50 faces (27.5% area) of pressure-outlet 19.

 Reversed flow on 173 faces (33.9% area) of pressure-outlet 18.
  1271  1.6748e-03  2.0534e-05  1.6138e-05  1.6466e-05  1:16:24 2229

 Reversed flow on 50 faces (27.5% area) of pressure-outlet 19.

 Reversed flow on 174 faces (33.9% area) of pressure-outlet 18.
  1272  1.7317e-03  2.0727e-05  1.6199e-05  1.6228e-05  1:16:18 2228

 Reversed flow on 50 faces (27.5% area) of pressure-outlet 19.

 Reversed flow on 174 faces (33.9% area) of pressure-outlet 18.
  1273  1.6776e-03  2.0426e-05  1.6401e-05  1.6454e-05  1:16:12 2227

 Reversed flow on 50 faces (27.5% area) of pressure-outlet 19.

 Reversed flow on 173 faces (33.9% area) of pressure-outlet 18.
  1274  1.7196e-03  2.0261e-05  1.6204e-05  1.6208e-05  1:16:11 2226

 Reversed flow on 50 faces (27.5% area) of pressure-outlet 19.

 Reversed flow on 173 faces (33.9% area) of pressure-outlet 18.
  1275  1.6988e-03  2.1155e-05  1.6388e-05  1.6513e-05  1:16:07 2225

 Reversed flow on 50 faces (27.5% area) of pressure-outlet 19.

 Reversed flow on 174 faces (33.9% area) of pressure-outlet 18.
  1276  1.7293e-03  2.0483e-05  1.6239e-05  1.6592e-05  1:16:03 2224

 Reversed flow on 50 faces (27.5% area) of pressure-outlet 19.

 Reversed flow on 173 faces (33.9% area) of pressure-outlet 18.

  iter  continuity  x-velocity  y-velocity  z-velocity     time/iter
  1277  1.7653e-03  2.1132e-05  1.6739e-05  1.6570e-05  1:16:00 2223

 Reversed flow on 50 faces (27.5% area) of pressure-outlet 19.

 Reversed flow on 173 faces (33.9% area) of pressure-outlet 18.
  1278  1.7111e-03  2.0534e-05  1.6275e-05  1.6598e-05  1:17:21 2222

 Reversed flow on 50 faces (27.5% area) of pressure-outlet 19.

 Reversed flow on 174 faces (33.9% area) of pressure-outlet 18.
  1279  1.8180e-03  2.1483e-05  1.6504e-05  1.6737e-05  1:17:08 2221

 Reversed flow on 50 faces (27.5% area) of pressure-outlet 19.

 Reversed flow on 174 faces (33.9% area) of pressure-outlet 18.
  1280  1.7583e-03  2.1318e-05  1.6743e-05  1.6958e-05  1:17:00 2220

 Reversed flow on 50 faces (27.5% area) of pressure-outlet 19.

 Reversed flow on 173 faces (33.9% area) of pressure-outlet 18.
  1281  1.7763e-03  2.0670e-05  1.6468e-05  1.6495e-05  1:16:53 2219

 Reversed flow on 50 faces (27.5% area) of pressure-outlet 19.

 Reversed flow on 173 faces (33.9% area) of pressure-outlet 18.
  1282  1.7992e-03  2.1523e-05  1.6791e-05  1.6926e-05  1:16:45 2218

 Reversed flow on 50 faces (27.5% area) of pressure-outlet 19.

 Reversed flow on 174 faces (33.9% area) of pressure-outlet 18.
  1283  1.8908e-03  2.1455e-05  1.6871e-05  1.7202e-05  1:16:35 2217

 Reversed flow on 50 faces (27.5% area) of pressure-outlet 19.

 Reversed flow on 174 faces (33.9% area) of pressure-outlet 18.
  1284  1.8896e-03  2.2317e-05  1.7468e-05  1.7345e-05  1:16:22 2216

 Reversed flow on 50 faces (27.5% area) of pressure-outlet 19.

 Reversed flow on 173 faces (33.9% area) of pressure-outlet 18.
  1285  1.8619e-03  2.1199e-05  1.7135e-05  1.7317e-05  1:16:11 2215

 Reversed flow on 50 faces (27.5% area) of pressure-outlet 19.

 Reversed flow on 174 faces (33.9% area) of pressure-outlet 18.
  1286  1.9688e-03  2.2217e-05  1.7519e-05  1.7403e-05  1:16:02 2214

 Reversed flow on 50 faces (27.5% area) of pressure-outlet 19.

 Reversed flow on 174 faces (33.9% area) of pressure-outlet 18.
  1287  1.9100e-03  2.2380e-05  1.7864e-05  1.7849e-05  1:15:54 2213

 Reversed flow on 50 faces (27.5% area) of pressure-outlet 19.

 Reversed flow on 173 faces (33.9% area) of pressure-outlet 18.

  iter  continuity  x-velocity  y-velocity  z-velocity     time/iter
  1288  1.9434e-03  2.2285e-05  1.7909e-05  1.7675e-05  1:15:47 2212

 Reversed flow on 50 faces (27.5% area) of pressure-outlet 19.

 Reversed flow on 173 faces (33.9% area) of pressure-outlet 18.
  1289  1.9357e-03  2.2543e-05  1.8057e-05  1.7930e-05  1:12:27 2211

 Reversed flow on 50 faces (27.5% area) of pressure-outlet 19.

 Reversed flow on 174 faces (33.9% area) of pressure-outlet 18.
  1290  1.9264e-03  2.1374e-05  1.7305e-05  1.7148e-05  1:13:02 2210

 Reversed flow on 50 faces (27.5% area) of pressure-outlet 19.

 Reversed flow on 174 faces (33.9% area) of pressure-outlet 18.
  1291  1.9484e-03  2.2722e-05  1.7902e-05  1.7651e-05  1:10:14 2209

 Reversed flow on 50 faces (27.5% area) of pressure-outlet 19.

 Reversed flow on 174 faces (33.9% area) of pressure-outlet 18.
  1292  1.8903e-03  2.1305e-05  1.6974e-05  1.7201e-05  1:11:15 2208

 Reversed flow on 50 faces (27.5% area) of pressure-outlet 19.

 Reversed flow on 174 faces (33.9% area) of pressure-outlet 18.
  1293  1.9626e-03  2.2102e-05  1.7452e-05  1.7125e-05  1:08:48 2207

 Reversed flow on 50 faces (27.5% area) of pressure-outlet 19.

 Reversed flow on 174 faces (33.9% area) of pressure-outlet 18.
  1294  1.8446e-03  2.0599e-05  1.6456e-05  1.6448e-05  1:10:03 2206

 Reversed flow on 50 faces (27.5% area) of pressure-outlet 19.

 Reversed flow on 174 faces (33.9% area) of pressure-outlet 18.
  1295  1.8805e-03  2.1246e-05  1.6855e-05  1.6686e-05  1:11:38 2205

 Reversed flow on 50 faces (27.5% area) of pressure-outlet 19.

 Reversed flow on 174 faces (33.9% area) of pressure-outlet 18.
  1296  1.8560e-03  2.1907e-05  1.7119e-05  1.7123e-05  1:12:32 2204

 Reversed flow on 50 faces (27.5% area) of pressure-outlet 19.

 Reversed flow on 174 faces (33.9% area) of pressure-outlet 18.
  1297  1.9035e-03  2.1278e-05  1.7080e-05  1.6936e-05  1:13:03 2203

 Reversed flow on 50 faces (27.5% area) of pressure-outlet 19.

 Reversed flow on 174 faces (33.9% area) of pressure-outlet 18.
  1298  1.8984e-03  2.1725e-05  1.7455e-05  1.7201e-05  1:10:22 2202

 Reversed flow on 50 faces (27.5% area) of pressure-outlet 19.

 Reversed flow on 173 faces (33.9% area) of pressure-outlet 18.

  iter  continuity  x-velocity  y-velocity  z-velocity     time/iter
  1299  1.8315e-03  2.0608e-05  1.6424e-05  1.6568e-05  1:11:18 2201

 Reversed flow on 50 faces (27.5% area) of pressure-outlet 19.

 Reversed flow on 173 faces (33.9% area) of pressure-outlet 18.
  1300  1.8727e-03  2.1615e-05  1.6971e-05  1.6822e-05  1:12:02 2200

 Reversed flow on 50 faces (27.5% area) of pressure-outlet 19.

 Reversed flow on 173 faces (33.9% area) of pressure-outlet 18.
  1301  1.8037e-03  2.0530e-05  1.6742e-05  1.6913e-05  1:12:37 2199

 Reversed flow on 50 faces (27.5% area) of pressure-outlet 19.

 Reversed flow on 173 faces (33.9% area) of pressure-outlet 18.
  1302  1.8721e-03  2.1252e-05  1.7058e-05  1.6740e-05  1:13:09 2198

 Reversed flow on 50 faces (27.5% area) of pressure-outlet 19.

 Reversed flow on 173 faces (33.9% area) of pressure-outlet 18.
  1303  1.8173e-03  2.1490e-05  1.6954e-05  1.7018e-05  1:13:29 2197

 Reversed flow on 50 faces (27.5% area) of pressure-outlet 19.

 Reversed flow on 173 faces (33.9% area) of pressure-outlet 18.
  1304  1.8381e-03  2.1180e-05  1.6929e-05  1.6938e-05  1:13:48 2196

 Reversed flow on 50 faces (27.5% area) of pressure-outlet 19.

 Reversed flow on 173 faces (33.9% area) of pressure-outlet 18.
  1305  1.8350e-03  2.1707e-05  1.7467e-05  1.7245e-05  1:14:00 2195

 Reversed flow on 50 faces (27.5% area) of pressure-outlet 19.

 Reversed flow on 173 faces (33.9% area) of pressure-outlet 18.
  1306  1.8324e-03  2.1021e-05  1.6898e-05  1.6886e-05  1:14:08 2194

 Reversed flow on 50 faces (27.5% area) of pressure-outlet 19.

 Reversed flow on 173 faces (33.9% area) of pressure-outlet 18.
  1307  1.8371e-03  2.1679e-05  1.6937e-05  1.6765e-05  1:14:15 2193

 Reversed flow on 50 faces (27.5% area) of pressure-outlet 19.

 Reversed flow on 173 faces (33.9% area) of pressure-outlet 18.
  1308  1.7784e-03  2.0905e-05  1.6852e-05  1.7053e-05  1:14:21 2192

 Reversed flow on 50 faces (27.5% area) of pressure-outlet 19.

 Reversed flow on 173 faces (33.9% area) of pressure-outlet 18.
  1309  1.8442e-03  2.1592e-05  1.7257e-05  1.6827e-05  1:14:31 2191

 Reversed flow on 50 faces (27.5% area) of pressure-outlet 19.

 Reversed flow on 173 faces (33.9% area) of pressure-outlet 18.

  iter  continuity  x-velocity  y-velocity  z-velocity     time/iter
  1310  1.7806e-03  2.1358e-05  1.6801e-05  1.6889e-05  1:14:33 2190

 Reversed flow on 50 faces (27.5% area) of pressure-outlet 19.

 Reversed flow on 173 faces (33.9% area) of pressure-outlet 18.
  1311  1.8013e-03  2.1085e-05  1.6663e-05  1.6757e-05  1:14:34 2189

 Reversed flow on 50 faces (27.5% area) of pressure-outlet 19.

 Reversed flow on 173 faces (33.9% area) of pressure-outlet 18.
  1312  1.7994e-03  2.1745e-05  1.7293e-05  1.7152e-05  1:14:33 2188

 Reversed flow on 50 faces (27.5% area) of pressure-outlet 19.

 Reversed flow on 173 faces (33.9% area) of pressure-outlet 18.
  1313  1.7966e-03  2.0895e-05  1.6718e-05  1.6730e-05  1:14:32 2187

 Reversed flow on 50 faces (27.5% area) of pressure-outlet 19.

 Reversed flow on 173 faces (33.9% area) of pressure-outlet 18.
  1314  1.7938e-03  2.1477e-05  1.6685e-05  1.6564e-05  1:14:32 2186

 Reversed flow on 50 faces (27.5% area) of pressure-outlet 19.

 Reversed flow on 174 faces (33.9% area) of pressure-outlet 18.
  1315  1.7396e-03  2.0709e-05  1.6557e-05  1.6887e-05  1:14:32 2185

 Reversed flow on 50 faces (27.5% area) of pressure-outlet 19.

 Reversed flow on 173 faces (33.9% area) of pressure-outlet 18.
  1316  1.8006e-03  2.1350e-05  1.7011e-05  1.6675e-05  1:14:31 2184

 Reversed flow on 50 faces (27.5% area) of pressure-outlet 19.

 Reversed flow on 173 faces (33.9% area) of pressure-outlet 18.
  1317  1.7405e-03  2.1054e-05  1.6568e-05  1.6737e-05  1:14:30 2183

 Reversed flow on 50 faces (27.5% area) of pressure-outlet 19.

 Reversed flow on 174 faces (33.9% area) of pressure-outlet 18.
  1318  1.7676e-03  2.0968e-05  1.6500e-05  1.6615e-05  1:14:29 2182

 Reversed flow on 50 faces (27.5% area) of pressure-outlet 19.

 Reversed flow on 174 faces (33.9% area) of pressure-outlet 18.
  1319  1.7478e-03  2.1483e-05  1.7020e-05  1.6997e-05  1:14:26 2181

 Reversed flow on 50 faces (27.5% area) of pressure-outlet 19.

 Reversed flow on 173 faces (33.9% area) of pressure-outlet 18.
  1320  1.7574e-03  2.0640e-05  1.6505e-05  1.6589e-05  1:14:25 2180

 Reversed flow on 50 faces (27.5% area) of pressure-outlet 19.

 Reversed flow on 174 faces (33.9% area) of pressure-outlet 18.

  iter  continuity  x-velocity  y-velocity  z-velocity     time/iter
  1321  1.7698e-03  2.1397e-05  1.6641e-05  1.6545e-05  1:14:24 2179

 Reversed flow on 50 faces (27.5% area) of pressure-outlet 19.

 Reversed flow on 174 faces (33.9% area) of pressure-outlet 18.
  1322  1.7182e-03  2.0641e-05  1.6441e-05  1.6822e-05  1:14:25 2178

 Reversed flow on 50 faces (27.5% area) of pressure-outlet 19.

 Reversed flow on 173 faces (33.9% area) of pressure-outlet 18.
  1323  1.7686e-03  2.1147e-05  1.6843e-05  1.6568e-05  1:14:25 2177

 Reversed flow on 50 faces (27.5% area) of pressure-outlet 19.

 Reversed flow on 173 faces (33.9% area) of pressure-outlet 18.
  1324  1.7109e-03  2.0718e-05  1.6424e-05  1.6622e-05  1:14:22 2176

 Reversed flow on 50 faces (27.5% area) of pressure-outlet 19.

 Reversed flow on 174 faces (33.9% area) of pressure-outlet 18.
  1325  1.7603e-03  2.0859e-05  1.6435e-05  1.6557e-05  1:14:18 2175

 Reversed flow on 50 faces (27.5% area) of pressure-outlet 19.

 Reversed flow on 174 faces (33.9% area) of pressure-outlet 18.
  1326  1.7225e-03  2.1332e-05  1.6876e-05  1.6875e-05  1:14:16 2174

 Reversed flow on 50 faces (27.5% area) of pressure-outlet 19.

 Reversed flow on 173 faces (33.9% area) of pressure-outlet 18.
  1327  1.7328e-03  2.0374e-05  1.6356e-05  1.6470e-05  1:14:13 2173

 Reversed flow on 50 faces (27.5% area) of pressure-outlet 19.

 Reversed flow on 174 faces (33.9% area) of pressure-outlet 18.
  1328  1.7435e-03  2.1097e-05  1.6531e-05  1.6386e-05  1:14:10 2172

 Reversed flow on 50 faces (27.5% area) of pressure-outlet 19.

 Reversed flow on 174 faces (33.9% area) of pressure-outlet 18.
  1329  1.7003e-03  2.0312e-05  1.6217e-05  1.6587e-05  1:14:07 2171

 Reversed flow on 50 faces (27.5% area) of pressure-outlet 19.

 Reversed flow on 174 faces (33.9% area) of pressure-outlet 18.
  1330  1.7579e-03  2.1050e-05  1.6749e-05  1.6516e-05  1:14:05 2170

 Reversed flow on 50 faces (27.5% area) of pressure-outlet 19.

 Reversed flow on 174 faces (33.9% area) of pressure-outlet 18.
  1331  1.6899e-03  2.0634e-05  1.6386e-05  1.6589e-05  1:14:02 2169

 Reversed flow on 50 faces (27.5% area) of pressure-outlet 19.

 Reversed flow on 174 faces (33.9% area) of pressure-outlet 18.

  iter  continuity  x-velocity  y-velocity  z-velocity     time/iter
  1332  1.7381e-03  2.0653e-05  1.6272e-05  1.6307e-05  1:14:00 2168

 Reversed flow on 50 faces (27.5% area) of pressure-outlet 19.

 Reversed flow on 174 faces (33.9% area) of pressure-outlet 18.
  1333  1.6923e-03  2.0863e-05  1.6522e-05  1.6564e-05  1:13:59 2167

 Reversed flow on 50 faces (27.5% area) of pressure-outlet 19.

 Reversed flow on 173 faces (33.9% area) of pressure-outlet 18.
  1334  1.7130e-03  2.0326e-05  1.6181e-05  1.6288e-05  1:14:03 2166

 Reversed flow on 50 faces (27.5% area) of pressure-outlet 19.

 Reversed flow on 174 faces (33.9% area) of pressure-outlet 18.
  1335  1.7050e-03  2.1026e-05  1.6385e-05  1.6261e-05  1:14:23 2165

 Reversed flow on 50 faces (27.5% area) of pressure-outlet 19.

 Reversed flow on 174 faces (33.9% area) of pressure-outlet 18.
  1336  1.6763e-03  1.9937e-05  1.5942e-05  1.6260e-05  1:14:16 2164

 Reversed flow on 50 faces (27.5% area) of pressure-outlet 19.

 Reversed flow on 174 faces (33.9% area) of pressure-outlet 18.
  1337  1.7387e-03  2.0829e-05  1.6497e-05  1.6329e-05  1:14:10 2163

 Reversed flow on 50 faces (27.5% area) of pressure-outlet 19.

 Reversed flow on 174 faces (33.9% area) of pressure-outlet 18.
  1338  1.6777e-03  2.0586e-05  1.6190e-05  1.6446e-05  1:14:05 2162

 Reversed flow on 50 faces (27.5% area) of pressure-outlet 19.

 Reversed flow on 174 faces (33.9% area) of pressure-outlet 18.
  1339  1.7253e-03  2.0708e-05  1.6166e-05  1.6218e-05  1:13:58 2161

 Reversed flow on 50 faces (27.5% area) of pressure-outlet 19.

 Reversed flow on 174 faces (33.9% area) of pressure-outlet 18.
  1340  1.6814e-03  2.0510e-05  1.6425e-05  1.6434e-05  1:13:57 2160

 Reversed flow on 50 faces (27.5% area) of pressure-outlet 19.

 Reversed flow on 173 faces (33.9% area) of pressure-outlet 18.
  1341  1.7193e-03  2.0252e-05  1.6164e-05  1.6218e-05  1:13:53 2159

 Reversed flow on 50 faces (27.5% area) of pressure-outlet 19.

 Reversed flow on 173 faces (33.9% area) of pressure-outlet 18.
  1342  1.7052e-03  2.1171e-05  1.6393e-05  1.6452e-05  1:13:48 2158

 Reversed flow on 50 faces (27.5% area) of pressure-outlet 19.

 Reversed flow on 174 faces (33.9% area) of pressure-outlet 18.

  iter  continuity  x-velocity  y-velocity  z-velocity     time/iter
  1343  1.7209e-03  2.0388e-05  1.6188e-05  1.6576e-05  1:13:43 2157

 Reversed flow on 50 faces (27.5% area) of pressure-outlet 19.

 Reversed flow on 173 faces (33.9% area) of pressure-outlet 18.
  1344  1.7639e-03  2.1010e-05  1.6697e-05  1.6487e-05  1:13:41 2156

 Reversed flow on 50 faces (27.5% area) of pressure-outlet 19.

 Reversed flow on 173 faces (33.9% area) of pressure-outlet 18.
  1345  1.7086e-03  2.0594e-05  1.6301e-05  1.6612e-05  1:13:39 2155

 Reversed flow on 50 faces (27.5% area) of pressure-outlet 19.

 Reversed flow on 174 faces (33.9% area) of pressure-outlet 18.
  1346  1.8095e-03  2.1416e-05  1.6478e-05  1.6749e-05  1:13:34 2154

 Reversed flow on 50 faces (27.5% area) of pressure-outlet 19.

 Reversed flow on 174 faces (33.9% area) of pressure-outlet 18.
  1347  1.7532e-03  2.1320e-05  1.6773e-05  1.6923e-05  1:13:33 2153

 Reversed flow on 50 faces (27.5% area) of pressure-outlet 19.

 Reversed flow on 173 faces (33.9% area) of pressure-outlet 18.
  1348  1.7718e-03  2.0576e-05  1.6422e-05  1.6514e-05  1:13:31 2152

 Reversed flow on 50 faces (27.5% area) of pressure-outlet 19.

 Reversed flow on 173 faces (33.9% area) of pressure-outlet 18.
  1349  1.8042e-03  2.1593e-05  1.6813e-05  1.6928e-05  1:13:30 2151

 Reversed flow on 50 faces (27.5% area) of pressure-outlet 19.

 Reversed flow on 174 faces (33.9% area) of pressure-outlet 18.
  1350  1.8813e-03  2.1452e-05  1.6854e-05  1.7238e-05  1:13:27 2150

 Reversed flow on 50 faces (27.5% area) of pressure-outlet 19.

 Reversed flow on 174 faces (33.9% area) of pressure-outlet 18.
  1351  1.8847e-03  2.2176e-05  1.7396e-05  1.7254e-05  1:13:25 2149

 Reversed flow on 50 faces (27.5% area) of pressure-outlet 19.

 Reversed flow on 173 faces (33.9% area) of pressure-outlet 18.
  1352  1.8521e-03  2.1204e-05  1.7132e-05  1.7306e-05  1:13:25 2148

 Reversed flow on 50 faces (27.5% area) of pressure-outlet 19.

 Reversed flow on 174 faces (33.9% area) of pressure-outlet 18.
  1353  1.9686e-03  2.2212e-05  1.7490e-05  1.7420e-05  1:13:22 2147

 Reversed flow on 50 faces (27.5% area) of pressure-outlet 19.

 Reversed flow on 174 faces (33.9% area) of pressure-outlet 18.

  iter  continuity  x-velocity  y-velocity  z-velocity     time/iter
  1354  1.9127e-03  2.2481e-05  1.7929e-05  1.7888e-05  1:13:19 2146

 Reversed flow on 50 faces (27.5% area) of pressure-outlet 19.

 Reversed flow on 173 faces (33.9% area) of pressure-outlet 18.
  1355  1.9432e-03  2.2187e-05  1.7891e-05  1.7687e-05  1:13:18 2145

 Reversed flow on 50 faces (27.5% area) of pressure-outlet 19.

 Reversed flow on 174 faces (33.9% area) of pressure-outlet 18.
  1356  1.9472e-03  2.2611e-05  1.8077e-05  1.7883e-05  1:10:05 2144

 Reversed flow on 50 faces (27.5% area) of pressure-outlet 19.

 Reversed flow on 174 faces (33.9% area) of pressure-outlet 18.
  1357  1.9268e-03  2.1365e-05  1.7280e-05  1.7152e-05  1:10:39 2143

 Reversed flow on 50 faces (27.5% area) of pressure-outlet 19.

 Reversed flow on 174 faces (33.9% area) of pressure-outlet 18.
  1358  1.9550e-03  2.2706e-05  1.7903e-05  1.7612e-05  1:11:08 2142

 Reversed flow on 50 faces (27.5% area) of pressure-outlet 19.

 Reversed flow on 174 faces (33.9% area) of pressure-outlet 18.
  1359  1.9245e-03  2.2089e-05  1.7640e-05  1.7833e-05  1:11:30 2141

 Reversed flow on 50 faces (27.5% area) of pressure-outlet 19.

 Reversed flow on 174 faces (33.9% area) of pressure-outlet 18.
  1360  2.0102e-03  2.2628e-05  1.7898e-05  1.7483e-05  1:11:45 2140

 Reversed flow on 50 faces (27.5% area) of pressure-outlet 19.

 Reversed flow on 174 faces (33.9% area) of pressure-outlet 18.
  1361  1.9385e-03  2.2031e-05  1.7737e-05  1.7577e-05  1:11:59 2139

 Reversed flow on 50 faces (27.5% area) of pressure-outlet 19.

 Reversed flow on 174 faces (33.9% area) of pressure-outlet 18.
  1362  1.9549e-03  2.2178e-05  1.7656e-05  1.7491e-05  1:12:09 2138

 Reversed flow on 50 faces (27.5% area) of pressure-outlet 19.

 Reversed flow on 174 faces (33.9% area) of pressure-outlet 18.
  1363  1.9249e-03  2.2843e-05  1.7885e-05  1.7761e-05  1:12:20 2137

 Reversed flow on 50 faces (27.5% area) of pressure-outlet 19.

 Reversed flow on 174 faces (33.9% area) of pressure-outlet 18.
  1364  1.9521e-03  2.1805e-05  1.7572e-05  1.7531e-05  1:12:26 2136

 Reversed flow on 50 faces (27.5% area) of pressure-outlet 19.

 Reversed flow on 174 faces (33.9% area) of pressure-outlet 18.

  iter  continuity  x-velocity  y-velocity  z-velocity     time/iter
  1365  1.9555e-03  2.2399e-05  1.7908e-05  1.7577e-05  1:09:34 2135

 Reversed flow on 50 faces (27.5% area) of pressure-outlet 19.

 Reversed flow on 173 faces (33.9% area) of pressure-outlet 18.
  1366  1.8631e-03  2.1151e-05  1.6781e-05  1.6972e-05  1:10:15 2134

 Reversed flow on 50 faces (27.5% area) of pressure-outlet 19.

 Reversed flow on 173 faces (33.9% area) of pressure-outlet 18.
  1367  1.9035e-03  2.1865e-05  1.7268e-05  1.7100e-05  1:10:43 2133

 Reversed flow on 50 faces (27.5% area) of pressure-outlet 19.

 Reversed flow on 173 faces (33.9% area) of pressure-outlet 18.
  1368  1.8201e-03  2.0861e-05  1.7006e-05  1.7098e-05  1:11:06 2132

 Reversed flow on 50 faces (27.5% area) of pressure-outlet 19.

 Reversed flow on 173 faces (33.9% area) of pressure-outlet 18.
  1369  1.8749e-03  2.1270e-05  1.7115e-05  1.6820e-05  1:11:24 2131

 Reversed flow on 50 faces (27.5% area) of pressure-outlet 19.

 Reversed flow on 173 faces (33.9% area) of pressure-outlet 18.
  1370  1.8354e-03  2.1787e-05  1.7165e-05  1.7162e-05  1:11:37 2130

 Reversed flow on 50 faces (27.5% area) of pressure-outlet 19.

 Reversed flow on 173 faces (33.9% area) of pressure-outlet 18.
  1371  1.8452e-03  2.1146e-05  1.7028e-05  1.7048e-05  1:11:47 2129

 Reversed flow on 50 faces (27.5% area) of pressure-outlet 19.

 Reversed flow on 173 faces (33.9% area) of pressure-outlet 18.
  1372  1.8606e-03  2.1879e-05  1.7595e-05  1.7312e-05  1:11:56 2128

 Reversed flow on 50 faces (27.5% area) of pressure-outlet 19.

 Reversed flow on 173 faces (33.9% area) of pressure-outlet 18.
  1373  1.8324e-03  2.1155e-05  1.6946e-05  1.7001e-05  1:12:04 2127

 Reversed flow on 50 faces (27.5% area) of pressure-outlet 19.

 Reversed flow on 173 faces (33.9% area) of pressure-outlet 18.
  1374  1.8512e-03  2.1707e-05  1.7007e-05  1.6876e-05  1:12:08 2126

 Reversed flow on 50 faces (27.5% area) of pressure-outlet 19.

 Reversed flow on 173 faces (33.9% area) of pressure-outlet 18.
  1375  1.7853e-03  2.1095e-05  1.7020e-05  1.7172e-05  1:12:11 2125

 Reversed flow on 50 faces (27.5% area) of pressure-outlet 19.

 Reversed flow on 173 faces (33.9% area) of pressure-outlet 18.

  iter  continuity  x-velocity  y-velocity  z-velocity     time/iter
  1376  1.8509e-03  2.1583e-05  1.7271e-05  1.6875e-05  1:14:35 2124

 Reversed flow on 50 faces (27.5% area) of pressure-outlet 19.

 Reversed flow on 173 faces (33.9% area) of pressure-outlet 18.
  1377  1.7861e-03  2.1488e-05  1.6886e-05  1.6946e-05  1:14:11 2123

 Reversed flow on 50 faces (27.5% area) of pressure-outlet 19.

 Reversed flow on 173 faces (33.9% area) of pressure-outlet 18.
  1378  1.8079e-03  2.1083e-05  1.6740e-05  1.6841e-05  1:13:49 2122

 Reversed flow on 50 faces (27.5% area) of pressure-outlet 19.

 Reversed flow on 173 faces (33.9% area) of pressure-outlet 18.
  1379  1.8169e-03  2.1889e-05  1.7399e-05  1.7216e-05  1:13:29 2121

 Reversed flow on 50 faces (27.5% area) of pressure-outlet 19.

 Reversed flow on 173 faces (33.9% area) of pressure-outlet 18.
  1380  1.7992e-03  2.0995e-05  1.6782e-05  1.6829e-05  1:13:12 2120

 Reversed flow on 50 faces (27.5% area) of pressure-outlet 19.

 Reversed flow on 173 faces (33.9% area) of pressure-outlet 18.
  1381  1.8152e-03  2.1543e-05  1.6774e-05  1.6671e-05  1:13:01 2119

 Reversed flow on 50 faces (27.5% area) of pressure-outlet 19.

 Reversed flow on 174 faces (33.9% area) of pressure-outlet 18.
  1382  1.7523e-03  2.0819e-05  1.6652e-05  1.6938e-05  1:12:50 2118

 Reversed flow on 50 faces (27.5% area) of pressure-outlet 19.

 Reversed flow on 173 faces (33.9% area) of pressure-outlet 18.
  1383  1.8099e-03  2.1396e-05  1.7019e-05  1.6724e-05  1:12:41 2117

 Reversed flow on 50 faces (27.5% area) of pressure-outlet 19.

 Reversed flow on 173 faces (33.9% area) of pressure-outlet 18.
  1384  1.7528e-03  2.1188e-05  1.6631e-05  1.6792e-05  1:12:35 2116

 Reversed flow on 50 faces (27.5% area) of pressure-outlet 19.

 Reversed flow on 174 faces (33.9% area) of pressure-outlet 18.
  1385  1.7740e-03  2.0992e-05  1.6583e-05  1.6740e-05  1:12:30 2115

 Reversed flow on 50 faces (27.5% area) of pressure-outlet 19.

 Reversed flow on 174 faces (33.9% area) of pressure-outlet 18.
  1386  1.7714e-03  2.1639e-05  1.7148e-05  1.7091e-05  1:12:26 2114

 Reversed flow on 50 faces (27.5% area) of pressure-outlet 19.

 Reversed flow on 173 faces (33.9% area) of pressure-outlet 18.

  iter  continuity  x-velocity  y-velocity  z-velocity     time/iter
  1387  1.7637e-03  2.0706e-05  1.6556e-05  1.6652e-05  1:12:20 2113

 Reversed flow on 50 faces (27.5% area) of pressure-outlet 19.

 Reversed flow on 174 faces (33.9% area) of pressure-outlet 18.
  1388  1.7833e-03  2.1419e-05  1.6645e-05  1.6574e-05  1:12:16 2112

 Reversed flow on 50 faces (27.5% area) of pressure-outlet 19.

 Reversed flow on 174 faces (33.9% area) of pressure-outlet 18.
  1389  1.7220e-03  2.0734e-05  1.6507e-05  1.6857e-05  1:12:13 2111

 Reversed flow on 50 faces (27.5% area) of pressure-outlet 19.

 Reversed flow on 173 faces (33.9% area) of pressure-outlet 18.
  1390  1.7780e-03  2.1180e-05  1.6851e-05  1.6582e-05  1:12:10 2110

 Reversed flow on 50 faces (27.5% area) of pressure-outlet 19.

 Reversed flow on 173 faces (33.9% area) of pressure-outlet 18.
  1391  1.7286e-03  2.0916e-05  1.6502e-05  1.6706e-05  1:12:06 2109

 Reversed flow on 50 faces (27.5% area) of pressure-outlet 19.

 Reversed flow on 174 faces (33.9% area) of pressure-outlet 18.
  1392  1.7674e-03  2.0885e-05  1.6487e-05  1.6657e-05  1:12:04 2108

 Reversed flow on 50 faces (27.5% area) of pressure-outlet 19.

 Reversed flow on 174 faces (33.9% area) of pressure-outlet 18.
  1393  1.7393e-03  2.1472e-05  1.6969e-05  1.6965e-05  1:12:01 2107

 Reversed flow on 50 faces (27.5% area) of pressure-outlet 19.

 Reversed flow on 173 faces (33.9% area) of pressure-outlet 18.
  1394  1.7396e-03  2.0413e-05  1.6395e-05  1.6556e-05  1:11:58 2106

 Reversed flow on 50 faces (27.5% area) of pressure-outlet 19.

 Reversed flow on 174 faces (33.9% area) of pressure-outlet 18.
  1395  1.7737e-03  2.1214e-05  1.6592e-05  1.6478e-05  1:11:54 2105

 Reversed flow on 50 faces (27.5% area) of pressure-outlet 19.

 Reversed flow on 174 faces (33.9% area) of pressure-outlet 18.
  1396  1.7116e-03  2.0499e-05  1.6329e-05  1.6697e-05  1:11:51 2104

 Reversed flow on 50 faces (27.5% area) of pressure-outlet 19.

 Reversed flow on 174 faces (33.9% area) of pressure-outlet 18.
  1397  1.7638e-03  2.1049e-05  1.6774e-05  1.6542e-05  1:11:50 2103

 Reversed flow on 50 faces (27.5% area) of pressure-outlet 19.

 Reversed flow on 174 faces (33.9% area) of pressure-outlet 18.

  iter  continuity  x-velocity  y-velocity  z-velocity     time/iter
  1398  1.7077e-03  2.0715e-05  1.6450e-05  1.6648e-05  1:11:48 2102

 Reversed flow on 50 faces (27.5% area) of pressure-outlet 19.

 Reversed flow on 174 faces (33.9% area) of pressure-outlet 18.
  1399  1.7484e-03  2.0707e-05  1.6370e-05  1.6460e-05  1:11:46 2101

 Reversed flow on 50 faces (27.5% area) of pressure-outlet 19.

 Reversed flow on 174 faces (33.9% area) of pressure-outlet 18.
  1400  1.7229e-03  2.1164e-05  1.6726e-05  1.6741e-05  1:11:43 2100

 Reversed flow on 50 faces (27.5% area) of pressure-outlet 19.

 Reversed flow on 173 faces (33.9% area) of pressure-outlet 18.
  1401  1.7274e-03  2.0451e-05  1.6318e-05  1.6468e-05  1:11:41 2099

 Reversed flow on 50 faces (27.5% area) of pressure-outlet 19.

 Reversed flow on 174 faces (33.9% area) of pressure-outlet 18.
  1402  1.7350e-03  2.1153e-05  1.6503e-05  1.6349e-05  1:11:36 2098

 Reversed flow on 50 faces (27.5% area) of pressure-outlet 19.

 Reversed flow on 174 faces (33.9% area) of pressure-outlet 18.
  1403  1.6930e-03  2.0124e-05  1.6095e-05  1.6421e-05  1:11:34 2097

 Reversed flow on 50 faces (27.5% area) of pressure-outlet 19.

 Reversed flow on 174 faces (33.9% area) of pressure-outlet 18.
  1404  1.7542e-03  2.0959e-05  1.6582e-05  1.6409e-05  1:11:32 2096

 Reversed flow on 50 faces (27.5% area) of pressure-outlet 19.

 Reversed flow on 174 faces (33.9% area) of pressure-outlet 18.
  1405  1.6947e-03  2.0858e-05  1.6357e-05  1.6595e-05  1:11:29 2095

 Reversed flow on 50 faces (27.5% area) of pressure-outlet 19.

 Reversed flow on 174 faces (33.9% area) of pressure-outlet 18.
  1406  1.7387e-03  2.0756e-05  1.6230e-05  1.6293e-05  1:11:27 2094

 Reversed flow on 50 faces (27.5% area) of pressure-outlet 19.

 Reversed flow on 174 faces (33.9% area) of pressure-outlet 18.
  1407  1.7032e-03  2.0721e-05  1.6519e-05  1.6500e-05  1:11:25 2093

 Reversed flow on 50 faces (27.5% area) of pressure-outlet 19.

 Reversed flow on 173 faces (33.9% area) of pressure-outlet 18.
  1408  1.7336e-03  2.0379e-05  1.6217e-05  1.6334e-05  1:11:24 2092

 Reversed flow on 50 faces (27.5% area) of pressure-outlet 19.

 Reversed flow on 173 faces (33.9% area) of pressure-outlet 18.

  iter  continuity  x-velocity  y-velocity  z-velocity     time/iter
  1409  1.7274e-03  2.1310e-05  1.6495e-05  1.6449e-05  1:11:24 2091

 Reversed flow on 50 faces (27.5% area) of pressure-outlet 19.

 Reversed flow on 174 faces (33.9% area) of pressure-outlet 18.
  1410  1.7249e-03  2.0366e-05  1.6252e-05  1.6614e-05  1:11:21 2090

 Reversed flow on 50 faces (27.5% area) of pressure-outlet 19.

 Reversed flow on 173 faces (33.9% area) of pressure-outlet 18.
  1411  1.7782e-03  2.0961e-05  1.6747e-05  1.6495e-05  1:11:19 2089

 Reversed flow on 50 faces (27.5% area) of pressure-outlet 19.

 Reversed flow on 173 faces (33.9% area) of pressure-outlet 18.
  1412  1.7180e-03  2.0795e-05  1.6397e-05  1.6688e-05  1:11:17 2088

 Reversed flow on 50 faces (27.5% area) of pressure-outlet 19.

 Reversed flow on 174 faces (33.9% area) of pressure-outlet 18.
  1413  1.8136e-03  2.1411e-05  1.6520e-05  1.6791e-05  1:11:14 2087

 Reversed flow on 50 faces (27.5% area) of pressure-outlet 19.

 Reversed flow on 174 faces (33.9% area) of pressure-outlet 18.
  1414  1.7647e-03  2.1421e-05  1.6897e-05  1.6973e-05  1:11:12 2086

 Reversed flow on 50 faces (27.5% area) of pressure-outlet 19.

 Reversed flow on 173 faces (33.9% area) of pressure-outlet 18.
  1415  1.7819e-03  2.0591e-05  1.6465e-05  1.6574e-05  1:11:09 2085

 Reversed flow on 50 faces (27.5% area) of pressure-outlet 19.

 Reversed flow on 173 faces (33.9% area) of pressure-outlet 18.
  1416  1.8261e-03  2.1881e-05  1.6881e-05  1.7021e-05  1:11:07 2084

 Reversed flow on 50 faces (27.5% area) of pressure-outlet 19.

 Reversed flow on 174 faces (33.9% area) of pressure-outlet 18.
  1417  1.8803e-03  2.1623e-05  1.6866e-05  1.7341e-05  1:11:05 2083

 Reversed flow on 50 faces (27.5% area) of pressure-outlet 19.

 Reversed flow on 173 faces (33.9% area) of pressure-outlet 18.
  1418  1.8927e-03  2.2162e-05  1.7356e-05  1.7221e-05  1:11:05 2082

 Reversed flow on 50 faces (27.5% area) of pressure-outlet 19.

 Reversed flow on 173 faces (33.9% area) of pressure-outlet 18.
  1419  1.8511e-03  2.1333e-05  1.7122e-05  1.7330e-05  1:11:03 2081

 Reversed flow on 50 faces (27.5% area) of pressure-outlet 19.

 Reversed flow on 174 faces (33.9% area) of pressure-outlet 18.

  iter  continuity  x-velocity  y-velocity  z-velocity     time/iter
  1420  1.9916e-03  2.2428e-05  1.7525e-05  1.7591e-05  1:10:59 2080

 Reversed flow on 50 faces (27.5% area) of pressure-outlet 19.

 Reversed flow on 174 faces (33.9% area) of pressure-outlet 18.
  1421  1.9405e-03  2.2825e-05  1.8081e-05  1.8053e-05  1:11:00 2079

 Reversed flow on 50 faces (27.5% area) of pressure-outlet 19.

 Reversed flow on 173 faces (33.9% area) of pressure-outlet 18.
  1422  1.9629e-03  2.2123e-05  1.7900e-05  1.7765e-05  1:10:58 2078

 Reversed flow on 50 faces (27.5% area) of pressure-outlet 19.

 Reversed flow on 173 faces (33.9% area) of pressure-outlet 18.
  1423  1.9769e-03  2.2787e-05  1.8186e-05  1.7957e-05  1:07:53 2077

 Reversed flow on 50 faces (27.5% area) of pressure-outlet 19.

 Reversed flow on 174 faces (33.9% area) of pressure-outlet 18.
  1424  1.9602e-03  2.1684e-05  1.7497e-05  1.7415e-05  1:08:27 2076

 Reversed flow on 50 faces (27.5% area) of pressure-outlet 19.

 Reversed flow on 174 faces (33.9% area) of pressure-outlet 18.
  1425  1.9959e-03  2.3019e-05  1.8216e-05  1.7885e-05  1:08:56 2075

 Reversed flow on 50 faces (27.5% area) of pressure-outlet 19.

 Reversed flow on 174 faces (33.9% area) of pressure-outlet 18.
  1426  1.9522e-03  2.2368e-05  1.7983e-05  1.8153e-05  1:10:14 2074

 Reversed flow on 50 faces (27.5% area) of pressure-outlet 19.

 Reversed flow on 174 faces (33.9% area) of pressure-outlet 18.
  1427  2.0413e-03  2.2785e-05  1.8129e-05  1.7712e-05  1:10:18 2073

 Reversed flow on 50 faces (27.5% area) of pressure-outlet 19.

 Reversed flow on 174 faces (33.9% area) of pressure-outlet 18.
  1428  1.9808e-03  2.2623e-05  1.8182e-05  1.7920e-05  1:10:21 2072

 Reversed flow on 50 faces (27.5% area) of pressure-outlet 19.

 Reversed flow on 174 faces (33.9% area) of pressure-outlet 18.
  1429  1.9918e-03  2.2513e-05  1.7937e-05  1.7812e-05  1:10:25 2071

 Reversed flow on 50 faces (27.5% area) of pressure-outlet 19.

 Reversed flow on 174 faces (33.9% area) of pressure-outlet 18.
  1430  1.9863e-03  2.3294e-05  1.8281e-05  1.8026e-05  1:07:21 2070

 Reversed flow on 50 faces (27.5% area) of pressure-outlet 19.

 Reversed flow on 174 faces (33.9% area) of pressure-outlet 18.

  iter  continuity  x-velocity  y-velocity  z-velocity     time/iter
  1431  1.9479e-03  2.1420e-05  1.7292e-05  1.7165e-05  1:07:58 2069

 Reversed flow on 50 faces (27.5% area) of pressure-outlet 19.

 Reversed flow on 174 faces (33.9% area) of pressure-outlet 18.
  1432  1.9565e-03  2.2397e-05  1.7742e-05  1.7380e-05  1:05:26 2068

 Reversed flow on 50 faces (27.5% area) of pressure-outlet 19.

 Reversed flow on 173 faces (33.9% area) of pressure-outlet 18.
  1433  1.8696e-03  2.1224e-05  1.6744e-05  1.6951e-05  1:06:25 2067

 Reversed flow on 50 faces (27.5% area) of pressure-outlet 19.

 Reversed flow on 173 faces (33.9% area) of pressure-outlet 18.
  1434  1.9329e-03  2.1891e-05  1.7328e-05  1.7099e-05  1:07:12 2066

 Reversed flow on 50 faces (27.5% area) of pressure-outlet 19.

 Reversed flow on 173 faces (33.9% area) of pressure-outlet 18.
  1435  1.8591e-03  2.1029e-05  1.7109e-05  1.7158e-05  1:07:49 2065

 Reversed flow on 50 faces (27.5% area) of pressure-outlet 19.

 Reversed flow on 173 faces (33.9% area) of pressure-outlet 18.
  1436  1.8929e-03  2.1265e-05  1.7126e-05  1.6881e-05  1:08:19 2064

 Reversed flow on 50 faces (27.5% area) of pressure-outlet 19.

 Reversed flow on 173 faces (33.9% area) of pressure-outlet 18.
  1437  1.8498e-03  2.1911e-05  1.7262e-05  1.7201e-05  1:08:42 2063

 Reversed flow on 50 faces (27.5% area) of pressure-outlet 19.

 Reversed flow on 173 faces (33.9% area) of pressure-outlet 18.
  1438  1.8760e-03  2.1256e-05  1.7200e-05  1.7256e-05  1:09:00 2062

 Reversed flow on 50 faces (27.5% area) of pressure-outlet 19.

 Reversed flow on 173 faces (33.9% area) of pressure-outlet 18.
  1439  1.8958e-03  2.1951e-05  1.7724e-05  1.7382e-05  1:06:13 2061

 Reversed flow on 50 faces (27.5% area) of pressure-outlet 19.

 Reversed flow on 173 faces (33.9% area) of pressure-outlet 18.
  1440  1.8195e-03  2.0637e-05  1.6507e-05  1.6623e-05  1:07:01 2060

 Reversed flow on 50 faces (27.5% area) of pressure-outlet 19.

 Reversed flow on 173 faces (33.9% area) of pressure-outlet 18.
  1441  1.8368e-03  2.1331e-05  1.6816e-05  1.6695e-05  1:07:39 2059

 Reversed flow on 50 faces (27.5% area) of pressure-outlet 19.

 Reversed flow on 173 faces (33.9% area) of pressure-outlet 18.

  iter  continuity  x-velocity  y-velocity  z-velocity     time/iter
  1442  1.7740e-03  2.0765e-05  1.6828e-05  1.6955e-05  1:08:08 2058

 Reversed flow on 50 faces (27.5% area) of pressure-outlet 19.

 Reversed flow on 173 faces (33.9% area) of pressure-outlet 18.
  1443  1.8569e-03  2.1356e-05  1.7109e-05  1.6723e-05  1:08:33 2057

 Reversed flow on 50 faces (27.5% area) of pressure-outlet 19.

 Reversed flow on 173 faces (33.9% area) of pressure-outlet 18.
  1444  1.8074e-03  2.1558e-05  1.6961e-05  1.6948e-05  1:08:50 2056

 Reversed flow on 50 faces (27.5% area) of pressure-outlet 19.

 Reversed flow on 173 faces (33.9% area) of pressure-outlet 18.
  1445  1.8201e-03  2.1026e-05  1.6793e-05  1.6863e-05  1:09:07 2055

 Reversed flow on 50 faces (27.5% area) of pressure-outlet 19.

 Reversed flow on 173 faces (33.9% area) of pressure-outlet 18.
  1446  1.8321e-03  2.1887e-05  1.7448e-05  1.7181e-05  1:09:18 2054

 Reversed flow on 50 faces (27.5% area) of pressure-outlet 19.

 Reversed flow on 173 faces (33.9% area) of pressure-outlet 18.
  1447  1.8163e-03  2.1100e-05  1.6857e-05  1.6900e-05  1:09:26 2053

 Reversed flow on 50 faces (27.5% area) of pressure-outlet 19.

 Reversed flow on 173 faces (33.9% area) of pressure-outlet 18.
  1448  1.8307e-03  2.1557e-05  1.6844e-05  1.6744e-05  1:09:31 2052

 Reversed flow on 50 faces (27.5% area) of pressure-outlet 19.

 Reversed flow on 173 faces (33.9% area) of pressure-outlet 18.
  1449  1.7695e-03  2.0975e-05  1.6830e-05  1.7052e-05  1:09:35 2051

 Reversed flow on 50 faces (27.5% area) of pressure-outlet 19.

 Reversed flow on 173 faces (33.9% area) of pressure-outlet 18.
  1450  1.8271e-03  2.1444e-05  1.7104e-05  1.6786e-05  1:09:37 2050

 Reversed flow on 50 faces (27.5% area) of pressure-outlet 19.

 Reversed flow on 173 faces (33.9% area) of pressure-outlet 18.
  1451  1.7742e-03  2.1389e-05  1.6762e-05  1.6872e-05  1:09:45 2049

 Reversed flow on 50 faces (27.5% area) of pressure-outlet 19.

 Reversed flow on 174 faces (33.9% area) of pressure-outlet 18.
  1452  1.7951e-03  2.1064e-05  1.6682e-05  1.6835e-05  1:09:45 2048

 Reversed flow on 50 faces (27.5% area) of pressure-outlet 19.

 Reversed flow on 174 faces (33.9% area) of pressure-outlet 18.

  iter  continuity  x-velocity  y-velocity  z-velocity     time/iter
  1453  1.8011e-03  2.1822e-05  1.7293e-05  1.7186e-05  1:09:46 2047

 Reversed flow on 50 faces (27.5% area) of pressure-outlet 19.

 Reversed flow on 173 faces (33.9% area) of pressure-outlet 18.
  1454  1.7830e-03  2.0864e-05  1.6667e-05  1.6735e-05  1:09:49 2046

 Reversed flow on 50 faces (27.5% area) of pressure-outlet 19.

 Reversed flow on 174 faces (33.9% area) of pressure-outlet 18.
  1455  1.8032e-03  2.1490e-05  1.6717e-05  1.6661e-05  1:09:46 2045

 Reversed flow on 50 faces (27.5% area) of pressure-outlet 19.

 Reversed flow on 174 faces (33.9% area) of pressure-outlet 18.
  1456  1.7376e-03  2.0894e-05  1.6645e-05  1.6947e-05  1:09:45 2044

 Reversed flow on 50 faces (27.5% area) of pressure-outlet 19.

 Reversed flow on 173 faces (33.9% area) of pressure-outlet 18.
  1457  1.7930e-03  2.1279e-05  1.6916e-05  1.6643e-05  1:09:43 2043

 Reversed flow on 50 faces (27.5% area) of pressure-outlet 19.

 Reversed flow on 173 faces (33.9% area) of pressure-outlet 18.
  1458  1.7473e-03  2.1079e-05  1.6587e-05  1.6751e-05  1:09:52 2042

 Reversed flow on 50 faces (27.5% area) of pressure-outlet 19.

 Reversed flow on 174 faces (33.9% area) of pressure-outlet 18.
  1459  1.7829e-03  2.0951e-05  1.6571e-05  1.6729e-05  1:09:55 2041

 Reversed flow on 50 faces (27.5% area) of pressure-outlet 19.

 Reversed flow on 174 faces (33.9% area) of pressure-outlet 18.
  1460  1.7584e-03  2.1605e-05  1.7065e-05  1.7030e-05  1:09:52 2040

 Reversed flow on 50 faces (27.5% area) of pressure-outlet 19.

 Reversed flow on 173 faces (33.9% area) of pressure-outlet 18.
  1461  1.7522e-03  2.0512e-05  1.6475e-05  1.6621e-05  1:09:48 2039

 Reversed flow on 50 faces (27.5% area) of pressure-outlet 19.

 Reversed flow on 174 faces (33.9% area) of pressure-outlet 18.
  1462  1.7924e-03  2.1249e-05  1.6633e-05  1.6523e-05  1:09:43 2038

 Reversed flow on 50 faces (27.5% area) of pressure-outlet 19.

 Reversed flow on 174 faces (33.9% area) of pressure-outlet 18.
  1463  1.7210e-03  2.0607e-05  1.6420e-05  1.6748e-05  1:09:40 2037

 Reversed flow on 50 faces (27.5% area) of pressure-outlet 19.

 Reversed flow on 174 faces (33.9% area) of pressure-outlet 18.

  iter  continuity  x-velocity  y-velocity  z-velocity     time/iter
  1464  1.7710e-03  2.1062e-05  1.6786e-05  1.6571e-05  1:09:37 2036

 Reversed flow on 50 faces (27.5% area) of pressure-outlet 19.

 Reversed flow on 174 faces (33.9% area) of pressure-outlet 18.
  1465  1.7216e-03  2.0779e-05  1.6486e-05  1.6680e-05  1:09:35 2035

 Reversed flow on 50 faces (27.5% area) of pressure-outlet 19.

 Reversed flow on 174 faces (33.9% area) of pressure-outlet 18.
  1466  1.7531e-03  2.0654e-05  1.6404e-05  1.6504e-05  1:09:32 2034

 Reversed flow on 50 faces (27.5% area) of pressure-outlet 19.

 Reversed flow on 174 faces (33.9% area) of pressure-outlet 18.
  1467  1.7439e-03  2.1316e-05  1.6837e-05  1.6842e-05  1:09:28 2033

 Reversed flow on 50 faces (27.5% area) of pressure-outlet 19.

 Reversed flow on 173 faces (33.9% area) of pressure-outlet 18.
  1468  1.7364e-03  2.0461e-05  1.6346e-05  1.6519e-05  1:09:25 2032

 Reversed flow on 50 faces (27.5% area) of pressure-outlet 19.

 Reversed flow on 174 faces (33.9% area) of pressure-outlet 18.
  1469  1.7462e-03  2.1110e-05  1.6468e-05  1.6301e-05  1:09:23 2031

 Reversed flow on 50 faces (27.5% area) of pressure-outlet 19.

 Reversed flow on 174 faces (33.9% area) of pressure-outlet 18.
  1470  1.6895e-03  2.0126e-05  1.6096e-05  1.6425e-05  1:09:23 2030

 Reversed flow on 50 faces (27.5% area) of pressure-outlet 19.

 Reversed flow on 174 faces (33.9% area) of pressure-outlet 18.
  1471  1.7571e-03  2.0908e-05  1.6548e-05  1.6384e-05  1:09:21 2029

 Reversed flow on 50 faces (27.5% area) of pressure-outlet 19.

 Reversed flow on 174 faces (33.9% area) of pressure-outlet 18.
  1472  1.6998e-03  2.0907e-05  1.6360e-05  1.6578e-05  1:09:40 2028

 Reversed flow on 50 faces (27.5% area) of pressure-outlet 19.

 Reversed flow on 174 faces (33.9% area) of pressure-outlet 18.
  1473  1.7420e-03  2.0745e-05  1.6245e-05  1.6350e-05  1:09:40 2027

 Reversed flow on 50 faces (27.5% area) of pressure-outlet 19.

 Reversed flow on 174 faces (33.9% area) of pressure-outlet 18.
  1474  1.7188e-03  2.0851e-05  1.6584e-05  1.6559e-05  1:09:35 2026

 Reversed flow on 50 faces (27.5% area) of pressure-outlet 19.

 Reversed flow on 173 faces (33.9% area) of pressure-outlet 18.

  iter  continuity  x-velocity  y-velocity  z-velocity     time/iter
  1475  1.7354e-03  2.0383e-05  1.6225e-05  1.6367e-05  1:09:27 2025

 Reversed flow on 50 faces (27.5% area) of pressure-outlet 19.

 Reversed flow on 173 faces (33.9% area) of pressure-outlet 18.
  1476  1.7401e-03  2.1309e-05  1.6485e-05  1.6419e-05  1:09:22 2024

 Reversed flow on 50 faces (27.5% area) of pressure-outlet 19.

 Reversed flow on 174 faces (33.9% area) of pressure-outlet 18.
  1477  1.7213e-03  2.0355e-05  1.6260e-05  1.6604e-05  1:09:15 2023

 Reversed flow on 50 faces (27.5% area) of pressure-outlet 19.

 Reversed flow on 173 faces (33.9% area) of pressure-outlet 18.
  1478  1.7852e-03  2.0961e-05  1.6745e-05  1.6459e-05  1:09:12 2022

 Reversed flow on 50 faces (27.5% area) of pressure-outlet 19.

 Reversed flow on 173 faces (33.9% area) of pressure-outlet 18.
  1479  1.7224e-03  2.0887e-05  1.6405e-05  1.6697e-05  1:09:08 2021

 Reversed flow on 50 faces (27.5% area) of pressure-outlet 19.

 Reversed flow on 174 faces (33.9% area) of pressure-outlet 18.
  1480  1.8072e-03  2.1337e-05  1.6491e-05  1.6789e-05  1:09:04 2020

 Reversed flow on 50 faces (27.5% area) of pressure-outlet 19.

 Reversed flow on 174 faces (33.9% area) of pressure-outlet 18.
  1481  1.7655e-03  2.1410e-05  1.6873e-05  1.6936e-05  1:09:14 2019

 Reversed flow on 50 faces (27.5% area) of pressure-outlet 19.

 Reversed flow on 173 faces (33.9% area) of pressure-outlet 18.
  1482  1.7758e-03  2.0534e-05  1.6432e-05  1.6572e-05  1:09:18 2018

 Reversed flow on 50 faces (27.5% area) of pressure-outlet 19.

 Reversed flow on 173 faces (33.9% area) of pressure-outlet 18.
  1483  1.8347e-03  2.1888e-05  1.6869e-05  1.6983e-05  1:09:11 2017

 Reversed flow on 50 faces (27.5% area) of pressure-outlet 19.

 Reversed flow on 174 faces (33.9% area) of pressure-outlet 18.
  1484  1.8692e-03  2.1577e-05  1.6817e-05  1.7313e-05  1:09:07 2016

 Reversed flow on 50 faces (27.5% area) of pressure-outlet 19.

 Reversed flow on 173 faces (33.9% area) of pressure-outlet 18.
  1485  1.8913e-03  2.2035e-05  1.7308e-05  1.7148e-05  1:09:08 2015

 Reversed flow on 50 faces (27.5% area) of pressure-outlet 19.

 Reversed flow on 173 faces (33.9% area) of pressure-outlet 18.

  iter  continuity  x-velocity  y-velocity  z-velocity     time/iter
  1486  1.8474e-03  2.1380e-05  1.7131e-05  1.7323e-05  1:09:03 2014

 Reversed flow on 50 faces (27.5% area) of pressure-outlet 19.

 Reversed flow on 174 faces (33.9% area) of pressure-outlet 18.
  1487  1.9946e-03  2.2413e-05  1.7522e-05  1.7607e-05  1:08:59 2013

 Reversed flow on 50 faces (27.5% area) of pressure-outlet 19.

 Reversed flow on 174 faces (33.9% area) of pressure-outlet 18.
  1488  1.9338e-03  2.2852e-05  1.8075e-05  1.8027e-05  1:08:58 2012

 Reversed flow on 50 faces (27.5% area) of pressure-outlet 19.

 Reversed flow on 173 faces (33.9% area) of pressure-outlet 18.
  1489  1.9600e-03  2.2100e-05  1.7896e-05  1.7799e-05  1:08:53 2011

 Reversed flow on 50 faces (27.5% area) of pressure-outlet 19.

 Reversed flow on 174 faces (33.9% area) of pressure-outlet 18.
  1490  1.9859e-03  2.2861e-05  1.8204e-05  1.7947e-05  1:05:51 2010

 Reversed flow on 50 faces (27.5% area) of pressure-outlet 19.

 Reversed flow on 174 faces (33.9% area) of pressure-outlet 18.
  1491  1.9594e-03  2.1730e-05  1.7504e-05  1.7457e-05  1:06:22 2009

 Reversed flow on 50 faces (27.5% area) of pressure-outlet 19.

 Reversed flow on 174 faces (33.9% area) of pressure-outlet 18.
  1492  2.0062e-03  2.3068e-05  1.8284e-05  1.7936e-05  1:06:46 2008

 Reversed flow on 50 faces (27.5% area) of pressure-outlet 19.

 Reversed flow on 174 faces (33.9% area) of pressure-outlet 18.
  1493  1.9530e-03  2.2456e-05  1.8038e-05  1.8193e-05  1:07:07 2007

 Reversed flow on 50 faces (27.5% area) of pressure-outlet 19.

 Reversed flow on 174 faces (33.9% area) of pressure-outlet 18.
  1494  2.0400e-03  2.2778e-05  1.8129e-05  1.7718e-05  1:07:22 2006

 Reversed flow on 50 faces (27.5% area) of pressure-outlet 19.

 Reversed flow on 174 faces (33.9% area) of pressure-outlet 18.
  1495  1.9869e-03  2.2794e-05  1.8294e-05  1.7990e-05  1:07:34 2005

 Reversed flow on 50 faces (27.5% area) of pressure-outlet 19.

 Reversed flow on 174 faces (33.9% area) of pressure-outlet 18.
  1496  2.0030e-03  2.2572e-05  1.7972e-05  1.7901e-05  1:07:43 2004

 Reversed flow on 50 faces (27.5% area) of pressure-outlet 19.

 Reversed flow on 174 faces (33.9% area) of pressure-outlet 18.

  iter  continuity  x-velocity  y-velocity  z-velocity     time/iter
  1497  1.9973e-03  2.3383e-05  1.8352e-05  1.8052e-05  1:04:52 2003

 Reversed flow on 50 faces (27.5% area) of pressure-outlet 19.

 Reversed flow on 174 faces (33.9% area) of pressure-outlet 18.
  1498  1.9547e-03  2.1449e-05  1.7320e-05  1.7223e-05  1:05:33 2002

 Reversed flow on 50 faces (27.5% area) of pressure-outlet 19.

 Reversed flow on 174 faces (33.9% area) of pressure-outlet 18.
  1499  1.9654e-03  2.2464e-05  1.7791e-05  1.7417e-05  1:03:08 2001

 Reversed flow on 50 faces (27.5% area) of pressure-outlet 19.

 Reversed flow on 173 faces (33.9% area) of pressure-outlet 18.
  1500  1.8702e-03  2.1320e-05  1.6778e-05  1.7002e-05  1:04:11 2000

 Reversed flow on 50 faces (27.5% area) of pressure-outlet 19.

 Reversed flow on 173 faces (33.9% area) of pressure-outlet 18.
  1501  1.9369e-03  2.1886e-05  1.7344e-05  1.7111e-05  1:04:59 1999

 Reversed flow on 50 faces (27.5% area) of pressure-outlet 19.

 Reversed flow on 173 faces (33.9% area) of pressure-outlet 18.
  1502  1.8577e-03  2.1080e-05  1.7142e-05  1.7144e-05  1:05:37 1998

 Reversed flow on 50 faces (27.5% area) of pressure-outlet 19.

 Reversed flow on 173 faces (33.9% area) of pressure-outlet 18.
  1503  1.8870e-03  2.1209e-05  1.7082e-05  1.6878e-05  1:06:08 1997

 Reversed flow on 50 faces (27.5% area) of pressure-outlet 19.

 Reversed flow on 173 faces (33.9% area) of pressure-outlet 18.
  1504  1.8523e-03  2.1958e-05  1.7301e-05  1.7195e-05  1:06:30 1996

 Reversed flow on 50 faces (27.5% area) of pressure-outlet 19.

 Reversed flow on 173 faces (33.9% area) of pressure-outlet 18.
  1505  1.8658e-03  2.1160e-05  1.7153e-05  1.7237e-05  1:06:47 1995

 Reversed flow on 50 faces (27.5% area) of pressure-outlet 19.

 Reversed flow on 173 faces (33.9% area) of pressure-outlet 18.
  1506  1.9003e-03  2.1950e-05  1.7692e-05  1.7318e-05  1:04:04 1994

 Reversed flow on 50 faces (27.5% area) of pressure-outlet 19.

 Reversed flow on 173 faces (33.9% area) of pressure-outlet 18.
  1507  1.8100e-03  2.0622e-05  1.6460e-05  1.6602e-05  1:04:50 1993

 Reversed flow on 50 faces (27.5% area) of pressure-outlet 19.

 Reversed flow on 173 faces (33.9% area) of pressure-outlet 18.

  iter  continuity  x-velocity  y-velocity  z-velocity     time/iter
  1508  1.8358e-03  2.1248e-05  1.6776e-05  1.6663e-05  1:05:26 1992

 Reversed flow on 50 faces (27.5% area) of pressure-outlet 19.

 Reversed flow on 173 faces (33.9% area) of pressure-outlet 18.
  1509  1.7687e-03  2.0773e-05  1.6814e-05  1.6906e-05  1:05:54 1991

 Reversed flow on 50 faces (27.5% area) of pressure-outlet 19.

 Reversed flow on 173 faces (33.9% area) of pressure-outlet 18.
  1510  1.8424e-03  2.1149e-05  1.6975e-05  1.6618e-05  1:06:17 1990

 Reversed flow on 50 faces (27.5% area) of pressure-outlet 19.

 Reversed flow on 173 faces (33.9% area) of pressure-outlet 18.
  1511  1.7944e-03  2.1443e-05  1.6867e-05  1.6819e-05  1:06:37 1989

 Reversed flow on 50 faces (27.5% area) of pressure-outlet 19.

 Reversed flow on 173 faces (33.9% area) of pressure-outlet 18.
  1512  1.8037e-03  2.0844e-05  1.6699e-05  1.6792e-05  1:06:50 1988

 Reversed flow on 50 faces (27.5% area) of pressure-outlet 19.

 Reversed flow on 173 faces (33.9% area) of pressure-outlet 18.
  1513  1.8233e-03  2.1750e-05  1.7322e-05  1.7043e-05  1:07:00 1987

 Reversed flow on 50 faces (27.5% area) of pressure-outlet 19.

 Reversed flow on 173 faces (33.9% area) of pressure-outlet 18.
  1514  1.7997e-03  2.0990e-05  1.6745e-05  1.6832e-05  1:07:08 1986

 Reversed flow on 50 faces (27.5% area) of pressure-outlet 19.

 Reversed flow on 173 faces (33.9% area) of pressure-outlet 18.
  1515  1.8257e-03  2.1389e-05  1.6753e-05  1.6675e-05  1:07:14 1985

 Reversed flow on 50 faces (27.5% area) of pressure-outlet 19.

 Reversed flow on 173 faces (33.9% area) of pressure-outlet 18.
  1516  1.7625e-03  2.0914e-05  1.6792e-05  1.6982e-05  1:07:18 1984

 Reversed flow on 50 faces (27.5% area) of pressure-outlet 19.

 Reversed flow on 173 faces (33.9% area) of pressure-outlet 18.
  1517  1.8234e-03  2.1332e-05  1.7030e-05  1.6732e-05  1:07:21 1983

 Reversed flow on 50 faces (27.5% area) of pressure-outlet 19.

 Reversed flow on 173 faces (33.9% area) of pressure-outlet 18.
  1518  1.7712e-03  2.1417e-05  1.6746e-05  1.6850e-05  1:07:23 1982

 Reversed flow on 50 faces (27.5% area) of pressure-outlet 19.

 Reversed flow on 174 faces (33.9% area) of pressure-outlet 18.

  iter  continuity  x-velocity  y-velocity  z-velocity     time/iter
  1519  1.7873e-03  2.0915e-05  1.6632e-05  1.6813e-05  1:07:24 1981

 Reversed flow on 50 faces (27.5% area) of pressure-outlet 19.

 Reversed flow on 174 faces (33.9% area) of pressure-outlet 18.
  1520  1.8013e-03  2.1776e-05  1.7253e-05  1.7130e-05  1:07:24 1980

 Reversed flow on 50 faces (27.5% area) of pressure-outlet 19.

 Reversed flow on 173 faces (33.9% area) of pressure-outlet 18.
  1521  1.7818e-03  2.0902e-05  1.6676e-05  1.6765e-05  1:07:25 1979

 Reversed flow on 50 faces (27.5% area) of pressure-outlet 19.

 Reversed flow on 174 faces (33.9% area) of pressure-outlet 18.
  1522  1.8066e-03  2.1490e-05  1.6740e-05  1.6706e-05  1:07:24 1978

 Reversed flow on 50 faces (27.5% area) of pressure-outlet 19.

 Reversed flow on 174 faces (33.9% area) of pressure-outlet 18.
  1523  1.7395e-03  2.1033e-05  1.6765e-05  1.7031e-05  1:07:22 1977

 Reversed flow on 50 faces (27.5% area) of pressure-outlet 19.

 Reversed flow on 173 faces (33.9% area) of pressure-outlet 18.
  1524  1.8053e-03  2.1319e-05  1.6972e-05  1.6707e-05  1:07:22 1976

 Reversed flow on 50 faces (27.5% area) of pressure-outlet 19.

 Reversed flow on 173 faces (33.9% area) of pressure-outlet 18.
  1525  1.7564e-03  2.1210e-05  1.6654e-05  1.6802e-05  1:07:24 1975

 Reversed flow on 50 faces (27.5% area) of pressure-outlet 19.

 Reversed flow on 174 faces (33.9% area) of pressure-outlet 18.
  1526  1.7786e-03  2.0924e-05  1.6595e-05  1.6770e-05  1:07:22 1974

 Reversed flow on 50 faces (27.5% area) of pressure-outlet 19.

 Reversed flow on 174 faces (33.9% area) of pressure-outlet 18.
  1527  1.7678e-03  2.1691e-05  1.7133e-05  1.7074e-05  1:07:18 1973

 Reversed flow on 50 faces (27.5% area) of pressure-outlet 19.

 Reversed flow on 173 faces (33.9% area) of pressure-outlet 18.
  1528  1.7556e-03  2.0588e-05  1.6521e-05  1.6680e-05  1:07:17 1972

 Reversed flow on 50 faces (27.5% area) of pressure-outlet 19.

 Reversed flow on 174 faces (33.9% area) of pressure-outlet 18.
  1529  1.7934e-03  2.1242e-05  1.6646e-05  1.6572e-05  1:07:16 1971

 Reversed flow on 50 faces (27.5% area) of pressure-outlet 19.

 Reversed flow on 174 faces (33.9% area) of pressure-outlet 18.

  iter  continuity  x-velocity  y-velocity  z-velocity     time/iter
  1530  1.7196e-03  2.0743e-05  1.6519e-05  1.6807e-05  1:07:15 1970

 Reversed flow on 50 faces (27.5% area) of pressure-outlet 19.

 Reversed flow on 173 faces (33.9% area) of pressure-outlet 18.
  1531  1.7705e-03  2.1008e-05  1.6765e-05  1.6554e-05  1:07:15 1969

 Reversed flow on 50 faces (27.5% area) of pressure-outlet 19.

 Reversed flow on 173 faces (33.9% area) of pressure-outlet 18.
  1532  1.7222e-03  2.0825e-05  1.6497e-05  1.6665e-05  1:07:12 1968

 Reversed flow on 50 faces (27.5% area) of pressure-outlet 19.

 Reversed flow on 174 faces (33.9% area) of pressure-outlet 18.
  1533  1.7517e-03  2.0626e-05  1.6415e-05  1.6523e-05  1:07:09 1967

 Reversed flow on 50 faces (27.5% area) of pressure-outlet 19.

 Reversed flow on 174 faces (33.9% area) of pressure-outlet 18.
  1534  1.7452e-03  2.1360e-05  1.6849e-05  1.6841e-05  1:07:06 1966

 Reversed flow on 50 faces (27.5% area) of pressure-outlet 19.

 Reversed flow on 173 faces (33.9% area) of pressure-outlet 18.
  1535  1.7268e-03  2.0444e-05  1.6345e-05  1.6540e-05  1:09:21 1965

 Reversed flow on 50 faces (27.5% area) of pressure-outlet 19.

 Reversed flow on 174 faces (33.9% area) of pressure-outlet 18.
  1536  1.7498e-03  2.1059e-05  1.6456e-05  1.6312e-05  1:08:52 1964

 Reversed flow on 50 faces (27.5% area) of pressure-outlet 19.

 Reversed flow on 174 faces (33.9% area) of pressure-outlet 18.
  1537  1.6882e-03  2.0166e-05  1.6116e-05  1.6421e-05  1:08:27 1963

 Reversed flow on 50 faces (27.5% area) of pressure-outlet 19.

 Reversed flow on 174 faces (33.9% area) of pressure-outlet 18.
  1538  1.7467e-03  2.0834e-05  1.6483e-05  1.6344e-05  1:08:09 1962

 Reversed flow on 50 faces (27.5% area) of pressure-outlet 19.

 Reversed flow on 174 faces (33.9% area) of pressure-outlet 18.
  1539  1.6945e-03  2.0880e-05  1.6334e-05  1.6544e-05  1:07:53 1961

 Reversed flow on 50 faces (27.5% area) of pressure-outlet 19.

 Reversed flow on 174 faces (33.9% area) of pressure-outlet 18.
  1540  1.7265e-03  2.0602e-05  1.6203e-05  1.6314e-05  1:07:41 1960

 Reversed flow on 50 faces (27.5% area) of pressure-outlet 19.

 Reversed flow on 174 faces (33.9% area) of pressure-outlet 18.

  iter  continuity  x-velocity  y-velocity  z-velocity     time/iter
  1541  1.7223e-03  2.0926e-05  1.6591e-05  1.6551e-05  1:07:30 1959

 Reversed flow on 50 faces (27.5% area) of pressure-outlet 19.

 Reversed flow on 173 faces (33.9% area) of pressure-outlet 18.
  1542  1.7264e-03  2.0346e-05  1.6177e-05  1.6358e-05  1:07:21 1958

 Reversed flow on 50 faces (27.5% area) of pressure-outlet 19.

 Reversed flow on 173 faces (33.9% area) of pressure-outlet 18.
  1543  1.7343e-03  2.1183e-05  1.6401e-05  1.6325e-05  1:07:15 1957

 Reversed flow on 50 faces (27.5% area) of pressure-outlet 19.

 Reversed flow on 174 faces (33.9% area) of pressure-outlet 18.
  1544  1.7075e-03  2.0250e-05  1.6191e-05  1.6514e-05  1:07:07 1956

 Reversed flow on 50 faces (27.5% area) of pressure-outlet 19.

 Reversed flow on 173 faces (33.9% area) of pressure-outlet 18.
  1545  1.7675e-03  2.0811e-05  1.6626e-05  1.6341e-05  1:07:01 1955

 Reversed flow on 50 faces (27.5% area) of pressure-outlet 19.

 Reversed flow on 173 faces (33.9% area) of pressure-outlet 18.
  1546  1.7184e-03  2.0964e-05  1.6392e-05  1.6692e-05  1:06:56 1954

 Reversed flow on 50 faces (27.5% area) of pressure-outlet 19.

 Reversed flow on 174 faces (33.9% area) of pressure-outlet 18.
  1547  1.7965e-03  2.1187e-05  1.6420e-05  1.6728e-05  1:06:51 1953

 Reversed flow on 50 faces (27.5% area) of pressure-outlet 19.

 Reversed flow on 174 faces (33.9% area) of pressure-outlet 18.
  1548  1.7605e-03  2.1365e-05  1.6832e-05  1.6880e-05  1:06:47 1952

 Reversed flow on 50 faces (27.5% area) of pressure-outlet 19.

 Reversed flow on 173 faces (33.9% area) of pressure-outlet 18.
  1549  1.7649e-03  2.0434e-05  1.6364e-05  1.6529e-05  1:06:45 1951

 Reversed flow on 50 faces (27.5% area) of pressure-outlet 19.

 Reversed flow on 173 faces (33.9% area) of pressure-outlet 18.
  1550  1.8350e-03  2.1874e-05  1.6799e-05  1.6927e-05  1:06:42 1950

 Reversed flow on 50 faces (27.5% area) of pressure-outlet 19.

 Reversed flow on 174 faces (33.9% area) of pressure-outlet 18.
  1551  1.8505e-03  2.1491e-05  1.6739e-05  1.7244e-05  1:06:38 1949

 Reversed flow on 50 faces (27.5% area) of pressure-outlet 19.

 Reversed flow on 173 faces (33.9% area) of pressure-outlet 18.

  iter  continuity  x-velocity  y-velocity  z-velocity     time/iter
  1552  1.8716e-03  2.1758e-05  1.7118e-05  1.6965e-05  1:06:33 1948

 Reversed flow on 50 faces (27.5% area) of pressure-outlet 19.

 Reversed flow on 173 faces (33.9% area) of pressure-outlet 18.
  1553  1.8331e-03  2.1300e-05  1.6992e-05  1.7203e-05  1:06:30 1947

 Reversed flow on 50 faces (27.5% area) of pressure-outlet 19.

 Reversed flow on 174 faces (33.9% area) of pressure-outlet 18.
  1554  1.9776e-03  2.2275e-05  1.7384e-05  1.7525e-05  1:06:28 1946

 Reversed flow on 50 faces (27.5% area) of pressure-outlet 19.

 Reversed flow on 174 faces (33.9% area) of pressure-outlet 18.
  1555  1.9247e-03  2.2819e-05  1.7972e-05  1.7931e-05  1:06:26 1945

 Reversed flow on 50 faces (27.5% area) of pressure-outlet 19.

 Reversed flow on 173 faces (33.9% area) of pressure-outlet 18.
  1556  1.9486e-03  2.1883e-05  1.7733e-05  1.7672e-05  1:06:23 1944

 Reversed flow on 50 faces (27.5% area) of pressure-outlet 19.

 Reversed flow on 174 faces (33.9% area) of pressure-outlet 18.
  1557  1.9838e-03  2.2746e-05  1.8064e-05  1.7775e-05  1:03:29 1943

 Reversed flow on 50 faces (27.5% area) of pressure-outlet 19.

 Reversed flow on 174 faces (33.9% area) of pressure-outlet 18.
  1558  1.9501e-03  2.1635e-05  1.7381e-05  1.7398e-05  1:04:02 1942

 Reversed flow on 50 faces (27.5% area) of pressure-outlet 19.

 Reversed flow on 174 faces (33.9% area) of pressure-outlet 18.
  1559  2.0055e-03  2.2970e-05  1.8254e-05  1.7887e-05  1:04:27 1941

 Reversed flow on 50 faces (27.5% area) of pressure-outlet 19.

 Reversed flow on 174 faces (33.9% area) of pressure-outlet 18.
  1560  1.9449e-03  2.2363e-05  1.7992e-05  1.8125e-05  1:04:48 1940

 Reversed flow on 50 faces (27.5% area) of pressure-outlet 19.

 Reversed flow on 174 faces (33.9% area) of pressure-outlet 18.
  1561  2.0377e-03  2.2677e-05  1.8078e-05  1.7698e-05  1:05:03 1939

 Reversed flow on 50 faces (27.5% area) of pressure-outlet 19.

 Reversed flow on 174 faces (33.9% area) of pressure-outlet 18.
  1562  1.9752e-03  2.2782e-05  1.8240e-05  1.7923e-05  1:05:13 1938

 Reversed flow on 50 faces (27.5% area) of pressure-outlet 19.

 Reversed flow on 174 faces (33.9% area) of pressure-outlet 18.

  iter  continuity  x-velocity  y-velocity  z-velocity     time/iter
  1563  1.9916e-03  2.2530e-05  1.7931e-05  1.7922e-05  1:05:22 1937

 Reversed flow on 50 faces (27.5% area) of pressure-outlet 19.

 Reversed flow on 174 faces (33.9% area) of pressure-outlet 18.
  1564  1.9954e-03  2.3319e-05  1.8323e-05  1.7969e-05  1:02:38 1936

 Reversed flow on 50 faces (27.5% area) of pressure-outlet 19.

 Reversed flow on 174 faces (33.9% area) of pressure-outlet 18.
  1565  1.9446e-03  2.1390e-05  1.7262e-05  1.7187e-05  1:03:18 1935

 Reversed flow on 50 faces (27.5% area) of pressure-outlet 19.

 Reversed flow on 174 faces (33.9% area) of pressure-outlet 18.
  1566  1.9650e-03  2.2441e-05  1.7759e-05  1.7392e-05  1:03:51 1934

 Reversed flow on 50 faces (27.5% area) of pressure-outlet 19.

 Reversed flow on 173 faces (33.9% area) of pressure-outlet 18.
  1567  1.9040e-03  2.2214e-05  1.7496e-05  1.7654e-05  1:04:15 1933

 Reversed flow on 50 faces (27.5% area) of pressure-outlet 19.

 Reversed flow on 173 faces (33.9% area) of pressure-outlet 18.
  1568  1.9795e-03  2.2421e-05  1.7713e-05  1.7470e-05  1:04:33 1932

 Reversed flow on 50 faces (27.5% area) of pressure-outlet 19.

 Reversed flow on 173 faces (33.9% area) of pressure-outlet 18.
  1569  1.9176e-03  2.1902e-05  1.7843e-05  1.7689e-05  1:04:48 1931

 Reversed flow on 50 faces (27.5% area) of pressure-outlet 19.

 Reversed flow on 173 faces (33.9% area) of pressure-outlet 18.
  1570  1.9371e-03  2.1822e-05  1.7561e-05  1.7401e-05  1:05:02 1930

 Reversed flow on 50 faces (27.5% area) of pressure-outlet 19.

 Reversed flow on 173 faces (33.9% area) of pressure-outlet 18.
  1571  1.8931e-03  2.2494e-05  1.7687e-05  1.7512e-05  1:05:10 1929

 Reversed flow on 50 faces (27.5% area) of pressure-outlet 19.

 Reversed flow on 173 faces (33.9% area) of pressure-outlet 18.
  1572  1.8908e-03  2.1406e-05  1.7393e-05  1.7533e-05  1:05:16 1928

 Reversed flow on 50 faces (27.5% area) of pressure-outlet 19.

 Reversed flow on 173 faces (33.9% area) of pressure-outlet 18.
  1573  1.9412e-03  2.2334e-05  1.7960e-05  1.7573e-05  1:02:30 1927

 Reversed flow on 50 faces (27.5% area) of pressure-outlet 19.

 Reversed flow on 173 faces (33.9% area) of pressure-outlet 18.

  iter  continuity  x-velocity  y-velocity  z-velocity     time/iter
  1574  1.8364e-03  2.0975e-05  1.6685e-05  1.6834e-05  1:03:10 1926

 Reversed flow on 50 faces (27.5% area) of pressure-outlet 19.

 Reversed flow on 173 faces (33.9% area) of pressure-outlet 18.
  1575  1.8583e-03  2.1413e-05  1.6930e-05  1.6826e-05  1:03:41 1925

 Reversed flow on 50 faces (27.5% area) of pressure-outlet 19.

 Reversed flow on 173 faces (33.9% area) of pressure-outlet 18.
  1576  1.7876e-03  2.1007e-05  1.6994e-05  1.7045e-05  1:04:04 1924

 Reversed flow on 50 faces (27.5% area) of pressure-outlet 19.

 Reversed flow on 173 faces (33.9% area) of pressure-outlet 18.
  1577  1.8548e-03  2.1215e-05  1.7027e-05  1.6726e-05  1:04:20 1923

 Reversed flow on 50 faces (27.5% area) of pressure-outlet 19.

 Reversed flow on 173 faces (33.9% area) of pressure-outlet 18.
  1578  1.8125e-03  2.1652e-05  1.7015e-05  1.6921e-05  1:04:32 1922

 Reversed flow on 50 faces (27.5% area) of pressure-outlet 19.

 Reversed flow on 173 faces (33.9% area) of pressure-outlet 18.
  1579  1.8087e-03  2.0929e-05  1.6782e-05  1.6938e-05  1:04:43 1921

 Reversed flow on 50 faces (27.5% area) of pressure-outlet 19.

 Reversed flow on 173 faces (33.9% area) of pressure-outlet 18.
  1580  1.8473e-03  2.1948e-05  1.7463e-05  1.7136e-05  1:04:52 1920

 Reversed flow on 50 faces (27.5% area) of pressure-outlet 19.

 Reversed flow on 173 faces (33.9% area) of pressure-outlet 18.
  1581  1.8137e-03  2.1177e-05  1.6872e-05  1.6990e-05  1:04:58 1919

 Reversed flow on 50 faces (27.5% area) of pressure-outlet 19.

 Reversed flow on 173 faces (33.9% area) of pressure-outlet 18.
  1582  1.8289e-03  2.1413e-05  1.6805e-05  1.6741e-05  1:05:02 1918

 Reversed flow on 50 faces (27.5% area) of pressure-outlet 19.

 Reversed flow on 173 faces (33.9% area) of pressure-outlet 18.
  1583  1.7689e-03  2.1136e-05  1.6979e-05  1.7101e-05  1:05:05 1917

 Reversed flow on 50 faces (27.5% area) of pressure-outlet 19.

 Reversed flow on 173 faces (33.9% area) of pressure-outlet 18.
  1584  1.8301e-03  2.1311e-05  1.7052e-05  1.6774e-05  1:05:06 1916

 Reversed flow on 50 faces (27.5% area) of pressure-outlet 19.

 Reversed flow on 173 faces (33.9% area) of pressure-outlet 18.

  iter  continuity  x-velocity  y-velocity  z-velocity     time/iter
  1585  1.7796e-03  2.1563e-05  1.6845e-05  1.6900e-05  1:05:08 1915

 Reversed flow on 50 faces (27.5% area) of pressure-outlet 19.

 Reversed flow on 174 faces (33.9% area) of pressure-outlet 18.
  1586  1.8019e-03  2.1013e-05  1.6748e-05  1.6955e-05  1:05:09 1914

 Reversed flow on 50 faces (27.5% area) of pressure-outlet 19.

 Reversed flow on 174 faces (33.9% area) of pressure-outlet 18.
  1587  1.8185e-03  2.1949e-05  1.7350e-05  1.7195e-05  1:05:08 1913

 Reversed flow on 50 faces (27.5% area) of pressure-outlet 19.

 Reversed flow on 173 faces (33.9% area) of pressure-outlet 18.
  1588  1.7858e-03  2.1053e-05  1.6758e-05  1.6881e-05  1:05:08 1912

 Reversed flow on 50 faces (27.5% area) of pressure-outlet 19.

 Reversed flow on 174 faces (33.9% area) of pressure-outlet 18.
  1589  1.8252e-03  2.1569e-05  1.6830e-05  1.6814e-05  1:05:08 1911

 Reversed flow on 50 faces (27.5% area) of pressure-outlet 19.

 Reversed flow on 174 faces (33.9% area) of pressure-outlet 18.
  1590  1.7524e-03  2.1200e-05  1.6888e-05  1.7111e-05  1:05:07 1910

 Reversed flow on 50 faces (27.5% area) of pressure-outlet 19.

 Reversed flow on 173 faces (33.9% area) of pressure-outlet 18.
  1591  1.8049e-03  2.1292e-05  1.6981e-05  1.6754e-05  1:05:07 1909

 Reversed flow on 50 faces (27.5% area) of pressure-outlet 19.

 Reversed flow on 173 faces (33.9% area) of pressure-outlet 18.
  1592  1.7643e-03  2.1305e-05  1.6708e-05  1.6840e-05  1:05:05 1908

 Reversed flow on 50 faces (27.5% area) of pressure-outlet 19.

 Reversed flow on 174 faces (33.9% area) of pressure-outlet 18.
  1593  1.7852e-03  2.0946e-05  1.6673e-05  1.6881e-05  1:05:04 1907

 Reversed flow on 50 faces (27.5% area) of pressure-outlet 19.

 Reversed flow on 174 faces (33.9% area) of pressure-outlet 18.
  1594  1.7832e-03  2.1812e-05  1.7227e-05  1.7130e-05  1:05:02 1906

 Reversed flow on 50 faces (27.5% area) of pressure-outlet 19.

 Reversed flow on 173 faces (33.9% area) of pressure-outlet 18.
  1595  1.7635e-03  2.0696e-05  1.6598e-05  1.6790e-05  1:05:00 1905

 Reversed flow on 50 faces (27.5% area) of pressure-outlet 19.

 Reversed flow on 174 faces (33.9% area) of pressure-outlet 18.

  iter  continuity  x-velocity  y-velocity  z-velocity     time/iter
  1596  1.8050e-03  2.1281e-05  1.6721e-05  1.6657e-05  1:04:57 1904

 Reversed flow on 50 faces (27.5% area) of pressure-outlet 19.

 Reversed flow on 174 faces (33.9% area) of pressure-outlet 18.
  1597  1.7289e-03  2.0896e-05  1.6662e-05  1.6902e-05  1:04:55 1903

 Reversed flow on 50 faces (27.5% area) of pressure-outlet 19.

 Reversed flow on 173 faces (33.9% area) of pressure-outlet 18.
  1598  1.7882e-03  2.1114e-05  1.6849e-05  1.6676e-05  1:04:54 1902

 Reversed flow on 50 faces (27.5% area) of pressure-outlet 19.

 Reversed flow on 173 faces (33.9% area) of pressure-outlet 18.
  1599  1.7343e-03  2.1010e-05  1.6590e-05  1.6746e-05  1:04:54 1901

 Reversed flow on 50 faces (27.5% area) of pressure-outlet 19.

 Reversed flow on 174 faces (33.9% area) of pressure-outlet 18.
  1600  1.7497e-03  2.0611e-05  1.6454e-05  1.6566e-05  1:04:59 1900

 Reversed flow on 50 faces (27.5% area) of pressure-outlet 19.

 Reversed flow on 174 faces (33.9% area) of pressure-outlet 18.
  1601  1.7610e-03  2.1477e-05  1.6904e-05  1.6888e-05  1:04:55 1899

 Reversed flow on 50 faces (27.5% area) of pressure-outlet 19.

 Reversed flow on 173 faces (33.9% area) of pressure-outlet 18.
  1602  1.7335e-03  2.0569e-05  1.6381e-05  1.6608e-05  1:04:52 1898

 Reversed flow on 50 faces (27.5% area) of pressure-outlet 19.

 Reversed flow on 174 faces (33.9% area) of pressure-outlet 18.
  1603  1.7589e-03  2.1111e-05  1.6493e-05  1.6366e-05  1:04:49 1897

 Reversed flow on 50 faces (27.5% area) of pressure-outlet 19.

 Reversed flow on 174 faces (33.9% area) of pressure-outlet 18.
  1604  1.6932e-03  2.0242e-05  1.6186e-05  1.6464e-05  1:04:46 1896

 Reversed flow on 50 faces (27.5% area) of pressure-outlet 19.

 Reversed flow on 173 faces (33.9% area) of pressure-outlet 18.
  1605  1.7557e-03  2.0829e-05  1.6510e-05  1.6379e-05  1:04:45 1895

 Reversed flow on 50 faces (27.5% area) of pressure-outlet 19.

 Reversed flow on 173 faces (33.9% area) of pressure-outlet 18.
  1606  1.7064e-03  2.1023e-05  1.6394e-05  1.6569e-05  1:04:44 1894

 Reversed flow on 50 faces (27.5% area) of pressure-outlet 19.

 Reversed flow on 174 faces (33.9% area) of pressure-outlet 18.

  iter  continuity  x-velocity  y-velocity  z-velocity     time/iter
  1607  1.7335e-03  2.0619e-05  1.6254e-05  1.6387e-05  1:04:45 1893

 Reversed flow on 50 faces (27.5% area) of pressure-outlet 19.

 Reversed flow on 174 faces (33.9% area) of pressure-outlet 18.
  1608  1.7372e-03  2.1024e-05  1.6690e-05  1.6622e-05  1:04:43 1892

 Reversed flow on 50 faces (27.5% area) of pressure-outlet 19.

 Reversed flow on 173 faces (33.9% area) of pressure-outlet 18.
  1609  1.7279e-03  2.0411e-05  1.6252e-05  1.6434e-05  1:04:40 1891

 Reversed flow on 50 faces (27.5% area) of pressure-outlet 19.

 Reversed flow on 173 faces (33.9% area) of pressure-outlet 18.
  1610  1.7572e-03  2.1310e-05  1.6485e-05  1.6469e-05  1:04:36 1890

 Reversed flow on 50 faces (27.5% area) of pressure-outlet 19.

 Reversed flow on 174 faces (33.9% area) of pressure-outlet 18.
  1611  1.7245e-03  2.0481e-05  1.6333e-05  1.6637e-05  1:04:32 1889

 Reversed flow on 50 faces (27.5% area) of pressure-outlet 19.

 Reversed flow on 173 faces (33.9% area) of pressure-outlet 18.
  1612  1.7740e-03  2.0818e-05  1.6631e-05  1.6347e-05  1:04:29 1888

 Reversed flow on 50 faces (27.5% area) of pressure-outlet 19.

 Reversed flow on 173 faces (33.9% area) of pressure-outlet 18.
  1613  1.7366e-03  2.1039e-05  1.6434e-05  1.6739e-05  1:04:27 1887

 Reversed flow on 50 faces (27.5% area) of pressure-outlet 19.

 Reversed flow on 174 faces (33.9% area) of pressure-outlet 18.
  1614  1.8230e-03  2.1374e-05  1.6528e-05  1.6896e-05  1:04:24 1886

 Reversed flow on 50 faces (27.5% area) of pressure-outlet 19.

 Reversed flow on 174 faces (33.9% area) of pressure-outlet 18.
  1615  1.7896e-03  2.1671e-05  1.6960e-05  1.7025e-05  1:04:22 1885

 Reversed flow on 50 faces (27.5% area) of pressure-outlet 19.

 Reversed flow on 173 faces (33.9% area) of pressure-outlet 18.
  1616  1.7872e-03  2.0592e-05  1.6459e-05  1.6692e-05  1:04:19 1884

 Reversed flow on 50 faces (27.5% area) of pressure-outlet 19.

 Reversed flow on 173 faces (33.9% area) of pressure-outlet 18.
  1617  1.8770e-03  2.2061e-05  1.6959e-05  1.7068e-05  1:04:17 1883

 Reversed flow on 50 faces (27.5% area) of pressure-outlet 19.

 Reversed flow on 174 faces (33.9% area) of pressure-outlet 18.

  iter  continuity  x-velocity  y-velocity  z-velocity     time/iter
  1618  1.8891e-03  2.1795e-05  1.7013e-05  1.7431e-05  1:04:15 1882

 Reversed flow on 50 faces (27.5% area) of pressure-outlet 19.

 Reversed flow on 173 faces (33.9% area) of pressure-outlet 18.
  1619  1.9058e-03  2.2001e-05  1.7372e-05  1.7175e-05  1:04:14 1881

 Reversed flow on 50 faces (27.5% area) of pressure-outlet 19.

 Reversed flow on 173 faces (33.9% area) of pressure-outlet 18.
  1620  1.8760e-03  2.1588e-05  1.7333e-05  1.7461e-05  1:04:12 1880

 Reversed flow on 50 faces (27.5% area) of pressure-outlet 19.

 Reversed flow on 174 faces (33.9% area) of pressure-outlet 18.
  1621  2.0036e-03  2.2419e-05  1.7689e-05  1.7729e-05  1:04:12 1879

 Reversed flow on 50 faces (27.5% area) of pressure-outlet 19.

 Reversed flow on 174 faces (33.9% area) of pressure-outlet 18.
  1622  1.9619e-03  2.3154e-05  1.8327e-05  1.8183e-05  1:01:24 1878

 Reversed flow on 50 faces (27.5% area) of pressure-outlet 19.

 Reversed flow on 174 faces (33.9% area) of pressure-outlet 18.
  1623  1.9289e-03  2.1459e-05  1.7400e-05  1.7350e-05  1:01:54 1877

 Reversed flow on 50 faces (27.5% area) of pressure-outlet 19.

 Reversed flow on 174 faces (33.9% area) of pressure-outlet 18.
  1624  1.9646e-03  2.2489e-05  1.7790e-05  1.7483e-05  0:59:35 1876

 Reversed flow on 50 faces (27.5% area) of pressure-outlet 19.

 Reversed flow on 174 faces (33.9% area) of pressure-outlet 18.
  1625  1.9115e-03  2.1230e-05  1.7108e-05  1.7027e-05  1:00:25 1875

 Reversed flow on 50 faces (27.5% area) of pressure-outlet 19.

 Reversed flow on 174 faces (33.9% area) of pressure-outlet 18.
  1626  1.9868e-03  2.2679e-05  1.7959e-05  1.7605e-05  1:01:08 1874

 Reversed flow on 50 faces (27.5% area) of pressure-outlet 19.

 Reversed flow on 174 faces (33.9% area) of pressure-outlet 18.
  1627  1.9541e-03  2.2436e-05  1.7958e-05  1.8037e-05  1:01:41 1873

 Reversed flow on 50 faces (27.5% area) of pressure-outlet 19.

 Reversed flow on 174 faces (33.9% area) of pressure-outlet 18.
  1628  2.0249e-03  2.2527e-05  1.7951e-05  1.7530e-05  1:02:05 1872

 Reversed flow on 50 faces (27.5% area) of pressure-outlet 19.

 Reversed flow on 174 faces (33.9% area) of pressure-outlet 18.

  iter  continuity  x-velocity  y-velocity  z-velocity     time/iter
  1629  1.9529e-03  2.2486e-05  1.8033e-05  1.7657e-05  1:02:26 1871

 Reversed flow on 50 faces (27.5% area) of pressure-outlet 19.

 Reversed flow on 174 faces (33.9% area) of pressure-outlet 18.
  1630  1.9766e-03  2.2279e-05  1.7710e-05  1.7727e-05  1:02:43 1870

 Reversed flow on 50 faces (27.5% area) of pressure-outlet 19.

 Reversed flow on 174 faces (33.9% area) of pressure-outlet 18.
  1631  1.9850e-03  2.3169e-05  1.8170e-05  1.7785e-05  1:00:15 1869

 Reversed flow on 50 faces (27.5% area) of pressure-outlet 19.

 Reversed flow on 174 faces (33.9% area) of pressure-outlet 18.
  1632  1.9300e-03  2.1208e-05  1.7145e-05  1.7082e-05  1:00:56 1868

 Reversed flow on 50 faces (27.5% area) of pressure-outlet 19.

 Reversed flow on 173 faces (33.9% area) of pressure-outlet 18.
  1633  1.9528e-03  2.2195e-05  1.7634e-05  1.7219e-05  0:58:43 1867

 Reversed flow on 50 faces (27.5% area) of pressure-outlet 19.

 Reversed flow on 173 faces (33.9% area) of pressure-outlet 18.
  1634  1.8389e-03  2.1193e-05  1.6648e-05  1.6834e-05  0:59:41 1866

 Reversed flow on 50 faces (27.5% area) of pressure-outlet 19.

 Reversed flow on 173 faces (33.9% area) of pressure-outlet 18.
  1635  1.9081e-03  2.1509e-05  1.7079e-05  1.6908e-05  1:00:27 1865

 Reversed flow on 50 faces (27.5% area) of pressure-outlet 19.

 Reversed flow on 173 faces (33.9% area) of pressure-outlet 18.
  1636  1.8428e-03  2.1055e-05  1.7094e-05  1.7040e-05  1:01:04 1864

 Reversed flow on 50 faces (27.5% area) of pressure-outlet 19.

 Reversed flow on 173 faces (33.9% area) of pressure-outlet 18.
  1637  1.8729e-03  2.1083e-05  1.6977e-05  1.6847e-05  1:01:32 1863

 Reversed flow on 50 faces (27.5% area) of pressure-outlet 19.

 Reversed flow on 173 faces (33.9% area) of pressure-outlet 18.
  1638  1.8583e-03  2.1999e-05  1.7320e-05  1.7131e-05  1:01:54 1862

 Reversed flow on 50 faces (27.5% area) of pressure-outlet 19.

 Reversed flow on 173 faces (33.9% area) of pressure-outlet 18.
  1639  1.8484e-03  2.0940e-05  1.7024e-05  1.7149e-05  1:02:11 1861

 Reversed flow on 50 faces (27.5% area) of pressure-outlet 19.

 Reversed flow on 173 faces (33.9% area) of pressure-outlet 18.

  iter  continuity  x-velocity  y-velocity  z-velocity     time/iter
  1640  1.8991e-03  2.1908e-05  1.7606e-05  1.7229e-05  0:59:40 1860

 Reversed flow on 50 faces (27.5% area) of pressure-outlet 19.

 Reversed flow on 173 faces (33.9% area) of pressure-outlet 18.
  1641  1.7966e-03  2.0627e-05  1.6373e-05  1.6536e-05  1:00:24 1859

 Reversed flow on 50 faces (27.5% area) of pressure-outlet 19.

 Reversed flow on 173 faces (33.9% area) of pressure-outlet 18.
  1642  1.8257e-03  2.1064e-05  1.6652e-05  1.6558e-05  1:00:59 1858

 Reversed flow on 50 faces (27.5% area) of pressure-outlet 19.

 Reversed flow on 173 faces (33.9% area) of pressure-outlet 18.
  1643  1.7589e-03  2.0751e-05  1.6772e-05  1.6796e-05  1:01:25 1857

 Reversed flow on 50 faces (27.5% area) of pressure-outlet 19.

 Reversed flow on 173 faces (33.9% area) of pressure-outlet 18.
  1644  1.8287e-03  2.0956e-05  1.6818e-05  1.6548e-05  1:01:46 1856

 Reversed flow on 50 faces (27.5% area) of pressure-outlet 19.

 Reversed flow on 173 faces (33.9% area) of pressure-outlet 18.
  1645  1.7893e-03  2.1450e-05  1.6845e-05  1.6751e-05  1:02:02 1855

 Reversed flow on 50 faces (27.5% area) of pressure-outlet 19.

 Reversed flow on 173 faces (33.9% area) of pressure-outlet 18.
  1646  1.7864e-03  2.0676e-05  1.6600e-05  1.6785e-05  1:02:16 1854

 Reversed flow on 50 faces (27.5% area) of pressure-outlet 19.

 Reversed flow on 173 faces (33.9% area) of pressure-outlet 18.
  1647  1.8298e-03  2.1701e-05  1.7268e-05  1.6937e-05  1:02:26 1853

 Reversed flow on 50 faces (27.5% area) of pressure-outlet 19.

 Reversed flow on 173 faces (33.9% area) of pressure-outlet 18.
  1648  1.7917e-03  2.1018e-05  1.6721e-05  1.6850e-05  1:02:37 1852

 Reversed flow on 50 faces (27.5% area) of pressure-outlet 19.

 Reversed flow on 173 faces (33.9% area) of pressure-outlet 18.
  1649  1.8182e-03  2.1274e-05  1.6703e-05  1.6634e-05  1:03:36 1851

 Reversed flow on 50 faces (27.5% area) of pressure-outlet 19.

 Reversed flow on 173 faces (33.9% area) of pressure-outlet 18.
  1650  1.7626e-03  2.1056e-05  1.6926e-05  1.7017e-05  1:03:29 1850

 Reversed flow on 50 faces (27.5% area) of pressure-outlet 19.

 Reversed flow on 173 faces (33.9% area) of pressure-outlet 18.

  iter  continuity  x-velocity  y-velocity  z-velocity     time/iter
  1651  1.8236e-03  2.1187e-05  1.6968e-05  1.6720e-05  1:03:25 1849

 Reversed flow on 50 faces (27.5% area) of pressure-outlet 19.

 Reversed flow on 173 faces (33.9% area) of pressure-outlet 18.
  1652  1.7712e-03  2.1475e-05  1.6763e-05  1.6803e-05  1:03:19 1848

 Reversed flow on 50 faces (27.5% area) of pressure-outlet 19.

 Reversed flow on 174 faces (33.9% area) of pressure-outlet 18.
  1653  1.7880e-03  2.0923e-05  1.6677e-05  1.6926e-05  1:03:14 1847

 Reversed flow on 50 faces (27.5% area) of pressure-outlet 19.

 Reversed flow on 174 faces (33.9% area) of pressure-outlet 18.
  1654  1.8148e-03  2.1873e-05  1.7303e-05  1.7115e-05  1:03:10 1846

 Reversed flow on 50 faces (27.5% area) of pressure-outlet 19.

 Reversed flow on 173 faces (33.9% area) of pressure-outlet 18.
  1655  1.7801e-03  2.0983e-05  1.6718e-05  1.6840e-05  1:03:05 1845

 Reversed flow on 50 faces (27.5% area) of pressure-outlet 19.

 Reversed flow on 174 faces (33.9% area) of pressure-outlet 18.
  1656  1.8221e-03  2.1503e-05  1.6807e-05  1.6783e-05  1:03:01 1844

 Reversed flow on 50 faces (27.5% area) of pressure-outlet 19.

 Reversed flow on 174 faces (33.9% area) of pressure-outlet 18.
  1657  1.7494e-03  2.1247e-05  1.6915e-05  1.7100e-05  1:02:59 1843

 Reversed flow on 50 faces (27.5% area) of pressure-outlet 19.

 Reversed flow on 173 faces (33.9% area) of pressure-outlet 18.
  1658  1.8025e-03  2.1205e-05  1.6938e-05  1.6729e-05  1:02:54 1842

 Reversed flow on 50 faces (27.5% area) of pressure-outlet 19.

 Reversed flow on 173 faces (33.9% area) of pressure-outlet 18.
  1659  1.7676e-03  2.1314e-05  1.6732e-05  1.6819e-05  1:02:53 1841

 Reversed flow on 50 faces (27.5% area) of pressure-outlet 19.

 Reversed flow on 174 faces (33.9% area) of pressure-outlet 18.
  1660  1.7861e-03  2.0890e-05  1.6657e-05  1.6880e-05  1:02:48 1840

 Reversed flow on 50 faces (27.5% area) of pressure-outlet 19.

 Reversed flow on 174 faces (33.9% area) of pressure-outlet 18.
  1661  1.7880e-03  2.1831e-05  1.7229e-05  1.7113e-05  1:02:46 1839

 Reversed flow on 50 faces (27.5% area) of pressure-outlet 19.

 Reversed flow on 173 faces (33.9% area) of pressure-outlet 18.

  iter  continuity  x-velocity  y-velocity  z-velocity     time/iter
  1662  1.7622e-03  2.0724e-05  1.6619e-05  1.6830e-05  1:02:44 1838

 Reversed flow on 50 faces (27.5% area) of pressure-outlet 19.

 Reversed flow on 174 faces (33.9% area) of pressure-outlet 18.
  1663  1.8051e-03  2.1198e-05  1.6708e-05  1.6637e-05  1:02:42 1837

 Reversed flow on 50 faces (27.5% area) of pressure-outlet 19.

 Reversed flow on 174 faces (33.9% area) of pressure-outlet 18.
  1664  1.7291e-03  2.0914e-05  1.6701e-05  1.6899e-05  1:02:41 1836

 Reversed flow on 50 faces (27.5% area) of pressure-outlet 19.

 Reversed flow on 173 faces (33.9% area) of pressure-outlet 18.
  1665  1.7815e-03  2.1031e-05  1.6800e-05  1.6647e-05  1:02:40 1835

 Reversed flow on 50 faces (27.5% area) of pressure-outlet 19.

 Reversed flow on 173 faces (33.9% area) of pressure-outlet 18.
  1666  1.7351e-03  2.1085e-05  1.6631e-05  1.6749e-05  1:02:37 1834

 Reversed flow on 50 faces (27.5% area) of pressure-outlet 19.

 Reversed flow on 174 faces (33.9% area) of pressure-outlet 18.
  1667  1.7473e-03  2.0581e-05  1.6458e-05  1.6573e-05  1:02:35 1833

 Reversed flow on 50 faces (27.5% area) of pressure-outlet 19.

 Reversed flow on 174 faces (33.9% area) of pressure-outlet 18.
  1668  1.7627e-03  2.1457e-05  1.6888e-05  1.6852e-05  1:02:32 1832

 Reversed flow on 50 faces (27.5% area) of pressure-outlet 19.

 Reversed flow on 173 faces (33.9% area) of pressure-outlet 18.
  1669  1.7356e-03  2.0656e-05  1.6411e-05  1.6664e-05  1:02:29 1831

 Reversed flow on 50 faces (27.5% area) of pressure-outlet 19.

 Reversed flow on 174 faces (33.9% area) of pressure-outlet 18.
  1670  1.7622e-03  2.1136e-05  1.6518e-05  1.6399e-05  1:02:26 1830

 Reversed flow on 50 faces (27.5% area) of pressure-outlet 19.

 Reversed flow on 174 faces (33.9% area) of pressure-outlet 18.
  1671  1.6994e-03  2.0315e-05  1.6277e-05  1.6515e-05  1:02:25 1829

 Reversed flow on 50 faces (27.5% area) of pressure-outlet 19.

 Reversed flow on 173 faces (33.9% area) of pressure-outlet 18.
  1672  1.7625e-03  2.0814e-05  1.6544e-05  1.6402e-05  1:02:23 1828

 Reversed flow on 50 faces (27.5% area) of pressure-outlet 19.

 Reversed flow on 173 faces (33.9% area) of pressure-outlet 18.

  iter  continuity  x-velocity  y-velocity  z-velocity     time/iter
  1673  1.7130e-03  2.1114e-05  1.6435e-05  1.6603e-05  1:02:21 1827

 Reversed flow on 50 faces (27.5% area) of pressure-outlet 19.

 Reversed flow on 174 faces (33.9% area) of pressure-outlet 18.
  1674  1.7391e-03  2.0659e-05  1.6321e-05  1.6468e-05  1:02:20 1826

 Reversed flow on 50 faces (27.5% area) of pressure-outlet 19.

 Reversed flow on 174 faces (33.9% area) of pressure-outlet 18.
  1675  1.7507e-03  2.1117e-05  1.6783e-05  1.6684e-05  1:02:19 1825

 Reversed flow on 50 faces (27.5% area) of pressure-outlet 19.

 Reversed flow on 173 faces (33.9% area) of pressure-outlet 18.
  1676  1.7332e-03  2.0468e-05  1.6312e-05  1.6486e-05  1:02:17 1824

 Reversed flow on 50 faces (27.5% area) of pressure-outlet 19.

 Reversed flow on 173 faces (33.9% area) of pressure-outlet 18.
  1677  1.7775e-03  2.1389e-05  1.6558e-05  1.6580e-05  1:02:16 1823

 Reversed flow on 50 faces (27.5% area) of pressure-outlet 19.

 Reversed flow on 174 faces (33.9% area) of pressure-outlet 18.
  1678  1.7363e-03  2.0668e-05  1.6449e-05  1.6741e-05  1:02:13 1822

 Reversed flow on 50 faces (27.5% area) of pressure-outlet 19.

 Reversed flow on 173 faces (33.9% area) of pressure-outlet 18.
  1679  1.7830e-03  2.0850e-05  1.6650e-05  1.6381e-05  1:02:10 1821

 Reversed flow on 50 faces (27.5% area) of pressure-outlet 19.

 Reversed flow on 173 faces (33.9% area) of pressure-outlet 18.
  1680  1.7448e-03  2.1088e-05  1.6453e-05  1.6769e-05  1:02:08 1820

 Reversed flow on 50 faces (27.5% area) of pressure-outlet 19.

 Reversed flow on 174 faces (33.9% area) of pressure-outlet 18.
  1681  1.8396e-03  2.1516e-05  1.6628e-05  1.7017e-05  1:02:06 1819

 Reversed flow on 50 faces (27.5% area) of pressure-outlet 19.

 Reversed flow on 174 faces (33.9% area) of pressure-outlet 18.
  1682  1.8114e-03  2.1898e-05  1.7072e-05  1.7155e-05  1:02:04 1818

 Reversed flow on 50 faces (27.5% area) of pressure-outlet 19.

 Reversed flow on 173 faces (33.9% area) of pressure-outlet 18.
  1683  1.8077e-03  2.0732e-05  1.6591e-05  1.6811e-05  1:02:00 1817

 Reversed flow on 50 faces (27.5% area) of pressure-outlet 19.

 Reversed flow on 173 faces (33.9% area) of pressure-outlet 18.

  iter  continuity  x-velocity  y-velocity  z-velocity     time/iter
  1684  1.9064e-03  2.2169e-05  1.7109e-05  1.7170e-05  1:01:59 1816

 Reversed flow on 50 faces (27.5% area) of pressure-outlet 19.

 Reversed flow on 174 faces (33.9% area) of pressure-outlet 18.
  1685  1.9087e-03  2.1940e-05  1.7203e-05  1.7549e-05  1:01:56 1815

 Reversed flow on 50 faces (27.5% area) of pressure-outlet 19.

 Reversed flow on 173 faces (33.9% area) of pressure-outlet 18.
  1686  1.9347e-03  2.2211e-05  1.7591e-05  1.7348e-05  1:01:54 1814

 Reversed flow on 50 faces (27.5% area) of pressure-outlet 19.

 Reversed flow on 173 faces (33.9% area) of pressure-outlet 18.
  1687  1.9011e-03  2.1803e-05  1.7538e-05  1.7628e-05  1:01:52 1813

 Reversed flow on 50 faces (27.5% area) of pressure-outlet 19.

 Reversed flow on 174 faces (33.9% area) of pressure-outlet 18.
  1688  2.0154e-03  2.2487e-05  1.7855e-05  1.7811e-05  1:01:52 1812

 Reversed flow on 50 faces (27.5% area) of pressure-outlet 19.

 Reversed flow on 174 faces (33.9% area) of pressure-outlet 18.
  1689  1.9750e-03  2.3249e-05  1.8446e-05  1.8258e-05  0:59:09 1811

 Reversed flow on 50 faces (27.5% area) of pressure-outlet 19.

 Reversed flow on 174 faces (33.9% area) of pressure-outlet 18.
  1690  1.9368e-03  2.1550e-05  1.7457e-05  1.7460e-05  0:59:39 1810

 Reversed flow on 50 faces (27.5% area) of pressure-outlet 19.

 Reversed flow on 174 faces (33.9% area) of pressure-outlet 18.
  1691  1.9681e-03  2.2451e-05  1.7767e-05  1.7461e-05  1:00:02 1809

 Reversed flow on 50 faces (27.5% area) of pressure-outlet 19.

 Reversed flow on 174 faces (33.9% area) of pressure-outlet 18.
  1692  1.9408e-03  2.1808e-05  1.7649e-05  1.7565e-05  1:00:20 1808

 Reversed flow on 50 faces (27.5% area) of pressure-outlet 19.

 Reversed flow on 174 faces (33.9% area) of pressure-outlet 18.
  1693  2.0110e-03  2.2913e-05  1.8140e-05  1.7787e-05  1:03:21 1807

 Reversed flow on 50 faces (27.5% area) of pressure-outlet 19.

 Reversed flow on 174 faces (33.9% area) of pressure-outlet 18.
  1694  1.9839e-03  2.2933e-05  1.8300e-05  1.8310e-05  1:03:00 1806

 Reversed flow on 50 faces (27.5% area) of pressure-outlet 19.

 Reversed flow on 174 faces (33.9% area) of pressure-outlet 18.

  iter  continuity  x-velocity  y-velocity  z-velocity     time/iter
  1695  2.0452e-03  2.2828e-05  1.8166e-05  1.7771e-05  1:02:42 1805

 Reversed flow on 50 faces (27.5% area) of pressure-outlet 19.

 Reversed flow on 174 faces (33.9% area) of pressure-outlet 18.
  1696  1.9538e-03  2.2590e-05  1.8134e-05  1.7722e-05  1:02:28 1804

 Reversed flow on 50 faces (27.5% area) of pressure-outlet 19.

 Reversed flow on 173 faces (33.9% area) of pressure-outlet 18.
  1697  1.9723e-03  2.2302e-05  1.7750e-05  1.7785e-05  1:02:16 1803

 Reversed flow on 50 faces (27.5% area) of pressure-outlet 19.

 Reversed flow on 173 faces (33.9% area) of pressure-outlet 18.
  1698  1.9953e-03  2.3347e-05  1.8277e-05  1.7891e-05  0:59:26 1802

 Reversed flow on 50 faces (27.5% area) of pressure-outlet 19.

 Reversed flow on 174 faces (33.9% area) of pressure-outlet 18.
  1699  1.9299e-03  2.1270e-05  1.7201e-05  1.7160e-05  0:59:50 1801

 Reversed flow on 50 faces (27.5% area) of pressure-outlet 19.

 Reversed flow on 173 faces (33.9% area) of pressure-outlet 18.
  1700  1.9536e-03  2.2156e-05  1.7684e-05  1.7243e-05  1:00:07 1800

 Reversed flow on 50 faces (27.5% area) of pressure-outlet 19.

 Reversed flow on 173 faces (33.9% area) of pressure-outlet 18.
  1701  1.8753e-03  2.1987e-05  1.7375e-05  1.7469e-05  1:00:21 1799

 Reversed flow on 50 faces (27.5% area) of pressure-outlet 19.

 Reversed flow on 173 faces (33.9% area) of pressure-outlet 18.
  1702  1.9414e-03  2.2038e-05  1.7478e-05  1.7341e-05  1:00:31 1798

 Reversed flow on 50 faces (27.5% area) of pressure-outlet 19.

 Reversed flow on 173 faces (33.9% area) of pressure-outlet 18.
  1703  1.9020e-03  2.1963e-05  1.7863e-05  1.7688e-05  1:00:39 1797

 Reversed flow on 50 faces (27.5% area) of pressure-outlet 19.

 Reversed flow on 173 faces (33.9% area) of pressure-outlet 18.
  1704  1.9184e-03  2.1648e-05  1.7440e-05  1.7331e-05  1:00:46 1796

 Reversed flow on 50 faces (27.5% area) of pressure-outlet 19.

 Reversed flow on 173 faces (33.9% area) of pressure-outlet 18.
  1705  1.8684e-03  2.2334e-05  1.7528e-05  1.7309e-05  1:00:51 1795

 Reversed flow on 50 faces (27.5% area) of pressure-outlet 19.

 Reversed flow on 173 faces (33.9% area) of pressure-outlet 18.

  iter  continuity  x-velocity  y-velocity  z-velocity     time/iter
  1706  1.8642e-03  2.1332e-05  1.7294e-05  1.7502e-05  1:00:53 1794

 Reversed flow on 50 faces (27.5% area) of pressure-outlet 19.

 Reversed flow on 173 faces (33.9% area) of pressure-outlet 18.
  1707  1.9259e-03  2.2322e-05  1.7906e-05  1.7516e-05  1:01:02 1793

 Reversed flow on 50 faces (27.5% area) of pressure-outlet 19.

 Reversed flow on 173 faces (33.9% area) of pressure-outlet 18.
  1708  1.8538e-03  2.1815e-05  1.7333e-05  1.7431e-05  1:02:06 1792

 Reversed flow on 50 faces (27.5% area) of pressure-outlet 19.

 Reversed flow on 173 faces (33.9% area) of pressure-outlet 18.
  1709  1.8792e-03  2.1881e-05  1.7230e-05  1.7148e-05  1:02:15 1791

 Reversed flow on 50 faces (27.5% area) of pressure-outlet 19.

 Reversed flow on 173 faces (33.9% area) of pressure-outlet 18.
  1710  1.8332e-03  2.1857e-05  1.7646e-05  1.7556e-05  1:01:59 1790

 Reversed flow on 50 faces (27.5% area) of pressure-outlet 19.

 Reversed flow on 173 faces (33.9% area) of pressure-outlet 18.
  1711  1.8958e-03  2.1751e-05  1.7451e-05  1.7237e-05  1:01:47 1789

 Reversed flow on 50 faces (27.5% area) of pressure-outlet 19.

 Reversed flow on 173 faces (33.9% area) of pressure-outlet 18.
  1712  1.8352e-03  2.2111e-05  1.7285e-05  1.7155e-05  1:01:36 1788

 Reversed flow on 50 faces (27.5% area) of pressure-outlet 19.

 Reversed flow on 173 faces (33.9% area) of pressure-outlet 18.
  1713  1.8213e-03  2.1149e-05  1.6978e-05  1.7247e-05  1:01:30 1787

 Reversed flow on 50 faces (27.5% area) of pressure-outlet 19.

 Reversed flow on 173 faces (33.9% area) of pressure-outlet 18.
  1714  1.8817e-03  2.2306e-05  1.7712e-05  1.7368e-05  1:01:23 1786

 Reversed flow on 50 faces (27.5% area) of pressure-outlet 19.

 Reversed flow on 173 faces (33.9% area) of pressure-outlet 18.
  1715  1.8336e-03  2.1622e-05  1.7154e-05  1.7277e-05  1:01:15 1785

 Reversed flow on 50 faces (27.5% area) of pressure-outlet 19.

 Reversed flow on 174 faces (33.9% area) of pressure-outlet 18.
  1716  1.8535e-03  2.1718e-05  1.7023e-05  1.6996e-05  1:01:10 1784

 Reversed flow on 50 faces (27.5% area) of pressure-outlet 19.

 Reversed flow on 174 faces (33.9% area) of pressure-outlet 18.

  iter  continuity  x-velocity  y-velocity  z-velocity     time/iter
  1717  1.7999e-03  2.1653e-05  1.7364e-05  1.7405e-05  1:01:06 1783

 Reversed flow on 50 faces (27.5% area) of pressure-outlet 19.

 Reversed flow on 173 faces (33.9% area) of pressure-outlet 18.
  1718  1.8551e-03  2.1497e-05  1.7225e-05  1.7017e-05  1:01:01 1782

 Reversed flow on 50 faces (27.5% area) of pressure-outlet 19.

 Reversed flow on 173 faces (33.9% area) of pressure-outlet 18.
  1719  1.8132e-03  2.1993e-05  1.7096e-05  1.7151e-05  1:00:56 1781

 Reversed flow on 50 faces (27.5% area) of pressure-outlet 19.

 Reversed flow on 174 faces (33.9% area) of pressure-outlet 18.
  1720  1.8235e-03  2.1349e-05  1.6946e-05  1.7270e-05  1:00:53 1780

 Reversed flow on 50 faces (27.5% area) of pressure-outlet 19.

 Reversed flow on 174 faces (33.9% area) of pressure-outlet 18.
  1721  1.8497e-03  2.2244e-05  1.7530e-05  1.7337e-05  1:00:50 1779

 Reversed flow on 50 faces (27.5% area) of pressure-outlet 19.

 Reversed flow on 173 faces (33.9% area) of pressure-outlet 18.
  1722  1.8120e-03  2.1330e-05  1.6983e-05  1.7174e-05  1:00:48 1778

 Reversed flow on 50 faces (27.5% area) of pressure-outlet 19.

 Reversed flow on 174 faces (33.9% area) of pressure-outlet 18.
  1723  1.8725e-03  2.1921e-05  1.7105e-05  1.7130e-05  1:00:46 1777

 Reversed flow on 50 faces (27.5% area) of pressure-outlet 19.

 Reversed flow on 174 faces (33.9% area) of pressure-outlet 18.
  1724  1.8035e-03  2.1853e-05  1.7283e-05  1.7459e-05  1:00:43 1776

 Reversed flow on 50 faces (27.5% area) of pressure-outlet 19.

 Reversed flow on 173 faces (33.9% area) of pressure-outlet 18.
  1725  1.8389e-03  2.1417e-05  1.7143e-05  1.7014e-05  1:00:40 1775

 Reversed flow on 50 faces (27.5% area) of pressure-outlet 19.

 Reversed flow on 173 faces (33.9% area) of pressure-outlet 18.
  1726  1.8230e-03  2.1718e-05  1.7130e-05  1.7159e-05  1:00:38 1774

 Reversed flow on 50 faces (27.5% area) of pressure-outlet 19.

 Reversed flow on 174 faces (33.9% area) of pressure-outlet 18.
  1727  1.8583e-03  2.1358e-05  1.7062e-05  1.7306e-05  1:00:34 1773

 Reversed flow on 50 faces (27.5% area) of pressure-outlet 19.

 Reversed flow on 174 faces (33.9% area) of pressure-outlet 18.

  iter  continuity  x-velocity  y-velocity  z-velocity     time/iter
  1728  1.8639e-03  2.2385e-05  1.7657e-05  1.7499e-05  1:00:31 1772

 Reversed flow on 50 faces (27.5% area) of pressure-outlet 19.

 Reversed flow on 174 faces (33.9% area) of pressure-outlet 18.
  1729  1.8320e-03  2.1224e-05  1.7125e-05  1.7339e-05  1:00:30 1771

 Reversed flow on 50 faces (27.5% area) of pressure-outlet 19.

 Reversed flow on 174 faces (33.9% area) of pressure-outlet 18.
  1730  1.8822e-03  2.1736e-05  1.7208e-05  1.7091e-05  1:00:26 1770

 Reversed flow on 50 faces (27.5% area) of pressure-outlet 19.

 Reversed flow on 174 faces (33.9% area) of pressure-outlet 18.
  1731  1.8034e-03  2.1566e-05  1.7216e-05  1.7354e-05  1:00:24 1769

 Reversed flow on 50 faces (27.5% area) of pressure-outlet 19.

 Reversed flow on 174 faces (33.9% area) of pressure-outlet 18.
  1732  1.8486e-03  2.1639e-05  1.7254e-05  1.7155e-05  1:00:22 1768

 Reversed flow on 50 faces (27.5% area) of pressure-outlet 19.

 Reversed flow on 174 faces (33.9% area) of pressure-outlet 18.
  1733  1.8107e-03  2.1799e-05  1.7195e-05  1.7246e-05  1:00:21 1767

 Reversed flow on 50 faces (27.5% area) of pressure-outlet 19.

 Reversed flow on 174 faces (33.9% area) of pressure-outlet 18.
  1734  1.8210e-03  2.1095e-05  1.6921e-05  1.6974e-05  1:00:21 1766

 Reversed flow on 50 faces (27.5% area) of pressure-outlet 19.

 Reversed flow on 174 faces (33.9% area) of pressure-outlet 18.
  1735  1.8364e-03  2.1993e-05  1.7250e-05  1.7154e-05  1:00:19 1765

 Reversed flow on 50 faces (27.5% area) of pressure-outlet 19.

 Reversed flow on 174 faces (33.9% area) of pressure-outlet 18.
  1736  1.8102e-03  2.1341e-05  1.6862e-05  1.7139e-05  1:00:16 1764

 Reversed flow on 50 faces (27.5% area) of pressure-outlet 19.

 Reversed flow on 174 faces (33.9% area) of pressure-outlet 18.
  1737  1.8485e-03  2.1807e-05  1.7021e-05  1.6836e-05  1:00:13 1763

 Reversed flow on 50 faces (27.5% area) of pressure-outlet 19.

 Reversed flow on 174 faces (33.9% area) of pressure-outlet 18.
  1738  1.7768e-03  2.0855e-05  1.6774e-05  1.6893e-05  1:00:11 1762

 Reversed flow on 50 faces (27.5% area) of pressure-outlet 19.

 Reversed flow on 173 faces (33.9% area) of pressure-outlet 18.

  iter  continuity  x-velocity  y-velocity  z-velocity     time/iter
  1739  1.8331e-03  2.1249e-05  1.6934e-05  1.6762e-05  1:00:09 1761

 Reversed flow on 50 faces (27.5% area) of pressure-outlet 19.

 Reversed flow on 173 faces (33.9% area) of pressure-outlet 18.
  1740  1.7849e-03  2.1739e-05  1.6922e-05  1.7047e-05  1:00:08 1760

 Reversed flow on 50 faces (27.5% area) of pressure-outlet 19.

 Reversed flow on 174 faces (33.9% area) of pressure-outlet 18.
  1741  1.8197e-03  2.1144e-05  1.6842e-05  1.6964e-05  1:00:04 1759

 Reversed flow on 50 faces (27.5% area) of pressure-outlet 19.

 Reversed flow on 174 faces (33.9% area) of pressure-outlet 18.
  1742  1.8257e-03  2.1606e-05  1.7253e-05  1.7072e-05  1:00:02 1758

 Reversed flow on 50 faces (27.5% area) of pressure-outlet 19.

 Reversed flow on 173 faces (33.9% area) of pressure-outlet 18.
  1743  1.7962e-03  2.0892e-05  1.6738e-05  1.6866e-05  1:00:01 1757

 Reversed flow on 50 faces (27.5% area) of pressure-outlet 19.

 Reversed flow on 173 faces (33.9% area) of pressure-outlet 18.
  1744  1.8572e-03  2.1867e-05  1.6971e-05  1.7015e-05  0:59:57 1756

 Reversed flow on 50 faces (27.5% area) of pressure-outlet 19.

 Reversed flow on 173 faces (33.9% area) of pressure-outlet 18.
  1745  1.8012e-03  2.1282e-05  1.6962e-05  1.7214e-05  0:59:56 1755

 Reversed flow on 50 faces (27.5% area) of pressure-outlet 19.

 Reversed flow on 173 faces (33.9% area) of pressure-outlet 18.
  1746  1.8484e-03  2.1292e-05  1.7028e-05  1.6745e-05  0:59:52 1754

 Reversed flow on 50 faces (27.5% area) of pressure-outlet 19.

 Reversed flow on 173 faces (33.9% area) of pressure-outlet 18.
  1747  1.8086e-03  2.1525e-05  1.6812e-05  1.7046e-05  0:59:59 1753

 Reversed flow on 50 faces (27.5% area) of pressure-outlet 19.

 Reversed flow on 173 faces (33.9% area) of pressure-outlet 18.
  1748  1.8872e-03  2.1798e-05  1.6912e-05  1.7284e-05  0:59:59 1752

 Reversed flow on 50 faces (27.5% area) of pressure-outlet 19.

 Reversed flow on 173 faces (33.9% area) of pressure-outlet 18.
  1749  1.8643e-03  2.2329e-05  1.7421e-05  1.7434e-05  0:59:55 1751

 Reversed flow on 50 faces (27.5% area) of pressure-outlet 19.

 Reversed flow on 173 faces (33.9% area) of pressure-outlet 18.

  iter  continuity  x-velocity  y-velocity  z-velocity     time/iter
  1750  1.8541e-03  2.1033e-05  1.6901e-05  1.7025e-05  0:59:51 1750

 Reversed flow on 50 faces (27.5% area) of pressure-outlet 19.

 Reversed flow on 173 faces (33.9% area) of pressure-outlet 18.
  1751  1.9310e-03  2.2148e-05  1.7239e-05  1.7193e-05  0:59:48 1749

 Reversed flow on 50 faces (27.5% area) of pressure-outlet 19.

 Reversed flow on 174 faces (33.9% area) of pressure-outlet 18.
  1752  1.9050e-03  2.1949e-05  1.7335e-05  1.7592e-05  0:59:46 1748

 Reversed flow on 50 faces (27.5% area) of pressure-outlet 19.

 Reversed flow on 173 faces (33.9% area) of pressure-outlet 18.
  1753  1.9367e-03  2.2242e-05  1.7709e-05  1.7389e-05  0:59:45 1747

 Reversed flow on 50 faces (27.5% area) of pressure-outlet 19.

 Reversed flow on 173 faces (33.9% area) of pressure-outlet 18.
  1754  1.8957e-03  2.1830e-05  1.7584e-05  1.7629e-05  0:59:42 1746

 Reversed flow on 50 faces (27.5% area) of pressure-outlet 19.

 Reversed flow on 174 faces (33.9% area) of pressure-outlet 18.
  1755  1.9739e-03  2.2128e-05  1.7704e-05  1.7605e-05  0:59:42 1745

 Reversed flow on 50 faces (27.5% area) of pressure-outlet 19.

 Reversed flow on 174 faces (33.9% area) of pressure-outlet 18.
  1756  1.9493e-03  2.2955e-05  1.8220e-05  1.8037e-05  0:57:04 1744

 Reversed flow on 50 faces (27.5% area) of pressure-outlet 19.

 Reversed flow on 174 faces (33.9% area) of pressure-outlet 18.
  1757  1.9063e-03  2.1331e-05  1.7199e-05  1.7262e-05  0:57:32 1743

 Reversed flow on 50 faces (27.5% area) of pressure-outlet 19.

 Reversed flow on 174 faces (33.9% area) of pressure-outlet 18.
  1758  1.9281e-03  2.2138e-05  1.7456e-05  1.7162e-05  0:57:53 1742

 Reversed flow on 50 faces (27.5% area) of pressure-outlet 19.

 Reversed flow on 174 faces (33.9% area) of pressure-outlet 18.
  1759  1.8779e-03  2.1234e-05  1.7119e-05  1.7168e-05  0:58:11 1741

 Reversed flow on 50 faces (27.5% area) of pressure-outlet 19.

 Reversed flow on 174 faces (33.9% area) of pressure-outlet 18.
  1760  1.9379e-03  2.2300e-05  1.7553e-05  1.7323e-05  0:58:24 1740

 Reversed flow on 50 faces (27.5% area) of pressure-outlet 19.

 Reversed flow on 174 faces (33.9% area) of pressure-outlet 18.

  iter  continuity  x-velocity  y-velocity  z-velocity     time/iter
  1761  1.9177e-03  2.2530e-05  1.7801e-05  1.7875e-05  0:58:34 1739

 Reversed flow on 50 faces (27.5% area) of pressure-outlet 19.

 Reversed flow on 174 faces (33.9% area) of pressure-outlet 18.
  1762  1.9761e-03  2.2291e-05  1.7676e-05  1.7427e-05  0:58:42 1738

 Reversed flow on 50 faces (27.5% area) of pressure-outlet 19.

 Reversed flow on 174 faces (33.9% area) of pressure-outlet 18.
  1763  1.9027e-03  2.2107e-05  1.7725e-05  1.7429e-05  0:58:47 1737

 Reversed flow on 50 faces (27.5% area) of pressure-outlet 19.

 Reversed flow on 173 faces (33.9% area) of pressure-outlet 18.
  1764  1.9085e-03  2.1752e-05  1.7282e-05  1.7377e-05  0:58:51 1736

 Reversed flow on 50 faces (27.5% area) of pressure-outlet 19.

 Reversed flow on 173 faces (33.9% area) of pressure-outlet 18.
  1765  1.9258e-03  2.2779e-05  1.7788e-05  1.7490e-05  0:58:56 1735

 Reversed flow on 50 faces (27.5% area) of pressure-outlet 19.

 Reversed flow on 174 faces (33.9% area) of pressure-outlet 18.
  1766  1.8932e-03  2.1367e-05  1.7352e-05  1.7494e-05  0:58:59 1734

 Reversed flow on 50 faces (27.5% area) of pressure-outlet 19.

 Reversed flow on 173 faces (33.9% area) of pressure-outlet 18.
  1767  1.9214e-03  2.2015e-05  1.7656e-05  1.7284e-05  0:58:58 1733

 Reversed flow on 50 faces (27.5% area) of pressure-outlet 19.

 Reversed flow on 173 faces (33.9% area) of pressure-outlet 18.
  1768  1.8440e-03  2.1903e-05  1.7326e-05  1.7428e-05  0:59:00 1732

 Reversed flow on 50 faces (27.5% area) of pressure-outlet 19.

 Reversed flow on 173 faces (33.9% area) of pressure-outlet 18.
  1769  1.8972e-03  2.1920e-05  1.7350e-05  1.7320e-05  0:59:00 1731

 Reversed flow on 50 faces (27.5% area) of pressure-outlet 19.

 Reversed flow on 173 faces (33.9% area) of pressure-outlet 18.
  1770  1.8543e-03  2.1890e-05  1.7732e-05  1.7563e-05  0:59:01 1730

 Reversed flow on 50 faces (27.5% area) of pressure-outlet 19.

 Reversed flow on 173 faces (33.9% area) of pressure-outlet 18.
  1771  1.8709e-03  2.1365e-05  1.7202e-05  1.7107e-05  0:58:59 1729

 Reversed flow on 50 faces (27.5% area) of pressure-outlet 19.

 Reversed flow on 173 faces (33.9% area) of pressure-outlet 18.

  iter  continuity  x-velocity  y-velocity  z-velocity     time/iter
  1772  1.8391e-03  2.2113e-05  1.7282e-05  1.7066e-05  0:58:57 1728

 Reversed flow on 50 faces (27.5% area) of pressure-outlet 19.

 Reversed flow on 173 faces (33.9% area) of pressure-outlet 18.
  1773  1.8148e-03  2.1136e-05  1.7031e-05  1.7302e-05  0:58:55 1727

 Reversed flow on 50 faces (27.5% area) of pressure-outlet 19.

 Reversed flow on 173 faces (33.9% area) of pressure-outlet 18.
  1774  1.8793e-03  2.2083e-05  1.7649e-05  1.7224e-05  0:58:54 1726

 Reversed flow on 50 faces (27.5% area) of pressure-outlet 19.

 Reversed flow on 173 faces (33.9% area) of pressure-outlet 18.
  1775  1.8061e-03  2.1496e-05  1.7031e-05  1.7137e-05  0:58:52 1725

 Reversed flow on 50 faces (27.5% area) of pressure-outlet 19.

 Reversed flow on 173 faces (33.9% area) of pressure-outlet 18.
  1776  1.8302e-03  2.1504e-05  1.6871e-05  1.6885e-05  0:58:51 1724

 Reversed flow on 50 faces (27.5% area) of pressure-outlet 19.

 Reversed flow on 173 faces (33.9% area) of pressure-outlet 18.
  1777  1.7883e-03  2.1656e-05  1.7371e-05  1.7249e-05  0:58:49 1723

 Reversed flow on 50 faces (27.5% area) of pressure-outlet 19.

 Reversed flow on 173 faces (33.9% area) of pressure-outlet 18.
  1778  1.8325e-03  2.1252e-05  1.7005e-05  1.6893e-05  0:58:47 1722

 Reversed flow on 50 faces (27.5% area) of pressure-outlet 19.

 Reversed flow on 173 faces (33.9% area) of pressure-outlet 18.
  1779  1.7892e-03  2.1688e-05  1.6904e-05  1.6807e-05  0:58:45 1721

 Reversed flow on 50 faces (27.5% area) of pressure-outlet 19.

 Reversed flow on 174 faces (33.9% area) of pressure-outlet 18.
  1780  1.7663e-03  2.0754e-05  1.6594e-05  1.6955e-05  0:58:43 1720

 Reversed flow on 50 faces (27.5% area) of pressure-outlet 19.

 Reversed flow on 173 faces (33.9% area) of pressure-outlet 18.
  1781  1.8281e-03  2.1824e-05  1.7303e-05  1.7019e-05  0:58:41 1719

 Reversed flow on 50 faces (27.5% area) of pressure-outlet 19.

 Reversed flow on 173 faces (33.9% area) of pressure-outlet 18.
  1782  1.7685e-03  2.1194e-05  1.6764e-05  1.6939e-05  0:58:39 1718

 Reversed flow on 50 faces (27.5% area) of pressure-outlet 19.

 Reversed flow on 174 faces (33.9% area) of pressure-outlet 18.

  iter  continuity  x-velocity  y-velocity  z-velocity     time/iter
  1783  1.8046e-03  2.1341e-05  1.6694e-05  1.6722e-05  0:58:39 1717

 Reversed flow on 50 faces (27.5% area) of pressure-outlet 19.

 Reversed flow on 174 faces (33.9% area) of pressure-outlet 18.
  1784  1.7501e-03  2.1377e-05  1.7079e-05  1.7087e-05  0:58:37 1716

 Reversed flow on 50 faces (27.5% area) of pressure-outlet 19.

 Reversed flow on 173 faces (33.9% area) of pressure-outlet 18.
  1785  1.7906e-03  2.0985e-05  1.6780e-05  1.6712e-05  0:58:33 1715

 Reversed flow on 50 faces (27.5% area) of pressure-outlet 19.

 Reversed flow on 173 faces (33.9% area) of pressure-outlet 18.
  1786  1.7656e-03  2.1598e-05  1.6782e-05  1.6842e-05  0:58:31 1714

 Reversed flow on 50 faces (27.5% area) of pressure-outlet 19.

 Reversed flow on 174 faces (33.9% area) of pressure-outlet 18.
  1787  1.7686e-03  2.0922e-05  1.6640e-05  1.6991e-05  0:58:29 1713

 Reversed flow on 50 faces (27.5% area) of pressure-outlet 19.

 Reversed flow on 174 faces (33.9% area) of pressure-outlet 18.
  1788  1.8034e-03  2.1751e-05  1.7183e-05  1.6998e-05  0:58:28 1712

 Reversed flow on 50 faces (27.5% area) of pressure-outlet 19.

 Reversed flow on 173 faces (33.9% area) of pressure-outlet 18.
  1789  1.7537e-03  2.0951e-05  1.6669e-05  1.6921e-05  0:58:26 1711

 Reversed flow on 50 faces (27.5% area) of pressure-outlet 19.

 Reversed flow on 174 faces (33.9% area) of pressure-outlet 18.
  1790  1.8264e-03  2.1485e-05  1.6785e-05  1.6860e-05  0:58:25 1710

 Reversed flow on 50 faces (27.5% area) of pressure-outlet 19.

 Reversed flow on 174 faces (33.9% area) of pressure-outlet 18.
  1791  1.7556e-03  2.1470e-05  1.7015e-05  1.7130e-05  0:58:22 1709

 Reversed flow on 50 faces (27.5% area) of pressure-outlet 19.

 Reversed flow on 173 faces (33.9% area) of pressure-outlet 18.
  1792  1.7826e-03  2.0914e-05  1.6772e-05  1.6749e-05  0:58:19 1708

 Reversed flow on 50 faces (27.5% area) of pressure-outlet 19.

 Reversed flow on 173 faces (33.9% area) of pressure-outlet 18.
  1793  1.7830e-03  2.1412e-05  1.6886e-05  1.6874e-05  0:58:17 1707

 Reversed flow on 50 faces (27.5% area) of pressure-outlet 19.

 Reversed flow on 174 faces (33.9% area) of pressure-outlet 18.

  iter  continuity  x-velocity  y-velocity  z-velocity     time/iter
  1794  1.8013e-03  2.0928e-05  1.6736e-05  1.7007e-05  0:58:15 1706

 Reversed flow on 50 faces (27.5% area) of pressure-outlet 19.

 Reversed flow on 174 faces (33.9% area) of pressure-outlet 18.
  1795  1.8225e-03  2.1932e-05  1.7292e-05  1.7144e-05  0:58:14 1705

 Reversed flow on 50 faces (27.5% area) of pressure-outlet 19.

 Reversed flow on 174 faces (33.9% area) of pressure-outlet 18.
  1796  1.7832e-03  2.0963e-05  1.6853e-05  1.7110e-05  0:58:12 1704

 Reversed flow on 50 faces (27.5% area) of pressure-outlet 19.

 Reversed flow on 174 faces (33.9% area) of pressure-outlet 18.
  1797  1.8333e-03  2.1343e-05  1.6894e-05  1.6800e-05  0:58:09 1703

 Reversed flow on 50 faces (27.5% area) of pressure-outlet 19.

 Reversed flow on 174 faces (33.9% area) of pressure-outlet 18.
  1798  1.7633e-03  2.1277e-05  1.6962e-05  1.7049e-05  0:58:07 1702

 Reversed flow on 50 faces (27.5% area) of pressure-outlet 19.

 Reversed flow on 174 faces (33.9% area) of pressure-outlet 18.
  1799  1.8029e-03  2.1234e-05  1.6908e-05  1.6862e-05  0:58:06 1701

 Reversed flow on 50 faces (27.5% area) of pressure-outlet 19.

 Reversed flow on 174 faces (33.9% area) of pressure-outlet 18.
  1800  1.7755e-03  2.1597e-05  1.6971e-05  1.6941e-05  0:58:03 1700

 Reversed flow on 50 faces (27.5% area) of pressure-outlet 19.

 Reversed flow on 174 faces (33.9% area) of pressure-outlet 18.
  1801  1.7854e-03  2.0748e-05  1.6617e-05  1.6737e-05  0:58:00 1699

 Reversed flow on 50 faces (27.5% area) of pressure-outlet 19.

 Reversed flow on 174 faces (33.9% area) of pressure-outlet 18.
  1802  1.8165e-03  2.1729e-05  1.7038e-05  1.6922e-05  0:57:59 1698

 Reversed flow on 50 faces (27.5% area) of pressure-outlet 19.

 Reversed flow on 173 faces (33.9% area) of pressure-outlet 18.
  1803  1.7785e-03  2.1152e-05  1.6666e-05  1.6965e-05  0:57:56 1697

 Reversed flow on 50 faces (27.5% area) of pressure-outlet 19.

 Reversed flow on 174 faces (33.9% area) of pressure-outlet 18.
  1804  1.8196e-03  2.1462e-05  1.6779e-05  1.6655e-05  0:57:53 1696

 Reversed flow on 50 faces (27.5% area) of pressure-outlet 19.

 Reversed flow on 174 faces (33.9% area) of pressure-outlet 18.

  iter  continuity  x-velocity  y-velocity  z-velocity     time/iter
  1805  1.7524e-03  2.0702e-05  1.6674e-05  1.6757e-05  0:57:53 1695

 Reversed flow on 50 faces (27.5% area) of pressure-outlet 19.

 Reversed flow on 173 faces (33.9% area) of pressure-outlet 18.
  1806  1.8037e-03  2.0940e-05  1.6737e-05  1.6618e-05  0:57:52 1694

 Reversed flow on 50 faces (27.5% area) of pressure-outlet 19.

 Reversed flow on 173 faces (33.9% area) of pressure-outlet 18.
  1807  1.7716e-03  2.1660e-05  1.6836e-05  1.6932e-05  0:57:49 1693

 Reversed flow on 50 faces (27.5% area) of pressure-outlet 19.

 Reversed flow on 174 faces (33.9% area) of pressure-outlet 18.
  1808  1.8053e-03  2.0935e-05  1.6718e-05  1.6891e-05  0:57:48 1692

 Reversed flow on 50 faces (27.5% area) of pressure-outlet 19.

 Reversed flow on 174 faces (33.9% area) of pressure-outlet 18.
  1809  1.8302e-03  2.1625e-05  1.7212e-05  1.7012e-05  0:57:45 1691

 Reversed flow on 50 faces (27.5% area) of pressure-outlet 19.

 Reversed flow on 173 faces (33.9% area) of pressure-outlet 18.
  1810  1.7845e-03  2.0897e-05  1.6680e-05  1.6860e-05  0:57:42 1690

 Reversed flow on 50 faces (27.5% area) of pressure-outlet 19.

 Reversed flow on 173 faces (33.9% area) of pressure-outlet 18.
  1811  1.8527e-03  2.1828e-05  1.6899e-05  1.7022e-05  0:57:39 1689

 Reversed flow on 50 faces (27.5% area) of pressure-outlet 19.

 Reversed flow on 173 faces (33.9% area) of pressure-outlet 18.
  1812  1.7975e-03  2.1335e-05  1.6953e-05  1.7196e-05  0:57:38 1688

 Reversed flow on 50 faces (27.5% area) of pressure-outlet 19.

 Reversed flow on 173 faces (33.9% area) of pressure-outlet 18.
  1813  1.8299e-03  2.1100e-05  1.6880e-05  1.6662e-05  0:57:37 1687

 Reversed flow on 50 faces (27.5% area) of pressure-outlet 19.

 Reversed flow on 173 faces (33.9% area) of pressure-outlet 18.
  1814  1.8037e-03  2.1536e-05  1.6784e-05  1.7016e-05  0:57:34 1686

 Reversed flow on 50 faces (27.5% area) of pressure-outlet 19.

 Reversed flow on 174 faces (33.9% area) of pressure-outlet 18.
  1815  1.8945e-03  2.1762e-05  1.6915e-05  1.7310e-05  0:57:31 1685

 Reversed flow on 50 faces (27.5% area) of pressure-outlet 19.

 Reversed flow on 174 faces (33.9% area) of pressure-outlet 18.

  iter  continuity  x-velocity  y-velocity  z-velocity     time/iter
  1816  1.8767e-03  2.2365e-05  1.7420e-05  1.7410e-05  0:57:28 1684

 Reversed flow on 50 faces (27.5% area) of pressure-outlet 19.

 Reversed flow on 173 faces (33.9% area) of pressure-outlet 18.
  1817  1.8610e-03  2.1092e-05  1.6923e-05  1.7112e-05  0:57:26 1683

 Reversed flow on 50 faces (27.5% area) of pressure-outlet 19.

 Reversed flow on 173 faces (33.9% area) of pressure-outlet 18.
  1818  1.9563e-03  2.2231e-05  1.7333e-05  1.7293e-05  0:57:25 1682

 Reversed flow on 50 faces (27.5% area) of pressure-outlet 19.

 Reversed flow on 174 faces (33.9% area) of pressure-outlet 18.
  1819  1.9178e-03  2.2162e-05  1.7554e-05  1.7733e-05  0:57:22 1681

 Reversed flow on 50 faces (27.5% area) of pressure-outlet 19.

 Reversed flow on 174 faces (33.9% area) of pressure-outlet 18.
  1820  1.9536e-03  2.2326e-05  1.7822e-05  1.7532e-05  0:57:20 1680

 Reversed flow on 50 faces (27.5% area) of pressure-outlet 19.

 Reversed flow on 174 faces (33.9% area) of pressure-outlet 18.
  1821  1.9205e-03  2.2137e-05  1.7804e-05  1.7807e-05  0:57:17 1679

 Reversed flow on 50 faces (27.5% area) of pressure-outlet 19.

 Reversed flow on 174 faces (33.9% area) of pressure-outlet 18.
  1822  1.9900e-03  2.2246e-05  1.7891e-05  1.7746e-05  0:57:16 1678

 Reversed flow on 50 faces (27.5% area) of pressure-outlet 19.

 Reversed flow on 174 faces (33.9% area) of pressure-outlet 18.
  1823  1.9805e-03  2.3176e-05  1.8377e-05  1.8146e-05  0:54:45 1677

 Reversed flow on 50 faces (27.5% area) of pressure-outlet 19.

 Reversed flow on 174 faces (33.9% area) of pressure-outlet 18.
  1824  1.9288e-03  2.1564e-05  1.7368e-05  1.7477e-05  0:55:13 1676

 Reversed flow on 50 faces (27.5% area) of pressure-outlet 19.

 Reversed flow on 174 faces (33.9% area) of pressure-outlet 18.
  1825  1.9684e-03  2.2395e-05  1.7662e-05  1.7360e-05  0:53:07 1675

 Reversed flow on 50 faces (27.5% area) of pressure-outlet 19.

 Reversed flow on 174 faces (33.9% area) of pressure-outlet 18.
  1826  1.8621e-03  2.0744e-05  1.6618e-05  1.6643e-05  0:53:54 1674

 Reversed flow on 50 faces (27.5% area) of pressure-outlet 19.

 Reversed flow on 174 faces (33.9% area) of pressure-outlet 18.

  iter  continuity  x-velocity  y-velocity  z-velocity     time/iter
  1827  1.9049e-03  2.1809e-05  1.7177e-05  1.6991e-05  0:54:31 1673

 Reversed flow on 50 faces (27.5% area) of pressure-outlet 19.

 Reversed flow on 174 faces (33.9% area) of pressure-outlet 18.
  1828  1.8797e-03  2.2031e-05  1.7322e-05  1.7422e-05  0:55:00 1672

 Reversed flow on 50 faces (27.5% area) of pressure-outlet 19.

 Reversed flow on 174 faces (33.9% area) of pressure-outlet 18.
  1829  1.9412e-03  2.1794e-05  1.7336e-05  1.7076e-05  0:55:23 1671

 Reversed flow on 50 faces (27.5% area) of pressure-outlet 19.

 Reversed flow on 174 faces (33.9% area) of pressure-outlet 18.
  1830  1.8949e-03  2.1851e-05  1.7514e-05  1.7260e-05  0:53:13 1670

 Reversed flow on 50 faces (27.5% area) of pressure-outlet 19.

 Reversed flow on 173 faces (33.9% area) of pressure-outlet 18.
  1831  1.8474e-03  2.0764e-05  1.6506e-05  1.6613e-05  0:53:57 1669

 Reversed flow on 50 faces (27.5% area) of pressure-outlet 19.

 Reversed flow on 173 faces (33.9% area) of pressure-outlet 18.
  1832  1.8689e-03  2.1901e-05  1.7104e-05  1.6884e-05  0:54:30 1668

 Reversed flow on 50 faces (27.5% area) of pressure-outlet 19.

 Reversed flow on 173 faces (33.9% area) of pressure-outlet 18.
  1833  1.8213e-03  2.0514e-05  1.6668e-05  1.6896e-05  0:54:57 1667

 Reversed flow on 50 faces (27.5% area) of pressure-outlet 19.

 Reversed flow on 173 faces (33.9% area) of pressure-outlet 18.
  1834  1.8779e-03  2.1380e-05  1.7119e-05  1.6800e-05  0:55:20 1666

 Reversed flow on 50 faces (27.5% area) of pressure-outlet 19.

 Reversed flow on 173 faces (33.9% area) of pressure-outlet 18.
  1835  1.8192e-03  2.1541e-05  1.7002e-05  1.7120e-05  0:55:38 1665

 Reversed flow on 50 faces (27.5% area) of pressure-outlet 19.

 Reversed flow on 173 faces (33.9% area) of pressure-outlet 18.
  1836  1.8532e-03  2.1391e-05  1.6967e-05  1.6957e-05  0:55:50 1664

 Reversed flow on 50 faces (27.5% area) of pressure-outlet 19.

 Reversed flow on 173 faces (33.9% area) of pressure-outlet 18.
  1837  1.8248e-03  2.1564e-05  1.7446e-05  1.7266e-05  0:56:00 1663

 Reversed flow on 50 faces (27.5% area) of pressure-outlet 19.

 Reversed flow on 173 faces (33.9% area) of pressure-outlet 18.

  iter  continuity  x-velocity  y-velocity  z-velocity     time/iter
  1838  1.8486e-03  2.1079e-05  1.6966e-05  1.6890e-05  0:56:07 1662

 Reversed flow on 50 faces (27.5% area) of pressure-outlet 19.

 Reversed flow on 173 faces (33.9% area) of pressure-outlet 18.
  1839  1.8283e-03  2.1848e-05  1.7092e-05  1.6861e-05  0:56:13 1661

 Reversed flow on 50 faces (27.5% area) of pressure-outlet 19.

 Reversed flow on 173 faces (33.9% area) of pressure-outlet 18.
  1840  1.7919e-03  2.0868e-05  1.6857e-05  1.7116e-05  0:56:17 1660

 Reversed flow on 50 faces (27.5% area) of pressure-outlet 19.

 Reversed flow on 173 faces (33.9% area) of pressure-outlet 18.
  1841  1.8599e-03  2.1823e-05  1.7452e-05  1.7010e-05  0:56:20 1659

 Reversed flow on 50 faces (27.5% area) of pressure-outlet 19.

 Reversed flow on 173 faces (33.9% area) of pressure-outlet 18.
  1842  1.7911e-03  2.1402e-05  1.6927e-05  1.7022e-05  0:56:22 1658

 Reversed flow on 50 faces (27.5% area) of pressure-outlet 19.

 Reversed flow on 173 faces (33.9% area) of pressure-outlet 18.
  1843  1.8170e-03  2.1354e-05  1.6765e-05  1.6802e-05  0:56:22 1657

 Reversed flow on 50 faces (27.5% area) of pressure-outlet 19.

 Reversed flow on 173 faces (33.9% area) of pressure-outlet 18.
  1844  1.7891e-03  2.1665e-05  1.7348e-05  1.7209e-05  0:56:22 1656

 Reversed flow on 50 faces (27.5% area) of pressure-outlet 19.

 Reversed flow on 173 faces (33.9% area) of pressure-outlet 18.
  1845  1.8267e-03  2.1171e-05  1.6937e-05  1.6859e-05  0:56:22 1655

 Reversed flow on 50 faces (27.5% area) of pressure-outlet 19.

 Reversed flow on 173 faces (33.9% area) of pressure-outlet 18.
  1846  1.7965e-03  2.1745e-05  1.6919e-05  1.6795e-05  0:56:20 1654

 Reversed flow on 50 faces (27.5% area) of pressure-outlet 19.

 Reversed flow on 173 faces (33.9% area) of pressure-outlet 18.
  1847  1.7719e-03  2.0781e-05  1.6641e-05  1.7008e-05  0:56:19 1653

 Reversed flow on 50 faces (27.5% area) of pressure-outlet 19.

 Reversed flow on 173 faces (33.9% area) of pressure-outlet 18.
  1848  1.8352e-03  2.1819e-05  1.7340e-05  1.7026e-05  0:56:17 1652

 Reversed flow on 50 faces (27.5% area) of pressure-outlet 19.

 Reversed flow on 173 faces (33.9% area) of pressure-outlet 18.

  iter  continuity  x-velocity  y-velocity  z-velocity     time/iter
  1849  1.7746e-03  2.1300e-05  1.6836e-05  1.6988e-05  0:56:17 1651

 Reversed flow on 50 faces (27.5% area) of pressure-outlet 19.

 Reversed flow on 174 faces (33.9% area) of pressure-outlet 18.
  1850  1.8132e-03  2.1468e-05  1.6797e-05  1.6836e-05  0:56:16 1650

 Reversed flow on 50 faces (27.5% area) of pressure-outlet 19.

 Reversed flow on 174 faces (33.9% area) of pressure-outlet 18.
  1851  1.7660e-03  2.1570e-05  1.7205e-05  1.7186e-05  0:58:11 1649

 Reversed flow on 50 faces (27.5% area) of pressure-outlet 19.

 Reversed flow on 173 faces (33.9% area) of pressure-outlet 18.
  1852  1.8070e-03  2.1112e-05  1.6870e-05  1.6839e-05  0:57:46 1648

 Reversed flow on 50 faces (27.5% area) of pressure-outlet 19.

 Reversed flow on 173 faces (33.9% area) of pressure-outlet 18.
  1853  1.7824e-03  2.1695e-05  1.6860e-05  1.6855e-05  0:57:26 1647

 Reversed flow on 50 faces (27.5% area) of pressure-outlet 19.

 Reversed flow on 174 faces (33.9% area) of pressure-outlet 18.
  1854  1.7675e-03  2.0982e-05  1.6691e-05  1.7057e-05  0:57:09 1646

 Reversed flow on 50 faces (27.5% area) of pressure-outlet 19.

 Reversed flow on 174 faces (33.9% area) of pressure-outlet 18.
  1855  1.8158e-03  2.1784e-05  1.7255e-05  1.7019e-05  0:56:56 1645

 Reversed flow on 50 faces (27.5% area) of pressure-outlet 19.

 Reversed flow on 173 faces (33.9% area) of pressure-outlet 18.
  1856  1.7650e-03  2.1053e-05  1.6751e-05  1.6970e-05  0:56:45 1644

 Reversed flow on 50 faces (27.5% area) of pressure-outlet 19.

 Reversed flow on 174 faces (33.9% area) of pressure-outlet 18.
  1857  1.8253e-03  2.1521e-05  1.6828e-05  1.6905e-05  0:56:34 1643

 Reversed flow on 50 faces (27.5% area) of pressure-outlet 19.

 Reversed flow on 174 faces (33.9% area) of pressure-outlet 18.
  1858  1.7582e-03  2.1576e-05  1.7098e-05  1.7153e-05  0:56:26 1642

 Reversed flow on 50 faces (27.5% area) of pressure-outlet 19.

 Reversed flow on 173 faces (33.9% area) of pressure-outlet 18.
  1859  1.7845e-03  2.0887e-05  1.6771e-05  1.6767e-05  0:56:20 1641

 Reversed flow on 50 faces (27.5% area) of pressure-outlet 19.

 Reversed flow on 173 faces (33.9% area) of pressure-outlet 18.

  iter  continuity  x-velocity  y-velocity  z-velocity     time/iter
  1860  1.7838e-03  2.1434e-05  1.6875e-05  1.6839e-05  0:56:14 1640

 Reversed flow on 50 faces (27.5% area) of pressure-outlet 19.

 Reversed flow on 174 faces (33.9% area) of pressure-outlet 18.
  1861  1.7932e-03  2.0904e-05  1.6706e-05  1.7006e-05  0:56:09 1639

 Reversed flow on 50 faces (27.5% area) of pressure-outlet 19.

 Reversed flow on 174 faces (33.9% area) of pressure-outlet 18.
  1862  1.8221e-03  2.1862e-05  1.7277e-05  1.7101e-05  0:56:05 1638

 Reversed flow on 50 faces (27.5% area) of pressure-outlet 19.

 Reversed flow on 174 faces (33.9% area) of pressure-outlet 18.
  1863  1.7734e-03  2.0967e-05  1.6856e-05  1.7079e-05  0:56:00 1637

 Reversed flow on 50 faces (27.5% area) of pressure-outlet 19.

 Reversed flow on 174 faces (33.9% area) of pressure-outlet 18.
  1864  1.8274e-03  2.1283e-05  1.6843e-05  1.6781e-05  0:55:58 1636

 Reversed flow on 50 faces (27.5% area) of pressure-outlet 19.

 Reversed flow on 174 faces (33.9% area) of pressure-outlet 18.
  1865  1.7620e-03  2.1327e-05  1.7000e-05  1.7039e-05  0:55:54 1635

 Reversed flow on 50 faces (27.5% area) of pressure-outlet 19.

 Reversed flow on 174 faces (33.9% area) of pressure-outlet 18.
  1866  1.7927e-03  2.1092e-05  1.6841e-05  1.6817e-05  0:55:51 1634

 Reversed flow on 50 faces (27.5% area) of pressure-outlet 19.

 Reversed flow on 174 faces (33.9% area) of pressure-outlet 18.
  1867  1.7739e-03  2.1578e-05  1.6957e-05  1.6883e-05  0:55:48 1633

 Reversed flow on 50 faces (27.5% area) of pressure-outlet 19.

 Reversed flow on 174 faces (33.9% area) of pressure-outlet 18.
  1868  1.7783e-03  2.0655e-05  1.6560e-05  1.6716e-05  0:55:45 1632

 Reversed flow on 50 faces (27.5% area) of pressure-outlet 19.

 Reversed flow on 174 faces (33.9% area) of pressure-outlet 18.
  1869  1.8108e-03  2.1695e-05  1.7004e-05  1.6876e-05  0:55:43 1631

 Reversed flow on 50 faces (27.5% area) of pressure-outlet 19.

 Reversed flow on 173 faces (33.9% area) of pressure-outlet 18.
  1870  1.7667e-03  2.1166e-05  1.6665e-05  1.6968e-05  0:55:41 1630

 Reversed flow on 50 faces (27.5% area) of pressure-outlet 19.

 Reversed flow on 174 faces (33.9% area) of pressure-outlet 18.

  iter  continuity  x-velocity  y-velocity  z-velocity     time/iter
  1871  1.8087e-03  2.1300e-05  1.6690e-05  1.6562e-05  0:56:24 1629

 Reversed flow on 50 faces (27.5% area) of pressure-outlet 19.

 Reversed flow on 174 faces (33.9% area) of pressure-outlet 18.
  1872  1.7425e-03  2.0692e-05  1.6635e-05  1.6682e-05  0:56:13 1628

 Reversed flow on 50 faces (27.5% area) of pressure-outlet 19.

 Reversed flow on 173 faces (33.9% area) of pressure-outlet 18.
  1873  1.7941e-03  2.0843e-05  1.6641e-05  1.6565e-05  0:56:04 1627

 Reversed flow on 50 faces (27.5% area) of pressure-outlet 19.

 Reversed flow on 173 faces (33.9% area) of pressure-outlet 18.
  1874  1.7572e-03  2.1569e-05  1.6746e-05  1.6828e-05  0:55:54 1626

 Reversed flow on 50 faces (27.5% area) of pressure-outlet 19.

 Reversed flow on 174 faces (33.9% area) of pressure-outlet 18.
  1875  1.7887e-03  2.0783e-05  1.6619e-05  1.6830e-05  0:55:48 1625

 Reversed flow on 50 faces (27.5% area) of pressure-outlet 19.

 Reversed flow on 174 faces (33.9% area) of pressure-outlet 18.
  1876  1.8220e-03  2.1504e-05  1.7110e-05  1.6893e-05  0:55:43 1624

 Reversed flow on 50 faces (27.5% area) of pressure-outlet 19.

 Reversed flow on 173 faces (33.9% area) of pressure-outlet 18.
  1877  1.7720e-03  2.0896e-05  1.6627e-05  1.6849e-05  0:55:38 1623

 Reversed flow on 50 faces (27.5% area) of pressure-outlet 19.

 Reversed flow on 173 faces (33.9% area) of pressure-outlet 18.
  1878  1.8424e-03  2.1657e-05  1.6817e-05  1.6920e-05  0:55:33 1622

 Reversed flow on 50 faces (27.5% area) of pressure-outlet 19.

 Reversed flow on 173 faces (33.9% area) of pressure-outlet 18.
  1879  1.7827e-03  2.1273e-05  1.6943e-05  1.7142e-05  0:55:29 1621

 Reversed flow on 50 faces (27.5% area) of pressure-outlet 19.

 Reversed flow on 173 faces (33.9% area) of pressure-outlet 18.
  1880  1.8191e-03  2.0962e-05  1.6814e-05  1.6617e-05  0:55:24 1620

 Reversed flow on 50 faces (27.5% area) of pressure-outlet 19.

 Reversed flow on 173 faces (33.9% area) of pressure-outlet 18.
  1881  1.8034e-03  2.1600e-05  1.6794e-05  1.7001e-05  0:55:21 1619

 Reversed flow on 50 faces (27.5% area) of pressure-outlet 19.

 Reversed flow on 174 faces (33.9% area) of pressure-outlet 18.

  iter  continuity  x-velocity  y-velocity  z-velocity     time/iter
  1882  1.8857e-03  2.1676e-05  1.6869e-05  1.7279e-05  0:55:17 1618

 Reversed flow on 50 faces (27.5% area) of pressure-outlet 19.

 Reversed flow on 173 faces (33.9% area) of pressure-outlet 18.
  1883  1.8698e-03  2.2264e-05  1.7347e-05  1.7311e-05  0:55:15 1617

 Reversed flow on 50 faces (27.5% area) of pressure-outlet 19.

 Reversed flow on 173 faces (33.9% area) of pressure-outlet 18.
  1884  1.8501e-03  2.1060e-05  1.6886e-05  1.7099e-05  0:55:10 1616

 Reversed flow on 50 faces (27.5% area) of pressure-outlet 19.

 Reversed flow on 174 faces (33.9% area) of pressure-outlet 18.
  1885  1.9599e-03  2.2289e-05  1.7352e-05  1.7357e-05  0:55:09 1615

 Reversed flow on 50 faces (27.5% area) of pressure-outlet 19.

 Reversed flow on 174 faces (33.9% area) of pressure-outlet 18.
  1886  1.9207e-03  2.2225e-05  1.7596e-05  1.7765e-05  0:55:06 1614

 Reversed flow on 50 faces (27.5% area) of pressure-outlet 19.

 Reversed flow on 173 faces (33.9% area) of pressure-outlet 18.
  1887  1.9460e-03  2.2193e-05  1.7737e-05  1.7484e-05  0:55:04 1613

 Reversed flow on 50 faces (27.5% area) of pressure-outlet 19.

 Reversed flow on 173 faces (33.9% area) of pressure-outlet 18.
  1888  1.9184e-03  2.2093e-05  1.7751e-05  1.7730e-05  0:55:01 1612

 Reversed flow on 50 faces (27.5% area) of pressure-outlet 19.

 Reversed flow on 174 faces (33.9% area) of pressure-outlet 18.
  1889  1.9874e-03  2.2216e-05  1.7885e-05  1.7755e-05  0:54:59 1611

 Reversed flow on 50 faces (27.5% area) of pressure-outlet 19.

 Reversed flow on 174 faces (33.9% area) of pressure-outlet 18.
  1890  1.9879e-03  2.3233e-05  1.8419e-05  1.8168e-05  0:52:35 1610

 Reversed flow on 50 faces (27.5% area) of pressure-outlet 19.

 Reversed flow on 174 faces (33.9% area) of pressure-outlet 18.
  1891  1.9358e-03  2.1613e-05  1.7422e-05  1.7547e-05  0:53:02 1609

 Reversed flow on 50 faces (27.5% area) of pressure-outlet 19.

 Reversed flow on 174 faces (33.9% area) of pressure-outlet 18.
  1892  1.9824e-03  2.2399e-05  1.7726e-05  1.7411e-05  0:51:01 1608

 Reversed flow on 50 faces (27.5% area) of pressure-outlet 19.

 Reversed flow on 174 faces (33.9% area) of pressure-outlet 18.

  iter  continuity  x-velocity  y-velocity  z-velocity     time/iter
  1893  1.8645e-03  2.0849e-05  1.6686e-05  1.6680e-05  0:51:44 1607

 Reversed flow on 50 faces (27.5% area) of pressure-outlet 19.

 Reversed flow on 174 faces (33.9% area) of pressure-outlet 18.
  1894  1.9118e-03  2.1858e-05  1.7238e-05  1.7060e-05  0:52:23 1606

 Reversed flow on 50 faces (27.5% area) of pressure-outlet 19.

 Reversed flow on 174 faces (33.9% area) of pressure-outlet 18.
  1895  1.8923e-03  2.2119e-05  1.7406e-05  1.7464e-05  0:52:50 1605

 Reversed flow on 50 faces (27.5% area) of pressure-outlet 19.

 Reversed flow on 174 faces (33.9% area) of pressure-outlet 18.
  1896  1.9464e-03  2.1760e-05  1.7371e-05  1.7091e-05  0:53:12 1604

 Reversed flow on 50 faces (27.5% area) of pressure-outlet 19.

 Reversed flow on 174 faces (33.9% area) of pressure-outlet 18.
  1897  1.9078e-03  2.1936e-05  1.7539e-05  1.7290e-05  0:51:11 1603

 Reversed flow on 50 faces (27.5% area) of pressure-outlet 19.

 Reversed flow on 173 faces (33.9% area) of pressure-outlet 18.
  1898  1.8560e-03  2.0847e-05  1.6557e-05  1.6684e-05  0:51:52 1602

 Reversed flow on 50 faces (27.5% area) of pressure-outlet 19.

 Reversed flow on 173 faces (33.9% area) of pressure-outlet 18.
  1899  1.8833e-03  2.1928e-05  1.7150e-05  1.6912e-05  0:52:23 1601

 Reversed flow on 50 faces (27.5% area) of pressure-outlet 19.

 Reversed flow on 174 faces (33.9% area) of pressure-outlet 18.
  1900  1.8274e-03  2.0561e-05  1.6715e-05  1.6900e-05  0:52:48 1600

 Reversed flow on 50 faces (27.5% area) of pressure-outlet 19.

 Reversed flow on 173 faces (33.9% area) of pressure-outlet 18.
  1901  1.8831e-03  2.1399e-05  1.7124e-05  1.6802e-05  0:53:11 1599

 Reversed flow on 50 faces (27.5% area) of pressure-outlet 19.

 Reversed flow on 173 faces (33.9% area) of pressure-outlet 18.
  1902  1.8268e-03  2.1656e-05  1.7074e-05  1.7173e-05  0:53:25 1598

 Reversed flow on 50 faces (27.5% area) of pressure-outlet 19.

 Reversed flow on 173 faces (33.9% area) of pressure-outlet 18.
  1903  1.8712e-03  2.1456e-05  1.7072e-05  1.7064e-05  0:53:35 1597

 Reversed flow on 50 faces (27.5% area) of pressure-outlet 19.

 Reversed flow on 173 faces (33.9% area) of pressure-outlet 18.

  iter  continuity  x-velocity  y-velocity  z-velocity     time/iter
  1904  1.8424e-03  2.1664e-05  1.7509e-05  1.7330e-05  0:53:48 1596

 Reversed flow on 50 faces (27.5% area) of pressure-outlet 19.

 Reversed flow on 173 faces (33.9% area) of pressure-outlet 18.
  1905  1.8538e-03  2.1116e-05  1.6993e-05  1.6960e-05  0:53:55 1595

 Reversed flow on 50 faces (27.5% area) of pressure-outlet 19.

 Reversed flow on 173 faces (33.9% area) of pressure-outlet 18.
  1906  1.8378e-03  2.1891e-05  1.7130e-05  1.6896e-05  0:53:59 1594

 Reversed flow on 50 faces (27.5% area) of pressure-outlet 19.

 Reversed flow on 173 faces (33.9% area) of pressure-outlet 18.
  1907  1.8009e-03  2.0944e-05  1.6959e-05  1.7196e-05  0:54:02 1593

 Reversed flow on 50 faces (27.5% area) of pressure-outlet 19.

 Reversed flow on 173 faces (33.9% area) of pressure-outlet 18.
  1908  1.8681e-03  2.1825e-05  1.7473e-05  1.7032e-05  0:54:05 1592

 Reversed flow on 50 faces (27.5% area) of pressure-outlet 19.

 Reversed flow on 173 faces (33.9% area) of pressure-outlet 18.
  1909  1.7982e-03  2.1473e-05  1.6957e-05  1.7034e-05  0:54:06 1591

 Reversed flow on 50 faces (27.5% area) of pressure-outlet 19.

 Reversed flow on 173 faces (33.9% area) of pressure-outlet 18.
  1910  1.8228e-03  2.1343e-05  1.6793e-05  1.6845e-05  0:54:07 1590

 Reversed flow on 50 faces (27.5% area) of pressure-outlet 19.

 Reversed flow on 173 faces (33.9% area) of pressure-outlet 18.
  1911  1.8037e-03  2.1782e-05  1.7438e-05  1.7273e-05  0:54:07 1589

 Reversed flow on 50 faces (27.5% area) of pressure-outlet 19.

 Reversed flow on 173 faces (33.9% area) of pressure-outlet 18.
  1912  1.8346e-03  2.1183e-05  1.6976e-05  1.6903e-05  0:54:07 1588

 Reversed flow on 50 faces (27.5% area) of pressure-outlet 19.

 Reversed flow on 173 faces (33.9% area) of pressure-outlet 18.
  1913  1.8091e-03  2.1775e-05  1.6940e-05  1.6787e-05  0:54:05 1587

 Reversed flow on 50 faces (27.5% area) of pressure-outlet 19.

 Reversed flow on 173 faces (33.9% area) of pressure-outlet 18.
  1914  1.7729e-03  2.0802e-05  1.6678e-05  1.7034e-05  0:54:04 1586

 Reversed flow on 50 faces (27.5% area) of pressure-outlet 19.

 Reversed flow on 173 faces (33.9% area) of pressure-outlet 18.

  iter  continuity  x-velocity  y-velocity  z-velocity     time/iter
  1915  1.8422e-03  2.1805e-05  1.7357e-05  1.7002e-05  0:54:03 1585

 Reversed flow on 50 faces (27.5% area) of pressure-outlet 19.

 Reversed flow on 173 faces (33.9% area) of pressure-outlet 18.
  1916  1.7786e-03  2.1333e-05  1.6846e-05  1.6980e-05  0:54:03 1584

 Reversed flow on 50 faces (27.5% area) of pressure-outlet 19.

 Reversed flow on 174 faces (33.9% area) of pressure-outlet 18.
  1917  1.8075e-03  2.1401e-05  1.6749e-05  1.6814e-05  0:54:02 1583

 Reversed flow on 50 faces (27.5% area) of pressure-outlet 19.

 Reversed flow on 174 faces (33.9% area) of pressure-outlet 18.
  1918  1.7716e-03  2.1624e-05  1.7223e-05  1.7168e-05  0:53:59 1582

 Reversed flow on 50 faces (27.5% area) of pressure-outlet 19.

 Reversed flow on 173 faces (33.9% area) of pressure-outlet 18.
  1919  1.8030e-03  2.1033e-05  1.6813e-05  1.6788e-05  0:53:57 1581

 Reversed flow on 50 faces (27.5% area) of pressure-outlet 19.

 Reversed flow on 173 faces (33.9% area) of pressure-outlet 18.
  1920  1.7855e-03  2.1691e-05  1.6843e-05  1.6815e-05  0:53:55 1580

 Reversed flow on 50 faces (27.5% area) of pressure-outlet 19.

 Reversed flow on 174 faces (33.9% area) of pressure-outlet 18.
  1921  1.7659e-03  2.0953e-05  1.6669e-05  1.7062e-05  0:53:53 1579

 Reversed flow on 50 faces (27.5% area) of pressure-outlet 19.

 Reversed flow on 174 faces (33.9% area) of pressure-outlet 18.
  1922  1.8269e-03  2.1758e-05  1.7249e-05  1.6973e-05  0:53:51 1578

 Reversed flow on 50 faces (27.5% area) of pressure-outlet 19.

 Reversed flow on 173 faces (33.9% area) of pressure-outlet 18.
  1923  1.7659e-03  2.1097e-05  1.6748e-05  1.6954e-05  0:53:50 1577

 Reversed flow on 50 faces (27.5% area) of pressure-outlet 19.

 Reversed flow on 174 faces (33.9% area) of pressure-outlet 18.
  1924  1.8307e-03  2.1518e-05  1.6818e-05  1.6914e-05  0:53:51 1576

 Reversed flow on 50 faces (27.5% area) of pressure-outlet 19.

 Reversed flow on 174 faces (33.9% area) of pressure-outlet 18.
  1925  1.7638e-03  2.1665e-05  1.7130e-05  1.7167e-05  0:53:48 1575

 Reversed flow on 50 faces (27.5% area) of pressure-outlet 19.

 Reversed flow on 173 faces (33.9% area) of pressure-outlet 18.

  iter  continuity  x-velocity  y-velocity  z-velocity     time/iter
  1926  1.7850e-03  2.0871e-05  1.6750e-05  1.6795e-05  0:53:46 1574

 Reversed flow on 50 faces (27.5% area) of pressure-outlet 19.

 Reversed flow on 174 faces (33.9% area) of pressure-outlet 18.
  1927  1.8023e-03  2.1550e-05  1.6940e-05  1.6870e-05  0:53:44 1573

 Reversed flow on 50 faces (27.5% area) of pressure-outlet 19.

 Reversed flow on 174 faces (33.9% area) of pressure-outlet 18.
  1928  1.7992e-03  2.0990e-05  1.6745e-05  1.7072e-05  0:53:40 1572

 Reversed flow on 50 faces (27.5% area) of pressure-outlet 19.

 Reversed flow on 174 faces (33.9% area) of pressure-outlet 18.
  1929  1.8300e-03  2.1868e-05  1.7316e-05  1.7111e-05  0:53:38 1571

 Reversed flow on 50 faces (27.5% area) of pressure-outlet 19.

 Reversed flow on 174 faces (33.9% area) of pressure-outlet 18.
  1930  1.7812e-03  2.1073e-05  1.6934e-05  1.7145e-05  0:53:37 1570

 Reversed flow on 50 faces (27.5% area) of pressure-outlet 19.

 Reversed flow on 174 faces (33.9% area) of pressure-outlet 18.
  1931  1.8391e-03  2.1413e-05  1.6935e-05  1.6892e-05  0:53:34 1569

 Reversed flow on 50 faces (27.5% area) of pressure-outlet 19.

 Reversed flow on 174 faces (33.9% area) of pressure-outlet 18.
  1932  1.7713e-03  2.1491e-05  1.7109e-05  1.7133e-05  0:53:32 1568

 Reversed flow on 50 faces (27.5% area) of pressure-outlet 19.

 Reversed flow on 174 faces (33.9% area) of pressure-outlet 18.
  1933  1.8003e-03  2.1175e-05  1.6912e-05  1.6932e-05  0:53:31 1567

 Reversed flow on 50 faces (27.5% area) of pressure-outlet 19.

 Reversed flow on 174 faces (33.9% area) of pressure-outlet 18.
  1934  1.7877e-03  2.1707e-05  1.7056e-05  1.6940e-05  0:53:29 1566

 Reversed flow on 50 faces (27.5% area) of pressure-outlet 19.

 Reversed flow on 174 faces (33.9% area) of pressure-outlet 18.
  1935  1.7794e-03  2.0697e-05  1.6610e-05  1.6790e-05  0:53:26 1565

 Reversed flow on 50 faces (27.5% area) of pressure-outlet 19.

 Reversed flow on 174 faces (33.9% area) of pressure-outlet 18.
  1936  1.8236e-03  2.1782e-05  1.7088e-05  1.6943e-05  0:53:24 1564

 Reversed flow on 50 faces (27.5% area) of pressure-outlet 19.

 Reversed flow on 174 faces (33.9% area) of pressure-outlet 18.

  iter  continuity  x-velocity  y-velocity  z-velocity     time/iter
  1937  1.7743e-03  2.1313e-05  1.6780e-05  1.7056e-05  0:53:22 1563

 Reversed flow on 50 faces (27.5% area) of pressure-outlet 19.

 Reversed flow on 174 faces (33.9% area) of pressure-outlet 18.
  1938  1.8156e-03  2.1364e-05  1.6744e-05  1.6625e-05  0:53:20 1562

 Reversed flow on 50 faces (27.5% area) of pressure-outlet 19.

 Reversed flow on 174 faces (33.9% area) of pressure-outlet 18.
  1939  1.7512e-03  2.0855e-05  1.6753e-05  1.6764e-05  0:53:20 1561

 Reversed flow on 50 faces (27.5% area) of pressure-outlet 19.

 Reversed flow on 173 faces (33.9% area) of pressure-outlet 18.
  1940  1.7988e-03  2.0880e-05  1.6669e-05  1.6634e-05  0:53:16 1560

 Reversed flow on 50 faces (27.5% area) of pressure-outlet 19.

 Reversed flow on 173 faces (33.9% area) of pressure-outlet 18.
  1941  1.7635e-03  2.1655e-05  1.6816e-05  1.6858e-05  0:53:13 1559

 Reversed flow on 50 faces (27.5% area) of pressure-outlet 19.

 Reversed flow on 174 faces (33.9% area) of pressure-outlet 18.
  1942  1.7877e-03  2.0776e-05  1.6652e-05  1.6890e-05  0:53:14 1558

 Reversed flow on 50 faces (27.5% area) of pressure-outlet 19.

 Reversed flow on 173 faces (33.9% area) of pressure-outlet 18.
  1943  1.8308e-03  2.1508e-05  1.7139e-05  1.6893e-05  0:53:12 1557

 Reversed flow on 50 faces (27.5% area) of pressure-outlet 19.

 Reversed flow on 173 faces (33.9% area) of pressure-outlet 18.
  1944  1.7711e-03  2.1005e-05  1.6692e-05  1.6917e-05  0:53:09 1556

 Reversed flow on 50 faces (27.5% area) of pressure-outlet 19.

 Reversed flow on 173 faces (33.9% area) of pressure-outlet 18.
  1945  1.8381e-03  2.1596e-05  1.6805e-05  1.6908e-05  0:53:07 1555

 Reversed flow on 50 faces (27.5% area) of pressure-outlet 19.

 Reversed flow on 173 faces (33.9% area) of pressure-outlet 18.
  1946  1.7843e-03  2.1287e-05  1.6997e-05  1.7146e-05  0:53:05 1554

 Reversed flow on 50 faces (27.5% area) of pressure-outlet 19.

 Reversed flow on 173 faces (33.9% area) of pressure-outlet 18.
  1947  1.8157e-03  2.0905e-05  1.6806e-05  1.6625e-05  0:53:03 1553

 Reversed flow on 50 faces (27.5% area) of pressure-outlet 19.

 Reversed flow on 173 faces (33.9% area) of pressure-outlet 18.

  iter  continuity  x-velocity  y-velocity  z-velocity     time/iter
  1948  1.8090e-03  2.1670e-05  1.6835e-05  1.7003e-05  0:53:00 1552

 Reversed flow on 50 faces (27.5% area) of pressure-outlet 19.

 Reversed flow on 174 faces (33.9% area) of pressure-outlet 18.
  1949  1.8781e-03  2.1608e-05  1.6861e-05  1.7286e-05  0:53:00 1551

 Reversed flow on 50 faces (27.5% area) of pressure-outlet 19.

 Reversed flow on 173 faces (33.9% area) of pressure-outlet 18.
  1950  1.8699e-03  2.2203e-05  1.7315e-05  1.7236e-05  0:52:57 1550

 Reversed flow on 50 faces (27.5% area) of pressure-outlet 19.

 Reversed flow on 173 faces (33.9% area) of pressure-outlet 18.
  1951  1.8436e-03  2.1037e-05  1.6867e-05  1.7101e-05  0:52:54 1549

 Reversed flow on 50 faces (27.5% area) of pressure-outlet 19.

 Reversed flow on 174 faces (33.9% area) of pressure-outlet 18.
  1952  1.9569e-03  2.2244e-05  1.7303e-05  1.7333e-05  0:52:50 1548

 Reversed flow on 50 faces (27.5% area) of pressure-outlet 19.

 Reversed flow on 174 faces (33.9% area) of pressure-outlet 18.
  1953  1.9167e-03  2.2302e-05  1.7648e-05  1.7789e-05  0:52:50 1547

 Reversed flow on 50 faces (27.5% area) of pressure-outlet 19.

 Reversed flow on 173 faces (33.9% area) of pressure-outlet 18.
  1954  1.9388e-03  2.2047e-05  1.7664e-05  1.7437e-05  0:52:47 1546

 Reversed flow on 50 faces (27.5% area) of pressure-outlet 19.

 Reversed flow on 173 faces (33.9% area) of pressure-outlet 18.
  1955  1.9210e-03  2.2133e-05  1.7747e-05  1.7692e-05  0:53:07 1545

 Reversed flow on 50 faces (27.5% area) of pressure-outlet 19.

 Reversed flow on 174 faces (33.9% area) of pressure-outlet 18.
  1956  1.9868e-03  2.2205e-05  1.7898e-05  1.7797e-05  0:53:03 1544

 Reversed flow on 50 faces (27.5% area) of pressure-outlet 19.

 Reversed flow on 174 faces (33.9% area) of pressure-outlet 18.
  1957  1.9991e-03  2.3330e-05  1.8478e-05  1.8210e-05  0:52:57 1543

 Reversed flow on 50 faces (27.5% area) of pressure-outlet 19.

 Reversed flow on 174 faces (33.9% area) of pressure-outlet 18.
  1958  1.9800e-03  2.2410e-05  1.8082e-05  1.8223e-05  0:52:52 1542

 Reversed flow on 50 faces (27.5% area) of pressure-outlet 19.

 Reversed flow on 174 faces (33.9% area) of pressure-outlet 18.

  iter  continuity  x-velocity  y-velocity  z-velocity     time/iter
  1959  2.0326e-03  2.2964e-05  1.8200e-05  1.7850e-05  0:50:30 1541

 Reversed flow on 50 faces (27.5% area) of pressure-outlet 19.

 Reversed flow on 174 faces (33.9% area) of pressure-outlet 18.
  1960  1.9137e-03  2.1567e-05  1.7214e-05  1.7167e-05  0:50:54 1540

 Reversed flow on 50 faces (27.5% area) of pressure-outlet 19.

 Reversed flow on 174 faces (33.9% area) of pressure-outlet 18.
  1961  1.9460e-03  2.2236e-05  1.7639e-05  1.7449e-05  0:51:12 1539

 Reversed flow on 50 faces (27.5% area) of pressure-outlet 19.

 Reversed flow on 174 faces (33.9% area) of pressure-outlet 18.
  1962  1.9118e-03  2.2475e-05  1.7652e-05  1.7637e-05  0:51:32 1538

 Reversed flow on 50 faces (27.5% area) of pressure-outlet 19.

 Reversed flow on 174 faces (33.9% area) of pressure-outlet 18.
  1963  1.9570e-03  2.1856e-05  1.7501e-05  1.7282e-05  0:51:41 1537

 Reversed flow on 50 faces (27.5% area) of pressure-outlet 19.

 Reversed flow on 174 faces (33.9% area) of pressure-outlet 18.
  1964  1.9422e-03  2.2344e-05  1.7813e-05  1.7573e-05  0:49:32 1536

 Reversed flow on 50 faces (27.5% area) of pressure-outlet 19.

 Reversed flow on 173 faces (33.9% area) of pressure-outlet 18.
  1965  1.8752e-03  2.1144e-05  1.6758e-05  1.6923e-05  0:50:05 1535

 Reversed flow on 50 faces (27.5% area) of pressure-outlet 19.

 Reversed flow on 173 faces (33.9% area) of pressure-outlet 18.
  1966  1.9004e-03  2.2043e-05  1.7269e-05  1.7064e-05  0:50:31 1534

 Reversed flow on 50 faces (27.5% area) of pressure-outlet 19.

 Reversed flow on 173 faces (33.9% area) of pressure-outlet 18.
  1967  1.8316e-03  2.0748e-05  1.6844e-05  1.7040e-05  0:50:51 1533

 Reversed flow on 50 faces (27.5% area) of pressure-outlet 19.

 Reversed flow on 173 faces (33.9% area) of pressure-outlet 18.
  1968  1.8861e-03  2.1483e-05  1.7170e-05  1.6893e-05  0:51:07 1532

 Reversed flow on 50 faces (27.5% area) of pressure-outlet 19.

 Reversed flow on 173 faces (33.9% area) of pressure-outlet 18.
  1969  1.8373e-03  2.1820e-05  1.7175e-05  1.7270e-05  0:51:18 1531

 Reversed flow on 50 faces (27.5% area) of pressure-outlet 19.

 Reversed flow on 173 faces (33.9% area) of pressure-outlet 18.

  iter  continuity  x-velocity  y-velocity  z-velocity     time/iter
  1970  1.8735e-03  2.1506e-05  1.7175e-05  1.7184e-05  0:51:27 1530

 Reversed flow on 50 faces (27.5% area) of pressure-outlet 19.

 Reversed flow on 173 faces (33.9% area) of pressure-outlet 18.
  1971  1.8551e-03  2.1827e-05  1.7620e-05  1.7422e-05  0:51:35 1529

 Reversed flow on 50 faces (27.5% area) of pressure-outlet 19.

 Reversed flow on 173 faces (33.9% area) of pressure-outlet 18.
  1972  1.8533e-03  2.1190e-05  1.7034e-05  1.7045e-05  0:51:40 1528

 Reversed flow on 50 faces (27.5% area) of pressure-outlet 19.

 Reversed flow on 173 faces (33.9% area) of pressure-outlet 18.
  1973  1.8526e-03  2.1960e-05  1.7177e-05  1.6970e-05  0:51:43 1527

 Reversed flow on 50 faces (27.5% area) of pressure-outlet 19.

 Reversed flow on 173 faces (33.9% area) of pressure-outlet 18.
  1974  1.8023e-03  2.1053e-05  1.7048e-05  1.7254e-05  0:51:45 1526

 Reversed flow on 50 faces (27.5% area) of pressure-outlet 19.

 Reversed flow on 173 faces (33.9% area) of pressure-outlet 18.
  1975  1.8659e-03  2.1784e-05  1.7471e-05  1.7022e-05  0:51:48 1525

 Reversed flow on 50 faces (27.5% area) of pressure-outlet 19.

 Reversed flow on 173 faces (33.9% area) of pressure-outlet 18.
  1976  1.7999e-03  2.1559e-05  1.6993e-05  1.7086e-05  0:51:49 1524

 Reversed flow on 50 faces (27.5% area) of pressure-outlet 19.

 Reversed flow on 173 faces (33.9% area) of pressure-outlet 18.
  1977  1.8298e-03  2.1351e-05  1.6841e-05  1.6923e-05  0:51:49 1523

 Reversed flow on 50 faces (27.5% area) of pressure-outlet 19.

 Reversed flow on 173 faces (33.9% area) of pressure-outlet 18.
  1978  1.8149e-03  2.1923e-05  1.7509e-05  1.7338e-05  0:51:49 1522

 Reversed flow on 50 faces (27.5% area) of pressure-outlet 19.

 Reversed flow on 173 faces (33.9% area) of pressure-outlet 18.
  1979  1.8317e-03  2.1176e-05  1.6965e-05  1.6937e-05  0:51:48 1521

 Reversed flow on 50 faces (27.5% area) of pressure-outlet 19.

 Reversed flow on 173 faces (33.9% area) of pressure-outlet 18.
  1980  1.8140e-03  2.1773e-05  1.6920e-05  1.6773e-05  0:51:46 1520

 Reversed flow on 50 faces (27.5% area) of pressure-outlet 19.

 Reversed flow on 173 faces (33.9% area) of pressure-outlet 18.

  iter  continuity  x-velocity  y-velocity  z-velocity     time/iter
  1981  1.7697e-03  2.0844e-05  1.6703e-05  1.7053e-05  0:51:45 1519

 Reversed flow on 50 faces (27.5% area) of pressure-outlet 19.

 Reversed flow on 173 faces (33.9% area) of pressure-outlet 18.
  1982  1.8352e-03  2.1719e-05  1.7278e-05  1.6930e-05  0:51:45 1518

 Reversed flow on 50 faces (27.5% area) of pressure-outlet 19.

 Reversed flow on 173 faces (33.9% area) of pressure-outlet 18.
  1983  1.7679e-03  2.1302e-05  1.6770e-05  1.6912e-05  0:51:44 1517

 Reversed flow on 50 faces (27.5% area) of pressure-outlet 19.

 Reversed flow on 174 faces (33.9% area) of pressure-outlet 18.
  1984  1.7909e-03  2.1218e-05  1.6640e-05  1.6746e-05  0:51:43 1516

 Reversed flow on 50 faces (27.5% area) of pressure-outlet 19.

 Reversed flow on 174 faces (33.9% area) of pressure-outlet 18.
  1985  1.7661e-03  2.1574e-05  1.7153e-05  1.7094e-05  0:51:43 1515

 Reversed flow on 50 faces (27.5% area) of pressure-outlet 19.

 Reversed flow on 173 faces (33.9% area) of pressure-outlet 18.
  1986  1.7913e-03  2.0933e-05  1.6728e-05  1.6745e-05  0:51:42 1514

 Reversed flow on 50 faces (27.5% area) of pressure-outlet 19.

 Reversed flow on 173 faces (33.9% area) of pressure-outlet 18.
  1987  1.7824e-03  2.1609e-05  1.6772e-05  1.6708e-05  0:51:40 1513

 Reversed flow on 50 faces (27.5% area) of pressure-outlet 19.

 Reversed flow on 174 faces (33.9% area) of pressure-outlet 18.
  1988  1.7418e-03  2.0790e-05  1.6566e-05  1.6969e-05  0:51:37 1512

 Reversed flow on 50 faces (27.5% area) of pressure-outlet 19.

 Reversed flow on 174 faces (33.9% area) of pressure-outlet 18.
  1989  1.8031e-03  2.1499e-05  1.7087e-05  1.6795e-05  0:51:35 1511

 Reversed flow on 50 faces (27.5% area) of pressure-outlet 19.

 Reversed flow on 173 faces (33.9% area) of pressure-outlet 18.
  1990  1.7432e-03  2.0982e-05  1.6614e-05  1.6806e-05  0:51:33 1510

 Reversed flow on 50 faces (27.5% area) of pressure-outlet 19.

 Reversed flow on 174 faces (33.9% area) of pressure-outlet 18.
  1991  1.7952e-03  2.1252e-05  1.6646e-05  1.6756e-05  0:51:35 1509

 Reversed flow on 50 faces (27.5% area) of pressure-outlet 19.

 Reversed flow on 174 faces (33.9% area) of pressure-outlet 18.

  iter  continuity  x-velocity  y-velocity  z-velocity     time/iter
  1992  1.7425e-03  2.1540e-05  1.7038e-05  1.7056e-05  0:51:34 1508

 Reversed flow on 50 faces (27.5% area) of pressure-outlet 19.

 Reversed flow on 173 faces (33.9% area) of pressure-outlet 18.
  1993  1.7653e-03  2.0684e-05  1.6581e-05  1.6655e-05  0:51:31 1507

 Reversed flow on 50 faces (27.5% area) of pressure-outlet 19.

 Reversed flow on 174 faces (33.9% area) of pressure-outlet 18.
  1994  1.7767e-03  2.1413e-05  1.6781e-05  1.6695e-05  0:51:28 1506

 Reversed flow on 50 faces (27.5% area) of pressure-outlet 19.

 Reversed flow on 174 faces (33.9% area) of pressure-outlet 18.
  1995  1.7548e-03  2.0747e-05  1.6524e-05  1.6902e-05  0:51:24 1505

 Reversed flow on 50 faces (27.5% area) of pressure-outlet 19.

 Reversed flow on 174 faces (33.9% area) of pressure-outlet 18.
  1996  1.8016e-03  2.1520e-05  1.7094e-05  1.6869e-05  0:51:21 1504

 Reversed flow on 50 faces (27.5% area) of pressure-outlet 19.

 Reversed flow on 174 faces (33.9% area) of pressure-outlet 18.
  1997  1.7419e-03  2.0854e-05  1.6690e-05  1.6897e-05  0:51:19 1503

 Reversed flow on 50 faces (27.5% area) of pressure-outlet 19.

 Reversed flow on 174 faces (33.9% area) of pressure-outlet 18.
  1998  1.8022e-03  2.1138e-05  1.6680e-05  1.6705e-05  0:51:15 1502

 Reversed flow on 50 faces (27.5% area) of pressure-outlet 19.

 Reversed flow on 174 faces (33.9% area) of pressure-outlet 18.
  1999  1.7391e-03  2.1301e-05  1.6915e-05  1.6945e-05  0:51:14 1501

 Reversed flow on 50 faces (27.5% area) of pressure-outlet 19.

 Reversed flow on 173 faces (33.9% area) of pressure-outlet 18.
  2000  1.7621e-03  2.0816e-05  1.6638e-05  1.6701e-05  0:51:13 1500

 Reversed flow on 50 faces (27.5% area) of pressure-outlet 19.

 Reversed flow on 174 faces (33.9% area) of pressure-outlet 18.
  2001  1.7576e-03  2.1421e-05  1.6826e-05  1.6691e-05  0:51:12 1499

 Reversed flow on 50 faces (27.5% area) of pressure-outlet 19.

 Reversed flow on 174 faces (33.9% area) of pressure-outlet 18.
  2002  1.7441e-03  2.0475e-05  1.6408e-05  1.6656e-05  0:51:10 1498

 Reversed flow on 50 faces (27.5% area) of pressure-outlet 19.

 Reversed flow on 174 faces (33.9% area) of pressure-outlet 18.

  iter  continuity  x-velocity  y-velocity  z-velocity     time/iter
  2003  1.7964e-03  2.1511e-05  1.6910e-05  1.6767e-05  0:51:06 1497

 Reversed flow on 50 faces (27.5% area) of pressure-outlet 19.

 Reversed flow on 174 faces (33.9% area) of pressure-outlet 18.
  2004  1.7381e-03  2.1094e-05  1.6621e-05  1.6880e-05  0:51:04 1496

 Reversed flow on 50 faces (27.5% area) of pressure-outlet 19.

 Reversed flow on 174 faces (33.9% area) of pressure-outlet 18.
  2005  1.7841e-03  2.1141e-05  1.6542e-05  1.6486e-05  0:51:01 1495

 Reversed flow on 50 faces (27.5% area) of pressure-outlet 19.

 Reversed flow on 174 faces (33.9% area) of pressure-outlet 18.
  2006  1.7248e-03  2.0800e-05  1.6654e-05  1.6672e-05  0:50:59 1494

 Reversed flow on 50 faces (27.5% area) of pressure-outlet 19.

 Reversed flow on 173 faces (33.9% area) of pressure-outlet 18.
  2007  1.7717e-03  2.0742e-05  1.6518e-05  1.6545e-05  0:50:57 1493

 Reversed flow on 50 faces (27.5% area) of pressure-outlet 19.

 Reversed flow on 173 faces (33.9% area) of pressure-outlet 18.
  2008  1.7462e-03  2.1575e-05  1.6723e-05  1.6734e-05  0:50:55 1492

 Reversed flow on 50 faces (27.5% area) of pressure-outlet 19.

 Reversed flow on 174 faces (33.9% area) of pressure-outlet 18.
  2009  1.7601e-03  2.0570e-05  1.6463e-05  1.6733e-05  0:52:36 1491

 Reversed flow on 50 faces (27.5% area) of pressure-outlet 19.

 Reversed flow on 174 faces (33.9% area) of pressure-outlet 18.
  2010  1.8096e-03  2.1335e-05  1.6980e-05  1.6760e-05  0:52:14 1490

 Reversed flow on 50 faces (27.5% area) of pressure-outlet 19.

 Reversed flow on 173 faces (33.9% area) of pressure-outlet 18.
  2011  1.7449e-03  2.0957e-05  1.6573e-05  1.6826e-05  0:51:55 1489

 Reversed flow on 50 faces (27.5% area) of pressure-outlet 19.

 Reversed flow on 173 faces (33.9% area) of pressure-outlet 18.
  2012  1.8198e-03  2.1505e-05  1.6704e-05  1.6825e-05  0:51:41 1488

 Reversed flow on 50 faces (27.5% area) of pressure-outlet 19.

 Reversed flow on 173 faces (33.9% area) of pressure-outlet 18.
  2013  1.7674e-03  2.1219e-05  1.6939e-05  1.7048e-05  0:51:28 1487

 Reversed flow on 50 faces (27.5% area) of pressure-outlet 19.

 Reversed flow on 173 faces (33.9% area) of pressure-outlet 18.

  iter  continuity  x-velocity  y-velocity  z-velocity     time/iter
  2014  1.7971e-03  2.0776e-05  1.6707e-05  1.6591e-05  0:51:18 1486

 Reversed flow on 50 faces (27.5% area) of pressure-outlet 19.

 Reversed flow on 173 faces (33.9% area) of pressure-outlet 18.
  2015  1.8018e-03  2.1742e-05  1.6816e-05  1.6982e-05  0:51:09 1485

 Reversed flow on 50 faces (27.5% area) of pressure-outlet 19.

 Reversed flow on 174 faces (33.9% area) of pressure-outlet 18.
  2016  1.8573e-03  2.1482e-05  1.6764e-05  1.7210e-05  0:51:02 1484

 Reversed flow on 50 faces (27.5% area) of pressure-outlet 19.

 Reversed flow on 173 faces (33.9% area) of pressure-outlet 18.
  2017  1.8644e-03  2.2128e-05  1.7244e-05  1.7162e-05  0:50:55 1483

 Reversed flow on 50 faces (27.5% area) of pressure-outlet 19.

 Reversed flow on 173 faces (33.9% area) of pressure-outlet 18.
  2018  1.8270e-03  2.1013e-05  1.6792e-05  1.7079e-05  0:50:49 1482

 Reversed flow on 50 faces (27.5% area) of pressure-outlet 19.

 Reversed flow on 174 faces (33.9% area) of pressure-outlet 18.
  2019  1.9543e-03  2.2280e-05  1.7267e-05  1.7360e-05  0:50:43 1481

 Reversed flow on 50 faces (27.5% area) of pressure-outlet 19.

 Reversed flow on 174 faces (33.9% area) of pressure-outlet 18.
  2020  1.9130e-03  2.2338e-05  1.7613e-05  1.7760e-05  0:50:38 1480

 Reversed flow on 50 faces (27.5% area) of pressure-outlet 19.

 Reversed flow on 173 faces (33.9% area) of pressure-outlet 18.
  2021  1.9231e-03  2.1830e-05  1.7515e-05  1.7342e-05  0:50:35 1479

 Reversed flow on 50 faces (27.5% area) of pressure-outlet 19.

 Reversed flow on 173 faces (33.9% area) of pressure-outlet 18.
  2022  1.9266e-03  2.2169e-05  1.7728e-05  1.7642e-05  0:50:32 1478

 Reversed flow on 50 faces (27.5% area) of pressure-outlet 19.

 Reversed flow on 174 faces (33.9% area) of pressure-outlet 18.
  2023  1.9959e-03  2.2223e-05  1.7919e-05  1.7843e-05  0:50:27 1477

 Reversed flow on 50 faces (27.5% area) of pressure-outlet 19.

 Reversed flow on 174 faces (33.9% area) of pressure-outlet 18.
  2024  2.0127e-03  2.3379e-05  1.8526e-05  1.8215e-05  0:48:15 1476

 Reversed flow on 50 faces (27.5% area) of pressure-outlet 19.

 Reversed flow on 174 faces (33.9% area) of pressure-outlet 18.

  iter  continuity  x-velocity  y-velocity  z-velocity     time/iter
  2025  1.9525e-03  2.1771e-05  1.7549e-05  1.7696e-05  0:48:39 1475

 Reversed flow on 50 faces (27.5% area) of pressure-outlet 19.

 Reversed flow on 174 faces (33.9% area) of pressure-outlet 18.
  2026  2.0117e-03  2.2470e-05  1.7886e-05  1.7561e-05  0:46:47 1474

 Reversed flow on 50 faces (27.5% area) of pressure-outlet 19.

 Reversed flow on 174 faces (33.9% area) of pressure-outlet 18.
  2027  1.8882e-03  2.1196e-05  1.6948e-05  1.6846e-05  0:47:27 1473

 Reversed flow on 50 faces (27.5% area) of pressure-outlet 19.

 Reversed flow on 174 faces (33.9% area) of pressure-outlet 18.
  2028  1.9355e-03  2.1869e-05  1.7399e-05  1.7200e-05  0:47:59 1472

 Reversed flow on 50 faces (27.5% area) of pressure-outlet 19.

 Reversed flow on 174 faces (33.9% area) of pressure-outlet 18.
  2029  1.9217e-03  2.2291e-05  1.7596e-05  1.7521e-05  0:48:23 1471

 Reversed flow on 50 faces (27.5% area) of pressure-outlet 19.

 Reversed flow on 174 faces (33.9% area) of pressure-outlet 18.
  2030  1.9657e-03  2.1728e-05  1.7494e-05  1.7190e-05  0:48:43 1470

 Reversed flow on 50 faces (27.5% area) of pressure-outlet 19.

 Reversed flow on 174 faces (33.9% area) of pressure-outlet 18.
  2031  1.9410e-03  2.2228e-05  1.7694e-05  1.7396e-05  0:46:50 1469

 Reversed flow on 50 faces (27.5% area) of pressure-outlet 19.

 Reversed flow on 173 faces (33.9% area) of pressure-outlet 18.
  2032  1.8781e-03  2.1126e-05  1.6723e-05  1.6894e-05  0:47:28 1468

 Reversed flow on 50 faces (27.5% area) of pressure-outlet 19.

 Reversed flow on 173 faces (33.9% area) of pressure-outlet 18.
  2033  1.9301e-03  2.2059e-05  1.7320e-05  1.7062e-05  0:45:48 1467

 Reversed flow on 50 faces (27.5% area) of pressure-outlet 19.

 Reversed flow on 173 faces (33.9% area) of pressure-outlet 18.
  2034  1.8112e-03  2.0198e-05  1.6266e-05  1.6366e-05  0:46:37 1466

 Reversed flow on 50 faces (27.5% area) of pressure-outlet 19.

 Reversed flow on 173 faces (33.9% area) of pressure-outlet 18.
  2035  1.8582e-03  2.0904e-05  1.6723e-05  1.6426e-05  0:47:17 1465

 Reversed flow on 50 faces (27.5% area) of pressure-outlet 19.

 Reversed flow on 173 faces (33.9% area) of pressure-outlet 18.

  iter  continuity  x-velocity  y-velocity  z-velocity     time/iter
  2036  1.8067e-03  2.1278e-05  1.6735e-05  1.6790e-05  0:47:48 1464

 Reversed flow on 50 faces (27.5% area) of pressure-outlet 19.

 Reversed flow on 173 faces (33.9% area) of pressure-outlet 18.
  2037  1.8507e-03  2.0935e-05  1.6808e-05  1.6763e-05  0:48:12 1463

 Reversed flow on 50 faces (27.5% area) of pressure-outlet 19.

 Reversed flow on 173 faces (33.9% area) of pressure-outlet 18.
  2038  1.8537e-03  2.1477e-05  1.7368e-05  1.7175e-05  0:46:23 1462

 Reversed flow on 50 faces (27.5% area) of pressure-outlet 19.

 Reversed flow on 173 faces (33.9% area) of pressure-outlet 18.
  2039  1.8025e-03  2.0244e-05  1.6252e-05  1.6309e-05  0:47:03 1461

 Reversed flow on 50 faces (27.5% area) of pressure-outlet 19.

 Reversed flow on 173 faces (33.9% area) of pressure-outlet 18.
  2040  1.8077e-03  2.1219e-05  1.6622e-05  1.6460e-05  0:47:33 1460

 Reversed flow on 50 faces (27.5% area) of pressure-outlet 19.

 Reversed flow on 173 faces (33.9% area) of pressure-outlet 18.
  2041  1.7585e-03  2.0348e-05  1.6509e-05  1.6738e-05  0:47:59 1459

 Reversed flow on 50 faces (27.5% area) of pressure-outlet 19.

 Reversed flow on 173 faces (33.9% area) of pressure-outlet 18.
  2042  1.8521e-03  2.1370e-05  1.7100e-05  1.6688e-05  0:48:20 1458

 Reversed flow on 50 faces (27.5% area) of pressure-outlet 19.

 Reversed flow on 173 faces (33.9% area) of pressure-outlet 18.
  2043  1.7946e-03  2.1331e-05  1.6813e-05  1.6883e-05  0:48:35 1457

 Reversed flow on 50 faces (27.5% area) of pressure-outlet 19.

 Reversed flow on 173 faces (33.9% area) of pressure-outlet 18.
  2044  1.8077e-03  2.1031e-05  1.6663e-05  1.6702e-05  0:48:47 1456

 Reversed flow on 50 faces (27.5% area) of pressure-outlet 19.

 Reversed flow on 173 faces (33.9% area) of pressure-outlet 18.
  2045  1.7983e-03  2.1562e-05  1.7267e-05  1.7096e-05  0:48:57 1455

 Reversed flow on 50 faces (27.5% area) of pressure-outlet 19.

 Reversed flow on 173 faces (33.9% area) of pressure-outlet 18.
  2046  1.8209e-03  2.0974e-05  1.6805e-05  1.6784e-05  0:49:06 1454

 Reversed flow on 50 faces (27.5% area) of pressure-outlet 19.

 Reversed flow on 173 faces (33.9% area) of pressure-outlet 18.

  iter  continuity  x-velocity  y-velocity  z-velocity     time/iter
  2047  1.8166e-03  2.1589e-05  1.6813e-05  1.6641e-05  0:49:10 1453

 Reversed flow on 50 faces (27.5% area) of pressure-outlet 19.

 Reversed flow on 173 faces (33.9% area) of pressure-outlet 18.
  2048  1.7718e-03  2.0683e-05  1.6652e-05  1.6946e-05  0:49:15 1452

 Reversed flow on 50 faces (27.5% area) of pressure-outlet 19.

 Reversed flow on 173 faces (33.9% area) of pressure-outlet 18.
  2049  1.8358e-03  2.1594e-05  1.7221e-05  1.6834e-05  0:49:16 1451

 Reversed flow on 50 faces (27.5% area) of pressure-outlet 19.

 Reversed flow on 173 faces (33.9% area) of pressure-outlet 18.
  2050  1.7786e-03  2.1336e-05  1.6775e-05  1.6906e-05  0:49:18 1450

 Reversed flow on 50 faces (27.5% area) of pressure-outlet 19.

 Reversed flow on 174 faces (33.9% area) of pressure-outlet 18.
  2051  1.8090e-03  2.1234e-05  1.6655e-05  1.6757e-05  0:49:17 1449

 Reversed flow on 50 faces (27.5% area) of pressure-outlet 19.

 Reversed flow on 174 faces (33.9% area) of pressure-outlet 18.
  2052  1.7896e-03  2.1684e-05  1.7247e-05  1.7144e-05  0:49:17 1448

 Reversed flow on 50 faces (27.5% area) of pressure-outlet 19.

 Reversed flow on 173 faces (33.9% area) of pressure-outlet 18.
  2053  1.8064e-03  2.0960e-05  1.6764e-05  1.6749e-05  0:49:19 1447

 Reversed flow on 50 faces (27.5% area) of pressure-outlet 19.

 Reversed flow on 173 faces (33.9% area) of pressure-outlet 18.
  2054  1.8060e-03  2.1737e-05  1.6836e-05  1.6761e-05  0:49:18 1446

 Reversed flow on 50 faces (27.5% area) of pressure-outlet 19.

 Reversed flow on 174 faces (33.9% area) of pressure-outlet 18.
  2055  1.7692e-03  2.0977e-05  1.6712e-05  1.7091e-05  0:49:17 1445

 Reversed flow on 50 faces (27.5% area) of pressure-outlet 19.

 Reversed flow on 174 faces (33.9% area) of pressure-outlet 18.
  2056  1.8223e-03  2.1621e-05  1.7193e-05  1.6888e-05  0:49:15 1444

 Reversed flow on 50 faces (27.5% area) of pressure-outlet 19.

 Reversed flow on 173 faces (33.9% area) of pressure-outlet 18.
  2057  1.7708e-03  2.1205e-05  1.6773e-05  1.6927e-05  0:49:13 1443

 Reversed flow on 50 faces (27.5% area) of pressure-outlet 19.

 Reversed flow on 174 faces (33.9% area) of pressure-outlet 18.

  iter  continuity  x-velocity  y-velocity  z-velocity     time/iter
  2058  1.8249e-03  2.1410e-05  1.6773e-05  1.6904e-05  0:49:11 1442

 Reversed flow on 50 faces (27.5% area) of pressure-outlet 19.

 Reversed flow on 174 faces (33.9% area) of pressure-outlet 18.
  2059  1.7744e-03  2.1794e-05  1.7223e-05  1.7216e-05  0:49:11 1441

 Reversed flow on 50 faces (27.5% area) of pressure-outlet 19.

 Reversed flow on 173 faces (33.9% area) of pressure-outlet 18.
  2060  1.7972e-03  2.0867e-05  1.6751e-05  1.6814e-05  0:49:09 1440

 Reversed flow on 50 faces (27.5% area) of pressure-outlet 19.

 Reversed flow on 174 faces (33.9% area) of pressure-outlet 18.
  2061  1.8083e-03  2.1553e-05  1.6899e-05  1.6784e-05  0:49:07 1439

 Reversed flow on 50 faces (27.5% area) of pressure-outlet 19.

 Reversed flow on 174 faces (33.9% area) of pressure-outlet 18.
  2062  1.7805e-03  2.0934e-05  1.6683e-05  1.7050e-05  0:49:04 1438

 Reversed flow on 50 faces (27.5% area) of pressure-outlet 19.

 Reversed flow on 174 faces (33.9% area) of pressure-outlet 18.
  2063  1.8229e-03  2.1639e-05  1.7232e-05  1.6977e-05  0:49:02 1437

 Reversed flow on 50 faces (27.5% area) of pressure-outlet 19.

 Reversed flow on 174 faces (33.9% area) of pressure-outlet 18.
  2064  1.7681e-03  2.1013e-05  1.6844e-05  1.7032e-05  0:49:00 1436

 Reversed flow on 50 faces (27.5% area) of pressure-outlet 19.

 Reversed flow on 174 faces (33.9% area) of pressure-outlet 18.
  2065  1.8206e-03  2.1223e-05  1.6791e-05  1.6794e-05  0:48:58 1435

 Reversed flow on 50 faces (27.5% area) of pressure-outlet 19.

 Reversed flow on 174 faces (33.9% area) of pressure-outlet 18.
  2066  1.7649e-03  2.1511e-05  1.7077e-05  1.7084e-05  0:48:57 1434

 Reversed flow on 50 faces (27.5% area) of pressure-outlet 19.

 Reversed flow on 173 faces (33.9% area) of pressure-outlet 18.
  2067  1.7894e-03  2.0979e-05  1.6759e-05  1.6843e-05  0:48:55 1433

 Reversed flow on 50 faces (27.5% area) of pressure-outlet 19.

 Reversed flow on 174 faces (33.9% area) of pressure-outlet 18.
  2068  1.7753e-03  2.1525e-05  1.6889e-05  1.6737e-05  0:48:52 1432

 Reversed flow on 50 faces (27.5% area) of pressure-outlet 19.

 Reversed flow on 174 faces (33.9% area) of pressure-outlet 18.

  iter  continuity  x-velocity  y-velocity  z-velocity     time/iter
  2069  1.7513e-03  2.0482e-05  1.6438e-05  1.6703e-05  0:48:51 1431

 Reversed flow on 50 faces (27.5% area) of pressure-outlet 19.

 Reversed flow on 174 faces (33.9% area) of pressure-outlet 18.
  2070  1.8077e-03  2.1500e-05  1.6935e-05  1.6778e-05  0:48:51 1430

 Reversed flow on 50 faces (27.5% area) of pressure-outlet 19.

 Reversed flow on 174 faces (33.9% area) of pressure-outlet 18.
  2071  1.7505e-03  2.1180e-05  1.6672e-05  1.6915e-05  0:48:49 1429

 Reversed flow on 50 faces (27.5% area) of pressure-outlet 19.

 Reversed flow on 174 faces (33.9% area) of pressure-outlet 18.
  2072  1.7939e-03  2.1185e-05  1.6591e-05  1.6535e-05  0:48:47 1428

 Reversed flow on 50 faces (27.5% area) of pressure-outlet 19.

 Reversed flow on 174 faces (33.9% area) of pressure-outlet 18.
  2073  1.7399e-03  2.0893e-05  1.6745e-05  1.6716e-05  0:48:45 1427

 Reversed flow on 50 faces (27.5% area) of pressure-outlet 19.

 Reversed flow on 173 faces (33.9% area) of pressure-outlet 18.
  2074  1.7851e-03  2.0787e-05  1.6557e-05  1.6599e-05  0:48:43 1426

 Reversed flow on 50 faces (27.5% area) of pressure-outlet 19.

 Reversed flow on 173 faces (33.9% area) of pressure-outlet 18.
  2075  1.7676e-03  2.1724e-05  1.6835e-05  1.6807e-05  0:48:41 1425

 Reversed flow on 50 faces (27.5% area) of pressure-outlet 19.

 Reversed flow on 174 faces (33.9% area) of pressure-outlet 18.
  2076  1.7777e-03  2.0694e-05  1.6578e-05  1.6860e-05  0:48:38 1424

 Reversed flow on 50 faces (27.5% area) of pressure-outlet 19.

 Reversed flow on 173 faces (33.9% area) of pressure-outlet 18.
  2077  1.8304e-03  2.1458e-05  1.7115e-05  1.6874e-05  0:48:36 1423

 Reversed flow on 50 faces (27.5% area) of pressure-outlet 19.

 Reversed flow on 173 faces (33.9% area) of pressure-outlet 18.
  2078  1.7675e-03  2.1104e-05  1.6703e-05  1.6955e-05  0:48:35 1422

 Reversed flow on 50 faces (27.5% area) of pressure-outlet 19.

 Reversed flow on 174 faces (33.9% area) of pressure-outlet 18.
  2079  1.8478e-03  2.1728e-05  1.6844e-05  1.6996e-05  0:48:33 1421

 Reversed flow on 50 faces (27.5% area) of pressure-outlet 19.

 Reversed flow on 174 faces (33.9% area) of pressure-outlet 18.

  iter  continuity  x-velocity  y-velocity  z-velocity     time/iter
  2080  1.7925e-03  2.1498e-05  1.7107e-05  1.7207e-05  0:48:29 1420

 Reversed flow on 50 faces (27.5% area) of pressure-outlet 19.

 Reversed flow on 173 faces (33.9% area) of pressure-outlet 18.
  2081  1.8208e-03  2.0940e-05  1.6821e-05  1.6740e-05  0:48:27 1419

 Reversed flow on 50 faces (27.5% area) of pressure-outlet 19.

 Reversed flow on 173 faces (33.9% area) of pressure-outlet 18.
  2082  1.8351e-03  2.1993e-05  1.6998e-05  1.7160e-05  0:48:25 1418

 Reversed flow on 50 faces (27.5% area) of pressure-outlet 19.

 Reversed flow on 174 faces (33.9% area) of pressure-outlet 18.
  2083  1.8933e-03  2.1754e-05  1.6969e-05  1.7428e-05  0:48:23 1417

 Reversed flow on 50 faces (27.5% area) of pressure-outlet 19.

 Reversed flow on 173 faces (33.9% area) of pressure-outlet 18.
  2084  1.9005e-03  2.2382e-05  1.7451e-05  1.7347e-05  0:46:15 1416

 Reversed flow on 50 faces (27.5% area) of pressure-outlet 19.

 Reversed flow on 173 faces (33.9% area) of pressure-outlet 18.
  2085  1.8250e-03  2.0696e-05  1.6480e-05  1.6715e-05  0:46:38 1415

 Reversed flow on 50 faces (27.5% area) of pressure-outlet 19.

 Reversed flow on 174 faces (33.9% area) of pressure-outlet 18.
  2086  1.9574e-03  2.1968e-05  1.7127e-05  1.7135e-05  0:46:55 1414

 Reversed flow on 50 faces (27.5% area) of pressure-outlet 19.

 Reversed flow on 174 faces (33.9% area) of pressure-outlet 18.
  2087  1.9094e-03  2.2070e-05  1.7490e-05  1.7529e-05  0:47:09 1413

 Reversed flow on 50 faces (27.5% area) of pressure-outlet 19.

 Reversed flow on 173 faces (33.9% area) of pressure-outlet 18.
  2088  1.9392e-03  2.1737e-05  1.7515e-05  1.7304e-05  0:47:21 1412

 Reversed flow on 50 faces (27.5% area) of pressure-outlet 19.

 Reversed flow on 173 faces (33.9% area) of pressure-outlet 18.
  2089  1.9520e-03  2.2286e-05  1.7877e-05  1.7762e-05  0:45:25 1411

 Reversed flow on 50 faces (27.5% area) of pressure-outlet 19.

 Reversed flow on 174 faces (33.9% area) of pressure-outlet 18.
  2090  1.9552e-03  2.1487e-05  1.7363e-05  1.7227e-05  0:45:59 1410

 Reversed flow on 50 faces (27.5% area) of pressure-outlet 19.

 Reversed flow on 174 faces (33.9% area) of pressure-outlet 18.

  iter  continuity  x-velocity  y-velocity  z-velocity     time/iter
  2091  1.9687e-03  2.2790e-05  1.8052e-05  1.7751e-05  0:44:19 1409

 Reversed flow on 50 faces (27.5% area) of pressure-outlet 19.

 Reversed flow on 174 faces (33.9% area) of pressure-outlet 18.
  2092  1.9056e-03  2.1302e-05  1.7169e-05  1.7356e-05  0:45:02 1408

 Reversed flow on 50 faces (27.5% area) of pressure-outlet 19.

 Reversed flow on 174 faces (33.9% area) of pressure-outlet 18.
  2093  1.9963e-03  2.2199e-05  1.7654e-05  1.7310e-05  0:43:32 1407

 Reversed flow on 50 faces (27.5% area) of pressure-outlet 19.

 Reversed flow on 174 faces (33.9% area) of pressure-outlet 18.
  2094  1.8844e-03  2.1074e-05  1.6818e-05  1.6713e-05  0:45:04 1406

 Reversed flow on 50 faces (27.5% area) of pressure-outlet 19.

 Reversed flow on 174 faces (33.9% area) of pressure-outlet 18.
  2095  1.9170e-03  2.1626e-05  1.7188e-05  1.7011e-05  0:45:37 1405

 Reversed flow on 50 faces (27.5% area) of pressure-outlet 19.

 Reversed flow on 174 faces (33.9% area) of pressure-outlet 18.
  2096  1.9076e-03  2.2207e-05  1.7462e-05  1.7383e-05  0:43:59 1404

 Reversed flow on 50 faces (27.5% area) of pressure-outlet 19.

 Reversed flow on 174 faces (33.9% area) of pressure-outlet 18.
  2097  1.8948e-03  2.0808e-05  1.6745e-05  1.6454e-05  0:44:44 1403

 Reversed flow on 50 faces (27.5% area) of pressure-outlet 19.

 Reversed flow on 174 faces (33.9% area) of pressure-outlet 18.
  2098  1.9021e-03  2.1760e-05  1.7244e-05  1.6990e-05  0:43:17 1402

 Reversed flow on 50 faces (27.5% area) of pressure-outlet 19.

 Reversed flow on 173 faces (33.9% area) of pressure-outlet 18.
  2099  1.8469e-03  2.0667e-05  1.6338e-05  1.6505e-05  0:44:09 1401

 Reversed flow on 50 faces (27.5% area) of pressure-outlet 19.

 Reversed flow on 173 faces (33.9% area) of pressure-outlet 18.
  2100  1.9055e-03  2.1740e-05  1.7036e-05  1.6814e-05  0:44:53 1400

 Reversed flow on 50 faces (27.5% area) of pressure-outlet 19.

 Reversed flow on 173 faces (33.9% area) of pressure-outlet 18.
  2101  1.8460e-03  2.0675e-05  1.6780e-05  1.6900e-05  0:45:26 1399

 Reversed flow on 50 faces (27.5% area) of pressure-outlet 19.

 Reversed flow on 173 faces (33.9% area) of pressure-outlet 18.

  iter  continuity  x-velocity  y-velocity  z-velocity     time/iter
  2102  1.8914e-03  2.1286e-05  1.7035e-05  1.6750e-05  0:45:55 1398

 Reversed flow on 50 faces (27.5% area) of pressure-outlet 19.

 Reversed flow on 173 faces (33.9% area) of pressure-outlet 18.
  2103  1.8387e-03  2.1718e-05  1.7088e-05  1.7139e-05  0:46:15 1397

 Reversed flow on 50 faces (27.5% area) of pressure-outlet 19.

 Reversed flow on 173 faces (33.9% area) of pressure-outlet 18.
  2104  1.8786e-03  2.1315e-05  1.7109e-05  1.7103e-05  0:46:31 1396

 Reversed flow on 50 faces (27.5% area) of pressure-outlet 19.

 Reversed flow on 173 faces (33.9% area) of pressure-outlet 18.
  2105  1.8704e-03  2.1700e-05  1.7564e-05  1.7329e-05  0:44:39 1395

 Reversed flow on 50 faces (27.5% area) of pressure-outlet 19.

 Reversed flow on 173 faces (33.9% area) of pressure-outlet 18.
  2106  1.8161e-03  2.0403e-05  1.6395e-05  1.6429e-05  0:45:12 1394

 Reversed flow on 50 faces (27.5% area) of pressure-outlet 19.

 Reversed flow on 173 faces (33.9% area) of pressure-outlet 18.
  2107  1.8313e-03  2.1417e-05  1.6769e-05  1.6602e-05  0:45:39 1393

 Reversed flow on 50 faces (27.5% area) of pressure-outlet 19.

 Reversed flow on 173 faces (33.9% area) of pressure-outlet 18.
  2108  1.7717e-03  2.0578e-05  1.6686e-05  1.6878e-05  0:45:59 1392

 Reversed flow on 50 faces (27.5% area) of pressure-outlet 19.

 Reversed flow on 173 faces (33.9% area) of pressure-outlet 18.
  2109  1.8627e-03  2.1474e-05  1.7192e-05  1.6746e-05  0:46:17 1391

 Reversed flow on 50 faces (27.5% area) of pressure-outlet 19.

 Reversed flow on 173 faces (33.9% area) of pressure-outlet 18.
  2110  1.8084e-03  2.1417e-05  1.6888e-05  1.6951e-05  0:46:31 1390

 Reversed flow on 50 faces (27.5% area) of pressure-outlet 19.

 Reversed flow on 173 faces (33.9% area) of pressure-outlet 18.
  2111  1.8208e-03  2.1108e-05  1.6728e-05  1.6769e-05  0:46:40 1389

 Reversed flow on 50 faces (27.5% area) of pressure-outlet 19.

 Reversed flow on 173 faces (33.9% area) of pressure-outlet 18.
  2112  1.8084e-03  2.1664e-05  1.7325e-05  1.7134e-05  0:46:48 1388

 Reversed flow on 50 faces (27.5% area) of pressure-outlet 19.

 Reversed flow on 173 faces (33.9% area) of pressure-outlet 18.

  iter  continuity  x-velocity  y-velocity  z-velocity     time/iter
  2113  1.8248e-03  2.0988e-05  1.6821e-05  1.6787e-05  0:46:53 1387

 Reversed flow on 50 faces (27.5% area) of pressure-outlet 19.

 Reversed flow on 173 faces (33.9% area) of pressure-outlet 18.
  2114  1.8224e-03  2.1614e-05  1.6823e-05  1.6657e-05  0:46:58 1386

 Reversed flow on 50 faces (27.5% area) of pressure-outlet 19.

 Reversed flow on 173 faces (33.9% area) of pressure-outlet 18.
  2115  1.7721e-03  2.0737e-05  1.6659e-05  1.6959e-05  0:47:00 1385

 Reversed flow on 50 faces (27.5% area) of pressure-outlet 19.

 Reversed flow on 173 faces (33.9% area) of pressure-outlet 18.
  2116  1.8348e-03  2.1570e-05  1.7194e-05  1.6812e-05  0:47:00 1384

 Reversed flow on 50 faces (27.5% area) of pressure-outlet 19.

 Reversed flow on 173 faces (33.9% area) of pressure-outlet 18.
  2117  1.7729e-03  2.1268e-05  1.6724e-05  1.6860e-05  0:47:01 1383

 Reversed flow on 50 faces (27.5% area) of pressure-outlet 19.

 Reversed flow on 174 faces (33.9% area) of pressure-outlet 18.
  2118  1.8000e-03  2.1171e-05  1.6613e-05  1.6727e-05  0:47:02 1382

 Reversed flow on 50 faces (27.5% area) of pressure-outlet 19.

 Reversed flow on 174 faces (33.9% area) of pressure-outlet 18.
  2119  1.7816e-03  2.1668e-05  1.7200e-05  1.7118e-05  0:47:03 1381

 Reversed flow on 50 faces (27.5% area) of pressure-outlet 19.

 Reversed flow on 173 faces (33.9% area) of pressure-outlet 18.
  2120  1.7940e-03  2.0889e-05  1.6699e-05  1.6707e-05  0:47:02 1380

 Reversed flow on 50 faces (27.5% area) of pressure-outlet 19.

 Reversed flow on 173 faces (33.9% area) of pressure-outlet 18.
  2121  1.7971e-03  2.1629e-05  1.6776e-05  1.6685e-05  0:47:01 1379

 Reversed flow on 50 faces (27.5% area) of pressure-outlet 19.

 Reversed flow on 174 faces (33.9% area) of pressure-outlet 18.
  2122  1.7539e-03  2.0835e-05  1.6620e-05  1.7000e-05  0:46:59 1378

 Reversed flow on 50 faces (27.5% area) of pressure-outlet 19.

 Reversed flow on 174 faces (33.9% area) of pressure-outlet 18.
  2123  1.8089e-03  2.1529e-05  1.7123e-05  1.6824e-05  0:46:58 1377

 Reversed flow on 50 faces (27.5% area) of pressure-outlet 19.

 Reversed flow on 174 faces (33.9% area) of pressure-outlet 18.

  iter  continuity  x-velocity  y-velocity  z-velocity     time/iter
  2124  1.7508e-03  2.1046e-05  1.6656e-05  1.6829e-05  0:46:56 1376

 Reversed flow on 50 faces (27.5% area) of pressure-outlet 19.

 Reversed flow on 174 faces (33.9% area) of pressure-outlet 18.
  2125  1.7969e-03  2.1153e-05  1.6641e-05  1.6751e-05  0:46:54 1375

 Reversed flow on 50 faces (27.5% area) of pressure-outlet 19.

 Reversed flow on 174 faces (33.9% area) of pressure-outlet 18.
  2126  1.7518e-03  2.1578e-05  1.7082e-05  1.7068e-05  0:46:53 1374

 Reversed flow on 50 faces (27.5% area) of pressure-outlet 19.

 Reversed flow on 173 faces (33.9% area) of pressure-outlet 18.
  2127  1.7697e-03  2.0685e-05  1.6598e-05  1.6674e-05  0:46:50 1373

 Reversed flow on 50 faces (27.5% area) of pressure-outlet 19.

 Reversed flow on 174 faces (33.9% area) of pressure-outlet 18.
  2128  1.7741e-03  2.1359e-05  1.6733e-05  1.6600e-05  0:46:49 1372

 Reversed flow on 50 faces (27.5% area) of pressure-outlet 19.

 Reversed flow on 174 faces (33.9% area) of pressure-outlet 18.
  2129  1.7336e-03  2.0607e-05  1.6450e-05  1.6824e-05  0:46:46 1371

 Reversed flow on 50 faces (27.5% area) of pressure-outlet 19.

 Reversed flow on 174 faces (33.9% area) of pressure-outlet 18.
  2130  1.7871e-03  2.1341e-05  1.6996e-05  1.6757e-05  0:46:45 1370

 Reversed flow on 50 faces (27.5% area) of pressure-outlet 19.

 Reversed flow on 174 faces (33.9% area) of pressure-outlet 18.
  2131  1.7239e-03  2.0777e-05  1.6562e-05  1.6763e-05  0:46:45 1369

 Reversed flow on 50 faces (27.5% area) of pressure-outlet 19.

 Reversed flow on 174 faces (33.9% area) of pressure-outlet 18.
  2132  1.7656e-03  2.0859e-05  1.6481e-05  1.6506e-05  0:46:43 1368

 Reversed flow on 50 faces (27.5% area) of pressure-outlet 19.

 Reversed flow on 174 faces (33.9% area) of pressure-outlet 18.
  2133  1.7196e-03  2.1116e-05  1.6775e-05  1.6790e-05  0:46:41 1367

 Reversed flow on 50 faces (27.5% area) of pressure-outlet 19.

 Reversed flow on 173 faces (33.9% area) of pressure-outlet 18.
  2134  1.7397e-03  2.0547e-05  1.6401e-05  1.6492e-05  0:46:39 1366

 Reversed flow on 50 faces (27.5% area) of pressure-outlet 19.

 Reversed flow on 174 faces (33.9% area) of pressure-outlet 18.

  iter  continuity  x-velocity  y-velocity  z-velocity     time/iter
  2135  1.7279e-03  2.1191e-05  1.6564e-05  1.6435e-05  0:46:37 1365

 Reversed flow on 50 faces (27.5% area) of pressure-outlet 19.

 Reversed flow on 174 faces (33.9% area) of pressure-outlet 18.
  2136  1.7028e-03  2.0150e-05  1.6144e-05  1.6452e-05  0:46:36 1364

 Reversed flow on 50 faces (27.5% area) of pressure-outlet 19.

 Reversed flow on 174 faces (33.9% area) of pressure-outlet 18.
  2137  1.7656e-03  2.1112e-05  1.6706e-05  1.6535e-05  0:46:34 1363

 Reversed flow on 50 faces (27.5% area) of pressure-outlet 19.

 Reversed flow on 174 faces (33.9% area) of pressure-outlet 18.
  2138  1.7004e-03  2.0801e-05  1.6379e-05  1.6625e-05  0:46:32 1362

 Reversed flow on 50 faces (27.5% area) of pressure-outlet 19.

 Reversed flow on 174 faces (33.9% area) of pressure-outlet 18.
  2139  1.7443e-03  2.0884e-05  1.6322e-05  1.6337e-05  0:46:29 1361

 Reversed flow on 50 faces (27.5% area) of pressure-outlet 19.

 Reversed flow on 174 faces (33.9% area) of pressure-outlet 18.
  2140  1.7000e-03  2.0719e-05  1.6568e-05  1.6563e-05  0:46:27 1360

 Reversed flow on 50 faces (27.5% area) of pressure-outlet 19.

 Reversed flow on 173 faces (33.9% area) of pressure-outlet 18.
  2141  1.7419e-03  2.0455e-05  1.6311e-05  1.6359e-05  0:46:26 1359

 Reversed flow on 50 faces (27.5% area) of pressure-outlet 19.

 Reversed flow on 173 faces (33.9% area) of pressure-outlet 18.
  2142  1.7230e-03  2.1377e-05  1.6552e-05  1.6570e-05  0:46:24 1358

 Reversed flow on 50 faces (27.5% area) of pressure-outlet 19.

 Reversed flow on 174 faces (33.9% area) of pressure-outlet 18.
  2143  1.7356e-03  2.0477e-05  1.6311e-05  1.6654e-05  0:46:20 1357

 Reversed flow on 50 faces (27.5% area) of pressure-outlet 19.

 Reversed flow on 173 faces (33.9% area) of pressure-outlet 18.
  2144  1.7866e-03  2.1171e-05  1.6859e-05  1.6637e-05  0:46:17 1356

 Reversed flow on 50 faces (27.5% area) of pressure-outlet 19.

 Reversed flow on 173 faces (33.9% area) of pressure-outlet 18.
  2145  1.7237e-03  2.0777e-05  1.6439e-05  1.6719e-05  0:46:15 1355

 Reversed flow on 50 faces (27.5% area) of pressure-outlet 19.

 Reversed flow on 174 faces (33.9% area) of pressure-outlet 18.

  iter  continuity  x-velocity  y-velocity  z-velocity     time/iter
  2146  1.8196e-03  2.1525e-05  1.6595e-05  1.6826e-05  0:46:12 1354

 Reversed flow on 50 faces (27.5% area) of pressure-outlet 19.

 Reversed flow on 174 faces (33.9% area) of pressure-outlet 18.
  2147  1.7585e-03  2.1342e-05  1.6867e-05  1.6995e-05  0:46:10 1353

 Reversed flow on 50 faces (27.5% area) of pressure-outlet 19.

 Reversed flow on 173 faces (33.9% area) of pressure-outlet 18.
  2148  1.7796e-03  2.0655e-05  1.6540e-05  1.6562e-05  0:46:08 1352

 Reversed flow on 50 faces (27.5% area) of pressure-outlet 19.

 Reversed flow on 173 faces (33.9% area) of pressure-outlet 18.
  2149  1.8092e-03  2.1729e-05  1.6837e-05  1.7003e-05  0:46:07 1351

 Reversed flow on 50 faces (27.5% area) of pressure-outlet 19.

 Reversed flow on 174 faces (33.9% area) of pressure-outlet 18.
  2150  1.8756e-03  2.1525e-05  1.6821e-05  1.7263e-05  0:46:04 1350

 Reversed flow on 50 faces (27.5% area) of pressure-outlet 19.

 Reversed flow on 174 faces (33.9% area) of pressure-outlet 18.
  2151  1.8774e-03  2.2192e-05  1.7322e-05  1.7232e-05  0:46:03 1349

 Reversed flow on 50 faces (27.5% area) of pressure-outlet 19.

 Reversed flow on 173 faces (33.9% area) of pressure-outlet 18.
  2152  1.8448e-03  2.1150e-05  1.7022e-05  1.7262e-05  0:46:02 1348

 Reversed flow on 50 faces (27.5% area) of pressure-outlet 19.

 Reversed flow on 174 faces (33.9% area) of pressure-outlet 18.
  2153  1.9732e-03  2.2313e-05  1.7454e-05  1.7464e-05  0:46:47 1347

 Reversed flow on 50 faces (27.5% area) of pressure-outlet 19.

 Reversed flow on 174 faces (33.9% area) of pressure-outlet 18.
  2154  1.9214e-03  2.2523e-05  1.7882e-05  1.7906e-05  0:46:52 1346

 Reversed flow on 50 faces (27.5% area) of pressure-outlet 19.

 Reversed flow on 173 faces (33.9% area) of pressure-outlet 18.
  2155  1.9443e-03  2.2112e-05  1.7819e-05  1.7637e-05  0:46:40 1345

 Reversed flow on 50 faces (27.5% area) of pressure-outlet 19.

 Reversed flow on 174 faces (33.9% area) of pressure-outlet 18.
  2156  1.9471e-03  2.2504e-05  1.7996e-05  1.7846e-05  0:44:30 1344

 Reversed flow on 50 faces (27.5% area) of pressure-outlet 19.

 Reversed flow on 174 faces (33.9% area) of pressure-outlet 18.

  iter  continuity  x-velocity  y-velocity  z-velocity     time/iter
  2157  1.9363e-03  2.1469e-05  1.7344e-05  1.7247e-05  0:44:44 1343

 Reversed flow on 50 faces (27.5% area) of pressure-outlet 19.

 Reversed flow on 174 faces (33.9% area) of pressure-outlet 18.
  2158  1.9710e-03  2.2867e-05  1.8065e-05  1.7768e-05  0:42:57 1342

 Reversed flow on 50 faces (27.5% area) of pressure-outlet 19.

 Reversed flow on 174 faces (33.9% area) of pressure-outlet 18.
  2159  1.9014e-03  2.1425e-05  1.7169e-05  1.7369e-05  0:43:30 1341

 Reversed flow on 50 faces (27.5% area) of pressure-outlet 19.

 Reversed flow on 174 faces (33.9% area) of pressure-outlet 18.
  2160  1.9784e-03  2.2132e-05  1.7577e-05  1.7206e-05  0:43:55 1340

 Reversed flow on 50 faces (27.5% area) of pressure-outlet 19.

 Reversed flow on 174 faces (33.9% area) of pressure-outlet 18.
  2161  1.9047e-03  2.1607e-05  1.7383e-05  1.7233e-05  0:44:17 1339

 Reversed flow on 50 faces (27.5% area) of pressure-outlet 19.

 Reversed flow on 174 faces (33.9% area) of pressure-outlet 18.
  2162  1.9314e-03  2.1909e-05  1.7403e-05  1.7214e-05  0:44:33 1338

 Reversed flow on 50 faces (27.5% area) of pressure-outlet 19.

 Reversed flow on 174 faces (33.9% area) of pressure-outlet 18.
  2163  1.9353e-03  2.2706e-05  1.7839e-05  1.7690e-05  0:42:47 1337

 Reversed flow on 50 faces (27.5% area) of pressure-outlet 19.

 Reversed flow on 174 faces (33.9% area) of pressure-outlet 18.
  2164  1.9081e-03  2.1074e-05  1.6967e-05  1.6763e-05  0:43:21 1336

 Reversed flow on 50 faces (27.5% area) of pressure-outlet 19.

 Reversed flow on 174 faces (33.9% area) of pressure-outlet 18.
  2165  1.9016e-03  2.1812e-05  1.7333e-05  1.6995e-05  0:41:48 1335

 Reversed flow on 50 faces (27.5% area) of pressure-outlet 19.

 Reversed flow on 173 faces (33.9% area) of pressure-outlet 18.
  2166  1.8329e-03  2.0652e-05  1.6366e-05  1.6542e-05  0:42:31 1334

 Reversed flow on 50 faces (27.5% area) of pressure-outlet 19.

 Reversed flow on 173 faces (33.9% area) of pressure-outlet 18.
  2167  1.9032e-03  2.1671e-05  1.7079e-05  1.6861e-05  0:44:38 1333

 Reversed flow on 50 faces (27.5% area) of pressure-outlet 19.

 Reversed flow on 173 faces (33.9% area) of pressure-outlet 18.

  iter  continuity  x-velocity  y-velocity  z-velocity     time/iter
  2168  1.8390e-03  2.0695e-05  1.6875e-05  1.6968e-05  0:44:47 1332

 Reversed flow on 50 faces (27.5% area) of pressure-outlet 19.

 Reversed flow on 173 faces (33.9% area) of pressure-outlet 18.
  2169  1.8792e-03  2.1159e-05  1.6996e-05  1.6727e-05  0:44:54 1331

 Reversed flow on 50 faces (27.5% area) of pressure-outlet 19.

 Reversed flow on 173 faces (33.9% area) of pressure-outlet 18.
  2170  1.8293e-03  2.1627e-05  1.7047e-05  1.7077e-05  0:44:58 1330

 Reversed flow on 50 faces (27.5% area) of pressure-outlet 19.

 Reversed flow on 173 faces (33.9% area) of pressure-outlet 18.
  2171  1.8647e-03  2.1197e-05  1.7062e-05  1.7055e-05  0:45:01 1329

 Reversed flow on 50 faces (27.5% area) of pressure-outlet 19.

 Reversed flow on 173 faces (33.9% area) of pressure-outlet 18.
  2172  1.8666e-03  2.1738e-05  1.7562e-05  1.7309e-05  0:43:06 1328

 Reversed flow on 50 faces (27.5% area) of pressure-outlet 19.

 Reversed flow on 173 faces (33.9% area) of pressure-outlet 18.
  2173  1.8008e-03  2.0375e-05  1.6337e-05  1.6396e-05  0:43:31 1327

 Reversed flow on 50 faces (27.5% area) of pressure-outlet 19.

 Reversed flow on 173 faces (33.9% area) of pressure-outlet 18.
  2174  1.8161e-03  2.1255e-05  1.6643e-05  1.6507e-05  0:43:50 1326

 Reversed flow on 50 faces (27.5% area) of pressure-outlet 19.

 Reversed flow on 173 faces (33.9% area) of pressure-outlet 18.
  2175  1.7580e-03  2.0497e-05  1.6578e-05  1.6774e-05  0:44:04 1325

 Reversed flow on 50 faces (27.5% area) of pressure-outlet 19.

 Reversed flow on 173 faces (33.9% area) of pressure-outlet 18.
  2176  1.8374e-03  2.1294e-05  1.7021e-05  1.6607e-05  0:44:16 1324

 Reversed flow on 50 faces (27.5% area) of pressure-outlet 19.

 Reversed flow on 173 faces (33.9% area) of pressure-outlet 18.
  2177  1.7868e-03  2.1251e-05  1.6739e-05  1.6803e-05  0:44:26 1323

 Reversed flow on 50 faces (27.5% area) of pressure-outlet 19.

 Reversed flow on 173 faces (33.9% area) of pressure-outlet 18.
  2178  1.8008e-03  2.0920e-05  1.6596e-05  1.6661e-05  0:44:32 1322

 Reversed flow on 50 faces (27.5% area) of pressure-outlet 19.

 Reversed flow on 173 faces (33.9% area) of pressure-outlet 18.

  iter  continuity  x-velocity  y-velocity  z-velocity     time/iter
  2179  1.7986e-03  2.1600e-05  1.7225e-05  1.7033e-05  0:44:38 1321

 Reversed flow on 50 faces (27.5% area) of pressure-outlet 19.

 Reversed flow on 173 faces (33.9% area) of pressure-outlet 18.
  2180  1.8062e-03  2.0878e-05  1.6698e-05  1.6719e-05  0:44:42 1320

 Reversed flow on 50 faces (27.5% area) of pressure-outlet 19.

 Reversed flow on 173 faces (33.9% area) of pressure-outlet 18.
  2181  1.8086e-03  2.1459e-05  1.6699e-05  1.6573e-05  0:44:44 1319

 Reversed flow on 50 faces (27.5% area) of pressure-outlet 19.

 Reversed flow on 173 faces (33.9% area) of pressure-outlet 18.
  2182  1.7543e-03  2.0664e-05  1.6572e-05  1.6877e-05  0:44:45 1318

 Reversed flow on 50 faces (27.5% area) of pressure-outlet 19.

 Reversed flow on 173 faces (33.9% area) of pressure-outlet 18.
  2183  1.8208e-03  2.1425e-05  1.7064e-05  1.6735e-05  0:44:47 1317

 Reversed flow on 50 faces (27.5% area) of pressure-outlet 19.

 Reversed flow on 173 faces (33.9% area) of pressure-outlet 18.
  2184  1.7616e-03  2.1237e-05  1.6661e-05  1.6830e-05  0:44:46 1316

 Reversed flow on 50 faces (27.5% area) of pressure-outlet 19.

 Reversed flow on 174 faces (33.9% area) of pressure-outlet 18.
  2185  1.7961e-03  2.1117e-05  1.6599e-05  1.6754e-05  0:44:46 1315

 Reversed flow on 50 faces (27.5% area) of pressure-outlet 19.

 Reversed flow on 174 faces (33.9% area) of pressure-outlet 18.
  2186  1.7826e-03  2.1649e-05  1.7156e-05  1.7100e-05  0:44:45 1314

 Reversed flow on 50 faces (27.5% area) of pressure-outlet 19.

 Reversed flow on 173 faces (33.9% area) of pressure-outlet 18.
  2187  1.7771e-03  2.0766e-05  1.6594e-05  1.6653e-05  0:44:45 1313

 Reversed flow on 50 faces (27.5% area) of pressure-outlet 19.

 Reversed flow on 174 faces (33.9% area) of pressure-outlet 18.
  2188  1.8019e-03  2.1614e-05  1.6743e-05  1.6671e-05  0:44:43 1312

 Reversed flow on 50 faces (27.5% area) of pressure-outlet 19.

 Reversed flow on 174 faces (33.9% area) of pressure-outlet 18.
  2189  1.7504e-03  2.0878e-05  1.6616e-05  1.6985e-05  0:44:42 1311

 Reversed flow on 50 faces (27.5% area) of pressure-outlet 19.

 Reversed flow on 173 faces (33.9% area) of pressure-outlet 18.

  iter  continuity  x-velocity  y-velocity  z-velocity     time/iter
  2190  1.8009e-03  2.1424e-05  1.7035e-05  1.6755e-05  0:44:40 1310

 Reversed flow on 50 faces (27.5% area) of pressure-outlet 19.

 Reversed flow on 173 faces (33.9% area) of pressure-outlet 18.
  2191  1.7548e-03  2.1046e-05  1.6640e-05  1.6829e-05  0:44:40 1309

 Reversed flow on 50 faces (27.5% area) of pressure-outlet 19.

 Reversed flow on 174 faces (33.9% area) of pressure-outlet 18.
  2192  1.8049e-03  2.1157e-05  1.6652e-05  1.6810e-05  0:44:38 1308

 Reversed flow on 50 faces (27.5% area) of pressure-outlet 19.

 Reversed flow on 174 faces (33.9% area) of pressure-outlet 18.
  2193  1.7666e-03  2.1713e-05  1.7148e-05  1.7147e-05  0:44:36 1307

 Reversed flow on 50 faces (27.5% area) of pressure-outlet 19.

 Reversed flow on 173 faces (33.9% area) of pressure-outlet 18.
  2194  1.7794e-03  2.0690e-05  1.6624e-05  1.6755e-05  0:44:33 1306

 Reversed flow on 50 faces (27.5% area) of pressure-outlet 19.

 Reversed flow on 174 faces (33.9% area) of pressure-outlet 18.
  2195  1.7991e-03  2.1408e-05  1.6783e-05  1.6644e-05  0:44:30 1305

 Reversed flow on 50 faces (27.5% area) of pressure-outlet 19.

 Reversed flow on 174 faces (33.9% area) of pressure-outlet 18.
  2196  1.7513e-03  2.0740e-05  1.6552e-05  1.6909e-05  0:44:31 1304

 Reversed flow on 50 faces (27.5% area) of pressure-outlet 19.

 Reversed flow on 174 faces (33.9% area) of pressure-outlet 18.
  2197  1.8030e-03  2.1394e-05  1.7041e-05  1.6815e-05  0:44:29 1303

 Reversed flow on 50 faces (27.5% area) of pressure-outlet 19.

 Reversed flow on 174 faces (33.9% area) of pressure-outlet 18.
  2198  1.7424e-03  2.0964e-05  1.6715e-05  1.6903e-05  0:44:27 1302

 Reversed flow on 50 faces (27.5% area) of pressure-outlet 19.

 Reversed flow on 174 faces (33.9% area) of pressure-outlet 18.
  2199  1.7858e-03  2.0974e-05  1.6603e-05  1.6629e-05  0:44:24 1301

 Reversed flow on 50 faces (27.5% area) of pressure-outlet 19.

 Reversed flow on 174 faces (33.9% area) of pressure-outlet 18.
  2200  1.7516e-03  2.1394e-05  1.6924e-05  1.6926e-05  0:44:23 1300

 Reversed flow on 50 faces (27.5% area) of pressure-outlet 19.

 Reversed flow on 173 faces (33.9% area) of pressure-outlet 18.

  iter  continuity  x-velocity  y-velocity  z-velocity     time/iter
  2201  1.7682e-03  2.0772e-05  1.6545e-05  1.6679e-05  0:44:22 1299

 Reversed flow on 50 faces (27.5% area) of pressure-outlet 19.

 Reversed flow on 174 faces (33.9% area) of pressure-outlet 18.
  2202  1.7668e-03  2.1475e-05  1.6752e-05  1.6582e-05  0:44:20 1298

 Reversed flow on 50 faces (27.5% area) of pressure-outlet 19.

 Reversed flow on 174 faces (33.9% area) of pressure-outlet 18.
  2203  1.7328e-03  2.0321e-05  1.6277e-05  1.6582e-05  0:44:20 1297

 Reversed flow on 50 faces (27.5% area) of pressure-outlet 19.

 Reversed flow on 174 faces (33.9% area) of pressure-outlet 18.
  2204  1.7962e-03  2.1266e-05  1.6807e-05  1.6629e-05  0:44:17 1296

 Reversed flow on 50 faces (27.5% area) of pressure-outlet 19.

 Reversed flow on 174 faces (33.9% area) of pressure-outlet 18.
  2205  1.7306e-03  2.1091e-05  1.6551e-05  1.6774e-05  0:44:15 1295

 Reversed flow on 50 faces (27.5% area) of pressure-outlet 19.

 Reversed flow on 174 faces (33.9% area) of pressure-outlet 18.
  2206  1.7679e-03  2.0995e-05  1.6421e-05  1.6440e-05  0:44:12 1294

 Reversed flow on 50 faces (27.5% area) of pressure-outlet 19.

 Reversed flow on 174 faces (33.9% area) of pressure-outlet 18.
  2207  1.7341e-03  2.0886e-05  1.6724e-05  1.6669e-05  0:44:10 1293

 Reversed flow on 50 faces (27.5% area) of pressure-outlet 19.

 Reversed flow on 173 faces (33.9% area) of pressure-outlet 18.
  2208  1.7697e-03  2.0612e-05  1.6443e-05  1.6510e-05  0:44:07 1292

 Reversed flow on 50 faces (27.5% area) of pressure-outlet 19.

 Reversed flow on 173 faces (33.9% area) of pressure-outlet 18.
  2209  1.7604e-03  2.1611e-05  1.6740e-05  1.6713e-05  0:44:06 1291

 Reversed flow on 50 faces (27.5% area) of pressure-outlet 19.

 Reversed flow on 174 faces (33.9% area) of pressure-outlet 18.
  2210  1.7659e-03  2.0661e-05  1.6501e-05  1.6831e-05  0:44:03 1290

 Reversed flow on 50 faces (27.5% area) of pressure-outlet 19.

 Reversed flow on 173 faces (33.9% area) of pressure-outlet 18.
  2211  1.8162e-03  2.1258e-05  1.6981e-05  1.6724e-05  0:44:01 1289

 Reversed flow on 50 faces (27.5% area) of pressure-outlet 19.

 Reversed flow on 173 faces (33.9% area) of pressure-outlet 18.

  iter  continuity  x-velocity  y-velocity  z-velocity     time/iter
  2212  1.7523e-03  2.0975e-05  1.6588e-05  1.6850e-05  0:43:59 1288

 Reversed flow on 50 faces (27.5% area) of pressure-outlet 19.

 Reversed flow on 174 faces (33.9% area) of pressure-outlet 18.
  2213  1.8560e-03  2.1772e-05  1.6760e-05  1.7021e-05  0:43:57 1287

 Reversed flow on 50 faces (27.5% area) of pressure-outlet 19.

 Reversed flow on 174 faces (33.9% area) of pressure-outlet 18.
  2214  1.7989e-03  2.1661e-05  1.7070e-05  1.7184e-05  0:43:55 1286

 Reversed flow on 50 faces (27.5% area) of pressure-outlet 19.

 Reversed flow on 173 faces (33.9% area) of pressure-outlet 18.
  2215  1.8170e-03  2.0849e-05  1.6677e-05  1.6738e-05  0:43:53 1285

 Reversed flow on 50 faces (27.5% area) of pressure-outlet 19.

 Reversed flow on 173 faces (33.9% area) of pressure-outlet 18.
  2216  1.8530e-03  2.1995e-05  1.7025e-05  1.7141e-05  0:43:50 1284

 Reversed flow on 50 faces (27.5% area) of pressure-outlet 19.

 Reversed flow on 174 faces (33.9% area) of pressure-outlet 18.
  2217  1.9193e-03  2.1822e-05  1.7063e-05  1.7484e-05  0:43:47 1283

 Reversed flow on 50 faces (27.5% area) of pressure-outlet 19.

 Reversed flow on 173 faces (33.9% area) of pressure-outlet 18.
  2218  1.9335e-03  2.2525e-05  1.7623e-05  1.7483e-05  0:41:52 1282

 Reversed flow on 50 faces (27.5% area) of pressure-outlet 19.

 Reversed flow on 173 faces (33.9% area) of pressure-outlet 18.
  2219  1.8604e-03  2.0878e-05  1.6713e-05  1.6879e-05  0:42:13 1281

 Reversed flow on 50 faces (27.5% area) of pressure-outlet 19.

 Reversed flow on 174 faces (33.9% area) of pressure-outlet 18.
  2220  1.9770e-03  2.1984e-05  1.7263e-05  1.7222e-05  0:42:30 1280

 Reversed flow on 50 faces (27.5% area) of pressure-outlet 19.

 Reversed flow on 174 faces (33.9% area) of pressure-outlet 18.
  2221  1.9207e-03  2.2244e-05  1.7728e-05  1.7658e-05  0:42:43 1279

 Reversed flow on 50 faces (27.5% area) of pressure-outlet 19.

 Reversed flow on 173 faces (33.9% area) of pressure-outlet 18.
  2222  1.9563e-03  2.1918e-05  1.7773e-05  1.7547e-05  0:42:53 1278

 Reversed flow on 50 faces (27.5% area) of pressure-outlet 19.

 Reversed flow on 173 faces (33.9% area) of pressure-outlet 18.

  iter  continuity  x-velocity  y-velocity  z-velocity     time/iter
  2223  1.9796e-03  2.2629e-05  1.8157e-05  1.7972e-05  0:41:08 1277

 Reversed flow on 50 faces (27.5% area) of pressure-outlet 19.

 Reversed flow on 174 faces (33.9% area) of pressure-outlet 18.
  2224  1.9722e-03  2.1621e-05  1.7519e-05  1.7329e-05  0:41:38 1276

 Reversed flow on 50 faces (27.5% area) of pressure-outlet 19.

 Reversed flow on 174 faces (33.9% area) of pressure-outlet 18.
  2225  1.9873e-03  2.2881e-05  1.8109e-05  1.7754e-05  0:40:06 1275

 Reversed flow on 50 faces (27.5% area) of pressure-outlet 19.

 Reversed flow on 174 faces (33.9% area) of pressure-outlet 18.
  2226  1.9167e-03  2.1520e-05  1.7238e-05  1.7435e-05  0:40:45 1274

 Reversed flow on 50 faces (27.5% area) of pressure-outlet 19.

 Reversed flow on 174 faces (33.9% area) of pressure-outlet 18.
  2227  2.0127e-03  2.2330e-05  1.7743e-05  1.7333e-05  0:39:23 1273

 Reversed flow on 50 faces (27.5% area) of pressure-outlet 19.

 Reversed flow on 174 faces (33.9% area) of pressure-outlet 18.
  2228  1.8809e-03  2.1069e-05  1.6775e-05  1.6619e-05  0:40:10 1272

 Reversed flow on 50 faces (27.5% area) of pressure-outlet 19.

 Reversed flow on 174 faces (33.9% area) of pressure-outlet 18.
  2229  1.9040e-03  2.1361e-05  1.7012e-05  1.6867e-05  0:40:47 1271

 Reversed flow on 50 faces (27.5% area) of pressure-outlet 19.

 Reversed flow on 174 faces (33.9% area) of pressure-outlet 18.
  2230  1.8938e-03  2.2102e-05  1.7295e-05  1.7147e-05  0:39:24 1270

 Reversed flow on 50 faces (27.5% area) of pressure-outlet 19.

 Reversed flow on 174 faces (33.9% area) of pressure-outlet 18.
  2231  1.8736e-03  2.0587e-05  1.6617e-05  1.6402e-05  0:40:11 1269

 Reversed flow on 50 faces (27.5% area) of pressure-outlet 19.

 Reversed flow on 174 faces (33.9% area) of pressure-outlet 18.
  2232  1.8961e-03  2.1616e-05  1.7169e-05  1.6851e-05  0:38:56 1268

 Reversed flow on 50 faces (27.5% area) of pressure-outlet 19.

 Reversed flow on 173 faces (33.9% area) of pressure-outlet 18.
  2233  1.8266e-03  2.0482e-05  1.6213e-05  1.6379e-05  0:39:46 1267

 Reversed flow on 50 faces (27.5% area) of pressure-outlet 19.

 Reversed flow on 173 faces (33.9% area) of pressure-outlet 18.

  iter  continuity  x-velocity  y-velocity  z-velocity     time/iter
  2234  1.8794e-03  2.1360e-05  1.6832e-05  1.6637e-05  0:40:27 1266

 Reversed flow on 50 faces (27.5% area) of pressure-outlet 19.

 Reversed flow on 173 faces (33.9% area) of pressure-outlet 18.
  2235  1.8192e-03  2.0465e-05  1.6655e-05  1.6773e-05  0:40:59 1265

 Reversed flow on 50 faces (27.5% area) of pressure-outlet 19.

 Reversed flow on 173 faces (33.9% area) of pressure-outlet 18.
  2236  1.8707e-03  2.1002e-05  1.6861e-05  1.6588e-05  0:41:24 1264

 Reversed flow on 50 faces (27.5% area) of pressure-outlet 19.

 Reversed flow on 173 faces (33.9% area) of pressure-outlet 18.
  2237  1.8178e-03  2.1470e-05  1.6929e-05  1.6919e-05  0:41:42 1263

 Reversed flow on 50 faces (27.5% area) of pressure-outlet 19.

 Reversed flow on 173 faces (33.9% area) of pressure-outlet 18.
  2238  1.8502e-03  2.1028e-05  1.6928e-05  1.6942e-05  0:41:58 1262

 Reversed flow on 50 faces (27.5% area) of pressure-outlet 19.

 Reversed flow on 173 faces (33.9% area) of pressure-outlet 18.
  2239  1.8632e-03  2.1654e-05  1.7492e-05  1.7222e-05  0:40:18 1261

 Reversed flow on 50 faces (27.5% area) of pressure-outlet 19.

 Reversed flow on 173 faces (33.9% area) of pressure-outlet 18.
  2240  1.8019e-03  2.0343e-05  1.6300e-05  1.6350e-05  0:40:50 1260

 Reversed flow on 50 faces (27.5% area) of pressure-outlet 19.

 Reversed flow on 173 faces (33.9% area) of pressure-outlet 18.
  2241  1.8264e-03  2.1267e-05  1.6654e-05  1.6524e-05  0:41:14 1259

 Reversed flow on 50 faces (27.5% area) of pressure-outlet 19.

 Reversed flow on 173 faces (33.9% area) of pressure-outlet 18.
  2242  1.7616e-03  2.0505e-05  1.6597e-05  1.6782e-05  0:41:34 1258

 Reversed flow on 50 faces (27.5% area) of pressure-outlet 19.

 Reversed flow on 173 faces (33.9% area) of pressure-outlet 18.
  2243  1.8479e-03  2.1360e-05  1.7065e-05  1.6662e-05  0:41:48 1257

 Reversed flow on 50 faces (27.5% area) of pressure-outlet 19.

 Reversed flow on 173 faces (33.9% area) of pressure-outlet 18.
  2244  1.7985e-03  2.1383e-05  1.6833e-05  1.6879e-05  0:41:59 1256

 Reversed flow on 50 faces (27.5% area) of pressure-outlet 19.

 Reversed flow on 173 faces (33.9% area) of pressure-outlet 18.

  iter  continuity  x-velocity  y-velocity  z-velocity     time/iter
  2245  1.8127e-03  2.0998e-05  1.6677e-05  1.6734e-05  0:42:08 1255

 Reversed flow on 50 faces (27.5% area) of pressure-outlet 19.

 Reversed flow on 173 faces (33.9% area) of pressure-outlet 18.
  2246  1.8082e-03  2.1639e-05  1.7280e-05  1.7071e-05  0:42:15 1254

 Reversed flow on 50 faces (27.5% area) of pressure-outlet 19.

 Reversed flow on 173 faces (33.9% area) of pressure-outlet 18.
  2247  1.8123e-03  2.0945e-05  1.6765e-05  1.6771e-05  0:42:20 1253

 Reversed flow on 50 faces (27.5% area) of pressure-outlet 19.

 Reversed flow on 173 faces (33.9% area) of pressure-outlet 18.
  2248  1.8230e-03  2.1562e-05  1.6779e-05  1.6650e-05  0:42:24 1252

 Reversed flow on 50 faces (27.5% area) of pressure-outlet 19.

 Reversed flow on 173 faces (33.9% area) of pressure-outlet 18.
  2249  1.7662e-03  2.0808e-05  1.6685e-05  1.6965e-05  0:42:26 1251

 Reversed flow on 50 faces (27.5% area) of pressure-outlet 19.

 Reversed flow on 173 faces (33.9% area) of pressure-outlet 18.
  2250  1.8290e-03  2.1477e-05  1.7124e-05  1.6775e-05  0:42:27 1250

 Reversed flow on 50 faces (27.5% area) of pressure-outlet 19.

 Reversed flow on 173 faces (33.9% area) of pressure-outlet 18.
  2251  1.7740e-03  2.1318e-05  1.6730e-05  1.6877e-05  0:42:29 1249

 Reversed flow on 50 faces (27.5% area) of pressure-outlet 19.

 Reversed flow on 174 faces (33.9% area) of pressure-outlet 18.
  2252  1.8046e-03  2.1166e-05  1.6664e-05  1.6809e-05  0:42:29 1248

 Reversed flow on 50 faces (27.5% area) of pressure-outlet 19.

 Reversed flow on 174 faces (33.9% area) of pressure-outlet 18.
  2253  1.7914e-03  2.1758e-05  1.7249e-05  1.7175e-05  0:42:30 1247

 Reversed flow on 50 faces (27.5% area) of pressure-outlet 19.

 Reversed flow on 173 faces (33.9% area) of pressure-outlet 18.
  2254  1.7934e-03  2.0893e-05  1.6709e-05  1.6751e-05  0:42:29 1246

 Reversed flow on 50 faces (27.5% area) of pressure-outlet 19.

 Reversed flow on 174 faces (33.9% area) of pressure-outlet 18.
  2255  1.8051e-03  2.1573e-05  1.6755e-05  1.6665e-05  0:42:29 1245

 Reversed flow on 50 faces (27.5% area) of pressure-outlet 19.

 Reversed flow on 174 faces (33.9% area) of pressure-outlet 18.

  iter  continuity  x-velocity  y-velocity  z-velocity     time/iter
  2256  1.7478e-03  2.0874e-05  1.6628e-05  1.6991e-05  0:42:27 1244

 Reversed flow on 50 faces (27.5% area) of pressure-outlet 19.

 Reversed flow on 173 faces (33.9% area) of pressure-outlet 18.
  2257  1.8065e-03  2.1452e-05  1.7069e-05  1.6767e-05  0:42:26 1243

 Reversed flow on 50 faces (27.5% area) of pressure-outlet 19.

 Reversed flow on 173 faces (33.9% area) of pressure-outlet 18.
  2258  1.7530e-03  2.1055e-05  1.6654e-05  1.6826e-05  0:42:24 1242

 Reversed flow on 50 faces (27.5% area) of pressure-outlet 19.

 Reversed flow on 174 faces (33.9% area) of pressure-outlet 18.
  2259  1.7942e-03  2.1038e-05  1.6621e-05  1.6764e-05  0:42:22 1241

 Reversed flow on 50 faces (27.5% area) of pressure-outlet 19.

 Reversed flow on 174 faces (33.9% area) of pressure-outlet 18.
  2260  1.7620e-03  2.1618e-05  1.7108e-05  1.7087e-05  0:42:20 1240

 Reversed flow on 50 faces (27.5% area) of pressure-outlet 19.

 Reversed flow on 173 faces (33.9% area) of pressure-outlet 18.
  2261  1.7656e-03  2.0593e-05  1.6541e-05  1.6659e-05  0:42:17 1239

 Reversed flow on 50 faces (27.5% area) of pressure-outlet 19.

 Reversed flow on 174 faces (33.9% area) of pressure-outlet 18.
  2262  1.7815e-03  2.1283e-05  1.6671e-05  1.6517e-05  0:42:15 1238

 Reversed flow on 50 faces (27.5% area) of pressure-outlet 19.

 Reversed flow on 174 faces (33.9% area) of pressure-outlet 18.
  2263  1.7242e-03  2.0527e-05  1.6407e-05  1.6765e-05  0:42:13 1237

 Reversed flow on 50 faces (27.5% area) of pressure-outlet 19.

 Reversed flow on 174 faces (33.9% area) of pressure-outlet 18.
  2264  1.7760e-03  2.1155e-05  1.6864e-05  1.6631e-05  0:42:12 1236

 Reversed flow on 50 faces (27.5% area) of pressure-outlet 19.

 Reversed flow on 174 faces (33.9% area) of pressure-outlet 18.
  2265  1.7133e-03  2.0806e-05  1.6504e-05  1.6703e-05  0:42:09 1235

 Reversed flow on 50 faces (27.5% area) of pressure-outlet 19.

 Reversed flow on 174 faces (33.9% area) of pressure-outlet 18.
  2266  1.7460e-03  2.0711e-05  1.6372e-05  1.6422e-05  0:42:07 1234

 Reversed flow on 50 faces (27.5% area) of pressure-outlet 19.

 Reversed flow on 174 faces (33.9% area) of pressure-outlet 18.

  iter  continuity  x-velocity  y-velocity  z-velocity     time/iter
  2267  1.7229e-03  2.1108e-05  1.6720e-05  1.6726e-05  0:42:05 1233

 Reversed flow on 50 faces (27.5% area) of pressure-outlet 19.

 Reversed flow on 173 faces (33.9% area) of pressure-outlet 18.
  2268  1.7437e-03  2.0534e-05  1.6345e-05  1.6485e-05  0:42:05 1232

 Reversed flow on 50 faces (27.5% area) of pressure-outlet 19.

 Reversed flow on 174 faces (33.9% area) of pressure-outlet 18.
  2269  1.7344e-03  2.1231e-05  1.6521e-05  1.6372e-05  0:42:03 1231

 Reversed flow on 50 faces (27.5% area) of pressure-outlet 19.

 Reversed flow on 174 faces (33.9% area) of pressure-outlet 18.
  2270  1.6990e-03  2.0104e-05  1.6106e-05  1.6440e-05  0:42:01 1230

 Reversed flow on 50 faces (27.5% area) of pressure-outlet 19.

 Reversed flow on 174 faces (33.9% area) of pressure-outlet 18.
  2271  1.7706e-03  2.1020e-05  1.6681e-05  1.6474e-05  0:41:59 1229

 Reversed flow on 50 faces (27.5% area) of pressure-outlet 19.

 Reversed flow on 174 faces (33.9% area) of pressure-outlet 18.
  2272  1.7011e-03  2.0864e-05  1.6371e-05  1.6603e-05  0:41:56 1228

 Reversed flow on 50 faces (27.5% area) of pressure-outlet 19.

 Reversed flow on 174 faces (33.9% area) of pressure-outlet 18.
  2273  1.7435e-03  2.0852e-05  1.6297e-05  1.6366e-05  0:41:54 1227

 Reversed flow on 50 faces (27.5% area) of pressure-outlet 19.

 Reversed flow on 174 faces (33.9% area) of pressure-outlet 18.
  2274  1.7167e-03  2.0868e-05  1.6676e-05  1.6630e-05  0:41:58 1226

 Reversed flow on 50 faces (27.5% area) of pressure-outlet 19.

 Reversed flow on 173 faces (33.9% area) of pressure-outlet 18.
  2275  1.7466e-03  2.0420e-05  1.6330e-05  1.6370e-05  0:41:55 1225

 Reversed flow on 50 faces (27.5% area) of pressure-outlet 19.

 Reversed flow on 173 faces (33.9% area) of pressure-outlet 18.
  2276  1.7442e-03  2.1449e-05  1.6592e-05  1.6615e-05  0:41:52 1224

 Reversed flow on 50 faces (27.5% area) of pressure-outlet 19.

 Reversed flow on 174 faces (33.9% area) of pressure-outlet 18.
  2277  1.7499e-03  2.0640e-05  1.6381e-05  1.6772e-05  0:41:48 1223

 Reversed flow on 50 faces (27.5% area) of pressure-outlet 19.

 Reversed flow on 173 faces (33.9% area) of pressure-outlet 18.

  iter  continuity  x-velocity  y-velocity  z-velocity     time/iter
  2278  1.7933e-03  2.1177e-05  1.6863e-05  1.6610e-05  0:41:46 1222

 Reversed flow on 50 faces (27.5% area) of pressure-outlet 19.

 Reversed flow on 173 faces (33.9% area) of pressure-outlet 18.
  2279  1.7402e-03  2.0875e-05  1.6507e-05  1.6794e-05  0:41:43 1221

 Reversed flow on 50 faces (27.5% area) of pressure-outlet 19.

 Reversed flow on 174 faces (33.9% area) of pressure-outlet 18.
  2280  1.8526e-03  2.1729e-05  1.6687e-05  1.6982e-05  0:41:43 1220

 Reversed flow on 50 faces (27.5% area) of pressure-outlet 19.

 Reversed flow on 174 faces (33.9% area) of pressure-outlet 18.
  2281  1.7949e-03  2.1740e-05  1.7021e-05  1.7148e-05  0:41:41 1219

 Reversed flow on 50 faces (27.5% area) of pressure-outlet 19.

 Reversed flow on 173 faces (33.9% area) of pressure-outlet 18.
  2282  1.8120e-03  2.0821e-05  1.6628e-05  1.6751e-05  0:41:37 1218

 Reversed flow on 50 faces (27.5% area) of pressure-outlet 19.

 Reversed flow on 173 faces (33.9% area) of pressure-outlet 18.
  2283  1.8613e-03  2.1932e-05  1.7100e-05  1.7137e-05  0:41:36 1217

 Reversed flow on 50 faces (27.5% area) of pressure-outlet 19.

 Reversed flow on 174 faces (33.9% area) of pressure-outlet 18.
  2284  1.9210e-03  2.1750e-05  1.7140e-05  1.7487e-05  0:41:32 1216

 Reversed flow on 50 faces (27.5% area) of pressure-outlet 19.

 Reversed flow on 174 faces (33.9% area) of pressure-outlet 18.
  2285  1.9422e-03  2.2570e-05  1.7779e-05  1.7569e-05  0:39:42 1215

 Reversed flow on 50 faces (27.5% area) of pressure-outlet 19.

 Reversed flow on 173 faces (33.9% area) of pressure-outlet 18.
  2286  1.8677e-03  2.0990e-05  1.6859e-05  1.6994e-05  0:40:05 1214

 Reversed flow on 50 faces (27.5% area) of pressure-outlet 19.

 Reversed flow on 174 faces (33.9% area) of pressure-outlet 18.
  2287  1.9697e-03  2.1940e-05  1.7368e-05  1.7244e-05  0:40:19 1213

 Reversed flow on 50 faces (27.5% area) of pressure-outlet 19.

 Reversed flow on 174 faces (33.9% area) of pressure-outlet 18.
  2288  1.9041e-03  2.2139e-05  1.7690e-05  1.7566e-05  0:40:30 1212

 Reversed flow on 50 faces (27.5% area) of pressure-outlet 19.

 Reversed flow on 174 faces (33.9% area) of pressure-outlet 18.

  iter  continuity  x-velocity  y-velocity  z-velocity     time/iter
  2289  1.9433e-03  2.1948e-05  1.7756e-05  1.7558e-05  0:40:39 1211

 Reversed flow on 50 faces (27.5% area) of pressure-outlet 19.

 Reversed flow on 174 faces (33.9% area) of pressure-outlet 18.
  2290  1.9702e-03  2.2674e-05  1.8139e-05  1.7924e-05  0:38:58 1210

 Reversed flow on 50 faces (27.5% area) of pressure-outlet 19.

 Reversed flow on 174 faces (33.9% area) of pressure-outlet 18.
  2291  1.9491e-03  2.1432e-05  1.7342e-05  1.7157e-05  0:39:24 1209

 Reversed flow on 50 faces (27.5% area) of pressure-outlet 19.

 Reversed flow on 174 faces (33.9% area) of pressure-outlet 18.
  2292  1.9578e-03  2.2616e-05  1.7833e-05  1.7505e-05  0:39:44 1208

 Reversed flow on 50 faces (27.5% area) of pressure-outlet 19.

 Reversed flow on 174 faces (33.9% area) of pressure-outlet 18.
  2293  1.9261e-03  2.2111e-05  1.7612e-05  1.7807e-05  0:40:01 1207

 Reversed flow on 50 faces (27.5% area) of pressure-outlet 19.

 Reversed flow on 174 faces (33.9% area) of pressure-outlet 18.
  2294  2.0147e-03  2.2608e-05  1.7886e-05  1.7442e-05  0:38:26 1206

 Reversed flow on 50 faces (27.5% area) of pressure-outlet 19.

 Reversed flow on 174 faces (33.9% area) of pressure-outlet 18.
  2295  1.8985e-03  2.1329e-05  1.7012e-05  1.6839e-05  0:38:57 1205

 Reversed flow on 50 faces (27.5% area) of pressure-outlet 19.

 Reversed flow on 174 faces (33.9% area) of pressure-outlet 18.
  2296  1.9142e-03  2.1449e-05  1.7170e-05  1.6997e-05  0:39:21 1204

 Reversed flow on 50 faces (27.5% area) of pressure-outlet 19.

 Reversed flow on 174 faces (33.9% area) of pressure-outlet 18.
  2297  1.8748e-03  2.2104e-05  1.7248e-05  1.7107e-05  0:37:53 1203

 Reversed flow on 50 faces (27.5% area) of pressure-outlet 19.

 Reversed flow on 174 faces (33.9% area) of pressure-outlet 18.
  2298  1.8543e-03  2.0495e-05  1.6537e-05  1.6459e-05  0:38:30 1202

 Reversed flow on 50 faces (27.5% area) of pressure-outlet 19.

 Reversed flow on 174 faces (33.9% area) of pressure-outlet 18.
  2299  1.8910e-03  2.1571e-05  1.7184e-05  1.6903e-05  0:37:12 1201

 Reversed flow on 50 faces (27.5% area) of pressure-outlet 19.

 Reversed flow on 173 faces (33.9% area) of pressure-outlet 18.

  iter  continuity  x-velocity  y-velocity  z-velocity     time/iter
  2300  1.8058e-03  2.0386e-05  1.6176e-05  1.6366e-05  0:37:55 1200

 Reversed flow on 50 faces (27.5% area) of pressure-outlet 19.

 Reversed flow on 173 faces (33.9% area) of pressure-outlet 18.
  2301  1.8510e-03  2.1162e-05  1.6705e-05  1.6575e-05  0:38:30 1199

 Reversed flow on 50 faces (27.5% area) of pressure-outlet 19.

 Reversed flow on 173 faces (33.9% area) of pressure-outlet 18.
  2302  1.7949e-03  2.0476e-05  1.6675e-05  1.6808e-05  0:38:57 1198

 Reversed flow on 50 faces (27.5% area) of pressure-outlet 19.

 Reversed flow on 173 faces (33.9% area) of pressure-outlet 18.
  2303  1.8573e-03  2.0980e-05  1.6866e-05  1.6587e-05  0:39:18 1197

 Reversed flow on 50 faces (27.5% area) of pressure-outlet 19.

 Reversed flow on 173 faces (33.9% area) of pressure-outlet 18.
  2304  1.8066e-03  2.1489e-05  1.6909e-05  1.6903e-05  0:39:35 1196

 Reversed flow on 50 faces (27.5% area) of pressure-outlet 19.

 Reversed flow on 173 faces (33.9% area) of pressure-outlet 18.
  2305  1.8242e-03  2.0919e-05  1.6825e-05  1.6897e-05  0:39:48 1195

 Reversed flow on 50 faces (27.5% area) of pressure-outlet 19.

 Reversed flow on 173 faces (33.9% area) of pressure-outlet 18.
  2306  1.8488e-03  2.1758e-05  1.7476e-05  1.7211e-05  0:39:58 1194

 Reversed flow on 50 faces (27.5% area) of pressure-outlet 19.

 Reversed flow on 173 faces (33.9% area) of pressure-outlet 18.
  2307  1.8324e-03  2.1129e-05  1.6905e-05  1.6955e-05  0:40:10 1193

 Reversed flow on 50 faces (27.5% area) of pressure-outlet 19.

 Reversed flow on 173 faces (33.9% area) of pressure-outlet 18.
  2308  1.8457e-03  2.1633e-05  1.6942e-05  1.6831e-05  0:40:15 1192

 Reversed flow on 50 faces (27.5% area) of pressure-outlet 19.

 Reversed flow on 173 faces (33.9% area) of pressure-outlet 18.
  2309  1.7854e-03  2.1043e-05  1.6991e-05  1.7155e-05  0:40:18 1191

 Reversed flow on 50 faces (27.5% area) of pressure-outlet 19.

 Reversed flow on 173 faces (33.9% area) of pressure-outlet 18.
  2310  1.8586e-03  2.1595e-05  1.7279e-05  1.6887e-05  0:40:23 1190

 Reversed flow on 50 faces (27.5% area) of pressure-outlet 19.

 Reversed flow on 173 faces (33.9% area) of pressure-outlet 18.

  iter  continuity  x-velocity  y-velocity  z-velocity     time/iter
  2311  1.7985e-03  2.1607e-05  1.6949e-05  1.7004e-05  0:40:23 1189

 Reversed flow on 50 faces (27.5% area) of pressure-outlet 19.

 Reversed flow on 173 faces (33.9% area) of pressure-outlet 18.
  2312  1.8140e-03  2.1105e-05  1.6763e-05  1.6877e-05  0:40:24 1188

 Reversed flow on 50 faces (27.5% area) of pressure-outlet 19.

 Reversed flow on 173 faces (33.9% area) of pressure-outlet 18.
  2313  1.8291e-03  2.1994e-05  1.7481e-05  1.7282e-05  0:40:24 1187

 Reversed flow on 50 faces (27.5% area) of pressure-outlet 19.

 Reversed flow on 173 faces (33.9% area) of pressure-outlet 18.
  2314  1.8136e-03  2.1110e-05  1.6871e-05  1.6888e-05  0:40:23 1186

 Reversed flow on 50 faces (27.5% area) of pressure-outlet 19.

 Reversed flow on 173 faces (33.9% area) of pressure-outlet 18.
  2315  1.8316e-03  2.1662e-05  1.6859e-05  1.6775e-05  0:40:23 1185

 Reversed flow on 50 faces (27.5% area) of pressure-outlet 19.

 Reversed flow on 174 faces (33.9% area) of pressure-outlet 18.
  2316  1.7650e-03  2.1020e-05  1.6781e-05  1.7060e-05  0:40:55 1184

 Reversed flow on 50 faces (27.5% area) of pressure-outlet 19.

 Reversed flow on 173 faces (33.9% area) of pressure-outlet 18.
  2317  1.8186e-03  2.1470e-05  1.7091e-05  1.6764e-05  0:40:47 1183

 Reversed flow on 50 faces (27.5% area) of pressure-outlet 19.

 Reversed flow on 173 faces (33.9% area) of pressure-outlet 18.
  2318  1.7663e-03  2.1306e-05  1.6716e-05  1.6862e-05  0:40:40 1182

 Reversed flow on 50 faces (27.5% area) of pressure-outlet 19.

 Reversed flow on 174 faces (33.9% area) of pressure-outlet 18.
  2319  1.7979e-03  2.1146e-05  1.6679e-05  1.6847e-05  0:40:34 1181

 Reversed flow on 50 faces (27.5% area) of pressure-outlet 19.

 Reversed flow on 174 faces (33.9% area) of pressure-outlet 18.
  2320  1.7808e-03  2.1798e-05  1.7223e-05  1.7164e-05  0:40:28 1180

 Reversed flow on 50 faces (27.5% area) of pressure-outlet 19.

 Reversed flow on 173 faces (33.9% area) of pressure-outlet 18.
  2321  1.7744e-03  2.0749e-05  1.6622e-05  1.6721e-05  0:40:24 1179

 Reversed flow on 50 faces (27.5% area) of pressure-outlet 19.

 Reversed flow on 174 faces (33.9% area) of pressure-outlet 18.

  iter  continuity  x-velocity  y-velocity  z-velocity     time/iter
  2322  1.8022e-03  2.1438e-05  1.6718e-05  1.6634e-05  0:40:20 1178

 Reversed flow on 50 faces (27.5% area) of pressure-outlet 19.

 Reversed flow on 174 faces (33.9% area) of pressure-outlet 18.
  2323  1.7362e-03  2.0842e-05  1.6578e-05  1.6925e-05  0:40:16 1177

 Reversed flow on 50 faces (27.5% area) of pressure-outlet 19.

 Reversed flow on 173 faces (33.9% area) of pressure-outlet 18.
  2324  1.7915e-03  2.1294e-05  1.6957e-05  1.6698e-05  0:40:14 1176

 Reversed flow on 50 faces (27.5% area) of pressure-outlet 19.

 Reversed flow on 173 faces (33.9% area) of pressure-outlet 18.
  2325  1.7410e-03  2.0967e-05  1.6623e-05  1.6798e-05  0:40:10 1175

 Reversed flow on 50 faces (27.5% area) of pressure-outlet 19.

 Reversed flow on 174 faces (33.9% area) of pressure-outlet 18.
  2326  1.7757e-03  2.0862e-05  1.6559e-05  1.6696e-05  0:41:28 1174

 Reversed flow on 50 faces (27.5% area) of pressure-outlet 19.

 Reversed flow on 174 faces (33.9% area) of pressure-outlet 18.
  2327  1.7613e-03  2.1595e-05  1.7081e-05  1.7079e-05  0:41:10 1173

 Reversed flow on 50 faces (27.5% area) of pressure-outlet 19.

 Reversed flow on 173 faces (33.9% area) of pressure-outlet 18.
  2328  1.7537e-03  2.0571e-05  1.6516e-05  1.6670e-05  0:40:54 1172

 Reversed flow on 50 faces (27.5% area) of pressure-outlet 19.

 Reversed flow on 174 faces (33.9% area) of pressure-outlet 18.
  2329  1.7673e-03  2.1203e-05  1.6614e-05  1.6456e-05  0:40:41 1171

 Reversed flow on 50 faces (27.5% area) of pressure-outlet 19.

 Reversed flow on 174 faces (33.9% area) of pressure-outlet 18.
  2330  1.7100e-03  2.0359e-05  1.6294e-05  1.6640e-05  0:40:29 1170

 Reversed flow on 50 faces (27.5% area) of pressure-outlet 19.

 Reversed flow on 174 faces (33.9% area) of pressure-outlet 18.
  2331  1.7661e-03  2.1085e-05  1.6720e-05  1.6544e-05  0:40:21 1169

 Reversed flow on 50 faces (27.5% area) of pressure-outlet 19.

 Reversed flow on 174 faces (33.9% area) of pressure-outlet 18.
  2332  1.7061e-03  2.0884e-05  1.6433e-05  1.6662e-05  0:40:14 1168

 Reversed flow on 50 faces (27.5% area) of pressure-outlet 19.

 Reversed flow on 174 faces (33.9% area) of pressure-outlet 18.

  iter  continuity  x-velocity  y-velocity  z-velocity     time/iter
  2333  1.7373e-03  2.0691e-05  1.6302e-05  1.6375e-05  0:40:07 1167

 Reversed flow on 50 faces (27.5% area) of pressure-outlet 19.

 Reversed flow on 174 faces (33.9% area) of pressure-outlet 18.
  2334  1.7214e-03  2.1030e-05  1.6644e-05  1.6652e-05  0:40:05 1166

 Reversed flow on 50 faces (27.5% area) of pressure-outlet 19.

 Reversed flow on 173 faces (33.9% area) of pressure-outlet 18.
  2335  1.7386e-03  2.0480e-05  1.6268e-05  1.6444e-05  0:40:00 1165

 Reversed flow on 50 faces (27.5% area) of pressure-outlet 19.

 Reversed flow on 174 faces (33.9% area) of pressure-outlet 18.
  2336  1.7334e-03  2.1245e-05  1.6467e-05  1.6369e-05  0:39:54 1164

 Reversed flow on 50 faces (27.5% area) of pressure-outlet 19.

 Reversed flow on 174 faces (33.9% area) of pressure-outlet 18.
  2337  1.7045e-03  2.0169e-05  1.6168e-05  1.6504e-05  0:39:51 1163

 Reversed flow on 50 faces (27.5% area) of pressure-outlet 19.

 Reversed flow on 173 faces (33.9% area) of pressure-outlet 18.
  2338  1.7685e-03  2.0893e-05  1.6647e-05  1.6405e-05  0:39:47 1162

 Reversed flow on 50 faces (27.5% area) of pressure-outlet 19.

 Reversed flow on 173 faces (33.9% area) of pressure-outlet 18.
  2339  1.7063e-03  2.0895e-05  1.6362e-05  1.6611e-05  0:39:44 1161

 Reversed flow on 50 faces (27.5% area) of pressure-outlet 19.

 Reversed flow on 174 faces (33.9% area) of pressure-outlet 18.
  2340  1.7654e-03  2.1069e-05  1.6398e-05  1.6572e-05  0:39:41 1160

 Reversed flow on 50 faces (27.5% area) of pressure-outlet 19.

 Reversed flow on 174 faces (33.9% area) of pressure-outlet 18.
  2341  1.7428e-03  2.1138e-05  1.6820e-05  1.6782e-05  0:39:38 1159

 Reversed flow on 50 faces (27.5% area) of pressure-outlet 19.

 Reversed flow on 173 faces (33.9% area) of pressure-outlet 18.
  2342  1.7550e-03  2.0471e-05  1.6427e-05  1.6478e-05  0:39:35 1158

 Reversed flow on 50 faces (27.5% area) of pressure-outlet 19.

 Reversed flow on 173 faces (33.9% area) of pressure-outlet 18.
  2343  1.8003e-03  2.1784e-05  1.6754e-05  1.6850e-05  0:39:32 1157

 Reversed flow on 50 faces (27.5% area) of pressure-outlet 19.

 Reversed flow on 174 faces (33.9% area) of pressure-outlet 18.

  iter  continuity  x-velocity  y-velocity  z-velocity     time/iter
  2344  1.8029e-03  2.1179e-05  1.6579e-05  1.7062e-05  0:39:31 1156

 Reversed flow on 50 faces (27.5% area) of pressure-outlet 19.

 Reversed flow on 173 faces (33.9% area) of pressure-outlet 18.
  2345  1.8329e-03  2.1536e-05  1.7006e-05  1.6809e-05  0:39:29 1155

 Reversed flow on 50 faces (27.5% area) of pressure-outlet 19.

 Reversed flow on 173 faces (33.9% area) of pressure-outlet 18.
  2346  1.7868e-03  2.1148e-05  1.6719e-05  1.7043e-05  0:39:32 1154

 Reversed flow on 50 faces (27.5% area) of pressure-outlet 19.

 Reversed flow on 174 faces (33.9% area) of pressure-outlet 18.
  2347  1.9277e-03  2.2136e-05  1.7055e-05  1.7341e-05  0:39:29 1153

 Reversed flow on 50 faces (27.5% area) of pressure-outlet 19.

 Reversed flow on 174 faces (33.9% area) of pressure-outlet 18.
  2348  1.8793e-03  2.2454e-05  1.7548e-05  1.7636e-05  0:39:25 1152

 Reversed flow on 50 faces (27.5% area) of pressure-outlet 19.

 Reversed flow on 173 faces (33.9% area) of pressure-outlet 18.
  2349  1.8965e-03  2.1416e-05  1.7212e-05  1.7255e-05  0:39:21 1151

 Reversed flow on 50 faces (27.5% area) of pressure-outlet 19.

 Reversed flow on 173 faces (33.9% area) of pressure-outlet 18.
  2350  1.9412e-03  2.2385e-05  1.7668e-05  1.7525e-05  0:39:18 1150

 Reversed flow on 50 faces (27.5% area) of pressure-outlet 19.

 Reversed flow on 174 faces (33.9% area) of pressure-outlet 18.
  2351  1.9762e-03  2.2218e-05  1.7781e-05  1.7913e-05  0:39:15 1149

 Reversed flow on 50 faces (27.5% area) of pressure-outlet 19.

 Reversed flow on 174 faces (33.9% area) of pressure-outlet 18.
  2352  2.0084e-03  2.3183e-05  1.8432e-05  1.8063e-05  0:37:32 1148

 Reversed flow on 50 faces (27.5% area) of pressure-outlet 19.

 Reversed flow on 174 faces (33.9% area) of pressure-outlet 18.
  2353  1.9207e-03  2.1755e-05  1.7537e-05  1.7631e-05  0:37:51 1147

 Reversed flow on 50 faces (27.5% area) of pressure-outlet 19.

 Reversed flow on 174 faces (33.9% area) of pressure-outlet 18.
  2354  2.0090e-03  2.2270e-05  1.7798e-05  1.7550e-05  0:38:07 1146

 Reversed flow on 50 faces (27.5% area) of pressure-outlet 19.

 Reversed flow on 174 faces (33.9% area) of pressure-outlet 18.

  iter  continuity  x-velocity  y-velocity  z-velocity     time/iter
  2355  1.9448e-03  2.2444e-05  1.7983e-05  1.7727e-05  0:38:17 1145

 Reversed flow on 50 faces (27.5% area) of pressure-outlet 19.

 Reversed flow on 174 faces (33.9% area) of pressure-outlet 18.
  2356  1.9812e-03  2.2293e-05  1.7915e-05  1.7780e-05  0:38:25 1144

 Reversed flow on 50 faces (27.5% area) of pressure-outlet 19.

 Reversed flow on 174 faces (33.9% area) of pressure-outlet 18.
  2357  2.0065e-03  2.3184e-05  1.8396e-05  1.8089e-05  0:36:49 1143

 Reversed flow on 50 faces (27.5% area) of pressure-outlet 19.

 Reversed flow on 174 faces (33.9% area) of pressure-outlet 18.
  2358  1.9741e-03  2.1585e-05  1.7448e-05  1.7219e-05  0:37:13 1142

 Reversed flow on 50 faces (27.5% area) of pressure-outlet 19.

 Reversed flow on 174 faces (33.9% area) of pressure-outlet 18.
  2359  1.9757e-03  2.2594e-05  1.7862e-05  1.7471e-05  0:35:52 1141

 Reversed flow on 50 faces (27.5% area) of pressure-outlet 19.

 Reversed flow on 174 faces (33.9% area) of pressure-outlet 18.
  2360  1.8904e-03  2.1495e-05  1.6918e-05  1.7148e-05  0:36:27 1140

 Reversed flow on 50 faces (27.5% area) of pressure-outlet 19.

 Reversed flow on 174 faces (33.9% area) of pressure-outlet 18.
  2361  1.9757e-03  2.2108e-05  1.7496e-05  1.7141e-05  0:35:14 1139

 Reversed flow on 50 faces (27.5% area) of pressure-outlet 19.

 Reversed flow on 174 faces (33.9% area) of pressure-outlet 18.
  2362  1.8409e-03  2.0592e-05  1.6485e-05  1.6387e-05  0:35:57 1138

 Reversed flow on 50 faces (27.5% area) of pressure-outlet 19.

 Reversed flow on 173 faces (33.9% area) of pressure-outlet 18.
  2363  1.8617e-03  2.0752e-05  1.6659e-05  1.6482e-05  0:36:29 1137

 Reversed flow on 50 faces (27.5% area) of pressure-outlet 19.

 Reversed flow on 173 faces (33.9% area) of pressure-outlet 18.
  2364  1.8360e-03  2.1582e-05  1.6907e-05  1.6782e-05  0:35:15 1136

 Reversed flow on 50 faces (27.5% area) of pressure-outlet 19.

 Reversed flow on 173 faces (33.9% area) of pressure-outlet 18.
  2365  1.8087e-03  2.0024e-05  1.6241e-05  1.6206e-05  0:35:54 1135

 Reversed flow on 50 faces (27.5% area) of pressure-outlet 19.

 Reversed flow on 173 faces (33.9% area) of pressure-outlet 18.

  iter  continuity  x-velocity  y-velocity  z-velocity     time/iter
  2366  1.8498e-03  2.1077e-05  1.6918e-05  1.6626e-05  0:34:47 1134

 Reversed flow on 50 faces (27.5% area) of pressure-outlet 19.

 Reversed flow on 173 faces (33.9% area) of pressure-outlet 18.
  2367  1.7671e-03  1.9889e-05  1.5867e-05  1.6039e-05  0:35:32 1133

 Reversed flow on 50 faces (27.5% area) of pressure-outlet 19.

 Reversed flow on 173 faces (33.9% area) of pressure-outlet 18.
  2368  1.8092e-03  2.0689e-05  1.6349e-05  1.6239e-05  0:36:08 1132

 Reversed flow on 50 faces (27.5% area) of pressure-outlet 19.

 Reversed flow on 173 faces (33.9% area) of pressure-outlet 18.
  2369  1.7656e-03  2.0274e-05  1.6501e-05  1.6596e-05  0:36:36 1131

 Reversed flow on 50 faces (27.5% area) of pressure-outlet 19.

 Reversed flow on 173 faces (33.9% area) of pressure-outlet 18.
  2370  1.8373e-03  2.0784e-05  1.6716e-05  1.6401e-05  0:37:00 1130

 Reversed flow on 50 faces (27.5% area) of pressure-outlet 19.

 Reversed flow on 173 faces (33.9% area) of pressure-outlet 18.
  2371  1.7773e-03  2.1160e-05  1.6659e-05  1.6624e-05  0:37:18 1129

 Reversed flow on 50 faces (27.5% area) of pressure-outlet 19.

 Reversed flow on 173 faces (33.9% area) of pressure-outlet 18.
  2372  1.7962e-03  2.0660e-05  1.6592e-05  1.6694e-05  0:37:30 1128

 Reversed flow on 50 faces (27.5% area) of pressure-outlet 19.

 Reversed flow on 173 faces (33.9% area) of pressure-outlet 18.
  2373  1.8278e-03  2.1580e-05  1.7265e-05  1.6991e-05  0:37:40 1127

 Reversed flow on 50 faces (27.5% area) of pressure-outlet 19.

 Reversed flow on 173 faces (33.9% area) of pressure-outlet 18.
  2374  1.8100e-03  2.0958e-05  1.6730e-05  1.6801e-05  0:37:49 1126

 Reversed flow on 50 faces (27.5% area) of pressure-outlet 19.

 Reversed flow on 173 faces (33.9% area) of pressure-outlet 18.
  2375  1.8314e-03  2.1403e-05  1.6764e-05  1.6660e-05  0:37:54 1125

 Reversed flow on 50 faces (27.5% area) of pressure-outlet 19.

 Reversed flow on 173 faces (33.9% area) of pressure-outlet 18.
  2376  1.7710e-03  2.0921e-05  1.6866e-05  1.7026e-05  0:37:58 1124

 Reversed flow on 50 faces (27.5% area) of pressure-outlet 19.

 Reversed flow on 173 faces (33.9% area) of pressure-outlet 18.

  iter  continuity  x-velocity  y-velocity  z-velocity     time/iter
  2377  1.8432e-03  2.1418e-05  1.7127e-05  1.6777e-05  0:38:01 1123

 Reversed flow on 50 faces (27.5% area) of pressure-outlet 19.

 Reversed flow on 173 faces (33.9% area) of pressure-outlet 18.
  2378  1.7888e-03  2.1523e-05  1.6855e-05  1.6913e-05  0:38:04 1122

 Reversed flow on 50 faces (27.5% area) of pressure-outlet 19.

 Reversed flow on 173 faces (33.9% area) of pressure-outlet 18.
  2379  1.8116e-03  2.1040e-05  1.6727e-05  1.6876e-05  0:38:04 1121

 Reversed flow on 50 faces (27.5% area) of pressure-outlet 19.

 Reversed flow on 173 faces (33.9% area) of pressure-outlet 18.
  2380  1.8270e-03  2.1924e-05  1.7414e-05  1.7226e-05  0:38:05 1120

 Reversed flow on 50 faces (27.5% area) of pressure-outlet 19.

 Reversed flow on 173 faces (33.9% area) of pressure-outlet 18.
  2381  1.8079e-03  2.1078e-05  1.6820e-05  1.6857e-05  0:38:05 1119

 Reversed flow on 50 faces (27.5% area) of pressure-outlet 19.

 Reversed flow on 173 faces (33.9% area) of pressure-outlet 18.
  2382  1.8348e-03  2.1691e-05  1.6854e-05  1.6822e-05  0:38:04 1118

 Reversed flow on 50 faces (27.5% area) of pressure-outlet 19.

 Reversed flow on 174 faces (33.9% area) of pressure-outlet 18.
  2383  1.7701e-03  2.1189e-05  1.6884e-05  1.7144e-05  0:38:02 1117

 Reversed flow on 50 faces (27.5% area) of pressure-outlet 19.

 Reversed flow on 173 faces (33.9% area) of pressure-outlet 18.
  2384  1.8271e-03  2.1500e-05  1.7099e-05  1.6806e-05  0:38:03 1116

 Reversed flow on 50 faces (27.5% area) of pressure-outlet 19.

 Reversed flow on 173 faces (33.9% area) of pressure-outlet 18.
  2385  1.7843e-03  2.1433e-05  1.6792e-05  1.6933e-05  0:38:02 1115

 Reversed flow on 50 faces (27.5% area) of pressure-outlet 19.

 Reversed flow on 174 faces (33.9% area) of pressure-outlet 18.
  2386  1.8181e-03  2.1262e-05  1.6768e-05  1.6956e-05  0:38:00 1114

 Reversed flow on 50 faces (27.5% area) of pressure-outlet 19.

 Reversed flow on 174 faces (33.9% area) of pressure-outlet 18.
  2387  1.8008e-03  2.1981e-05  1.7330e-05  1.7271e-05  0:38:00 1113

 Reversed flow on 50 faces (27.5% area) of pressure-outlet 19.

 Reversed flow on 173 faces (33.9% area) of pressure-outlet 18.

  iter  continuity  x-velocity  y-velocity  z-velocity     time/iter
  2388  1.7953e-03  2.0840e-05  1.6729e-05  1.6859e-05  0:37:58 1112

 Reversed flow on 50 faces (27.5% area) of pressure-outlet 19.

 Reversed flow on 174 faces (33.9% area) of pressure-outlet 18.
  2389  1.8393e-03  2.1582e-05  1.6883e-05  1.6825e-05  0:37:58 1111

 Reversed flow on 50 faces (27.5% area) of pressure-outlet 19.

 Reversed flow on 174 faces (33.9% area) of pressure-outlet 18.
  2390  1.7754e-03  2.1125e-05  1.6770e-05  1.7097e-05  0:37:55 1110

 Reversed flow on 50 faces (27.5% area) of pressure-outlet 19.

 Reversed flow on 174 faces (33.9% area) of pressure-outlet 18.
  2391  1.8233e-03  2.1427e-05  1.7085e-05  1.6845e-05  0:37:54 1109

 Reversed flow on 50 faces (27.5% area) of pressure-outlet 19.

 Reversed flow on 174 faces (33.9% area) of pressure-outlet 18.
  2392  1.7750e-03  2.1086e-05  1.6793e-05  1.6947e-05  0:37:52 1108

 Reversed flow on 50 faces (27.5% area) of pressure-outlet 19.

 Reversed flow on 174 faces (33.9% area) of pressure-outlet 18.
  2393  1.8164e-03  2.1057e-05  1.6778e-05  1.6870e-05  0:37:49 1107

 Reversed flow on 50 faces (27.5% area) of pressure-outlet 19.

 Reversed flow on 174 faces (33.9% area) of pressure-outlet 18.
  2394  1.7984e-03  2.1822e-05  1.7244e-05  1.7226e-05  0:37:47 1106

 Reversed flow on 50 faces (27.5% area) of pressure-outlet 19.

 Reversed flow on 174 faces (33.9% area) of pressure-outlet 18.
  2395  1.7880e-03  2.0873e-05  1.6764e-05  1.6933e-05  0:37:45 1105

 Reversed flow on 50 faces (27.5% area) of pressure-outlet 19.

 Reversed flow on 174 faces (33.9% area) of pressure-outlet 18.
  2396  1.8127e-03  2.1506e-05  1.6859e-05  1.6670e-05  0:37:42 1104

 Reversed flow on 50 faces (27.5% area) of pressure-outlet 19.

 Reversed flow on 174 faces (33.9% area) of pressure-outlet 18.
  2397  1.7505e-03  2.0620e-05  1.6506e-05  1.6793e-05  0:37:40 1103

 Reversed flow on 50 faces (27.5% area) of pressure-outlet 19.

 Reversed flow on 174 faces (33.9% area) of pressure-outlet 18.
  2398  1.8076e-03  2.1451e-05  1.6908e-05  1.6775e-05  0:37:37 1102

 Reversed flow on 50 faces (27.5% area) of pressure-outlet 19.

 Reversed flow on 174 faces (33.9% area) of pressure-outlet 18.

  iter  continuity  x-velocity  y-velocity  z-velocity     time/iter
  2399  1.7585e-03  2.1405e-05  1.6764e-05  1.6967e-05  0:37:36 1101

 Reversed flow on 50 faces (27.5% area) of pressure-outlet 19.

 Reversed flow on 174 faces (33.9% area) of pressure-outlet 18.
  2400  1.7864e-03  2.1051e-05  1.6575e-05  1.6618e-05  0:37:35 1100

 Reversed flow on 50 faces (27.5% area) of pressure-outlet 19.

 Reversed flow on 174 faces (33.9% area) of pressure-outlet 18.
  2401  1.7774e-03  2.1342e-05  1.6919e-05  1.6856e-05  0:37:33 1099

 Reversed flow on 50 faces (27.5% area) of pressure-outlet 19.

 Reversed flow on 173 faces (33.9% area) of pressure-outlet 18.
  2402  1.7862e-03  2.0813e-05  1.6537e-05  1.6703e-05  0:37:30 1098

 Reversed flow on 50 faces (27.5% area) of pressure-outlet 19.

 Reversed flow on 173 faces (33.9% area) of pressure-outlet 18.
  2403  1.7929e-03  2.1704e-05  1.6801e-05  1.6681e-05  0:37:28 1097

 Reversed flow on 50 faces (27.5% area) of pressure-outlet 19.

 Reversed flow on 174 faces (33.9% area) of pressure-outlet 18.
  2404  1.7629e-03  2.0568e-05  1.6533e-05  1.6829e-05  0:37:26 1096

 Reversed flow on 50 faces (27.5% area) of pressure-outlet 19.

 Reversed flow on 173 faces (33.9% area) of pressure-outlet 18.
  2405  1.8190e-03  2.1199e-05  1.6946e-05  1.6660e-05  0:37:25 1095

 Reversed flow on 50 faces (27.5% area) of pressure-outlet 19.

 Reversed flow on 173 faces (33.9% area) of pressure-outlet 18.
  2406  1.7567e-03  2.1276e-05  1.6662e-05  1.6913e-05  0:37:22 1094

 Reversed flow on 50 faces (27.5% area) of pressure-outlet 19.

 Reversed flow on 174 faces (33.9% area) of pressure-outlet 18.
  2407  1.8241e-03  2.1456e-05  1.6732e-05  1.6938e-05  0:37:21 1093

 Reversed flow on 50 faces (27.5% area) of pressure-outlet 19.

 Reversed flow on 174 faces (33.9% area) of pressure-outlet 18.
  2408  1.7997e-03  2.1570e-05  1.7171e-05  1.7126e-05  0:37:18 1092

 Reversed flow on 50 faces (27.5% area) of pressure-outlet 19.

 Reversed flow on 173 faces (33.9% area) of pressure-outlet 18.
  2409  1.8085e-03  2.0796e-05  1.6719e-05  1.6758e-05  0:37:15 1091

 Reversed flow on 50 faces (27.5% area) of pressure-outlet 19.

 Reversed flow on 173 faces (33.9% area) of pressure-outlet 18.

  iter  continuity  x-velocity  y-velocity  z-velocity     time/iter
  2410  1.8586e-03  2.2142e-05  1.7033e-05  1.7098e-05  0:37:13 1090

 Reversed flow on 50 faces (27.5% area) of pressure-outlet 19.

 Reversed flow on 173 faces (33.9% area) of pressure-outlet 18.
  2411  1.8613e-03  2.1634e-05  1.6883e-05  1.7372e-05  0:37:11 1089

 Reversed flow on 50 faces (27.5% area) of pressure-outlet 19.

 Reversed flow on 173 faces (33.9% area) of pressure-outlet 18.
  2412  1.8885e-03  2.1952e-05  1.7284e-05  1.7073e-05  0:37:09 1088

 Reversed flow on 50 faces (27.5% area) of pressure-outlet 19.

 Reversed flow on 173 faces (33.9% area) of pressure-outlet 18.
  2413  1.8437e-03  2.1447e-05  1.7014e-05  1.7255e-05  0:37:06 1087

 Reversed flow on 50 faces (27.5% area) of pressure-outlet 19.

 Reversed flow on 174 faces (33.9% area) of pressure-outlet 18.
  2414  1.9799e-03  2.2360e-05  1.7342e-05  1.7549e-05  0:37:04 1086

 Reversed flow on 50 faces (27.5% area) of pressure-outlet 19.

 Reversed flow on 174 faces (33.9% area) of pressure-outlet 18.
  2415  1.9275e-03  2.2775e-05  1.7888e-05  1.7900e-05  0:37:01 1085

 Reversed flow on 50 faces (27.5% area) of pressure-outlet 19.

 Reversed flow on 173 faces (33.9% area) of pressure-outlet 18.
  2416  1.9477e-03  2.1793e-05  1.7603e-05  1.7553e-05  0:36:59 1084

 Reversed flow on 50 faces (27.5% area) of pressure-outlet 19.

 Reversed flow on 173 faces (33.9% area) of pressure-outlet 18.
  2417  1.9771e-03  2.2605e-05  1.7945e-05  1.7696e-05  0:36:58 1083

 Reversed flow on 50 faces (27.5% area) of pressure-outlet 19.

 Reversed flow on 174 faces (33.9% area) of pressure-outlet 18.
  2418  1.9953e-03  2.2357e-05  1.8005e-05  1.8059e-05  0:36:56 1082

 Reversed flow on 50 faces (27.5% area) of pressure-outlet 19.

 Reversed flow on 174 faces (33.9% area) of pressure-outlet 18.
  2419  2.0415e-03  2.3383e-05  1.8617e-05  1.8213e-05  0:36:54 1081

 Reversed flow on 50 faces (27.5% area) of pressure-outlet 19.

 Reversed flow on 174 faces (33.9% area) of pressure-outlet 18.
  2420  1.9841e-03  2.2691e-05  1.8381e-05  1.8457e-05  0:36:51 1080

 Reversed flow on 50 faces (27.5% area) of pressure-outlet 19.

 Reversed flow on 174 faces (33.9% area) of pressure-outlet 18.

  iter  continuity  x-velocity  y-velocity  z-velocity     time/iter
  2421  2.0574e-03  2.2949e-05  1.8326e-05  1.8015e-05  0:36:49 1079

 Reversed flow on 50 faces (27.5% area) of pressure-outlet 19.

 Reversed flow on 174 faces (33.9% area) of pressure-outlet 18.
  2422  1.9893e-03  2.3072e-05  1.8486e-05  1.8169e-05  0:36:49 1078

 Reversed flow on 50 faces (27.5% area) of pressure-outlet 19.

 Reversed flow on 174 faces (33.9% area) of pressure-outlet 18.
  2423  2.0090e-03  2.2771e-05  1.8185e-05  1.8165e-05  0:36:48 1077

 Reversed flow on 50 faces (27.5% area) of pressure-outlet 19.

 Reversed flow on 174 faces (33.9% area) of pressure-outlet 18.
  2424  2.0205e-03  2.3554e-05  1.8566e-05  1.8217e-05  0:35:10 1076

 Reversed flow on 50 faces (27.5% area) of pressure-outlet 19.

 Reversed flow on 174 faces (33.9% area) of pressure-outlet 18.
  2425  1.9686e-03  2.1646e-05  1.7468e-05  1.7345e-05  0:35:27 1075

 Reversed flow on 50 faces (27.5% area) of pressure-outlet 19.

 Reversed flow on 174 faces (33.9% area) of pressure-outlet 18.
  2426  1.9861e-03  2.2734e-05  1.7959e-05  1.7606e-05  0:34:05 1074

 Reversed flow on 50 faces (27.5% area) of pressure-outlet 19.

 Reversed flow on 173 faces (33.9% area) of pressure-outlet 18.
  2427  1.8836e-03  2.1581e-05  1.6933e-05  1.7183e-05  0:34:34 1073

 Reversed flow on 50 faces (27.5% area) of pressure-outlet 19.

 Reversed flow on 174 faces (33.9% area) of pressure-outlet 18.
  2428  1.9517e-03  2.2003e-05  1.7417e-05  1.7154e-05  0:34:56 1072

 Reversed flow on 50 faces (27.5% area) of pressure-outlet 19.

 Reversed flow on 174 faces (33.9% area) of pressure-outlet 18.
  2429  1.8699e-03  2.1230e-05  1.7206e-05  1.7136e-05  0:35:16 1071

 Reversed flow on 50 faces (27.5% area) of pressure-outlet 19.

 Reversed flow on 173 faces (33.9% area) of pressure-outlet 18.
  2430  1.8921e-03  2.1368e-05  1.7120e-05  1.6980e-05  0:35:29 1070

 Reversed flow on 50 faces (27.5% area) of pressure-outlet 19.

 Reversed flow on 173 faces (33.9% area) of pressure-outlet 18.
  2431  1.8758e-03  2.2279e-05  1.7503e-05  1.7368e-05  0:35:39 1069

 Reversed flow on 50 faces (27.5% area) of pressure-outlet 19.

 Reversed flow on 173 faces (33.9% area) of pressure-outlet 18.

  iter  continuity  x-velocity  y-velocity  z-velocity     time/iter
  2432  1.8872e-03  2.1268e-05  1.7262e-05  1.7371e-05  0:35:47 1068

 Reversed flow on 50 faces (27.5% area) of pressure-outlet 19.

 Reversed flow on 173 faces (33.9% area) of pressure-outlet 18.
  2433  1.9142e-03  2.2008e-05  1.7716e-05  1.7346e-05  0:34:19 1067

 Reversed flow on 50 faces (27.5% area) of pressure-outlet 19.

 Reversed flow on 173 faces (33.9% area) of pressure-outlet 18.
  2434  1.8137e-03  2.0701e-05  1.6481e-05  1.6659e-05  0:34:42 1066

 Reversed flow on 50 faces (27.5% area) of pressure-outlet 19.

 Reversed flow on 173 faces (33.9% area) of pressure-outlet 18.
  2435  1.8474e-03  2.1322e-05  1.6872e-05  1.6750e-05  0:35:00 1065

 Reversed flow on 50 faces (27.5% area) of pressure-outlet 19.

 Reversed flow on 173 faces (33.9% area) of pressure-outlet 18.
  2436  1.7830e-03  2.0874e-05  1.6939e-05  1.6979e-05  0:35:15 1064

 Reversed flow on 50 faces (27.5% area) of pressure-outlet 19.

 Reversed flow on 173 faces (33.9% area) of pressure-outlet 18.
  2437  1.8510e-03  2.1135e-05  1.7005e-05  1.6694e-05  0:35:26 1063

 Reversed flow on 50 faces (27.5% area) of pressure-outlet 19.

 Reversed flow on 173 faces (33.9% area) of pressure-outlet 18.
  2438  1.8050e-03  2.1560e-05  1.6963e-05  1.6892e-05  0:35:34 1062

 Reversed flow on 50 faces (27.5% area) of pressure-outlet 19.

 Reversed flow on 173 faces (33.9% area) of pressure-outlet 18.
  2439  1.8089e-03  2.0936e-05  1.6821e-05  1.6930e-05  0:35:39 1061

 Reversed flow on 50 faces (27.5% area) of pressure-outlet 19.

 Reversed flow on 173 faces (33.9% area) of pressure-outlet 18.
  2440  1.8408e-03  2.1874e-05  1.7454e-05  1.7131e-05  0:35:44 1060

 Reversed flow on 50 faces (27.5% area) of pressure-outlet 19.

 Reversed flow on 173 faces (33.9% area) of pressure-outlet 18.
  2441  1.8099e-03  2.1179e-05  1.6881e-05  1.6993e-05  0:35:47 1059

 Reversed flow on 50 faces (27.5% area) of pressure-outlet 19.

 Reversed flow on 173 faces (33.9% area) of pressure-outlet 18.
  2442  1.8405e-03  2.1499e-05  1.6871e-05  1.6781e-05  0:35:49 1058

 Reversed flow on 50 faces (27.5% area) of pressure-outlet 19.

 Reversed flow on 173 faces (33.9% area) of pressure-outlet 18.

  iter  continuity  x-velocity  y-velocity  z-velocity     time/iter
  2443  1.7768e-03  2.1108e-05  1.6991e-05  1.7118e-05  0:35:50 1057

 Reversed flow on 50 faces (27.5% area) of pressure-outlet 19.

 Reversed flow on 173 faces (33.9% area) of pressure-outlet 18.
  2444  1.8392e-03  2.1432e-05  1.7152e-05  1.6842e-05  0:35:52 1056

 Reversed flow on 50 faces (27.5% area) of pressure-outlet 19.

 Reversed flow on 173 faces (33.9% area) of pressure-outlet 18.
  2445  1.7856e-03  2.1575e-05  1.6882e-05  1.6934e-05  0:35:51 1055

 Reversed flow on 50 faces (27.5% area) of pressure-outlet 19.

 Reversed flow on 174 faces (33.9% area) of pressure-outlet 18.
  2446  1.7985e-03  2.1002e-05  1.6736e-05  1.6924e-05  0:35:51 1054

 Reversed flow on 50 faces (27.5% area) of pressure-outlet 19.

 Reversed flow on 174 faces (33.9% area) of pressure-outlet 18.
  2447  1.8192e-03  2.1944e-05  1.7386e-05  1.7223e-05  0:35:51 1053

 Reversed flow on 50 faces (27.5% area) of pressure-outlet 19.

 Reversed flow on 173 faces (33.9% area) of pressure-outlet 18.
  2448  1.7923e-03  2.1060e-05  1.6787e-05  1.6886e-05  0:35:50 1052

 Reversed flow on 50 faces (27.5% area) of pressure-outlet 19.

 Reversed flow on 174 faces (33.9% area) of pressure-outlet 18.
  2449  1.8152e-03  2.1530e-05  1.6806e-05  1.6777e-05  0:35:48 1051

 Reversed flow on 50 faces (27.5% area) of pressure-outlet 19.

 Reversed flow on 174 faces (33.9% area) of pressure-outlet 18.
  2450  1.7508e-03  2.1126e-05  1.6859e-05  1.7101e-05  0:35:46 1050

 Reversed flow on 50 faces (27.5% area) of pressure-outlet 19.

 Reversed flow on 173 faces (33.9% area) of pressure-outlet 18.
  2451  1.8044e-03  2.1310e-05  1.6988e-05  1.6725e-05  0:35:45 1049

 Reversed flow on 50 faces (27.5% area) of pressure-outlet 19.

 Reversed flow on 173 faces (33.9% area) of pressure-outlet 18.
  2452  1.7607e-03  2.1318e-05  1.6693e-05  1.6828e-05  0:35:44 1048

 Reversed flow on 50 faces (27.5% area) of pressure-outlet 19.

 Reversed flow on 174 faces (33.9% area) of pressure-outlet 18.
  2453  1.7816e-03  2.1002e-05  1.6665e-05  1.6861e-05  0:35:42 1047

 Reversed flow on 50 faces (27.5% area) of pressure-outlet 19.

 Reversed flow on 174 faces (33.9% area) of pressure-outlet 18.

  iter  continuity  x-velocity  y-velocity  z-velocity     time/iter
  2454  1.7823e-03  2.1821e-05  1.7216e-05  1.7128e-05  0:35:41 1046

 Reversed flow on 50 faces (27.5% area) of pressure-outlet 19.

 Reversed flow on 173 faces (33.9% area) of pressure-outlet 18.
  2455  1.7634e-03  2.0692e-05  1.6582e-05  1.6739e-05  0:35:39 1045

 Reversed flow on 50 faces (27.5% area) of pressure-outlet 19.

 Reversed flow on 174 faces (33.9% area) of pressure-outlet 18.
  2456  1.8033e-03  2.1353e-05  1.6725e-05  1.6669e-05  0:35:37 1044

 Reversed flow on 50 faces (27.5% area) of pressure-outlet 19.

 Reversed flow on 174 faces (33.9% area) of pressure-outlet 18.
  2457  1.7317e-03  2.0940e-05  1.6666e-05  1.6928e-05  0:35:36 1043

 Reversed flow on 50 faces (27.5% area) of pressure-outlet 19.

 Reversed flow on 173 faces (33.9% area) of pressure-outlet 18.
  2458  1.7806e-03  2.1074e-05  1.6825e-05  1.6615e-05  0:35:34 1042

 Reversed flow on 50 faces (27.5% area) of pressure-outlet 19.

 Reversed flow on 173 faces (33.9% area) of pressure-outlet 18.
  2459  1.7358e-03  2.0933e-05  1.6571e-05  1.6722e-05  0:35:33 1041

 Reversed flow on 50 faces (27.5% area) of pressure-outlet 19.

 Reversed flow on 174 faces (33.9% area) of pressure-outlet 18.
  2460  1.7653e-03  2.0723e-05  1.6508e-05  1.6632e-05  0:35:31 1040

 Reversed flow on 50 faces (27.5% area) of pressure-outlet 19.

 Reversed flow on 174 faces (33.9% area) of pressure-outlet 18.
  2461  1.7565e-03  2.1498e-05  1.6960e-05  1.6941e-05  0:35:28 1039

 Reversed flow on 50 faces (27.5% area) of pressure-outlet 19.

 Reversed flow on 173 faces (33.9% area) of pressure-outlet 18.
  2462  1.7347e-03  2.0514e-05  1.6435e-05  1.6637e-05  0:35:26 1038

 Reversed flow on 50 faces (27.5% area) of pressure-outlet 19.

 Reversed flow on 174 faces (33.9% area) of pressure-outlet 18.
  2463  1.7666e-03  2.1103e-05  1.6536e-05  1.6396e-05  0:35:23 1037

 Reversed flow on 50 faces (27.5% area) of pressure-outlet 19.

 Reversed flow on 174 faces (33.9% area) of pressure-outlet 18.
  2464  1.6994e-03  2.0301e-05  1.6222e-05  1.6507e-05  0:35:22 1036

 Reversed flow on 50 faces (27.5% area) of pressure-outlet 19.

 Reversed flow on 174 faces (33.9% area) of pressure-outlet 18.

  iter  continuity  x-velocity  y-velocity  z-velocity     time/iter
  2465  1.7557e-03  2.0941e-05  1.6559e-05  1.6419e-05  0:35:20 1035

 Reversed flow on 50 faces (27.5% area) of pressure-outlet 19.

 Reversed flow on 174 faces (33.9% area) of pressure-outlet 18.
  2466  1.7030e-03  2.0945e-05  1.6393e-05  1.6582e-05  0:35:17 1034

 Reversed flow on 50 faces (27.5% area) of pressure-outlet 19.

 Reversed flow on 174 faces (33.9% area) of pressure-outlet 18.
  2467  1.7309e-03  2.0595e-05  1.6240e-05  1.6336e-05  0:35:16 1033

 Reversed flow on 50 faces (27.5% area) of pressure-outlet 19.

 Reversed flow on 174 faces (33.9% area) of pressure-outlet 18.
  2468  1.7315e-03  2.1010e-05  1.6619e-05  1.6586e-05  0:35:14 1032

 Reversed flow on 50 faces (27.5% area) of pressure-outlet 19.

 Reversed flow on 173 faces (33.9% area) of pressure-outlet 18.
  2469  1.7304e-03  2.0397e-05  1.6200e-05  1.6399e-05  0:35:12 1031

 Reversed flow on 50 faces (27.5% area) of pressure-outlet 19.

 Reversed flow on 174 faces (33.9% area) of pressure-outlet 18.
  2470  1.7415e-03  2.1162e-05  1.6408e-05  1.6321e-05  0:35:10 1030

 Reversed flow on 50 faces (27.5% area) of pressure-outlet 19.

 Reversed flow on 174 faces (33.9% area) of pressure-outlet 18.
  2471  1.7048e-03  2.0163e-05  1.6173e-05  1.6473e-05  0:35:08 1029

 Reversed flow on 50 faces (27.5% area) of pressure-outlet 19.

 Reversed flow on 173 faces (33.9% area) of pressure-outlet 18.
  2472  1.7643e-03  2.0754e-05  1.6568e-05  1.6313e-05  0:35:06 1028

 Reversed flow on 50 faces (27.5% area) of pressure-outlet 19.

 Reversed flow on 173 faces (33.9% area) of pressure-outlet 18.
  2473  1.7100e-03  2.0943e-05  1.6351e-05  1.6631e-05  0:35:04 1027

 Reversed flow on 50 faces (27.5% area) of pressure-outlet 19.

 Reversed flow on 174 faces (33.9% area) of pressure-outlet 18.
  2474  1.7766e-03  2.1052e-05  1.6406e-05  1.6666e-05  0:35:00 1026

 Reversed flow on 50 faces (27.5% area) of pressure-outlet 19.

 Reversed flow on 174 faces (33.9% area) of pressure-outlet 18.
  2475  1.7602e-03  2.1285e-05  1.6865e-05  1.6860e-05  0:34:59 1025

 Reversed flow on 50 faces (27.5% area) of pressure-outlet 19.

 Reversed flow on 173 faces (33.9% area) of pressure-outlet 18.

  iter  continuity  x-velocity  y-velocity  z-velocity     time/iter
  2476  1.7604e-03  2.0443e-05  1.6386e-05  1.6535e-05  0:34:58 1024

 Reversed flow on 50 faces (27.5% area) of pressure-outlet 19.

 Reversed flow on 173 faces (33.9% area) of pressure-outlet 18.
  2477  1.8263e-03  2.1823e-05  1.6742e-05  1.6868e-05  0:34:56 1023

 Reversed flow on 50 faces (27.5% area) of pressure-outlet 19.

 Reversed flow on 174 faces (33.9% area) of pressure-outlet 18.
  2478  1.8188e-03  2.1335e-05  1.6650e-05  1.7135e-05  0:34:55 1022

 Reversed flow on 50 faces (27.5% area) of pressure-outlet 19.

 Reversed flow on 173 faces (33.9% area) of pressure-outlet 18.
  2479  1.8447e-03  2.1538e-05  1.6973e-05  1.6799e-05  0:34:52 1021

 Reversed flow on 50 faces (27.5% area) of pressure-outlet 19.

 Reversed flow on 173 faces (33.9% area) of pressure-outlet 18.
  2480  1.8088e-03  2.1264e-05  1.6828e-05  1.7089e-05  0:34:49 1020

 Reversed flow on 50 faces (27.5% area) of pressure-outlet 19.

 Reversed flow on 174 faces (33.9% area) of pressure-outlet 18.
  2481  1.9523e-03  2.2122e-05  1.7174e-05  1.7408e-05  0:34:47 1019

 Reversed flow on 50 faces (27.5% area) of pressure-outlet 19.

 Reversed flow on 174 faces (33.9% area) of pressure-outlet 18.
  2482  1.9015e-03  2.2614e-05  1.7728e-05  1.7735e-05  0:34:45 1018

 Reversed flow on 50 faces (27.5% area) of pressure-outlet 19.

 Reversed flow on 173 faces (33.9% area) of pressure-outlet 18.
  2483  1.9233e-03  2.1569e-05  1.7439e-05  1.7448e-05  0:34:44 1017

 Reversed flow on 50 faces (27.5% area) of pressure-outlet 19.

 Reversed flow on 174 faces (33.9% area) of pressure-outlet 18.
  2484  1.9686e-03  2.2526e-05  1.7818e-05  1.7543e-05  0:35:51 1016

 Reversed flow on 50 faces (27.5% area) of pressure-outlet 19.

 Reversed flow on 174 faces (33.9% area) of pressure-outlet 18.
  2485  1.9725e-03  2.2267e-05  1.7905e-05  1.7971e-05  0:35:34 1015

 Reversed flow on 50 faces (27.5% area) of pressure-outlet 19.

 Reversed flow on 174 faces (33.9% area) of pressure-outlet 18.
  2486  2.0233e-03  2.3189e-05  1.8463e-05  1.8073e-05  0:33:52 1014

 Reversed flow on 50 faces (27.5% area) of pressure-outlet 19.

 Reversed flow on 174 faces (33.9% area) of pressure-outlet 18.

  iter  continuity  x-velocity  y-velocity  z-velocity     time/iter
  2487  1.9266e-03  2.1837e-05  1.7534e-05  1.7617e-05  0:33:59 1013

 Reversed flow on 50 faces (27.5% area) of pressure-outlet 19.

 Reversed flow on 174 faces (33.9% area) of pressure-outlet 18.
  2488  2.0023e-03  2.2157e-05  1.7771e-05  1.7495e-05  0:34:05 1012

 Reversed flow on 50 faces (27.5% area) of pressure-outlet 19.

 Reversed flow on 174 faces (33.9% area) of pressure-outlet 18.
  2489  1.9264e-03  2.2250e-05  1.7778e-05  1.7487e-05  0:34:08 1011

 Reversed flow on 50 faces (27.5% area) of pressure-outlet 19.

 Reversed flow on 174 faces (33.9% area) of pressure-outlet 18.
  2490  1.9615e-03  2.2092e-05  1.7677e-05  1.7656e-05  0:34:11 1010

 Reversed flow on 50 faces (27.5% area) of pressure-outlet 19.

 Reversed flow on 174 faces (33.9% area) of pressure-outlet 18.
  2491  2.0071e-03  2.3228e-05  1.8296e-05  1.7940e-05  0:32:43 1009

 Reversed flow on 50 faces (27.5% area) of pressure-outlet 19.

 Reversed flow on 174 faces (33.9% area) of pressure-outlet 18.
  2492  1.9604e-03  2.1440e-05  1.7306e-05  1.7121e-05  0:33:01 1008

 Reversed flow on 50 faces (27.5% area) of pressure-outlet 19.

 Reversed flow on 174 faces (33.9% area) of pressure-outlet 18.
  2493  1.9727e-03  2.2438e-05  1.7752e-05  1.7388e-05  0:33:16 1007

 Reversed flow on 50 faces (27.5% area) of pressure-outlet 19.

 Reversed flow on 173 faces (33.9% area) of pressure-outlet 18.
  2494  1.9124e-03  2.2242e-05  1.7526e-05  1.7674e-05  0:33:27 1006

 Reversed flow on 50 faces (27.5% area) of pressure-outlet 19.

 Reversed flow on 174 faces (33.9% area) of pressure-outlet 18.
  2495  1.9937e-03  2.2431e-05  1.7739e-05  1.7434e-05  0:33:36 1005

 Reversed flow on 50 faces (27.5% area) of pressure-outlet 19.

 Reversed flow on 174 faces (33.9% area) of pressure-outlet 18.
  2496  1.9254e-03  2.1911e-05  1.7819e-05  1.7580e-05  0:33:44 1004

 Reversed flow on 50 faces (27.5% area) of pressure-outlet 19.

 Reversed flow on 173 faces (33.9% area) of pressure-outlet 18.
  2497  1.9357e-03  2.1813e-05  1.7507e-05  1.7396e-05  0:33:49 1003

 Reversed flow on 50 faces (27.5% area) of pressure-outlet 19.

 Reversed flow on 173 faces (33.9% area) of pressure-outlet 18.

  iter  continuity  x-velocity  y-velocity  z-velocity     time/iter
  2498  1.9010e-03  2.2556e-05  1.7742e-05  1.7546e-05  0:33:52 1002

 Reversed flow on 50 faces (27.5% area) of pressure-outlet 19.

 Reversed flow on 173 faces (33.9% area) of pressure-outlet 18.
  2499  1.9068e-03  2.1433e-05  1.7434e-05  1.7565e-05  0:33:54 1001

 Reversed flow on 50 faces (27.5% area) of pressure-outlet 19.

 Reversed flow on 173 faces (33.9% area) of pressure-outlet 18.
  2500  1.9443e-03  2.2263e-05  1.7910e-05  1.7552e-05  0:33:56 1000

 Reversed flow on 50 faces (27.5% area) of pressure-outlet 19.

 Reversed flow on 173 faces (33.9% area) of pressure-outlet 18.
  2501  1.8690e-03  2.1789e-05  1.7350e-05  1.7472e-05  0:33:56  999

 Reversed flow on 50 faces (27.5% area) of pressure-outlet 19.

 Reversed flow on 173 faces (33.9% area) of pressure-outlet 18.
  2502  1.9041e-03  2.2011e-05  1.7398e-05  1.7269e-05  0:33:56  998

 Reversed flow on 50 faces (27.5% area) of pressure-outlet 19.

 Reversed flow on 173 faces (33.9% area) of pressure-outlet 18.
  2503  1.8519e-03  2.1752e-05  1.7690e-05  1.7607e-05  0:33:56  997

 Reversed flow on 50 faces (27.5% area) of pressure-outlet 19.

 Reversed flow on 173 faces (33.9% area) of pressure-outlet 18.
  2504  1.8984e-03  2.1694e-05  1.7474e-05  1.7217e-05  0:33:57  996

 Reversed flow on 50 faces (27.5% area) of pressure-outlet 19.

 Reversed flow on 173 faces (33.9% area) of pressure-outlet 18.
  2505  1.8390e-03  2.2088e-05  1.7331e-05  1.7195e-05  0:33:56  995

 Reversed flow on 50 faces (27.5% area) of pressure-outlet 19.

 Reversed flow on 173 faces (33.9% area) of pressure-outlet 18.
  2506  1.8336e-03  2.1256e-05  1.7087e-05  1.7281e-05  0:33:55  994

 Reversed flow on 50 faces (27.5% area) of pressure-outlet 19.

 Reversed flow on 173 faces (33.9% area) of pressure-outlet 18.
  2507  1.8925e-03  2.2405e-05  1.7826e-05  1.7455e-05  0:33:53  993

 Reversed flow on 50 faces (27.5% area) of pressure-outlet 19.

 Reversed flow on 173 faces (33.9% area) of pressure-outlet 18.
  2508  1.8491e-03  2.1634e-05  1.7204e-05  1.7321e-05  0:33:51  992

 Reversed flow on 50 faces (27.5% area) of pressure-outlet 19.

 Reversed flow on 173 faces (33.9% area) of pressure-outlet 18.

  iter  continuity  x-velocity  y-velocity  z-velocity     time/iter
  2509  1.8625e-03  2.1739e-05  1.7064e-05  1.6983e-05  0:33:50  991

 Reversed flow on 50 faces (27.5% area) of pressure-outlet 19.

 Reversed flow on 173 faces (33.9% area) of pressure-outlet 18.
  2510  1.8008e-03  2.1495e-05  1.7289e-05  1.7354e-05  0:33:49  990

 Reversed flow on 50 faces (27.5% area) of pressure-outlet 19.

 Reversed flow on 173 faces (33.9% area) of pressure-outlet 18.
  2511  1.8643e-03  2.1595e-05  1.7300e-05  1.7021e-05  0:33:46  989

 Reversed flow on 50 faces (27.5% area) of pressure-outlet 19.

 Reversed flow on 173 faces (33.9% area) of pressure-outlet 18.
  2512  1.8074e-03  2.1874e-05  1.7071e-05  1.7077e-05  0:33:44  988

 Reversed flow on 50 faces (27.5% area) of pressure-outlet 19.

 Reversed flow on 174 faces (33.9% area) of pressure-outlet 18.
  2513  1.8191e-03  2.1204e-05  1.6895e-05  1.7155e-05  0:33:41  987

 Reversed flow on 50 faces (27.5% area) of pressure-outlet 19.

 Reversed flow on 174 faces (33.9% area) of pressure-outlet 18.
  2514  1.8512e-03  2.2201e-05  1.7552e-05  1.7336e-05  0:33:39  986

 Reversed flow on 50 faces (27.5% area) of pressure-outlet 19.

 Reversed flow on 173 faces (33.9% area) of pressure-outlet 18.
  2515  1.8125e-03  2.1325e-05  1.6955e-05  1.7074e-05  0:33:36  985

 Reversed flow on 50 faces (27.5% area) of pressure-outlet 19.

 Reversed flow on 174 faces (33.9% area) of pressure-outlet 18.
  2516  1.8502e-03  2.1803e-05  1.6992e-05  1.7001e-05  0:33:35  984

 Reversed flow on 50 faces (27.5% area) of pressure-outlet 19.

 Reversed flow on 174 faces (33.9% area) of pressure-outlet 18.
  2517  1.7779e-03  2.1518e-05  1.7116e-05  1.7302e-05  0:33:34  983

 Reversed flow on 50 faces (27.5% area) of pressure-outlet 19.

 Reversed flow on 173 faces (33.9% area) of pressure-outlet 18.
  2518  1.8263e-03  2.1413e-05  1.7095e-05  1.6878e-05  0:33:33  982

 Reversed flow on 50 faces (27.5% area) of pressure-outlet 19.

 Reversed flow on 173 faces (33.9% area) of pressure-outlet 18.
  2519  1.7979e-03  2.1658e-05  1.6936e-05  1.7038e-05  0:33:30  981

 Reversed flow on 50 faces (27.5% area) of pressure-outlet 19.

 Reversed flow on 174 faces (33.9% area) of pressure-outlet 18.

  iter  continuity  x-velocity  y-velocity  z-velocity     time/iter
  2520  1.8307e-03  2.1297e-05  1.6911e-05  1.7157e-05  0:33:28  980

 Reversed flow on 50 faces (27.5% area) of pressure-outlet 19.

 Reversed flow on 174 faces (33.9% area) of pressure-outlet 18.
  2521  1.8235e-03  2.2154e-05  1.7436e-05  1.7328e-05  0:33:26  979

 Reversed flow on 50 faces (27.5% area) of pressure-outlet 19.

 Reversed flow on 173 faces (33.9% area) of pressure-outlet 18.
  2522  1.7989e-03  2.0961e-05  1.6840e-05  1.7044e-05  0:33:24  978

 Reversed flow on 50 faces (27.5% area) of pressure-outlet 19.

 Reversed flow on 174 faces (33.9% area) of pressure-outlet 18.
  2523  1.8594e-03  2.1631e-05  1.7022e-05  1.6984e-05  0:33:21  977

 Reversed flow on 50 faces (27.5% area) of pressure-outlet 19.

 Reversed flow on 174 faces (33.9% area) of pressure-outlet 18.
  2524  1.7884e-03  2.1443e-05  1.7063e-05  1.7257e-05  0:33:19  976

 Reversed flow on 50 faces (27.5% area) of pressure-outlet 19.

 Reversed flow on 173 faces (33.9% area) of pressure-outlet 18.
  2525  1.8363e-03  2.1452e-05  1.7151e-05  1.6988e-05  0:33:17  975

 Reversed flow on 50 faces (27.5% area) of pressure-outlet 19.

 Reversed flow on 173 faces (33.9% area) of pressure-outlet 18.
  2526  1.7990e-03  2.1373e-05  1.6995e-05  1.7086e-05  0:33:15  974

 Reversed flow on 50 faces (27.5% area) of pressure-outlet 19.

 Reversed flow on 174 faces (33.9% area) of pressure-outlet 18.
  2527  1.8188e-03  2.1102e-05  1.6929e-05  1.6992e-05  0:33:13  973

 Reversed flow on 50 faces (27.5% area) of pressure-outlet 19.

 Reversed flow on 174 faces (33.9% area) of pressure-outlet 18.
  2528  1.8212e-03  2.2006e-05  1.7329e-05  1.7267e-05  0:33:12  972

 Reversed flow on 50 faces (27.5% area) of pressure-outlet 19.

 Reversed flow on 174 faces (33.9% area) of pressure-outlet 18.
  2529  1.7957e-03  2.1132e-05  1.6882e-05  1.7109e-05  0:33:10  971

 Reversed flow on 50 faces (27.5% area) of pressure-outlet 19.

 Reversed flow on 174 faces (33.9% area) of pressure-outlet 18.
  2530  1.8340e-03  2.1633e-05  1.6985e-05  1.6804e-05  0:33:20  970

 Reversed flow on 50 faces (27.5% area) of pressure-outlet 19.

 Reversed flow on 174 faces (33.9% area) of pressure-outlet 18.

  iter  continuity  x-velocity  y-velocity  z-velocity     time/iter
  2531  1.7611e-03  2.0813e-05  1.6652e-05  1.6855e-05  0:33:24  969

 Reversed flow on 50 faces (27.5% area) of pressure-outlet 19.

 Reversed flow on 174 faces (33.9% area) of pressure-outlet 18.
  2532  1.8178e-03  2.1360e-05  1.6863e-05  1.6760e-05  0:33:19  968

 Reversed flow on 50 faces (27.5% area) of pressure-outlet 19.

 Reversed flow on 174 faces (33.9% area) of pressure-outlet 18.
  2533  1.7732e-03  2.1596e-05  1.6845e-05  1.6970e-05  0:33:13  967

 Reversed flow on 50 faces (27.5% area) of pressure-outlet 19.

 Reversed flow on 174 faces (33.9% area) of pressure-outlet 18.
  2534  1.7958e-03  2.0979e-05  1.6622e-05  1.6680e-05  0:33:09  966

 Reversed flow on 50 faces (27.5% area) of pressure-outlet 19.

 Reversed flow on 174 faces (33.9% area) of pressure-outlet 18.
  2535  1.8034e-03  2.1468e-05  1.7014e-05  1.6898e-05  0:33:05  965

 Reversed flow on 50 faces (27.5% area) of pressure-outlet 19.

 Reversed flow on 173 faces (33.9% area) of pressure-outlet 18.
  2536  1.7878e-03  2.0850e-05  1.6571e-05  1.6756e-05  0:33:02  964

 Reversed flow on 50 faces (27.5% area) of pressure-outlet 19.

 Reversed flow on 173 faces (33.9% area) of pressure-outlet 18.
  2537  1.8148e-03  2.1675e-05  1.6838e-05  1.6746e-05  0:32:59  963

 Reversed flow on 50 faces (27.5% area) of pressure-outlet 19.

 Reversed flow on 174 faces (33.9% area) of pressure-outlet 18.
  2538  1.7743e-03  2.0708e-05  1.6650e-05  1.6891e-05  0:32:56  962

 Reversed flow on 50 faces (27.5% area) of pressure-outlet 19.

 Reversed flow on 173 faces (33.9% area) of pressure-outlet 18.
  2539  1.8220e-03  2.1081e-05  1.6893e-05  1.6601e-05  0:33:21  961

 Reversed flow on 50 faces (27.5% area) of pressure-outlet 19.

 Reversed flow on 173 faces (33.9% area) of pressure-outlet 18.
  2540  1.7772e-03  2.1412e-05  1.6705e-05  1.6968e-05  0:33:12  960

 Reversed flow on 50 faces (27.5% area) of pressure-outlet 19.

 Reversed flow on 174 faces (33.9% area) of pressure-outlet 18.
  2541  1.8443e-03  2.1502e-05  1.6805e-05  1.7081e-05  0:33:05  959

 Reversed flow on 50 faces (27.5% area) of pressure-outlet 19.

 Reversed flow on 174 faces (33.9% area) of pressure-outlet 18.

  iter  continuity  x-velocity  y-velocity  z-velocity     time/iter
  2542  1.8216e-03  2.1802e-05  1.7242e-05  1.7226e-05  0:32:58  958

 Reversed flow on 50 faces (27.5% area) of pressure-outlet 19.

 Reversed flow on 173 faces (33.9% area) of pressure-outlet 18.
  2543  1.8187e-03  2.0837e-05  1.6726e-05  1.6869e-05  0:32:53  957

 Reversed flow on 50 faces (27.5% area) of pressure-outlet 19.

 Reversed flow on 173 faces (33.9% area) of pressure-outlet 18.
  2544  1.8974e-03  2.2227e-05  1.7069e-05  1.7176e-05  0:32:48  956

 Reversed flow on 50 faces (27.5% area) of pressure-outlet 19.

 Reversed flow on 173 faces (33.9% area) of pressure-outlet 18.
  2545  1.8803e-03  2.1826e-05  1.7029e-05  1.7471e-05  0:32:43  955

 Reversed flow on 50 faces (27.5% area) of pressure-outlet 19.

 Reversed flow on 173 faces (33.9% area) of pressure-outlet 18.
  2546  1.9132e-03  2.1999e-05  1.7334e-05  1.7127e-05  0:32:41  954

 Reversed flow on 50 faces (27.5% area) of pressure-outlet 19.

 Reversed flow on 173 faces (33.9% area) of pressure-outlet 18.
  2547  1.8666e-03  2.1562e-05  1.7177e-05  1.7323e-05  0:32:37  953

 Reversed flow on 50 faces (27.5% area) of pressure-outlet 19.

 Reversed flow on 174 faces (33.9% area) of pressure-outlet 18.
  2548  1.9914e-03  2.2281e-05  1.7456e-05  1.7621e-05  0:32:33  952

 Reversed flow on 50 faces (27.5% area) of pressure-outlet 19.

 Reversed flow on 174 faces (33.9% area) of pressure-outlet 18.
  2549  1.9508e-03  2.3028e-05  1.8142e-05  1.8051e-05  0:31:07  951

 Reversed flow on 50 faces (27.5% area) of pressure-outlet 19.

 Reversed flow on 173 faces (33.9% area) of pressure-outlet 18.
  2550  1.9069e-03  2.1172e-05  1.7162e-05  1.7115e-05  0:31:22  950

 Reversed flow on 50 faces (27.5% area) of pressure-outlet 19.

 Reversed flow on 174 faces (33.9% area) of pressure-outlet 18.
  2551  1.9527e-03  2.2244e-05  1.7570e-05  1.7298e-05  0:30:10  949

 Reversed flow on 50 faces (27.5% area) of pressure-outlet 19.

 Reversed flow on 174 faces (33.9% area) of pressure-outlet 18.
  2552  1.8928e-03  2.1078e-05  1.6959e-05  1.6952e-05  0:30:35  948

 Reversed flow on 50 faces (27.5% area) of pressure-outlet 19.

 Reversed flow on 174 faces (33.9% area) of pressure-outlet 18.

  iter  continuity  x-velocity  y-velocity  z-velocity     time/iter
  2553  1.9615e-03  2.2421e-05  1.7835e-05  1.7507e-05  0:30:54  947

 Reversed flow on 50 faces (27.5% area) of pressure-outlet 19.

 Reversed flow on 174 faces (33.9% area) of pressure-outlet 18.
  2554  1.9252e-03  2.2109e-05  1.7776e-05  1.7898e-05  0:31:09  946

 Reversed flow on 50 faces (27.5% area) of pressure-outlet 19.

 Reversed flow on 174 faces (33.9% area) of pressure-outlet 18.
  2555  1.9941e-03  2.2183e-05  1.7754e-05  1.7402e-05  0:31:21  945

 Reversed flow on 50 faces (27.5% area) of pressure-outlet 19.

 Reversed flow on 174 faces (33.9% area) of pressure-outlet 18.
  2556  1.9367e-03  2.2450e-05  1.7933e-05  1.7611e-05  0:31:30  944

 Reversed flow on 50 faces (27.5% area) of pressure-outlet 19.

 Reversed flow on 174 faces (33.9% area) of pressure-outlet 18.
  2557  1.9556e-03  2.2136e-05  1.7601e-05  1.7655e-05  0:31:36  943

 Reversed flow on 50 faces (27.5% area) of pressure-outlet 19.

 Reversed flow on 174 faces (33.9% area) of pressure-outlet 18.
  2558  1.9748e-03  2.3028e-05  1.8055e-05  1.7668e-05  0:30:17  942

 Reversed flow on 50 faces (27.5% area) of pressure-outlet 19.

 Reversed flow on 174 faces (33.9% area) of pressure-outlet 18.
  2559  1.9088e-03  2.1020e-05  1.6965e-05  1.6905e-05  0:30:38  941

 Reversed flow on 50 faces (27.5% area) of pressure-outlet 19.

 Reversed flow on 174 faces (33.9% area) of pressure-outlet 18.
  2560  1.9418e-03  2.2054e-05  1.7462e-05  1.7103e-05  0:30:53  940

 Reversed flow on 50 faces (27.5% area) of pressure-outlet 19.

 Reversed flow on 173 faces (33.9% area) of pressure-outlet 18.
  2561  1.8731e-03  2.1957e-05  1.7283e-05  1.7409e-05  0:31:06  939

 Reversed flow on 50 faces (27.5% area) of pressure-outlet 19.

 Reversed flow on 174 faces (33.9% area) of pressure-outlet 18.
  2562  1.9524e-03  2.2127e-05  1.7477e-05  1.7282e-05  0:31:15  938

 Reversed flow on 50 faces (27.5% area) of pressure-outlet 19.

 Reversed flow on 174 faces (33.9% area) of pressure-outlet 18.
  2563  1.9004e-03  2.1829e-05  1.7734e-05  1.7552e-05  0:31:23  937

 Reversed flow on 50 faces (27.5% area) of pressure-outlet 19.

 Reversed flow on 173 faces (33.9% area) of pressure-outlet 18.

  iter  continuity  x-velocity  y-velocity  z-velocity     time/iter
  2564  1.9099e-03  2.1571e-05  1.7324e-05  1.7234e-05  0:31:28  936

 Reversed flow on 50 faces (27.5% area) of pressure-outlet 19.

 Reversed flow on 173 faces (33.9% area) of pressure-outlet 18.
  2565  1.8701e-03  2.2302e-05  1.7516e-05  1.7311e-05  0:31:32  935

 Reversed flow on 50 faces (27.5% area) of pressure-outlet 19.

 Reversed flow on 173 faces (33.9% area) of pressure-outlet 18.
  2566  1.8661e-03  2.1216e-05  1.7242e-05  1.7417e-05  0:31:35  934

 Reversed flow on 50 faces (27.5% area) of pressure-outlet 19.

 Reversed flow on 173 faces (33.9% area) of pressure-outlet 18.
  2567  1.9215e-03  2.2120e-05  1.7793e-05  1.7409e-05  0:31:37  933

 Reversed flow on 50 faces (27.5% area) of pressure-outlet 19.

 Reversed flow on 173 faces (33.9% area) of pressure-outlet 18.
  2568  1.8466e-03  2.1638e-05  1.7212e-05  1.7315e-05  0:31:38  932

 Reversed flow on 50 faces (27.5% area) of pressure-outlet 19.

 Reversed flow on 173 faces (33.9% area) of pressure-outlet 18.
  2569  1.8675e-03  2.1758e-05  1.7174e-05  1.7081e-05  0:31:38  931

 Reversed flow on 50 faces (27.5% area) of pressure-outlet 19.

 Reversed flow on 173 faces (33.9% area) of pressure-outlet 18.
  2570  1.8238e-03  2.1657e-05  1.7558e-05  1.7460e-05  0:31:38  930

 Reversed flow on 50 faces (27.5% area) of pressure-outlet 19.

 Reversed flow on 173 faces (33.9% area) of pressure-outlet 18.
  2571  1.8827e-03  2.1553e-05  1.7341e-05  1.7099e-05  0:31:37  929

 Reversed flow on 50 faces (27.5% area) of pressure-outlet 19.

 Reversed flow on 173 faces (33.9% area) of pressure-outlet 18.
  2572  1.8172e-03  2.1878e-05  1.7149e-05  1.7015e-05  0:31:37  928

 Reversed flow on 50 faces (27.5% area) of pressure-outlet 19.

 Reversed flow on 173 faces (33.9% area) of pressure-outlet 18.
  2573  1.8075e-03  2.1061e-05  1.6908e-05  1.7150e-05  0:31:36  927

 Reversed flow on 50 faces (27.5% area) of pressure-outlet 19.

 Reversed flow on 173 faces (33.9% area) of pressure-outlet 18.
  2574  1.8692e-03  2.2184e-05  1.7639e-05  1.7257e-05  0:31:34  926

 Reversed flow on 50 faces (27.5% area) of pressure-outlet 19.

 Reversed flow on 173 faces (33.9% area) of pressure-outlet 18.

  iter  continuity  x-velocity  y-velocity  z-velocity     time/iter
  2575  1.8203e-03  2.1455e-05  1.7050e-05  1.7165e-05  0:31:33  925

 Reversed flow on 50 faces (27.5% area) of pressure-outlet 19.

 Reversed flow on 173 faces (33.9% area) of pressure-outlet 18.
  2576  1.8401e-03  2.1546e-05  1.6901e-05  1.6861e-05  0:31:32  924

 Reversed flow on 50 faces (27.5% area) of pressure-outlet 19.

 Reversed flow on 173 faces (33.9% area) of pressure-outlet 18.
  2577  1.7827e-03  2.1431e-05  1.7191e-05  1.7240e-05  0:31:30  923

 Reversed flow on 50 faces (27.5% area) of pressure-outlet 19.

 Reversed flow on 173 faces (33.9% area) of pressure-outlet 18.
  2578  1.8347e-03  2.1320e-05  1.7089e-05  1.6862e-05  0:31:28  922

 Reversed flow on 50 faces (27.5% area) of pressure-outlet 19.

 Reversed flow on 173 faces (33.9% area) of pressure-outlet 18.
  2579  1.7870e-03  2.1696e-05  1.6916e-05  1.6935e-05  0:31:26  921

 Reversed flow on 50 faces (27.5% area) of pressure-outlet 19.

 Reversed flow on 174 faces (33.9% area) of pressure-outlet 18.
  2580  1.7971e-03  2.1067e-05  1.6770e-05  1.7061e-05  0:31:23  920

 Reversed flow on 50 faces (27.5% area) of pressure-outlet 19.

 Reversed flow on 174 faces (33.9% area) of pressure-outlet 18.
  2581  1.8291e-03  2.2035e-05  1.7399e-05  1.7183e-05  0:31:21  919

 Reversed flow on 50 faces (27.5% area) of pressure-outlet 19.

 Reversed flow on 173 faces (33.9% area) of pressure-outlet 18.
  2582  1.7876e-03  2.1154e-05  1.6827e-05  1.7000e-05  0:31:19  918

 Reversed flow on 50 faces (27.5% area) of pressure-outlet 19.

 Reversed flow on 174 faces (33.9% area) of pressure-outlet 18.
  2583  1.8424e-03  2.1654e-05  1.6916e-05  1.6912e-05  0:31:18  917

 Reversed flow on 50 faces (27.5% area) of pressure-outlet 19.

 Reversed flow on 174 faces (33.9% area) of pressure-outlet 18.
  2584  1.7620e-03  2.1432e-05  1.7032e-05  1.7196e-05  0:31:16  916

 Reversed flow on 50 faces (27.5% area) of pressure-outlet 19.

 Reversed flow on 173 faces (33.9% area) of pressure-outlet 18.
  2585  1.8013e-03  2.1179e-05  1.6942e-05  1.6773e-05  0:31:15  915

 Reversed flow on 50 faces (27.5% area) of pressure-outlet 19.

 Reversed flow on 173 faces (33.9% area) of pressure-outlet 18.

  iter  continuity  x-velocity  y-velocity  z-velocity     time/iter
  2586  1.7824e-03  2.1495e-05  1.6864e-05  1.6928e-05  0:31:13  914

 Reversed flow on 50 faces (27.5% area) of pressure-outlet 19.

 Reversed flow on 174 faces (33.9% area) of pressure-outlet 18.
  2587  1.8026e-03  2.0995e-05  1.6737e-05  1.6989e-05  0:31:12  913

 Reversed flow on 50 faces (27.5% area) of pressure-outlet 19.

 Reversed flow on 174 faces (33.9% area) of pressure-outlet 18.
  2588  1.8040e-03  2.1956e-05  1.7306e-05  1.7181e-05  0:31:08  912

 Reversed flow on 50 faces (27.5% area) of pressure-outlet 19.

 Reversed flow on 173 faces (33.9% area) of pressure-outlet 18.
  2589  1.7744e-03  2.0823e-05  1.6723e-05  1.6952e-05  0:31:06  911

 Reversed flow on 50 faces (27.5% area) of pressure-outlet 19.

 Reversed flow on 174 faces (33.9% area) of pressure-outlet 18.
  2590  1.8228e-03  2.1293e-05  1.6824e-05  1.6759e-05  0:31:04  910

 Reversed flow on 50 faces (27.5% area) of pressure-outlet 19.

 Reversed flow on 174 faces (33.9% area) of pressure-outlet 18.
  2591  1.7502e-03  2.1130e-05  1.6870e-05  1.7052e-05  0:31:02  909

 Reversed flow on 50 faces (27.5% area) of pressure-outlet 19.

 Reversed flow on 173 faces (33.9% area) of pressure-outlet 18.
  2592  1.7945e-03  2.1142e-05  1.6896e-05  1.6777e-05  0:31:00  908

 Reversed flow on 50 faces (27.5% area) of pressure-outlet 19.

 Reversed flow on 173 faces (33.9% area) of pressure-outlet 18.
  2593  1.7575e-03  2.1294e-05  1.6813e-05  1.6881e-05  0:30:57  907

 Reversed flow on 50 faces (27.5% area) of pressure-outlet 19.

 Reversed flow on 174 faces (33.9% area) of pressure-outlet 18.
  2594  1.7653e-03  2.0690e-05  1.6597e-05  1.6706e-05  0:30:56  906

 Reversed flow on 50 faces (27.5% area) of pressure-outlet 19.

 Reversed flow on 174 faces (33.9% area) of pressure-outlet 18.
  2595  1.7919e-03  2.1687e-05  1.7038e-05  1.6985e-05  0:30:54  905

 Reversed flow on 50 faces (27.5% area) of pressure-outlet 19.

 Reversed flow on 173 faces (33.9% area) of pressure-outlet 18.
  2596  1.7620e-03  2.0915e-05  1.6589e-05  1.6854e-05  0:30:52  904

 Reversed flow on 50 faces (27.5% area) of pressure-outlet 19.

 Reversed flow on 174 faces (33.9% area) of pressure-outlet 18.

  iter  continuity  x-velocity  y-velocity  z-velocity     time/iter
  2597  1.7938e-03  2.1343e-05  1.6695e-05  1.6558e-05  0:30:49  903

 Reversed flow on 50 faces (27.5% area) of pressure-outlet 19.

 Reversed flow on 174 faces (33.9% area) of pressure-outlet 18.
  2598  1.7227e-03  2.0510e-05  1.6442e-05  1.6650e-05  0:30:47  902

 Reversed flow on 50 faces (27.5% area) of pressure-outlet 19.

 Reversed flow on 173 faces (33.9% area) of pressure-outlet 18.
  2599  1.7921e-03  2.1026e-05  1.6689e-05  1.6571e-05  0:30:49  901

 Reversed flow on 50 faces (27.5% area) of pressure-outlet 19.

 Reversed flow on 173 faces (33.9% area) of pressure-outlet 18.
  2600  1.7417e-03  2.1396e-05  1.6628e-05  1.6773e-05  0:31:18  900

 Reversed flow on 50 faces (27.5% area) of pressure-outlet 19.

 Reversed flow on 174 faces (33.9% area) of pressure-outlet 18.
  2601  1.7676e-03  2.0789e-05  1.6478e-05  1.6629e-05  0:31:20  899

 Reversed flow on 50 faces (27.5% area) of pressure-outlet 19.

 Reversed flow on 174 faces (33.9% area) of pressure-outlet 18.
  2602  1.7825e-03  2.1332e-05  1.6958e-05  1.6827e-05  0:31:10  898

 Reversed flow on 50 faces (27.5% area) of pressure-outlet 19.

 Reversed flow on 173 faces (33.9% area) of pressure-outlet 18.
  2603  1.7594e-03  2.0713e-05  1.6489e-05  1.6675e-05  0:31:02  897

 Reversed flow on 50 faces (27.5% area) of pressure-outlet 19.

 Reversed flow on 173 faces (33.9% area) of pressure-outlet 18.
  2604  1.8041e-03  2.1582e-05  1.6736e-05  1.6764e-05  0:30:56  896

 Reversed flow on 50 faces (27.5% area) of pressure-outlet 19.

 Reversed flow on 174 faces (33.9% area) of pressure-outlet 18.
  2605  1.7654e-03  2.0886e-05  1.6688e-05  1.6937e-05  0:30:50  895

 Reversed flow on 50 faces (27.5% area) of pressure-outlet 19.

 Reversed flow on 173 faces (33.9% area) of pressure-outlet 18.
  2606  1.8093e-03  2.1004e-05  1.6817e-05  1.6535e-05  0:30:46  894

 Reversed flow on 50 faces (27.5% area) of pressure-outlet 19.

 Reversed flow on 173 faces (33.9% area) of pressure-outlet 18.
  2607  1.7701e-03  2.1325e-05  1.6618e-05  1.6914e-05  0:30:41  893

 Reversed flow on 50 faces (27.5% area) of pressure-outlet 19.

 Reversed flow on 174 faces (33.9% area) of pressure-outlet 18.

  iter  continuity  x-velocity  y-velocity  z-velocity     time/iter
  2608  1.8604e-03  2.1678e-05  1.6801e-05  1.7178e-05  0:30:36  892

 Reversed flow on 50 faces (27.5% area) of pressure-outlet 19.

 Reversed flow on 174 faces (33.9% area) of pressure-outlet 18.
  2609  1.8345e-03  2.2045e-05  1.7202e-05  1.7257e-05  0:30:32  891

 Reversed flow on 50 faces (27.5% area) of pressure-outlet 19.

 Reversed flow on 173 faces (33.9% area) of pressure-outlet 18.
  2610  1.8234e-03  2.0868e-05  1.6681e-05  1.6919e-05  0:30:30  890

 Reversed flow on 50 faces (27.5% area) of pressure-outlet 19.

 Reversed flow on 173 faces (33.9% area) of pressure-outlet 18.
  2611  1.9263e-03  2.2283e-05  1.7185e-05  1.7266e-05  0:30:28  889

 Reversed flow on 50 faces (27.5% area) of pressure-outlet 19.

 Reversed flow on 174 faces (33.9% area) of pressure-outlet 18.
  2612  1.9209e-03  2.2083e-05  1.7295e-05  1.7630e-05  0:30:24  888

 Reversed flow on 50 faces (27.5% area) of pressure-outlet 19.

 Reversed flow on 173 faces (33.9% area) of pressure-outlet 18.
  2613  1.9381e-03  2.2165e-05  1.7556e-05  1.7334e-05  0:30:21  887

 Reversed flow on 50 faces (27.5% area) of pressure-outlet 19.

 Reversed flow on 173 faces (33.9% area) of pressure-outlet 18.
  2614  1.9079e-03  2.1837e-05  1.7529e-05  1.7624e-05  0:30:18  886

 Reversed flow on 50 faces (27.5% area) of pressure-outlet 19.

 Reversed flow on 174 faces (33.9% area) of pressure-outlet 18.
  2615  2.0217e-03  2.2500e-05  1.7869e-05  1.7849e-05  0:30:16  885

 Reversed flow on 50 faces (27.5% area) of pressure-outlet 19.

 Reversed flow on 174 faces (33.9% area) of pressure-outlet 18.
  2616  1.9937e-03  2.3395e-05  1.8538e-05  1.8350e-05  0:28:55  884

 Reversed flow on 50 faces (27.5% area) of pressure-outlet 19.

 Reversed flow on 174 faces (33.9% area) of pressure-outlet 18.
  2617  1.9511e-03  2.1622e-05  1.7525e-05  1.7545e-05  0:29:08  883

 Reversed flow on 50 faces (27.5% area) of pressure-outlet 19.

 Reversed flow on 174 faces (33.9% area) of pressure-outlet 18.
  2618  1.9887e-03  2.2563e-05  1.7861e-05  1.7550e-05  0:28:00  882

 Reversed flow on 50 faces (27.5% area) of pressure-outlet 19.

 Reversed flow on 174 faces (33.9% area) of pressure-outlet 18.

  iter  continuity  x-velocity  y-velocity  z-velocity     time/iter
  2619  1.9127e-03  2.1243e-05  1.7114e-05  1.7002e-05  0:28:23  881

 Reversed flow on 50 faces (27.5% area) of pressure-outlet 19.

 Reversed flow on 174 faces (33.9% area) of pressure-outlet 18.
  2620  1.9756e-03  2.2499e-05  1.7814e-05  1.7511e-05  0:28:42  880

 Reversed flow on 50 faces (27.5% area) of pressure-outlet 19.

 Reversed flow on 174 faces (33.9% area) of pressure-outlet 18.
  2621  1.9507e-03  2.2499e-05  1.7912e-05  1.7971e-05  0:28:56  879

 Reversed flow on 50 faces (27.5% area) of pressure-outlet 19.

 Reversed flow on 174 faces (33.9% area) of pressure-outlet 18.
  2622  2.0186e-03  2.2424e-05  1.7882e-05  1.7467e-05  0:29:07  878

 Reversed flow on 50 faces (27.5% area) of pressure-outlet 19.

 Reversed flow on 174 faces (33.9% area) of pressure-outlet 18.
  2623  1.9561e-03  2.2484e-05  1.7998e-05  1.7639e-05  0:27:58  877

 Reversed flow on 50 faces (27.5% area) of pressure-outlet 19.

 Reversed flow on 174 faces (33.9% area) of pressure-outlet 18.
  2624  1.9153e-03  2.1318e-05  1.6957e-05  1.7019e-05  0:28:21  876

 Reversed flow on 50 faces (27.5% area) of pressure-outlet 19.

 Reversed flow on 174 faces (33.9% area) of pressure-outlet 18.
  2625  1.9376e-03  2.2536e-05  1.7592e-05  1.7283e-05  0:27:20  875

 Reversed flow on 50 faces (27.5% area) of pressure-outlet 19.

 Reversed flow on 174 faces (33.9% area) of pressure-outlet 18.
  2626  1.8640e-03  2.0469e-05  1.6548e-05  1.6576e-05  0:27:48  874

 Reversed flow on 50 faces (27.5% area) of pressure-outlet 19.

 Reversed flow on 173 faces (33.9% area) of pressure-outlet 18.
  2627  1.9066e-03  2.1541e-05  1.7115e-05  1.6764e-05  0:28:11  873

 Reversed flow on 50 faces (27.5% area) of pressure-outlet 19.

 Reversed flow on 173 faces (33.9% area) of pressure-outlet 18.
  2628  1.8492e-03  2.1596e-05  1.7043e-05  1.7140e-05  0:28:29  872

 Reversed flow on 50 faces (27.5% area) of pressure-outlet 19.

 Reversed flow on 173 faces (33.9% area) of pressure-outlet 18.
  2629  1.9100e-03  2.1694e-05  1.7176e-05  1.7042e-05  0:28:42  871

 Reversed flow on 50 faces (27.5% area) of pressure-outlet 19.

 Reversed flow on 173 faces (33.9% area) of pressure-outlet 18.

  iter  continuity  x-velocity  y-velocity  z-velocity     time/iter
  2630  1.8631e-03  2.1508e-05  1.7495e-05  1.7298e-05  0:28:53  870

 Reversed flow on 50 faces (27.5% area) of pressure-outlet 19.

 Reversed flow on 173 faces (33.9% area) of pressure-outlet 18.
  2631  1.8838e-03  2.1254e-05  1.7106e-05  1.7003e-05  0:29:02  869

 Reversed flow on 50 faces (27.5% area) of pressure-outlet 19.

 Reversed flow on 173 faces (33.9% area) of pressure-outlet 18.
  2632  1.8547e-03  2.2032e-05  1.7307e-05  1.7057e-05  0:29:07  868

 Reversed flow on 50 faces (27.5% area) of pressure-outlet 19.

 Reversed flow on 173 faces (33.9% area) of pressure-outlet 18.
  2633  1.8391e-03  2.1008e-05  1.7063e-05  1.7232e-05  0:29:11  867

 Reversed flow on 50 faces (27.5% area) of pressure-outlet 19.

 Reversed flow on 173 faces (33.9% area) of pressure-outlet 18.
  2634  1.9079e-03  2.2046e-05  1.7693e-05  1.7280e-05  0:29:14  866

 Reversed flow on 50 faces (27.5% area) of pressure-outlet 19.

 Reversed flow on 173 faces (33.9% area) of pressure-outlet 18.
  2635  1.8339e-03  2.1536e-05  1.7118e-05  1.7198e-05  0:29:15  865

 Reversed flow on 50 faces (27.5% area) of pressure-outlet 19.

 Reversed flow on 173 faces (33.9% area) of pressure-outlet 18.
  2636  1.8533e-03  2.1584e-05  1.7018e-05  1.6932e-05  0:29:17  864

 Reversed flow on 50 faces (27.5% area) of pressure-outlet 19.

 Reversed flow on 173 faces (33.9% area) of pressure-outlet 18.
  2637  1.8089e-03  2.1553e-05  1.7408e-05  1.7305e-05  0:29:18  863

 Reversed flow on 50 faces (27.5% area) of pressure-outlet 19.

 Reversed flow on 173 faces (33.9% area) of pressure-outlet 18.
  2638  1.8607e-03  2.1397e-05  1.7174e-05  1.6972e-05  0:29:18  862

 Reversed flow on 50 faces (27.5% area) of pressure-outlet 19.

 Reversed flow on 173 faces (33.9% area) of pressure-outlet 18.
  2639  1.8069e-03  2.1779e-05  1.7037e-05  1.6883e-05  0:29:18  861

 Reversed flow on 50 faces (27.5% area) of pressure-outlet 19.

 Reversed flow on 173 faces (33.9% area) of pressure-outlet 18.
  2640  1.7952e-03  2.0853e-05  1.6755e-05  1.7022e-05  0:29:16  860

 Reversed flow on 50 faces (27.5% area) of pressure-outlet 19.

 Reversed flow on 173 faces (33.9% area) of pressure-outlet 18.

  iter  continuity  x-velocity  y-velocity  z-velocity     time/iter
  2641  1.8574e-03  2.2000e-05  1.7489e-05  1.7130e-05  0:29:15  859

 Reversed flow on 50 faces (27.5% area) of pressure-outlet 19.

 Reversed flow on 173 faces (33.9% area) of pressure-outlet 18.
  2642  1.8061e-03  2.1339e-05  1.6927e-05  1.7042e-05  0:30:14  858

 Reversed flow on 50 faces (27.5% area) of pressure-outlet 19.

 Reversed flow on 173 faces (33.9% area) of pressure-outlet 18.
  2643  1.8279e-03  2.1436e-05  1.6812e-05  1.6771e-05  0:30:00  857

 Reversed flow on 50 faces (27.5% area) of pressure-outlet 19.

 Reversed flow on 173 faces (33.9% area) of pressure-outlet 18.
  2644  1.7748e-03  2.1364e-05  1.7153e-05  1.7158e-05  0:29:49  856

 Reversed flow on 50 faces (27.5% area) of pressure-outlet 19.

 Reversed flow on 173 faces (33.9% area) of pressure-outlet 18.
  2645  1.8261e-03  2.1191e-05  1.6985e-05  1.6804e-05  0:29:42  855

 Reversed flow on 50 faces (27.5% area) of pressure-outlet 19.

 Reversed flow on 173 faces (33.9% area) of pressure-outlet 18.
  2646  1.7919e-03  2.1722e-05  1.6892e-05  1.6903e-05  0:29:33  854

 Reversed flow on 50 faces (27.5% area) of pressure-outlet 19.

 Reversed flow on 174 faces (33.9% area) of pressure-outlet 18.
  2647  1.7915e-03  2.0967e-05  1.6701e-05  1.7017e-05  0:29:26  853

 Reversed flow on 50 faces (27.5% area) of pressure-outlet 19.

 Reversed flow on 174 faces (33.9% area) of pressure-outlet 18.
  2648  1.8298e-03  2.1939e-05  1.7324e-05  1.7111e-05  0:29:19  852

 Reversed flow on 50 faces (27.5% area) of pressure-outlet 19.

 Reversed flow on 173 faces (33.9% area) of pressure-outlet 18.
  2649  1.7884e-03  2.1125e-05  1.6782e-05  1.6967e-05  0:29:15  851

 Reversed flow on 50 faces (27.5% area) of pressure-outlet 19.

 Reversed flow on 174 faces (33.9% area) of pressure-outlet 18.
  2650  1.8344e-03  2.1567e-05  1.6845e-05  1.6873e-05  0:29:11  850

 Reversed flow on 50 faces (27.5% area) of pressure-outlet 19.

 Reversed flow on 174 faces (33.9% area) of pressure-outlet 18.
  2651  1.7655e-03  2.1525e-05  1.7075e-05  1.7209e-05  0:29:07  849

 Reversed flow on 50 faces (27.5% area) of pressure-outlet 19.

 Reversed flow on 173 faces (33.9% area) of pressure-outlet 18.

  iter  continuity  x-velocity  y-velocity  z-velocity     time/iter
  2652  1.8080e-03  2.1109e-05  1.6914e-05  1.6782e-05  0:29:04  848

 Reversed flow on 50 faces (27.5% area) of pressure-outlet 19.

 Reversed flow on 173 faces (33.9% area) of pressure-outlet 18.
  2653  1.7891e-03  2.1496e-05  1.6881e-05  1.6925e-05  0:29:03  847

 Reversed flow on 50 faces (27.5% area) of pressure-outlet 19.

 Reversed flow on 174 faces (33.9% area) of pressure-outlet 18.
  2654  1.8149e-03  2.1064e-05  1.6777e-05  1.7079e-05  0:29:00  846

 Reversed flow on 50 faces (27.5% area) of pressure-outlet 19.

 Reversed flow on 174 faces (33.9% area) of pressure-outlet 18.
  2655  1.8255e-03  2.2034e-05  1.7360e-05  1.7215e-05  0:28:56  845

 Reversed flow on 50 faces (27.5% area) of pressure-outlet 19.

 Reversed flow on 173 faces (33.9% area) of pressure-outlet 18.
  2656  1.7877e-03  2.0912e-05  1.6835e-05  1.7073e-05  0:28:53  844

 Reversed flow on 50 faces (27.5% area) of pressure-outlet 19.

 Reversed flow on 174 faces (33.9% area) of pressure-outlet 18.
  2657  1.8490e-03  2.1394e-05  1.6926e-05  1.6867e-05  0:28:50  843

 Reversed flow on 50 faces (27.5% area) of pressure-outlet 19.

 Reversed flow on 174 faces (33.9% area) of pressure-outlet 18.
  2658  1.7719e-03  2.1358e-05  1.7023e-05  1.7153e-05  0:28:47  842

 Reversed flow on 50 faces (27.5% area) of pressure-outlet 19.

 Reversed flow on 174 faces (33.9% area) of pressure-outlet 18.
  2659  1.8100e-03  2.1231e-05  1.6974e-05  1.6880e-05  0:28:45  841

 Reversed flow on 50 faces (27.5% area) of pressure-outlet 19.

 Reversed flow on 174 faces (33.9% area) of pressure-outlet 18.
  2660  1.7772e-03  2.1437e-05  1.6950e-05  1.6960e-05  0:28:42  840

 Reversed flow on 50 faces (27.5% area) of pressure-outlet 19.

 Reversed flow on 174 faces (33.9% area) of pressure-outlet 18.
  2661  1.7871e-03  2.0806e-05  1.6716e-05  1.6814e-05  0:28:40  839

 Reversed flow on 50 faces (27.5% area) of pressure-outlet 19.

 Reversed flow on 174 faces (33.9% area) of pressure-outlet 18.
  2662  1.8189e-03  2.1869e-05  1.7143e-05  1.7064e-05  0:28:37  838

 Reversed flow on 50 faces (27.5% area) of pressure-outlet 19.

 Reversed flow on 174 faces (33.9% area) of pressure-outlet 18.

  iter  continuity  x-velocity  y-velocity  z-velocity     time/iter
  2663  1.7865e-03  2.1147e-05  1.6746e-05  1.7023e-05  0:28:35  837

 Reversed flow on 50 faces (27.5% area) of pressure-outlet 19.

 Reversed flow on 174 faces (33.9% area) of pressure-outlet 18.
  2664  1.8201e-03  2.1510e-05  1.6832e-05  1.6667e-05  0:28:33  836

 Reversed flow on 50 faces (27.5% area) of pressure-outlet 19.

 Reversed flow on 174 faces (33.9% area) of pressure-outlet 18.
  2665  1.7482e-03  2.0720e-05  1.6623e-05  1.6764e-05  0:28:33  835

 Reversed flow on 50 faces (27.5% area) of pressure-outlet 19.

 Reversed flow on 173 faces (33.9% area) of pressure-outlet 18.
  2666  1.8105e-03  2.1129e-05  1.6797e-05  1.6681e-05  0:28:30  834

 Reversed flow on 50 faces (27.5% area) of pressure-outlet 19.

 Reversed flow on 173 faces (33.9% area) of pressure-outlet 18.
  2667  1.7682e-03  2.1643e-05  1.6814e-05  1.6921e-05  0:28:28  833

 Reversed flow on 50 faces (27.5% area) of pressure-outlet 19.

 Reversed flow on 174 faces (33.9% area) of pressure-outlet 18.
  2668  1.7958e-03  2.0930e-05  1.6671e-05  1.6804e-05  0:28:25  832

 Reversed flow on 50 faces (27.5% area) of pressure-outlet 19.

 Reversed flow on 174 faces (33.9% area) of pressure-outlet 18.
  2669  1.8171e-03  2.1563e-05  1.7154e-05  1.6976e-05  0:28:22  831

 Reversed flow on 50 faces (27.5% area) of pressure-outlet 19.

 Reversed flow on 173 faces (33.9% area) of pressure-outlet 18.
  2670  1.7829e-03  2.0926e-05  1.6663e-05  1.6853e-05  0:28:21  830

 Reversed flow on 50 faces (27.5% area) of pressure-outlet 19.

 Reversed flow on 173 faces (33.9% area) of pressure-outlet 18.
  2671  1.8337e-03  2.1761e-05  1.6909e-05  1.6942e-05  0:28:18  829

 Reversed flow on 50 faces (27.5% area) of pressure-outlet 19.

 Reversed flow on 173 faces (33.9% area) of pressure-outlet 18.
  2672  1.7920e-03  2.1117e-05  1.6928e-05  1.7139e-05  0:28:16  828

 Reversed flow on 50 faces (27.5% area) of pressure-outlet 19.

 Reversed flow on 173 faces (33.9% area) of pressure-outlet 18.
  2673  1.8311e-03  2.1111e-05  1.6943e-05  1.6666e-05  0:28:14  827

 Reversed flow on 50 faces (27.5% area) of pressure-outlet 19.

 Reversed flow on 173 faces (33.9% area) of pressure-outlet 18.

  iter  continuity  x-velocity  y-velocity  z-velocity     time/iter
  2674  1.7954e-03  2.1556e-05  1.6788e-05  1.7033e-05  0:28:12  826

 Reversed flow on 50 faces (27.5% area) of pressure-outlet 19.

 Reversed flow on 173 faces (33.9% area) of pressure-outlet 18.
  2675  1.8712e-03  2.1713e-05  1.6886e-05  1.7249e-05  0:28:10  825

 Reversed flow on 50 faces (27.5% area) of pressure-outlet 19.

 Reversed flow on 173 faces (33.9% area) of pressure-outlet 18.
  2676  1.8538e-03  2.2206e-05  1.7341e-05  1.7362e-05  0:28:08  824

 Reversed flow on 50 faces (27.5% area) of pressure-outlet 19.

 Reversed flow on 173 faces (33.9% area) of pressure-outlet 18.
  2677  1.8429e-03  2.1028e-05  1.6822e-05  1.7031e-05  0:28:06  823

 Reversed flow on 50 faces (27.5% area) of pressure-outlet 19.

 Reversed flow on 173 faces (33.9% area) of pressure-outlet 18.
  2678  1.9401e-03  2.2344e-05  1.7251e-05  1.7318e-05  0:28:05  822

 Reversed flow on 50 faces (27.5% area) of pressure-outlet 19.

 Reversed flow on 173 faces (33.9% area) of pressure-outlet 18.
  2679  1.9216e-03  2.2144e-05  1.7351e-05  1.7663e-05  0:28:03  821

 Reversed flow on 50 faces (27.5% area) of pressure-outlet 19.

 Reversed flow on 173 faces (33.9% area) of pressure-outlet 18.
  2680  1.9356e-03  2.2129e-05  1.7567e-05  1.7333e-05  0:28:01  820

 Reversed flow on 50 faces (27.5% area) of pressure-outlet 19.

 Reversed flow on 173 faces (33.9% area) of pressure-outlet 18.
  2681  1.9057e-03  2.1831e-05  1.7514e-05  1.7579e-05  0:27:58  819

 Reversed flow on 50 faces (27.5% area) of pressure-outlet 19.

 Reversed flow on 174 faces (33.9% area) of pressure-outlet 18.
  2682  2.0062e-03  2.2349e-05  1.7792e-05  1.7766e-05  0:27:56  818

 Reversed flow on 50 faces (27.5% area) of pressure-outlet 19.

 Reversed flow on 174 faces (33.9% area) of pressure-outlet 18.
  2683  1.9814e-03  2.3263e-05  1.8438e-05  1.8236e-05  0:26:42  817

 Reversed flow on 50 faces (27.5% area) of pressure-outlet 19.

 Reversed flow on 174 faces (33.9% area) of pressure-outlet 18.
  2684  1.9375e-03  2.1501e-05  1.7426e-05  1.7456e-05  0:26:56  816

 Reversed flow on 50 faces (27.5% area) of pressure-outlet 19.

 Reversed flow on 174 faces (33.9% area) of pressure-outlet 18.

  iter  continuity  x-velocity  y-velocity  z-velocity     time/iter
  2685  1.9699e-03  2.2339e-05  1.7672e-05  1.7372e-05  0:25:53  815

 Reversed flow on 50 faces (27.5% area) of pressure-outlet 19.

 Reversed flow on 174 faces (33.9% area) of pressure-outlet 18.
  2686  1.8823e-03  2.0980e-05  1.6874e-05  1.6816e-05  0:26:15  814

 Reversed flow on 50 faces (27.5% area) of pressure-outlet 19.

 Reversed flow on 174 faces (33.9% area) of pressure-outlet 18.
  2687  1.9452e-03  2.2229e-05  1.7578e-05  1.7321e-05  0:26:31  813

 Reversed flow on 50 faces (27.5% area) of pressure-outlet 19.

 Reversed flow on 174 faces (33.9% area) of pressure-outlet 18.
  2688  1.9236e-03  2.2307e-05  1.7707e-05  1.7792e-05  0:26:44  812

 Reversed flow on 50 faces (27.5% area) of pressure-outlet 19.

 Reversed flow on 174 faces (33.9% area) of pressure-outlet 18.
  2689  1.9839e-03  2.2076e-05  1.7613e-05  1.7241e-05  0:26:54  811

 Reversed flow on 50 faces (27.5% area) of pressure-outlet 19.

 Reversed flow on 174 faces (33.9% area) of pressure-outlet 18.
  2690  1.9340e-03  2.2267e-05  1.7788e-05  1.7481e-05  0:25:50  810

 Reversed flow on 50 faces (27.5% area) of pressure-outlet 19.

 Reversed flow on 174 faces (33.9% area) of pressure-outlet 18.
  2691  1.8923e-03  2.1093e-05  1.6754e-05  1.6855e-05  0:26:10  809

 Reversed flow on 50 faces (27.5% area) of pressure-outlet 19.

 Reversed flow on 174 faces (33.9% area) of pressure-outlet 18.
  2692  1.9161e-03  2.2303e-05  1.7388e-05  1.7102e-05  0:25:13  808

 Reversed flow on 50 faces (27.5% area) of pressure-outlet 19.

 Reversed flow on 174 faces (33.9% area) of pressure-outlet 18.
  2693  1.8305e-03  2.0210e-05  1.6320e-05  1.6397e-05  0:25:41  807

 Reversed flow on 50 faces (27.5% area) of pressure-outlet 19.

 Reversed flow on 173 faces (33.9% area) of pressure-outlet 18.
  2694  1.8789e-03  2.1257e-05  1.6895e-05  1.6557e-05  0:26:01  806

 Reversed flow on 50 faces (27.5% area) of pressure-outlet 19.

 Reversed flow on 173 faces (33.9% area) of pressure-outlet 18.
  2695  1.8211e-03  2.1383e-05  1.6845e-05  1.6950e-05  0:26:18  805

 Reversed flow on 50 faces (27.5% area) of pressure-outlet 19.

 Reversed flow on 173 faces (33.9% area) of pressure-outlet 18.

  iter  continuity  x-velocity  y-velocity  z-velocity     time/iter
  2696  1.8838e-03  2.1443e-05  1.6998e-05  1.6901e-05  0:26:30  804

 Reversed flow on 50 faces (27.5% area) of pressure-outlet 19.

 Reversed flow on 173 faces (33.9% area) of pressure-outlet 18.
  2697  1.8447e-03  2.1408e-05  1.7389e-05  1.7210e-05  0:26:40  803

 Reversed flow on 50 faces (27.5% area) of pressure-outlet 19.

 Reversed flow on 173 faces (33.9% area) of pressure-outlet 18.
  2698  1.8667e-03  2.1105e-05  1.6984e-05  1.6905e-05  0:26:47  802

 Reversed flow on 50 faces (27.5% area) of pressure-outlet 19.

 Reversed flow on 173 faces (33.9% area) of pressure-outlet 18.
  2699  1.8296e-03  2.1808e-05  1.7117e-05  1.6869e-05  0:26:52  801

 Reversed flow on 50 faces (27.5% area) of pressure-outlet 19.

 Reversed flow on 173 faces (33.9% area) of pressure-outlet 18.
  2700  1.8126e-03  2.0831e-05  1.6906e-05  1.7114e-05  0:26:56  800

 Reversed flow on 50 faces (27.5% area) of pressure-outlet 19.

 Reversed flow on 173 faces (33.9% area) of pressure-outlet 18.
  2701  1.8914e-03  2.1905e-05  1.7571e-05  1.7143e-05  0:26:58  799

 Reversed flow on 50 faces (27.5% area) of pressure-outlet 19.

 Reversed flow on 173 faces (33.9% area) of pressure-outlet 18.
  2702  1.8168e-03  2.1452e-05  1.7023e-05  1.7094e-05  0:26:59  798

 Reversed flow on 50 faces (27.5% area) of pressure-outlet 19.

 Reversed flow on 173 faces (33.9% area) of pressure-outlet 18.
  2703  1.8416e-03  2.1482e-05  1.6905e-05  1.6866e-05  0:27:00  797

 Reversed flow on 50 faces (27.5% area) of pressure-outlet 19.

 Reversed flow on 173 faces (33.9% area) of pressure-outlet 18.
  2704  1.8000e-03  2.1548e-05  1.7339e-05  1.7218e-05  0:27:01  796

 Reversed flow on 50 faces (27.5% area) of pressure-outlet 19.

 Reversed flow on 173 faces (33.9% area) of pressure-outlet 18.
  2705  1.8454e-03  2.1237e-05  1.7025e-05  1.6875e-05  0:27:01  795

 Reversed flow on 50 faces (27.5% area) of pressure-outlet 19.

 Reversed flow on 173 faces (33.9% area) of pressure-outlet 18.
  2706  1.7969e-03  2.1680e-05  1.6933e-05  1.6789e-05  0:27:00  794

 Reversed flow on 50 faces (27.5% area) of pressure-outlet 19.

 Reversed flow on 173 faces (33.9% area) of pressure-outlet 18.

  iter  continuity  x-velocity  y-velocity  z-velocity     time/iter
  2707  1.7834e-03  2.0763e-05  1.6671e-05  1.6980e-05  0:26:59  793

 Reversed flow on 50 faces (27.5% area) of pressure-outlet 19.

 Reversed flow on 173 faces (33.9% area) of pressure-outlet 18.
  2708  1.8476e-03  2.1875e-05  1.7379e-05  1.7026e-05  0:26:58  792

 Reversed flow on 50 faces (27.5% area) of pressure-outlet 19.

 Reversed flow on 173 faces (33.9% area) of pressure-outlet 18.
  2709  1.7909e-03  2.1267e-05  1.6845e-05  1.6962e-05  0:26:57  791

 Reversed flow on 50 faces (27.5% area) of pressure-outlet 19.

 Reversed flow on 174 faces (33.9% area) of pressure-outlet 18.
  2710  1.8210e-03  2.1388e-05  1.6748e-05  1.6741e-05  0:26:55  790

 Reversed flow on 50 faces (27.5% area) of pressure-outlet 19.

 Reversed flow on 174 faces (33.9% area) of pressure-outlet 18.
  2711  1.7707e-03  2.1452e-05  1.7180e-05  1.7149e-05  0:26:54  789

 Reversed flow on 50 faces (27.5% area) of pressure-outlet 19.

 Reversed flow on 173 faces (33.9% area) of pressure-outlet 18.
  2712  1.8216e-03  2.1138e-05  1.6924e-05  1.6800e-05  0:26:53  788

 Reversed flow on 50 faces (27.5% area) of pressure-outlet 19.

 Reversed flow on 173 faces (33.9% area) of pressure-outlet 18.
  2713  1.7842e-03  2.1677e-05  1.6847e-05  1.6856e-05  0:26:51  787

 Reversed flow on 50 faces (27.5% area) of pressure-outlet 19.

 Reversed flow on 174 faces (33.9% area) of pressure-outlet 18.
  2714  1.7827e-03  2.0946e-05  1.6685e-05  1.7016e-05  0:26:49  786

 Reversed flow on 50 faces (27.5% area) of pressure-outlet 19.

 Reversed flow on 174 faces (33.9% area) of pressure-outlet 18.
  2715  1.8229e-03  2.1821e-05  1.7261e-05  1.7028e-05  0:26:47  785

 Reversed flow on 50 faces (27.5% area) of pressure-outlet 19.

 Reversed flow on 173 faces (33.9% area) of pressure-outlet 18.
  2716  1.7695e-03  2.1064e-05  1.6727e-05  1.6922e-05  0:26:45  784

 Reversed flow on 50 faces (27.5% area) of pressure-outlet 19.

 Reversed flow on 174 faces (33.9% area) of pressure-outlet 18.
  2717  1.8301e-03  2.1476e-05  1.6776e-05  1.6825e-05  0:26:43  783

 Reversed flow on 50 faces (27.5% area) of pressure-outlet 19.

 Reversed flow on 174 faces (33.9% area) of pressure-outlet 18.

  iter  continuity  x-velocity  y-velocity  z-velocity     time/iter
  2718  1.7607e-03  2.1486e-05  1.7027e-05  1.7136e-05  0:26:41  782

 Reversed flow on 50 faces (27.5% area) of pressure-outlet 19.

 Reversed flow on 173 faces (33.9% area) of pressure-outlet 18.
  2719  1.7943e-03  2.0958e-05  1.6809e-05  1.6750e-05  0:26:40  781

 Reversed flow on 50 faces (27.5% area) of pressure-outlet 19.

 Reversed flow on 173 faces (33.9% area) of pressure-outlet 18.
  2720  1.7866e-03  2.1431e-05  1.6844e-05  1.6864e-05  0:26:38  780

 Reversed flow on 50 faces (27.5% area) of pressure-outlet 19.

 Reversed flow on 174 faces (33.9% area) of pressure-outlet 18.
  2721  1.8053e-03  2.0952e-05  1.6713e-05  1.7024e-05  0:26:36  779

 Reversed flow on 50 faces (27.5% area) of pressure-outlet 19.

 Reversed flow on 174 faces (33.9% area) of pressure-outlet 18.
  2722  1.8263e-03  2.1921e-05  1.7301e-05  1.7129e-05  0:26:34  778

 Reversed flow on 50 faces (27.5% area) of pressure-outlet 19.

 Reversed flow on 174 faces (33.9% area) of pressure-outlet 18.
  2723  1.7829e-03  2.0912e-05  1.6832e-05  1.7065e-05  0:26:32  777

 Reversed flow on 50 faces (27.5% area) of pressure-outlet 19.

 Reversed flow on 174 faces (33.9% area) of pressure-outlet 18.
  2724  1.8376e-03  2.1289e-05  1.6869e-05  1.6805e-05  0:26:30  776

 Reversed flow on 50 faces (27.5% area) of pressure-outlet 19.

 Reversed flow on 174 faces (33.9% area) of pressure-outlet 18.
  2725  1.7775e-03  2.1436e-05  1.7088e-05  1.7167e-05  0:26:28  775

 Reversed flow on 50 faces (27.5% area) of pressure-outlet 19.

 Reversed flow on 174 faces (33.9% area) of pressure-outlet 18.
  2726  1.8095e-03  2.1172e-05  1.6945e-05  1.6878e-05  0:26:29  774

 Reversed flow on 50 faces (27.5% area) of pressure-outlet 19.

 Reversed flow on 174 faces (33.9% area) of pressure-outlet 18.
  2727  1.7836e-03  2.1559e-05  1.7014e-05  1.6982e-05  0:26:26  773

 Reversed flow on 50 faces (27.5% area) of pressure-outlet 19.

 Reversed flow on 174 faces (33.9% area) of pressure-outlet 18.
  2728  1.7912e-03  2.0792e-05  1.6699e-05  1.6833e-05  0:26:24  772

 Reversed flow on 50 faces (27.5% area) of pressure-outlet 19.

 Reversed flow on 174 faces (33.9% area) of pressure-outlet 18.

  iter  continuity  x-velocity  y-velocity  z-velocity     time/iter
  2729  1.8311e-03  2.1901e-05  1.7160e-05  1.7050e-05  0:26:21  771

 Reversed flow on 50 faces (27.5% area) of pressure-outlet 19.

 Reversed flow on 174 faces (33.9% area) of pressure-outlet 18.
  2730  1.7864e-03  2.1195e-05  1.6746e-05  1.7030e-05  0:26:19  770

 Reversed flow on 50 faces (27.5% area) of pressure-outlet 19.

 Reversed flow on 174 faces (33.9% area) of pressure-outlet 18.
  2731  1.8228e-03  2.1466e-05  1.6799e-05  1.6644e-05  0:26:16  769

 Reversed flow on 50 faces (27.5% area) of pressure-outlet 19.

 Reversed flow on 174 faces (33.9% area) of pressure-outlet 18.
  2732  1.7521e-03  2.0715e-05  1.6630e-05  1.6724e-05  0:26:14  768

 Reversed flow on 50 faces (27.5% area) of pressure-outlet 19.

 Reversed flow on 173 faces (33.9% area) of pressure-outlet 18.
  2733  1.8021e-03  2.0991e-05  1.6721e-05  1.6630e-05  0:26:12  767

 Reversed flow on 50 faces (27.5% area) of pressure-outlet 19.

 Reversed flow on 173 faces (33.9% area) of pressure-outlet 18.
  2734  1.7674e-03  2.1629e-05  1.6797e-05  1.6876e-05  0:26:09  766

 Reversed flow on 50 faces (27.5% area) of pressure-outlet 19.

 Reversed flow on 174 faces (33.9% area) of pressure-outlet 18.
  2735  1.7971e-03  2.0864e-05  1.6668e-05  1.6825e-05  0:26:07  765

 Reversed flow on 50 faces (27.5% area) of pressure-outlet 19.

 Reversed flow on 174 faces (33.9% area) of pressure-outlet 18.
  2736  1.8193e-03  2.1558e-05  1.7140e-05  1.6947e-05  0:26:06  764

 Reversed flow on 50 faces (27.5% area) of pressure-outlet 19.

 Reversed flow on 173 faces (33.9% area) of pressure-outlet 18.
  2737  1.7827e-03  2.0956e-05  1.6683e-05  1.6875e-05  0:26:04  763

 Reversed flow on 50 faces (27.5% area) of pressure-outlet 19.

 Reversed flow on 173 faces (33.9% area) of pressure-outlet 18.
  2738  1.8444e-03  2.1776e-05  1.6914e-05  1.6987e-05  0:26:02  762

 Reversed flow on 50 faces (27.5% area) of pressure-outlet 19.

 Reversed flow on 173 faces (33.9% area) of pressure-outlet 18.
  2739  1.7901e-03  2.1231e-05  1.6972e-05  1.7177e-05  0:26:00  761

 Reversed flow on 50 faces (27.5% area) of pressure-outlet 19.

 Reversed flow on 173 faces (33.9% area) of pressure-outlet 18.

  iter  continuity  x-velocity  y-velocity  z-velocity     time/iter
  2740  1.8297e-03  2.1075e-05  1.6922e-05  1.6678e-05  0:25:58  760

 Reversed flow on 50 faces (27.5% area) of pressure-outlet 19.

 Reversed flow on 173 faces (33.9% area) of pressure-outlet 18.
  2741  1.8025e-03  2.1624e-05  1.6822e-05  1.7043e-05  0:25:56  759

 Reversed flow on 50 faces (27.5% area) of pressure-outlet 19.

 Reversed flow on 173 faces (33.9% area) of pressure-outlet 18.
  2742  1.8742e-03  2.1685e-05  1.6882e-05  1.7273e-05  0:25:54  758

 Reversed flow on 50 faces (27.5% area) of pressure-outlet 19.

 Reversed flow on 173 faces (33.9% area) of pressure-outlet 18.
  2743  1.8631e-03  2.2278e-05  1.7375e-05  1.7361e-05  0:25:52  757

 Reversed flow on 50 faces (27.5% area) of pressure-outlet 19.

 Reversed flow on 173 faces (33.9% area) of pressure-outlet 18.
  2744  1.8463e-03  2.1077e-05  1.6856e-05  1.7068e-05  0:25:50  756

 Reversed flow on 50 faces (27.5% area) of pressure-outlet 19.

 Reversed flow on 173 faces (33.9% area) of pressure-outlet 18.
  2745  1.9470e-03  2.2318e-05  1.7284e-05  1.7340e-05  0:25:47  755

 Reversed flow on 50 faces (27.5% area) of pressure-outlet 19.

 Reversed flow on 173 faces (33.9% area) of pressure-outlet 18.
  2746  1.9190e-03  2.2190e-05  1.7464e-05  1.7705e-05  0:25:45  754

 Reversed flow on 50 faces (27.5% area) of pressure-outlet 19.

 Reversed flow on 173 faces (33.9% area) of pressure-outlet 18.
  2747  1.9415e-03  2.2168e-05  1.7652e-05  1.7414e-05  0:25:43  753

 Reversed flow on 50 faces (27.5% area) of pressure-outlet 19.

 Reversed flow on 173 faces (33.9% area) of pressure-outlet 18.
  2748  1.9138e-03  2.1981e-05  1.7638e-05  1.7671e-05  0:25:41  752

 Reversed flow on 50 faces (27.5% area) of pressure-outlet 19.

 Reversed flow on 174 faces (33.9% area) of pressure-outlet 18.
  2749  1.9984e-03  2.2298e-05  1.7851e-05  1.7786e-05  0:25:39  751

 Reversed flow on 50 faces (27.5% area) of pressure-outlet 19.

 Reversed flow on 174 faces (33.9% area) of pressure-outlet 18.
  2750  1.9849e-03  2.3287e-05  1.8461e-05  1.8239e-05  0:24:31  750

 Reversed flow on 50 faces (27.5% area) of pressure-outlet 19.

 Reversed flow on 174 faces (33.9% area) of pressure-outlet 18.

  iter  continuity  x-velocity  y-velocity  z-velocity     time/iter
  2751  1.9397e-03  2.1563e-05  1.7435e-05  1.7518e-05  0:24:41  749

 Reversed flow on 50 faces (27.5% area) of pressure-outlet 19.

 Reversed flow on 174 faces (33.9% area) of pressure-outlet 18.
  2752  1.9743e-03  2.2364e-05  1.7711e-05  1.7407e-05  0:23:44  748

 Reversed flow on 50 faces (27.5% area) of pressure-outlet 19.

 Reversed flow on 174 faces (33.9% area) of pressure-outlet 18.
  2753  1.8723e-03  2.0920e-05  1.6781e-05  1.6773e-05  0:24:03  747

 Reversed flow on 50 faces (27.5% area) of pressure-outlet 19.

 Reversed flow on 174 faces (33.9% area) of pressure-outlet 18.
  2754  1.9278e-03  2.2027e-05  1.7394e-05  1.7184e-05  0:24:19  746

 Reversed flow on 50 faces (27.5% area) of pressure-outlet 19.

 Reversed flow on 174 faces (33.9% area) of pressure-outlet 18.
  2755  1.9116e-03  2.2218e-05  1.7568e-05  1.7645e-05  0:24:31  745

 Reversed flow on 50 faces (27.5% area) of pressure-outlet 19.

 Reversed flow on 174 faces (33.9% area) of pressure-outlet 18.
  2756  1.9699e-03  2.1974e-05  1.7527e-05  1.7197e-05  0:24:41  744

 Reversed flow on 50 faces (27.5% area) of pressure-outlet 19.

 Reversed flow on 174 faces (33.9% area) of pressure-outlet 18.
  2757  1.9211e-03  2.2157e-05  1.7687e-05  1.7430e-05  0:23:42  743

 Reversed flow on 50 faces (27.5% area) of pressure-outlet 19.

 Reversed flow on 173 faces (33.9% area) of pressure-outlet 18.
  2758  1.8763e-03  2.1032e-05  1.6684e-05  1.6813e-05  0:24:04  742

 Reversed flow on 50 faces (27.5% area) of pressure-outlet 19.

 Reversed flow on 173 faces (33.9% area) of pressure-outlet 18.
  2759  1.9066e-03  2.2196e-05  1.7320e-05  1.7049e-05  0:23:12  741

 Reversed flow on 50 faces (27.5% area) of pressure-outlet 19.

 Reversed flow on 174 faces (33.9% area) of pressure-outlet 18.
  2760  1.8112e-03  2.0138e-05  1.6272e-05  1.6385e-05  0:23:35  740

 Reversed flow on 50 faces (27.5% area) of pressure-outlet 19.

 Reversed flow on 173 faces (33.9% area) of pressure-outlet 18.
  2761  1.8696e-03  2.1146e-05  1.6859e-05  1.6525e-05  0:23:53  739

 Reversed flow on 50 faces (27.5% area) of pressure-outlet 19.

 Reversed flow on 173 faces (33.9% area) of pressure-outlet 18.

  iter  continuity  x-velocity  y-velocity  z-velocity     time/iter
  2762  1.8056e-03  2.1295e-05  1.6763e-05  1.6890e-05  0:24:28  738

 Reversed flow on 50 faces (27.5% area) of pressure-outlet 19.

 Reversed flow on 173 faces (33.9% area) of pressure-outlet 18.
  2763  1.8627e-03  2.1273e-05  1.6882e-05  1.6840e-05  0:24:36  737

 Reversed flow on 50 faces (27.5% area) of pressure-outlet 19.

 Reversed flow on 173 faces (33.9% area) of pressure-outlet 18.
  2764  1.8369e-03  2.1439e-05  1.7381e-05  1.7215e-05  0:24:40  736

 Reversed flow on 50 faces (27.5% area) of pressure-outlet 19.

 Reversed flow on 173 faces (33.9% area) of pressure-outlet 18.
  2765  1.8562e-03  2.1056e-05  1.6951e-05  1.6888e-05  0:24:43  735

 Reversed flow on 50 faces (27.5% area) of pressure-outlet 19.

 Reversed flow on 173 faces (33.9% area) of pressure-outlet 18.
  2766  1.8311e-03  2.1822e-05  1.7078e-05  1.6847e-05  0:24:45  734

 Reversed flow on 50 faces (27.5% area) of pressure-outlet 19.

 Reversed flow on 173 faces (33.9% area) of pressure-outlet 18.
  2767  1.8004e-03  2.0826e-05  1.6862e-05  1.7114e-05  0:24:47  733

 Reversed flow on 50 faces (27.5% area) of pressure-outlet 19.

 Reversed flow on 173 faces (33.9% area) of pressure-outlet 18.
  2768  1.8792e-03  2.1864e-05  1.7520e-05  1.7088e-05  0:24:48  732

 Reversed flow on 50 faces (27.5% area) of pressure-outlet 19.

 Reversed flow on 173 faces (33.9% area) of pressure-outlet 18.
  2769  1.8063e-03  2.1471e-05  1.6997e-05  1.7069e-05  0:24:48  731

 Reversed flow on 50 faces (27.5% area) of pressure-outlet 19.

 Reversed flow on 173 faces (33.9% area) of pressure-outlet 18.
  2770  1.8275e-03  2.1431e-05  1.6851e-05  1.6860e-05  0:24:48  730

 Reversed flow on 50 faces (27.5% area) of pressure-outlet 19.

 Reversed flow on 173 faces (33.9% area) of pressure-outlet 18.
  2771  1.8007e-03  2.1687e-05  1.7400e-05  1.7263e-05  0:24:48  729

 Reversed flow on 50 faces (27.5% area) of pressure-outlet 19.

 Reversed flow on 173 faces (33.9% area) of pressure-outlet 18.
  2772  1.8424e-03  2.1249e-05  1.7027e-05  1.6907e-05  0:24:47  728

 Reversed flow on 50 faces (27.5% area) of pressure-outlet 19.

 Reversed flow on 173 faces (33.9% area) of pressure-outlet 18.

  iter  continuity  x-velocity  y-velocity  z-velocity     time/iter
  2773  1.8038e-03  2.1777e-05  1.6970e-05  1.6825e-05  0:24:45  727

 Reversed flow on 50 faces (27.5% area) of pressure-outlet 19.

 Reversed flow on 173 faces (33.9% area) of pressure-outlet 18.
  2774  1.7789e-03  2.0805e-05  1.6685e-05  1.7024e-05  0:24:44  726

 Reversed flow on 50 faces (27.5% area) of pressure-outlet 19.

 Reversed flow on 173 faces (33.9% area) of pressure-outlet 18.
  2775  1.8436e-03  2.1857e-05  1.7381e-05  1.7029e-05  0:24:42  725

 Reversed flow on 50 faces (27.5% area) of pressure-outlet 19.

 Reversed flow on 173 faces (33.9% area) of pressure-outlet 18.
  2776  1.7849e-03  2.1316e-05  1.6865e-05  1.6998e-05  0:24:40  724

 Reversed flow on 50 faces (27.5% area) of pressure-outlet 19.

 Reversed flow on 174 faces (33.9% area) of pressure-outlet 18.
  2777  1.8153e-03  2.1426e-05  1.6761e-05  1.6791e-05  0:24:39  723

 Reversed flow on 50 faces (27.5% area) of pressure-outlet 19.

 Reversed flow on 174 faces (33.9% area) of pressure-outlet 18.
  2778  1.7697e-03  2.1532e-05  1.7202e-05  1.7162e-05  0:24:37  722

 Reversed flow on 50 faces (27.5% area) of pressure-outlet 19.

 Reversed flow on 173 faces (33.9% area) of pressure-outlet 18.
  2779  1.8157e-03  2.1133e-05  1.6897e-05  1.6826e-05  0:24:36  721

 Reversed flow on 50 faces (27.5% area) of pressure-outlet 19.

 Reversed flow on 173 faces (33.9% area) of pressure-outlet 18.
  2780  1.7910e-03  2.1747e-05  1.6889e-05  1.6876e-05  0:24:34  720

 Reversed flow on 50 faces (27.5% area) of pressure-outlet 19.

 Reversed flow on 174 faces (33.9% area) of pressure-outlet 18.
  2781  1.7780e-03  2.0993e-05  1.6700e-05  1.7056e-05  0:24:32  719

 Reversed flow on 50 faces (27.5% area) of pressure-outlet 19.

 Reversed flow on 174 faces (33.9% area) of pressure-outlet 18.
  2782  1.8216e-03  2.1826e-05  1.7278e-05  1.7043e-05  0:24:30  718

 Reversed flow on 50 faces (27.5% area) of pressure-outlet 19.

 Reversed flow on 173 faces (33.9% area) of pressure-outlet 18.
  2783  1.7726e-03  2.1115e-05  1.6779e-05  1.6986e-05  0:24:28  717

 Reversed flow on 50 faces (27.5% area) of pressure-outlet 19.

 Reversed flow on 174 faces (33.9% area) of pressure-outlet 18.

  iter  continuity  x-velocity  y-velocity  z-velocity     time/iter
  2784  1.8409e-03  2.1617e-05  1.6874e-05  1.6945e-05  0:24:27  716

 Reversed flow on 50 faces (27.5% area) of pressure-outlet 19.

 Reversed flow on 174 faces (33.9% area) of pressure-outlet 18.
  2785  1.7704e-03  2.1640e-05  1.7136e-05  1.7201e-05  0:24:25  715

 Reversed flow on 50 faces (27.5% area) of pressure-outlet 19.

 Reversed flow on 173 faces (33.9% area) of pressure-outlet 18.
  2786  1.8007e-03  2.1003e-05  1.6851e-05  1.6835e-05  0:24:23  714

 Reversed flow on 50 faces (27.5% area) of pressure-outlet 19.

 Reversed flow on 173 faces (33.9% area) of pressure-outlet 18.
  2787  1.7938e-03  2.1483e-05  1.6909e-05  1.6887e-05  0:24:20  713

 Reversed flow on 50 faces (27.5% area) of pressure-outlet 19.

 Reversed flow on 174 faces (33.9% area) of pressure-outlet 18.
  2788  1.8087e-03  2.1016e-05  1.6792e-05  1.7096e-05  0:24:18  712

 Reversed flow on 50 faces (27.5% area) of pressure-outlet 19.

 Reversed flow on 174 faces (33.9% area) of pressure-outlet 18.
  2789  1.8347e-03  2.1961e-05  1.7363e-05  1.7173e-05  0:24:16  711

 Reversed flow on 50 faces (27.5% area) of pressure-outlet 19.

 Reversed flow on 174 faces (33.9% area) of pressure-outlet 18.
  2790  1.7907e-03  2.1034e-05  1.6944e-05  1.7153e-05  0:24:15  710

 Reversed flow on 50 faces (27.5% area) of pressure-outlet 19.

 Reversed flow on 174 faces (33.9% area) of pressure-outlet 18.
  2791  1.8448e-03  2.1394e-05  1.6960e-05  1.6894e-05  0:24:14  709

 Reversed flow on 50 faces (27.5% area) of pressure-outlet 19.

 Reversed flow on 174 faces (33.9% area) of pressure-outlet 18.
  2792  1.7798e-03  2.1477e-05  1.7134e-05  1.7183e-05  0:24:11  708

 Reversed flow on 50 faces (27.5% area) of pressure-outlet 19.

 Reversed flow on 174 faces (33.9% area) of pressure-outlet 18.
  2793  1.8168e-03  2.1299e-05  1.7029e-05  1.6990e-05  0:24:09  707

 Reversed flow on 50 faces (27.5% area) of pressure-outlet 19.

 Reversed flow on 174 faces (33.9% area) of pressure-outlet 18.
  2794  1.7945e-03  2.1713e-05  1.7105e-05  1.7031e-05  0:24:08  706

 Reversed flow on 50 faces (27.5% area) of pressure-outlet 19.

 Reversed flow on 174 faces (33.9% area) of pressure-outlet 18.

  iter  continuity  x-velocity  y-velocity  z-velocity     time/iter
  2795  1.7966e-03  2.0836e-05  1.6735e-05  1.6872e-05  0:24:06  705

 Reversed flow on 50 faces (27.5% area) of pressure-outlet 19.

 Reversed flow on 174 faces (33.9% area) of pressure-outlet 18.
  2796  1.8343e-03  2.1948e-05  1.7193e-05  1.7068e-05  0:24:04  704

 Reversed flow on 50 faces (27.5% area) of pressure-outlet 19.

 Reversed flow on 174 faces (33.9% area) of pressure-outlet 18.
  2797  1.7912e-03  2.1373e-05  1.6848e-05  1.7139e-05  0:24:01  703

 Reversed flow on 50 faces (27.5% area) of pressure-outlet 19.

 Reversed flow on 174 faces (33.9% area) of pressure-outlet 18.
  2798  1.8254e-03  2.1470e-05  1.6840e-05  1.6685e-05  0:23:58  702

 Reversed flow on 50 faces (27.5% area) of pressure-outlet 19.

 Reversed flow on 174 faces (33.9% area) of pressure-outlet 18.
  2799  1.7594e-03  2.0848e-05  1.6757e-05  1.6807e-05  0:23:56  701

 Reversed flow on 50 faces (27.5% area) of pressure-outlet 19.

 Reversed flow on 173 faces (33.9% area) of pressure-outlet 18.
  2800  1.8096e-03  2.0998e-05  1.6760e-05  1.6672e-05  0:24:42  700

 Reversed flow on 50 faces (27.5% area) of pressure-outlet 19.

 Reversed flow on 173 faces (33.9% area) of pressure-outlet 18.
  2801  1.7754e-03  2.1729e-05  1.6873e-05  1.6946e-05  0:24:32  699

 Reversed flow on 50 faces (27.5% area) of pressure-outlet 19.

 Reversed flow on 174 faces (33.9% area) of pressure-outlet 18.
  2802  1.8050e-03  2.0908e-05  1.6730e-05  1.6917e-05  0:24:22  698

 Reversed flow on 50 faces (27.5% area) of pressure-outlet 19.

 Reversed flow on 174 faces (33.9% area) of pressure-outlet 18.
  2803  1.8310e-03  2.1600e-05  1.7196e-05  1.6976e-05  0:24:14  697

 Reversed flow on 50 faces (27.5% area) of pressure-outlet 19.

 Reversed flow on 173 faces (33.9% area) of pressure-outlet 18.
  2804  1.7848e-03  2.0986e-05  1.6714e-05  1.6912e-05  0:24:06  696

 Reversed flow on 50 faces (27.5% area) of pressure-outlet 19.

 Reversed flow on 173 faces (33.9% area) of pressure-outlet 18.
  2805  1.8468e-03  2.1745e-05  1.6916e-05  1.6987e-05  0:24:00  695

 Reversed flow on 50 faces (27.5% area) of pressure-outlet 19.

 Reversed flow on 173 faces (33.9% area) of pressure-outlet 18.

  iter  continuity  x-velocity  y-velocity  z-velocity     time/iter
  2806  1.7902e-03  2.1294e-05  1.7005e-05  1.7203e-05  0:23:55  694

 Reversed flow on 50 faces (27.5% area) of pressure-outlet 19.

 Reversed flow on 173 faces (33.9% area) of pressure-outlet 18.
  2807  1.8284e-03  2.1045e-05  1.6897e-05  1.6671e-05  0:23:51  693

 Reversed flow on 50 faces (27.5% area) of pressure-outlet 19.

 Reversed flow on 173 faces (33.9% area) of pressure-outlet 18.
  2808  1.8059e-03  2.1635e-05  1.6825e-05  1.7024e-05  0:23:46  692

 Reversed flow on 50 faces (27.5% area) of pressure-outlet 19.

 Reversed flow on 173 faces (33.9% area) of pressure-outlet 18.
  2809  1.8779e-03  2.1648e-05  1.6868e-05  1.7265e-05  0:23:42  691

 Reversed flow on 50 faces (27.5% area) of pressure-outlet 19.

 Reversed flow on 173 faces (33.9% area) of pressure-outlet 18.
  2810  1.8649e-03  2.2245e-05  1.7356e-05  1.7316e-05  0:23:39  690

 Reversed flow on 50 faces (27.5% area) of pressure-outlet 19.

 Reversed flow on 173 faces (33.9% area) of pressure-outlet 18.
  2811  1.8463e-03  2.1046e-05  1.6864e-05  1.7072e-05  0:23:36  689

 Reversed flow on 50 faces (27.5% area) of pressure-outlet 19.

 Reversed flow on 173 faces (33.9% area) of pressure-outlet 18.
  2812  1.9466e-03  2.2222e-05  1.7266e-05  1.7297e-05  0:23:33  688

 Reversed flow on 50 faces (27.5% area) of pressure-outlet 19.

 Reversed flow on 174 faces (33.9% area) of pressure-outlet 18.
  2813  1.9113e-03  2.2192e-05  1.7519e-05  1.7710e-05  0:23:31  687

 Reversed flow on 50 faces (27.5% area) of pressure-outlet 19.

 Reversed flow on 173 faces (33.9% area) of pressure-outlet 18.
  2814  1.9329e-03  2.2055e-05  1.7619e-05  1.7369e-05  0:23:29  686

 Reversed flow on 50 faces (27.5% area) of pressure-outlet 19.

 Reversed flow on 173 faces (33.9% area) of pressure-outlet 18.
  2815  1.9074e-03  2.1975e-05  1.7640e-05  1.7643e-05  0:23:27  685

 Reversed flow on 50 faces (27.5% area) of pressure-outlet 19.

 Reversed flow on 174 faces (33.9% area) of pressure-outlet 18.
  2816  1.9800e-03  2.2135e-05  1.7788e-05  1.7695e-05  0:23:24  684

 Reversed flow on 50 faces (27.5% area) of pressure-outlet 19.

 Reversed flow on 174 faces (33.9% area) of pressure-outlet 18.

  iter  continuity  x-velocity  y-velocity  z-velocity     time/iter
  2817  1.9733e-03  2.3144e-05  1.8345e-05  1.8112e-05  0:22:21  683

 Reversed flow on 50 faces (27.5% area) of pressure-outlet 19.

 Reversed flow on 174 faces (33.9% area) of pressure-outlet 18.
  2818  1.9243e-03  2.1512e-05  1.7366e-05  1.7467e-05  0:22:30  682

 Reversed flow on 50 faces (27.5% area) of pressure-outlet 19.

 Reversed flow on 174 faces (33.9% area) of pressure-outlet 18.
  2819  1.9672e-03  2.2285e-05  1.7651e-05  1.7347e-05  0:22:38  681

 Reversed flow on 50 faces (27.5% area) of pressure-outlet 19.

 Reversed flow on 174 faces (33.9% area) of pressure-outlet 18.
  2820  1.8957e-03  2.1474e-05  1.7297e-05  1.7291e-05  0:22:43  680

 Reversed flow on 50 faces (27.5% area) of pressure-outlet 19.

 Reversed flow on 174 faces (33.9% area) of pressure-outlet 18.
  2821  1.9481e-03  2.2343e-05  1.7641e-05  1.7434e-05  0:22:47  679

 Reversed flow on 50 faces (27.5% area) of pressure-outlet 19.

 Reversed flow on 174 faces (33.9% area) of pressure-outlet 18.
  2822  1.9343e-03  2.2689e-05  1.7921e-05  1.7934e-05  0:22:50  678

 Reversed flow on 50 faces (27.5% area) of pressure-outlet 19.

 Reversed flow on 174 faces (33.9% area) of pressure-outlet 18.
  2823  1.9774e-03  2.2194e-05  1.7731e-05  1.7478e-05  0:22:51  677

 Reversed flow on 50 faces (27.5% area) of pressure-outlet 19.

 Reversed flow on 174 faces (33.9% area) of pressure-outlet 18.
  2824  1.9242e-03  2.2251e-05  1.7773e-05  1.7486e-05  0:21:52  676

 Reversed flow on 50 faces (27.5% area) of pressure-outlet 19.

 Reversed flow on 173 faces (33.9% area) of pressure-outlet 18.
  2825  1.8680e-03  2.1060e-05  1.6737e-05  1.6879e-05  0:22:05  675

 Reversed flow on 50 faces (27.5% area) of pressure-outlet 19.

 Reversed flow on 173 faces (33.9% area) of pressure-outlet 18.
  2826  1.9155e-03  2.2287e-05  1.7404e-05  1.7156e-05  0:22:14  674

 Reversed flow on 50 faces (27.5% area) of pressure-outlet 19.

 Reversed flow on 174 faces (33.9% area) of pressure-outlet 18.
  2827  1.8486e-03  2.0831e-05  1.6913e-05  1.7067e-05  0:22:21  673

 Reversed flow on 50 faces (27.5% area) of pressure-outlet 19.

 Reversed flow on 173 faces (33.9% area) of pressure-outlet 18.

  iter  continuity  x-velocity  y-velocity  z-velocity     time/iter
  2828  1.8944e-03  2.1581e-05  1.7257e-05  1.6928e-05  0:22:27  672

 Reversed flow on 50 faces (27.5% area) of pressure-outlet 19.

 Reversed flow on 173 faces (33.9% area) of pressure-outlet 18.
  2829  1.8364e-03  2.1805e-05  1.7175e-05  1.7280e-05  0:22:32  671

 Reversed flow on 50 faces (27.5% area) of pressure-outlet 19.

 Reversed flow on 173 faces (33.9% area) of pressure-outlet 18.
  2830  1.8810e-03  2.1582e-05  1.7170e-05  1.7152e-05  0:22:35  670

 Reversed flow on 50 faces (27.5% area) of pressure-outlet 19.

 Reversed flow on 173 faces (33.9% area) of pressure-outlet 18.
  2831  1.8430e-03  2.1707e-05  1.7540e-05  1.7361e-05  0:22:37  669

 Reversed flow on 50 faces (27.5% area) of pressure-outlet 19.

 Reversed flow on 173 faces (33.9% area) of pressure-outlet 18.
  2832  1.8490e-03  2.1151e-05  1.7015e-05  1.7003e-05  0:22:39  668

 Reversed flow on 50 faces (27.5% area) of pressure-outlet 19.

 Reversed flow on 173 faces (33.9% area) of pressure-outlet 18.
  2833  1.8422e-03  2.1943e-05  1.7169e-05  1.6922e-05  0:22:39  667

 Reversed flow on 50 faces (27.5% area) of pressure-outlet 19.

 Reversed flow on 173 faces (33.9% area) of pressure-outlet 18.
  2834  1.7992e-03  2.1007e-05  1.6996e-05  1.7231e-05  0:22:38  666

 Reversed flow on 50 faces (27.5% area) of pressure-outlet 19.

 Reversed flow on 173 faces (33.9% area) of pressure-outlet 18.
  2835  1.8742e-03  2.1920e-05  1.7540e-05  1.7098e-05  0:22:37  665

 Reversed flow on 50 faces (27.5% area) of pressure-outlet 19.

 Reversed flow on 173 faces (33.9% area) of pressure-outlet 18.
  2836  1.7965e-03  2.1501e-05  1.6978e-05  1.7062e-05  0:22:37  664

 Reversed flow on 50 faces (27.5% area) of pressure-outlet 19.

 Reversed flow on 173 faces (33.9% area) of pressure-outlet 18.
  2837  1.8133e-03  2.1325e-05  1.6783e-05  1.6847e-05  0:22:36  663

 Reversed flow on 50 faces (27.5% area) of pressure-outlet 19.

 Reversed flow on 173 faces (33.9% area) of pressure-outlet 18.
  2838  1.7989e-03  2.1785e-05  1.7428e-05  1.7273e-05  0:22:34  662

 Reversed flow on 50 faces (27.5% area) of pressure-outlet 19.

 Reversed flow on 173 faces (33.9% area) of pressure-outlet 18.

  iter  continuity  x-velocity  y-velocity  z-velocity     time/iter
  2839  1.8248e-03  2.1150e-05  1.6936e-05  1.6876e-05  0:22:33  661

 Reversed flow on 50 faces (27.5% area) of pressure-outlet 19.

 Reversed flow on 173 faces (33.9% area) of pressure-outlet 18.
  2840  1.8019e-03  2.1766e-05  1.6923e-05  1.6782e-05  0:22:31  660

 Reversed flow on 50 faces (27.5% area) of pressure-outlet 19.

 Reversed flow on 173 faces (33.9% area) of pressure-outlet 18.
  2841  1.7689e-03  2.0778e-05  1.6651e-05  1.7020e-05  0:22:29  659

 Reversed flow on 50 faces (27.5% area) of pressure-outlet 19.

 Reversed flow on 173 faces (33.9% area) of pressure-outlet 18.
  2842  1.8391e-03  2.1794e-05  1.7334e-05  1.6988e-05  0:22:28  658

 Reversed flow on 50 faces (27.5% area) of pressure-outlet 19.

 Reversed flow on 173 faces (33.9% area) of pressure-outlet 18.
  2843  1.7708e-03  2.1331e-05  1.6825e-05  1.6972e-05  0:22:26  657

 Reversed flow on 50 faces (27.5% area) of pressure-outlet 19.

 Reversed flow on 174 faces (33.9% area) of pressure-outlet 18.
  2844  1.8021e-03  2.1380e-05  1.6721e-05  1.6793e-05  0:22:24  656

 Reversed flow on 50 faces (27.5% area) of pressure-outlet 19.

 Reversed flow on 174 faces (33.9% area) of pressure-outlet 18.
  2845  1.7670e-03  2.1589e-05  1.7203e-05  1.7154e-05  0:22:22  655

 Reversed flow on 50 faces (27.5% area) of pressure-outlet 19.

 Reversed flow on 173 faces (33.9% area) of pressure-outlet 18.
  2846  1.8012e-03  2.1039e-05  1.6808e-05  1.6798e-05  0:22:20  654

 Reversed flow on 50 faces (27.5% area) of pressure-outlet 19.

 Reversed flow on 173 faces (33.9% area) of pressure-outlet 18.
  2847  1.7885e-03  2.1784e-05  1.6881e-05  1.6861e-05  0:22:18  653

 Reversed flow on 50 faces (27.5% area) of pressure-outlet 19.

 Reversed flow on 174 faces (33.9% area) of pressure-outlet 18.
  2848  1.7699e-03  2.1016e-05  1.6701e-05  1.7090e-05  0:22:16  652

 Reversed flow on 50 faces (27.5% area) of pressure-outlet 19.

 Reversed flow on 174 faces (33.9% area) of pressure-outlet 18.
  2849  1.8240e-03  2.1765e-05  1.7255e-05  1.6989e-05  0:22:14  651

 Reversed flow on 50 faces (27.5% area) of pressure-outlet 19.

 Reversed flow on 173 faces (33.9% area) of pressure-outlet 18.

  iter  continuity  x-velocity  y-velocity  z-velocity     time/iter
  2850  1.7701e-03  2.1195e-05  1.6801e-05  1.7023e-05  0:22:12  650

 Reversed flow on 50 faces (27.5% area) of pressure-outlet 19.

 Reversed flow on 174 faces (33.9% area) of pressure-outlet 18.
  2851  1.8444e-03  2.1706e-05  1.6902e-05  1.7023e-05  0:22:10  649

 Reversed flow on 50 faces (27.5% area) of pressure-outlet 19.

 Reversed flow on 174 faces (33.9% area) of pressure-outlet 18.
  2852  1.7803e-03  2.1800e-05  1.7209e-05  1.7255e-05  0:22:08  648

 Reversed flow on 50 faces (27.5% area) of pressure-outlet 19.

 Reversed flow on 173 faces (33.9% area) of pressure-outlet 18.
  2853  1.8025e-03  2.1010e-05  1.6843e-05  1.6898e-05  0:22:06  647

 Reversed flow on 50 faces (27.5% area) of pressure-outlet 19.

 Reversed flow on 173 faces (33.9% area) of pressure-outlet 18.
  2854  1.8205e-03  2.1732e-05  1.7050e-05  1.7010e-05  0:22:04  646

 Reversed flow on 50 faces (27.5% area) of pressure-outlet 19.

 Reversed flow on 174 faces (33.9% area) of pressure-outlet 18.
  2855  1.8308e-03  2.1238e-05  1.6883e-05  1.7239e-05  0:22:02  645

 Reversed flow on 50 faces (27.5% area) of pressure-outlet 19.

 Reversed flow on 174 faces (33.9% area) of pressure-outlet 18.
  2856  1.8626e-03  2.2101e-05  1.7479e-05  1.7271e-05  0:22:00  644

 Reversed flow on 50 faces (27.5% area) of pressure-outlet 19.

 Reversed flow on 174 faces (33.9% area) of pressure-outlet 18.
  2857  1.8152e-03  2.1209e-05  1.7090e-05  1.7295e-05  0:21:58  643

 Reversed flow on 50 faces (27.5% area) of pressure-outlet 19.

 Reversed flow on 174 faces (33.9% area) of pressure-outlet 18.
  2858  1.8834e-03  2.1698e-05  1.7163e-05  1.7124e-05  0:21:55  642

 Reversed flow on 50 faces (27.5% area) of pressure-outlet 19.

 Reversed flow on 174 faces (33.9% area) of pressure-outlet 18.
  2859  1.8144e-03  2.1857e-05  1.7396e-05  1.7401e-05  0:21:54  641

 Reversed flow on 50 faces (27.5% area) of pressure-outlet 19.

 Reversed flow on 174 faces (33.9% area) of pressure-outlet 18.
  2860  1.8467e-03  2.1484e-05  1.7214e-05  1.7192e-05  0:21:52  640

 Reversed flow on 50 faces (27.5% area) of pressure-outlet 19.

 Reversed flow on 174 faces (33.9% area) of pressure-outlet 18.

  iter  continuity  x-velocity  y-velocity  z-velocity     time/iter
  2861  1.8344e-03  2.2004e-05  1.7350e-05  1.7226e-05  0:21:50  639

 Reversed flow on 50 faces (27.5% area) of pressure-outlet 19.

 Reversed flow on 174 faces (33.9% area) of pressure-outlet 18.
  2862  1.8301e-03  2.1052e-05  1.6923e-05  1.7053e-05  0:21:48  638

 Reversed flow on 50 faces (27.5% area) of pressure-outlet 19.

 Reversed flow on 174 faces (33.9% area) of pressure-outlet 18.
  2863  1.8643e-03  2.2144e-05  1.7359e-05  1.7194e-05  0:21:45  637

 Reversed flow on 50 faces (27.5% area) of pressure-outlet 19.

 Reversed flow on 174 faces (33.9% area) of pressure-outlet 18.
  2864  1.8179e-03  2.1640e-05  1.7075e-05  1.7333e-05  0:21:43  636

 Reversed flow on 50 faces (27.5% area) of pressure-outlet 19.

 Reversed flow on 174 faces (33.9% area) of pressure-outlet 18.
  2865  1.8598e-03  2.1732e-05  1.7054e-05  1.6873e-05  0:21:41  635

 Reversed flow on 50 faces (27.5% area) of pressure-outlet 19.

 Reversed flow on 174 faces (33.9% area) of pressure-outlet 18.
  2866  1.7940e-03  2.1193e-05  1.7022e-05  1.6998e-05  0:21:39  634

 Reversed flow on 50 faces (27.5% area) of pressure-outlet 19.

 Reversed flow on 173 faces (33.9% area) of pressure-outlet 18.
  2867  1.8408e-03  2.1216e-05  1.6918e-05  1.6877e-05  0:21:37  633

 Reversed flow on 50 faces (27.5% area) of pressure-outlet 19.

 Reversed flow on 173 faces (33.9% area) of pressure-outlet 18.
  2868  1.8108e-03  2.2046e-05  1.7117e-05  1.7128e-05  0:21:35  632

 Reversed flow on 50 faces (27.5% area) of pressure-outlet 19.

 Reversed flow on 174 faces (33.9% area) of pressure-outlet 18.
  2869  1.8280e-03  2.0984e-05  1.6864e-05  1.7047e-05  0:21:33  631

 Reversed flow on 50 faces (27.5% area) of pressure-outlet 19.

 Reversed flow on 174 faces (33.9% area) of pressure-outlet 18.
  2870  1.8547e-03  2.1767e-05  1.7318e-05  1.7071e-05  0:21:31  630

 Reversed flow on 50 faces (27.5% area) of pressure-outlet 19.

 Reversed flow on 173 faces (33.9% area) of pressure-outlet 18.
  2871  1.8029e-03  2.1195e-05  1.6859e-05  1.7064e-05  0:21:29  629

 Reversed flow on 50 faces (27.5% area) of pressure-outlet 19.

 Reversed flow on 173 faces (33.9% area) of pressure-outlet 18.

  iter  continuity  x-velocity  y-velocity  z-velocity     time/iter
  2872  1.8568e-03  2.1734e-05  1.7010e-05  1.7003e-05  0:21:28  628

 Reversed flow on 50 faces (27.5% area) of pressure-outlet 19.

 Reversed flow on 173 faces (33.9% area) of pressure-outlet 18.
  2873  1.7945e-03  2.1257e-05  1.7129e-05  1.7225e-05  0:21:26  627

 Reversed flow on 50 faces (27.5% area) of pressure-outlet 19.

 Reversed flow on 173 faces (33.9% area) of pressure-outlet 18.
  2874  1.8299e-03  2.1041e-05  1.6956e-05  1.6724e-05  0:21:24  626

 Reversed flow on 50 faces (27.5% area) of pressure-outlet 19.

 Reversed flow on 173 faces (33.9% area) of pressure-outlet 18.
  2875  1.8087e-03  2.1718e-05  1.6908e-05  1.7026e-05  0:21:21  625

 Reversed flow on 50 faces (27.5% area) of pressure-outlet 19.

 Reversed flow on 173 faces (33.9% area) of pressure-outlet 18.
  2876  1.8382e-03  2.1315e-05  1.6780e-05  1.7122e-05  0:21:19  624

 Reversed flow on 50 faces (27.5% area) of pressure-outlet 19.

 Reversed flow on 173 faces (33.9% area) of pressure-outlet 18.
  2877  1.8445e-03  2.2027e-05  1.7315e-05  1.7165e-05  0:21:17  623

 Reversed flow on 50 faces (27.5% area) of pressure-outlet 19.

 Reversed flow on 173 faces (33.9% area) of pressure-outlet 18.
  2878  1.8113e-03  2.0909e-05  1.6733e-05  1.6928e-05  0:21:15  622

 Reversed flow on 50 faces (27.5% area) of pressure-outlet 19.

 Reversed flow on 173 faces (33.9% area) of pressure-outlet 18.
  2879  1.8974e-03  2.1885e-05  1.6987e-05  1.7062e-05  0:21:13  621

 Reversed flow on 50 faces (27.5% area) of pressure-outlet 19.

 Reversed flow on 173 faces (33.9% area) of pressure-outlet 18.
  2880  1.8420e-03  2.1780e-05  1.7169e-05  1.7392e-05  0:21:10  620

 Reversed flow on 50 faces (27.5% area) of pressure-outlet 19.

 Reversed flow on 173 faces (33.9% area) of pressure-outlet 18.
  2881  1.8645e-03  2.1517e-05  1.7167e-05  1.6962e-05  0:21:08  619

 Reversed flow on 50 faces (27.5% area) of pressure-outlet 19.

 Reversed flow on 173 faces (33.9% area) of pressure-outlet 18.
  2882  1.8433e-03  2.1495e-05  1.7145e-05  1.7160e-05  0:21:06  618

 Reversed flow on 50 faces (27.5% area) of pressure-outlet 19.

 Reversed flow on 174 faces (33.9% area) of pressure-outlet 18.

  iter  continuity  x-velocity  y-velocity  z-velocity     time/iter
  2883  1.8992e-03  2.1498e-05  1.7191e-05  1.7262e-05  0:21:04  617

 Reversed flow on 50 faces (27.5% area) of pressure-outlet 19.

 Reversed flow on 174 faces (33.9% area) of pressure-outlet 18.
  2884  1.8958e-03  2.2495e-05  1.7772e-05  1.7611e-05  0:21:02  616

 Reversed flow on 50 faces (27.5% area) of pressure-outlet 19.

 Reversed flow on 173 faces (33.9% area) of pressure-outlet 18.
  2885  1.8761e-03  2.1537e-05  1.7385e-05  1.7536e-05  0:21:00  615

 Reversed flow on 50 faces (27.5% area) of pressure-outlet 19.

 Reversed flow on 174 faces (33.9% area) of pressure-outlet 18.
  2886  1.9301e-03  2.2085e-05  1.7491e-05  1.7244e-05  0:20:58  614

 Reversed flow on 50 faces (27.5% area) of pressure-outlet 19.

 Reversed flow on 174 faces (33.9% area) of pressure-outlet 18.
  2887  1.8541e-03  2.1536e-05  1.7289e-05  1.7352e-05  0:20:56  613

 Reversed flow on 50 faces (27.5% area) of pressure-outlet 19.

 Reversed flow on 174 faces (33.9% area) of pressure-outlet 18.
  2888  1.9020e-03  2.2065e-05  1.7472e-05  1.7335e-05  0:20:54  612

 Reversed flow on 50 faces (27.5% area) of pressure-outlet 19.

 Reversed flow on 174 faces (33.9% area) of pressure-outlet 18.
  2889  1.8635e-03  2.2198e-05  1.7493e-05  1.7535e-05  0:20:52  611

 Reversed flow on 50 faces (27.5% area) of pressure-outlet 19.

 Reversed flow on 174 faces (33.9% area) of pressure-outlet 18.
  2890  1.8974e-03  2.1564e-05  1.7248e-05  1.7160e-05  0:20:50  610

 Reversed flow on 50 faces (27.5% area) of pressure-outlet 19.

 Reversed flow on 174 faces (33.9% area) of pressure-outlet 18.
  2891  1.8789e-03  2.2058e-05  1.7449e-05  1.7308e-05  0:20:48  609

 Reversed flow on 50 faces (27.5% area) of pressure-outlet 19.

 Reversed flow on 173 faces (33.9% area) of pressure-outlet 18.
  2892  1.8595e-03  2.1554e-05  1.7054e-05  1.7272e-05  0:20:45  608

 Reversed flow on 50 faces (27.5% area) of pressure-outlet 19.

 Reversed flow on 174 faces (33.9% area) of pressure-outlet 18.
  2893  1.9001e-03  2.2318e-05  1.7406e-05  1.7184e-05  0:20:43  607

 Reversed flow on 50 faces (27.5% area) of pressure-outlet 19.

 Reversed flow on 174 faces (33.9% area) of pressure-outlet 18.

  iter  continuity  x-velocity  y-velocity  z-velocity     time/iter
  2894  1.8334e-03  2.1057e-05  1.7054e-05  1.7193e-05  0:20:41  606

 Reversed flow on 50 faces (27.5% area) of pressure-outlet 19.

 Reversed flow on 173 faces (33.9% area) of pressure-outlet 18.
  2895  1.8793e-03  2.1626e-05  1.7276e-05  1.7004e-05  0:20:39  605

 Reversed flow on 50 faces (27.5% area) of pressure-outlet 19.

 Reversed flow on 173 faces (33.9% area) of pressure-outlet 18.
  2896  1.8138e-03  2.1834e-05  1.7124e-05  1.7238e-05  0:20:37  604

 Reversed flow on 50 faces (27.5% area) of pressure-outlet 19.

 Reversed flow on 174 faces (33.9% area) of pressure-outlet 18.
  2897  1.8566e-03  2.1486e-05  1.7124e-05  1.7173e-05  0:20:35  603

 Reversed flow on 50 faces (27.5% area) of pressure-outlet 19.

 Reversed flow on 173 faces (33.9% area) of pressure-outlet 18.
  2898  1.8416e-03  2.1845e-05  1.7569e-05  1.7384e-05  0:20:32  602

 Reversed flow on 50 faces (27.5% area) of pressure-outlet 19.

 Reversed flow on 173 faces (33.9% area) of pressure-outlet 18.
  2899  1.8287e-03  2.1071e-05  1.6947e-05  1.6987e-05  0:20:31  601

 Reversed flow on 50 faces (27.5% area) of pressure-outlet 19.

 Reversed flow on 173 faces (33.9% area) of pressure-outlet 18.
  2900  1.8353e-03  2.1869e-05  1.7064e-05  1.6955e-05  0:20:28  600

 Reversed flow on 50 faces (27.5% area) of pressure-outlet 19.

 Reversed flow on 173 faces (33.9% area) of pressure-outlet 18.
  2901  1.7789e-03  2.1117e-05  1.6985e-05  1.7253e-05  0:20:27  599

 Reversed flow on 50 faces (27.5% area) of pressure-outlet 19.

 Reversed flow on 173 faces (33.9% area) of pressure-outlet 18.
  2902  1.8516e-03  2.1674e-05  1.7349e-05  1.6925e-05  0:20:25  598

 Reversed flow on 50 faces (27.5% area) of pressure-outlet 19.

 Reversed flow on 173 faces (33.9% area) of pressure-outlet 18.
  2903  1.7761e-03  2.1345e-05  1.6808e-05  1.6943e-05  0:20:23  597

 Reversed flow on 50 faces (27.5% area) of pressure-outlet 19.

 Reversed flow on 173 faces (33.9% area) of pressure-outlet 18.
  2904  1.8054e-03  2.1210e-05  1.6676e-05  1.6845e-05  0:20:21  596

 Reversed flow on 50 faces (27.5% area) of pressure-outlet 19.

 Reversed flow on 173 faces (33.9% area) of pressure-outlet 18.

  iter  continuity  x-velocity  y-velocity  z-velocity     time/iter
  2905  1.7800e-03  2.1791e-05  1.7269e-05  1.7166e-05  0:20:18  595

 Reversed flow on 50 faces (27.5% area) of pressure-outlet 19.

 Reversed flow on 173 faces (33.9% area) of pressure-outlet 18.
  2906  1.7811e-03  2.0806e-05  1.6671e-05  1.6687e-05  0:20:17  594

 Reversed flow on 50 faces (27.5% area) of pressure-outlet 19.

 Reversed flow on 173 faces (33.9% area) of pressure-outlet 18.
  2907  1.8038e-03  2.1497e-05  1.6738e-05  1.6595e-05  0:20:14  593

 Reversed flow on 50 faces (27.5% area) of pressure-outlet 19.

 Reversed flow on 174 faces (33.9% area) of pressure-outlet 18.
  2908  1.7395e-03  2.0682e-05  1.6454e-05  1.6838e-05  0:20:12  592

 Reversed flow on 50 faces (27.5% area) of pressure-outlet 19.

 Reversed flow on 173 faces (33.9% area) of pressure-outlet 18.
  2909  1.7889e-03  2.1358e-05  1.6981e-05  1.6651e-05  0:20:10  591

 Reversed flow on 50 faces (27.5% area) of pressure-outlet 19.

 Reversed flow on 173 faces (33.9% area) of pressure-outlet 18.
  2910  1.7193e-03  2.0857e-05  1.6501e-05  1.6669e-05  0:20:08  590

 Reversed flow on 50 faces (27.5% area) of pressure-outlet 19.

 Reversed flow on 174 faces (33.9% area) of pressure-outlet 18.
  2911  1.7516e-03  2.0718e-05  1.6333e-05  1.6438e-05  0:20:06  589

 Reversed flow on 50 faces (27.5% area) of pressure-outlet 19.

 Reversed flow on 174 faces (33.9% area) of pressure-outlet 18.
  2912  1.7216e-03  2.1192e-05  1.6787e-05  1.6810e-05  0:20:05  588

 Reversed flow on 50 faces (27.5% area) of pressure-outlet 19.

 Reversed flow on 173 faces (33.9% area) of pressure-outlet 18.
  2913  1.7354e-03  2.0470e-05  1.6333e-05  1.6472e-05  0:20:12  587

 Reversed flow on 50 faces (27.5% area) of pressure-outlet 19.

 Reversed flow on 174 faces (33.9% area) of pressure-outlet 18.
  2914  1.7202e-03  2.1054e-05  1.6427e-05  1.6311e-05  0:20:12  586

 Reversed flow on 50 faces (27.5% area) of pressure-outlet 19.

 Reversed flow on 174 faces (33.9% area) of pressure-outlet 18.
  2915  1.6842e-03  2.0059e-05  1.6098e-05  1.6502e-05  0:20:07  585

 Reversed flow on 50 faces (27.5% area) of pressure-outlet 19.

 Reversed flow on 174 faces (33.9% area) of pressure-outlet 18.

  iter  continuity  x-velocity  y-velocity  z-velocity     time/iter
  2916  1.7455e-03  2.0913e-05  1.6623e-05  1.6433e-05  0:20:04  584

 Reversed flow on 50 faces (27.5% area) of pressure-outlet 19.

 Reversed flow on 174 faces (33.9% area) of pressure-outlet 18.
  2917  1.6744e-03  2.0645e-05  1.6242e-05  1.6505e-05  0:20:00  583

 Reversed flow on 50 faces (27.5% area) of pressure-outlet 19.

 Reversed flow on 174 faces (33.9% area) of pressure-outlet 18.
  2918  1.7195e-03  2.0695e-05  1.6216e-05  1.6305e-05  0:19:57  582

 Reversed flow on 50 faces (27.5% area) of pressure-outlet 19.

 Reversed flow on 174 faces (33.9% area) of pressure-outlet 18.
  2919  1.6892e-03  2.0838e-05  1.6595e-05  1.6597e-05  0:19:54  581

 Reversed flow on 50 faces (27.5% area) of pressure-outlet 19.

 Reversed flow on 173 faces (33.9% area) of pressure-outlet 18.
  2920  1.7172e-03  2.0315e-05  1.6195e-05  1.6305e-05  0:19:52  580

 Reversed flow on 50 faces (27.5% area) of pressure-outlet 19.

 Reversed flow on 173 faces (33.9% area) of pressure-outlet 18.
  2921  1.7135e-03  2.1272e-05  1.6450e-05  1.6428e-05  0:19:49  579

 Reversed flow on 50 faces (27.5% area) of pressure-outlet 19.

 Reversed flow on 174 faces (33.9% area) of pressure-outlet 18.
  2922  1.6994e-03  2.0368e-05  1.6192e-05  1.6590e-05  0:19:46  578

 Reversed flow on 50 faces (27.5% area) of pressure-outlet 19.

 Reversed flow on 174 faces (33.9% area) of pressure-outlet 18.
  2923  1.7525e-03  2.0954e-05  1.6692e-05  1.6453e-05  0:19:43  577

 Reversed flow on 50 faces (27.5% area) of pressure-outlet 19.

 Reversed flow on 173 faces (33.9% area) of pressure-outlet 18.
  2924  1.6921e-03  2.0637e-05  1.6280e-05  1.6577e-05  0:19:41  576

 Reversed flow on 50 faces (27.5% area) of pressure-outlet 19.

 Reversed flow on 174 faces (33.9% area) of pressure-outlet 18.
  2925  1.7782e-03  2.1155e-05  1.6382e-05  1.6601e-05  0:19:38  575

 Reversed flow on 50 faces (27.5% area) of pressure-outlet 19.

 Reversed flow on 174 faces (33.9% area) of pressure-outlet 18.
  2926  1.7217e-03  2.1239e-05  1.6729e-05  1.6808e-05  0:19:36  574

 Reversed flow on 50 faces (27.5% area) of pressure-outlet 19.

 Reversed flow on 173 faces (33.9% area) of pressure-outlet 18.

  iter  continuity  x-velocity  y-velocity  z-velocity     time/iter
  2927  1.7460e-03  2.0418e-05  1.6335e-05  1.6469e-05  0:19:34  573

 Reversed flow on 50 faces (27.5% area) of pressure-outlet 19.

 Reversed flow on 173 faces (33.9% area) of pressure-outlet 18.
  2928  1.7749e-03  2.1436e-05  1.6664e-05  1.6738e-05  0:19:33  572

 Reversed flow on 50 faces (27.5% area) of pressure-outlet 19.

 Reversed flow on 174 faces (33.9% area) of pressure-outlet 18.
  2929  1.8066e-03  2.1060e-05  1.6537e-05  1.6993e-05  0:19:31  571

 Reversed flow on 50 faces (27.5% area) of pressure-outlet 19.

 Reversed flow on 174 faces (33.9% area) of pressure-outlet 18.
  2930  1.8260e-03  2.1685e-05  1.7082e-05  1.6926e-05  0:19:29  570

 Reversed flow on 50 faces (27.5% area) of pressure-outlet 19.

 Reversed flow on 173 faces (33.9% area) of pressure-outlet 18.
  2931  1.7871e-03  2.0912e-05  1.6831e-05  1.7052e-05  0:19:27  569

 Reversed flow on 50 faces (27.5% area) of pressure-outlet 19.

 Reversed flow on 174 faces (33.9% area) of pressure-outlet 18.
  2932  1.9111e-03  2.1797e-05  1.7139e-05  1.7186e-05  0:19:24  568

 Reversed flow on 50 faces (27.5% area) of pressure-outlet 19.

 Reversed flow on 174 faces (33.9% area) of pressure-outlet 18.
  2933  1.8464e-03  2.2127e-05  1.7535e-05  1.7539e-05  0:19:22  567

 Reversed flow on 50 faces (27.5% area) of pressure-outlet 19.

 Reversed flow on 173 faces (33.9% area) of pressure-outlet 18.
  2934  1.8675e-03  2.1495e-05  1.7318e-05  1.7250e-05  0:19:20  566

 Reversed flow on 50 faces (27.5% area) of pressure-outlet 19.

 Reversed flow on 174 faces (33.9% area) of pressure-outlet 18.
  2935  1.8790e-03  2.2043e-05  1.7546e-05  1.7375e-05  0:19:18  565

 Reversed flow on 50 faces (27.5% area) of pressure-outlet 19.

 Reversed flow on 174 faces (33.9% area) of pressure-outlet 18.
  2936  1.8929e-03  2.1525e-05  1.7363e-05  1.7410e-05  0:19:16  564

 Reversed flow on 50 faces (27.5% area) of pressure-outlet 19.

 Reversed flow on 174 faces (33.9% area) of pressure-outlet 18.
  2937  1.9374e-03  2.2639e-05  1.7825e-05  1.7595e-05  0:19:14  563

 Reversed flow on 50 faces (27.5% area) of pressure-outlet 19.

 Reversed flow on 174 faces (33.9% area) of pressure-outlet 18.

  iter  continuity  x-velocity  y-velocity  z-velocity     time/iter
  2938  1.8836e-03  2.2069e-05  1.7594e-05  1.7782e-05  0:19:12  562

 Reversed flow on 50 faces (27.5% area) of pressure-outlet 19.

 Reversed flow on 174 faces (33.9% area) of pressure-outlet 18.
  2939  1.9487e-03  2.2240e-05  1.7573e-05  1.7276e-05  0:19:10  561

 Reversed flow on 50 faces (27.5% area) of pressure-outlet 19.

 Reversed flow on 174 faces (33.9% area) of pressure-outlet 18.
  2940  1.8695e-03  2.1817e-05  1.7503e-05  1.7332e-05  0:19:08  560

 Reversed flow on 50 faces (27.5% area) of pressure-outlet 19.

 Reversed flow on 173 faces (33.9% area) of pressure-outlet 18.
  2941  1.8975e-03  2.1789e-05  1.7318e-05  1.7276e-05  0:19:05  559

 Reversed flow on 50 faces (27.5% area) of pressure-outlet 19.

 Reversed flow on 173 faces (33.9% area) of pressure-outlet 18.
  2942  1.8873e-03  2.2600e-05  1.7650e-05  1.7503e-05  0:19:04  558

 Reversed flow on 50 faces (27.5% area) of pressure-outlet 19.

 Reversed flow on 174 faces (33.9% area) of pressure-outlet 18.
  2943  1.8996e-03  2.1392e-05  1.7260e-05  1.7303e-05  0:19:02  557

 Reversed flow on 50 faces (27.5% area) of pressure-outlet 19.

 Reversed flow on 174 faces (33.9% area) of pressure-outlet 18.
  2944  1.9089e-03  2.2087e-05  1.7568e-05  1.7266e-05  0:19:00  556

 Reversed flow on 50 faces (27.5% area) of pressure-outlet 19.

 Reversed flow on 173 faces (33.9% area) of pressure-outlet 18.
  2945  1.8487e-03  2.1659e-05  1.7165e-05  1.7385e-05  0:18:57  555

 Reversed flow on 50 faces (27.5% area) of pressure-outlet 19.

 Reversed flow on 173 faces (33.9% area) of pressure-outlet 18.
  2946  1.9023e-03  2.1985e-05  1.7342e-05  1.7192e-05  0:18:55  554

 Reversed flow on 50 faces (27.5% area) of pressure-outlet 19.

 Reversed flow on 173 faces (33.9% area) of pressure-outlet 18.
  2947  1.8283e-03  2.1302e-05  1.7349e-05  1.7338e-05  0:18:53  553

 Reversed flow on 50 faces (27.5% area) of pressure-outlet 19.

 Reversed flow on 173 faces (33.9% area) of pressure-outlet 18.
  2948  1.8686e-03  2.1258e-05  1.7161e-05  1.6954e-05  0:18:52  552

 Reversed flow on 50 faces (27.5% area) of pressure-outlet 19.

 Reversed flow on 173 faces (33.9% area) of pressure-outlet 18.

  iter  continuity  x-velocity  y-velocity  z-velocity     time/iter
  2949  1.8138e-03  2.1827e-05  1.7139e-05  1.7116e-05  0:18:50  551

 Reversed flow on 50 faces (27.5% area) of pressure-outlet 19.

 Reversed flow on 173 faces (33.9% area) of pressure-outlet 18.
  2950  1.8261e-03  2.1090e-05  1.6997e-05  1.7154e-05  0:18:49  550

 Reversed flow on 50 faces (27.5% area) of pressure-outlet 19.

 Reversed flow on 173 faces (33.9% area) of pressure-outlet 18.
  2951  1.8622e-03  2.1929e-05  1.7532e-05  1.7215e-05  0:18:46  549

 Reversed flow on 50 faces (27.5% area) of pressure-outlet 19.

 Reversed flow on 173 faces (33.9% area) of pressure-outlet 18.
  2952  1.8074e-03  2.1062e-05  1.6843e-05  1.6961e-05  0:18:44  548

 Reversed flow on 50 faces (27.5% area) of pressure-outlet 19.

 Reversed flow on 173 faces (33.9% area) of pressure-outlet 18.
  2953  1.8295e-03  2.1453e-05  1.6852e-05  1.6806e-05  0:18:41  547

 Reversed flow on 50 faces (27.5% area) of pressure-outlet 19.

 Reversed flow on 173 faces (33.9% area) of pressure-outlet 18.
  2954  1.7630e-03  2.1160e-05  1.7010e-05  1.7113e-05  0:18:39  546

 Reversed flow on 50 faces (27.5% area) of pressure-outlet 19.

 Reversed flow on 173 faces (33.9% area) of pressure-outlet 18.
  2955  1.8140e-03  2.1230e-05  1.7011e-05  1.6667e-05  0:18:36  545

 Reversed flow on 50 faces (27.5% area) of pressure-outlet 19.

 Reversed flow on 173 faces (33.9% area) of pressure-outlet 18.
  2956  1.7572e-03  2.1276e-05  1.6668e-05  1.6696e-05  0:18:34  544

 Reversed flow on 50 faces (27.5% area) of pressure-outlet 19.

 Reversed flow on 174 faces (33.9% area) of pressure-outlet 18.
  2957  1.7658e-03  2.0748e-05  1.6508e-05  1.6701e-05  0:18:33  543

 Reversed flow on 50 faces (27.5% area) of pressure-outlet 19.

 Reversed flow on 174 faces (33.9% area) of pressure-outlet 18.
  2958  1.7887e-03  2.1724e-05  1.7156e-05  1.6971e-05  0:19:08  542

 Reversed flow on 50 faces (27.5% area) of pressure-outlet 19.

 Reversed flow on 173 faces (33.9% area) of pressure-outlet 18.
  2959  1.7497e-03  2.0695e-05  1.6495e-05  1.6633e-05  0:18:58  541

 Reversed flow on 50 faces (27.5% area) of pressure-outlet 19.

 Reversed flow on 173 faces (33.9% area) of pressure-outlet 18.

  iter  continuity  x-velocity  y-velocity  z-velocity     time/iter
  2960  1.7805e-03  2.1070e-05  1.6517e-05  1.6454e-05  0:18:51  540

 Reversed flow on 50 faces (27.5% area) of pressure-outlet 19.

 Reversed flow on 174 faces (33.9% area) of pressure-outlet 18.
  2961  1.7068e-03  2.0628e-05  1.6486e-05  1.6720e-05  0:18:44  539

 Reversed flow on 50 faces (27.5% area) of pressure-outlet 19.

 Reversed flow on 173 faces (33.9% area) of pressure-outlet 18.
  2962  1.7483e-03  2.0858e-05  1.6627e-05  1.6413e-05  0:18:37  538

 Reversed flow on 50 faces (27.5% area) of pressure-outlet 19.

 Reversed flow on 173 faces (33.9% area) of pressure-outlet 18.
  2963  1.7021e-03  2.0883e-05  1.6374e-05  1.6502e-05  0:18:33  537

 Reversed flow on 50 faces (27.5% area) of pressure-outlet 19.

 Reversed flow on 174 faces (33.9% area) of pressure-outlet 18.
  2964  1.7171e-03  2.0354e-05  1.6227e-05  1.6402e-05  0:18:28  536

 Reversed flow on 50 faces (27.5% area) of pressure-outlet 19.

 Reversed flow on 174 faces (33.9% area) of pressure-outlet 18.
  2965  1.7297e-03  2.1222e-05  1.6765e-05  1.6746e-05  0:18:24  535

 Reversed flow on 50 faces (27.5% area) of pressure-outlet 19.

 Reversed flow on 173 faces (33.9% area) of pressure-outlet 18.
  2966  1.7009e-03  2.0307e-05  1.6179e-05  1.6392e-05  0:18:20  534

 Reversed flow on 50 faces (27.5% area) of pressure-outlet 19.

 Reversed flow on 174 faces (33.9% area) of pressure-outlet 18.
  2967  1.7232e-03  2.0838e-05  1.6294e-05  1.6251e-05  0:18:17  533

 Reversed flow on 50 faces (27.5% area) of pressure-outlet 19.

 Reversed flow on 174 faces (33.9% area) of pressure-outlet 18.
  2968  1.6605e-03  2.0228e-05  1.6189e-05  1.6496e-05  0:18:14  532

 Reversed flow on 50 faces (27.5% area) of pressure-outlet 19.

 Reversed flow on 173 faces (33.9% area) of pressure-outlet 18.
  2969  1.7232e-03  2.0599e-05  1.6414e-05  1.6221e-05  0:18:11  531

 Reversed flow on 50 faces (27.5% area) of pressure-outlet 19.

 Reversed flow on 173 faces (33.9% area) of pressure-outlet 18.
  2970  1.6628e-03  2.0593e-05  1.6106e-05  1.6330e-05  0:18:08  530

 Reversed flow on 50 faces (27.5% area) of pressure-outlet 19.

 Reversed flow on 174 faces (33.9% area) of pressure-outlet 18.

  iter  continuity  x-velocity  y-velocity  z-velocity     time/iter
  2971  1.6899e-03  2.0298e-05  1.6069e-05  1.6267e-05  0:18:05  529

 Reversed flow on 50 faces (27.5% area) of pressure-outlet 19.

 Reversed flow on 174 faces (33.9% area) of pressure-outlet 18.
  2972  1.6947e-03  2.0937e-05  1.6570e-05  1.6536e-05  0:18:03  528

 Reversed flow on 50 faces (27.5% area) of pressure-outlet 19.

 Reversed flow on 173 faces (33.9% area) of pressure-outlet 18.
  2973  1.6716e-03  1.9976e-05  1.5953e-05  1.6148e-05  0:18:01  527

 Reversed flow on 50 faces (27.5% area) of pressure-outlet 19.

 Reversed flow on 173 faces (33.9% area) of pressure-outlet 18.
  2974  1.7137e-03  2.0771e-05  1.6147e-05  1.6147e-05  0:17:59  526

 Reversed flow on 50 faces (27.5% area) of pressure-outlet 19.

 Reversed flow on 174 faces (33.9% area) of pressure-outlet 18.
  2975  1.6418e-03  2.0166e-05  1.5977e-05  1.6327e-05  0:17:56  525

 Reversed flow on 50 faces (27.5% area) of pressure-outlet 19.

 Reversed flow on 173 faces (33.9% area) of pressure-outlet 18.
  2976  1.6914e-03  2.0364e-05  1.6211e-05  1.6003e-05  0:17:54  524

 Reversed flow on 50 faces (27.5% area) of pressure-outlet 19.

 Reversed flow on 173 faces (33.9% area) of pressure-outlet 18.
  2977  1.6564e-03  2.0351e-05  1.6004e-05  1.6244e-05  0:17:52  523

 Reversed flow on 50 faces (27.5% area) of pressure-outlet 19.

 Reversed flow on 174 faces (33.9% area) of pressure-outlet 18.
  2978  1.7128e-03  2.0366e-05  1.6025e-05  1.6257e-05  0:17:50  522

 Reversed flow on 50 faces (27.5% area) of pressure-outlet 19.

 Reversed flow on 174 faces (33.9% area) of pressure-outlet 18.
  2979  1.6795e-03  2.0921e-05  1.6479e-05  1.6494e-05  0:17:48  521

 Reversed flow on 50 faces (27.5% area) of pressure-outlet 19.

 Reversed flow on 173 faces (33.9% area) of pressure-outlet 18.
  2980  1.6748e-03  1.9913e-05  1.5981e-05  1.6214e-05  0:17:46  520

 Reversed flow on 50 faces (27.5% area) of pressure-outlet 19.

 Reversed flow on 174 faces (33.9% area) of pressure-outlet 18.
  2981  1.7374e-03  2.0766e-05  1.6260e-05  1.6210e-05  0:17:44  519

 Reversed flow on 50 faces (27.5% area) of pressure-outlet 19.

 Reversed flow on 174 faces (33.9% area) of pressure-outlet 18.

  iter  continuity  x-velocity  y-velocity  z-velocity     time/iter
  2982  1.6763e-03  2.0212e-05  1.6049e-05  1.6401e-05  0:17:42  518

 Reversed flow on 50 faces (27.5% area) of pressure-outlet 19.

 Reversed flow on 173 faces (33.9% area) of pressure-outlet 18.
  2983  1.7161e-03  2.0678e-05  1.6431e-05  1.6237e-05  0:17:40  517

 Reversed flow on 50 faces (27.5% area) of pressure-outlet 19.

 Reversed flow on 173 faces (33.9% area) of pressure-outlet 18.
  2984  1.6776e-03  2.0505e-05  1.6272e-05  1.6453e-05  0:17:51  516

 Reversed flow on 50 faces (27.5% area) of pressure-outlet 19.

 Reversed flow on 174 faces (33.9% area) of pressure-outlet 18.
  2985  1.7359e-03  2.0491e-05  1.6210e-05  1.6303e-05  0:17:46  515

 Reversed flow on 50 faces (27.5% area) of pressure-outlet 19.

 Reversed flow on 174 faces (33.9% area) of pressure-outlet 18.
  2986  1.7061e-03  2.0986e-05  1.6524e-05  1.6559e-05  0:17:43  514

 Reversed flow on 50 faces (27.5% area) of pressure-outlet 19.

 Reversed flow on 173 faces (33.9% area) of pressure-outlet 18.
  2987  1.7101e-03  2.0322e-05  1.6185e-05  1.6388e-05  0:17:38  513

 Reversed flow on 50 faces (27.5% area) of pressure-outlet 19.

 Reversed flow on 174 faces (33.9% area) of pressure-outlet 18.
  2988  1.7355e-03  2.1031e-05  1.6416e-05  1.6241e-05  0:17:36  512

 Reversed flow on 50 faces (27.5% area) of pressure-outlet 19.

 Reversed flow on 174 faces (33.9% area) of pressure-outlet 18.
  2989  1.6867e-03  2.0043e-05  1.6046e-05  1.6337e-05  0:17:32  511

 Reversed flow on 50 faces (27.5% area) of pressure-outlet 19.

 Reversed flow on 174 faces (33.9% area) of pressure-outlet 18.
  2990  1.7571e-03  2.0910e-05  1.6485e-05  1.6356e-05  0:17:29  510

 Reversed flow on 50 faces (27.5% area) of pressure-outlet 19.

 Reversed flow on 174 faces (33.9% area) of pressure-outlet 18.
  2991  1.7003e-03  2.0948e-05  1.6368e-05  1.6605e-05  0:17:26  509

 Reversed flow on 50 faces (27.5% area) of pressure-outlet 19.

 Reversed flow on 174 faces (33.9% area) of pressure-outlet 18.
  2992  1.7532e-03  2.0746e-05  1.6245e-05  1.6347e-05  0:17:23  508

 Reversed flow on 50 faces (27.5% area) of pressure-outlet 19.

 Reversed flow on 174 faces (33.9% area) of pressure-outlet 18.

  iter  continuity  x-velocity  y-velocity  z-velocity     time/iter
  2993  1.7258e-03  2.0831e-05  1.6592e-05  1.6560e-05  0:17:21  507

 Reversed flow on 50 faces (27.5% area) of pressure-outlet 19.

 Reversed flow on 173 faces (33.9% area) of pressure-outlet 18.
  2994  1.7438e-03  2.0399e-05  1.6213e-05  1.6397e-05  0:17:18  506

 Reversed flow on 50 faces (27.5% area) of pressure-outlet 19.

 Reversed flow on 173 faces (33.9% area) of pressure-outlet 18.
  2995  1.7587e-03  2.1430e-05  1.6587e-05  1.6522e-05  0:17:16  505

 Reversed flow on 50 faces (27.5% area) of pressure-outlet 19.

 Reversed flow on 174 faces (33.9% area) of pressure-outlet 18.
  2996  1.7431e-03  2.0395e-05  1.6352e-05  1.6675e-05  0:17:13  504

 Reversed flow on 50 faces (27.5% area) of pressure-outlet 19.

 Reversed flow on 173 faces (33.9% area) of pressure-outlet 18.
  2997  1.7945e-03  2.1004e-05  1.6780e-05  1.6514e-05  0:17:11  503

 Reversed flow on 50 faces (27.5% area) of pressure-outlet 19.

 Reversed flow on 173 faces (33.9% area) of pressure-outlet 18.
  2998  1.7296e-03  2.1002e-05  1.6476e-05  1.6764e-05  0:17:09  502

 Reversed flow on 50 faces (27.5% area) of pressure-outlet 19.

 Reversed flow on 174 faces (33.9% area) of pressure-outlet 18.
  2999  1.8235e-03  2.1431e-05  1.6591e-05  1.6862e-05  0:17:07  501

 Reversed flow on 50 faces (27.5% area) of pressure-outlet 19.

 Reversed flow on 174 faces (33.9% area) of pressure-outlet 18.
  3000  1.7821e-03  2.1514e-05  1.7006e-05  1.7054e-05  0:17:05  500

 Reversed flow on 50 faces (27.5% area) of pressure-outlet 19.

 Reversed flow on 173 faces (33.9% area) of pressure-outlet 18.
  3001  1.7960e-03  2.0683e-05  1.6532e-05  1.6659e-05  0:17:03  499

 Reversed flow on 50 faces (27.5% area) of pressure-outlet 19.

 Reversed flow on 173 faces (33.9% area) of pressure-outlet 18.
  3002  1.8450e-03  2.1977e-05  1.6914e-05  1.7014e-05  0:17:01  498

 Reversed flow on 50 faces (27.5% area) of pressure-outlet 19.

 Reversed flow on 174 faces (33.9% area) of pressure-outlet 18.
  3003  1.8728e-03  2.1626e-05  1.6840e-05  1.7350e-05  0:16:58  497

 Reversed flow on 50 faces (27.5% area) of pressure-outlet 19.

 Reversed flow on 173 faces (33.9% area) of pressure-outlet 18.

  iter  continuity  x-velocity  y-velocity  z-velocity     time/iter
  3004  1.8975e-03  2.2101e-05  1.7338e-05  1.7168e-05  0:16:56  496

 Reversed flow on 50 faces (27.5% area) of pressure-outlet 19.

 Reversed flow on 173 faces (33.9% area) of pressure-outlet 18.
  3005  1.8496e-03  2.1409e-05  1.7122e-05  1.7315e-05  0:16:54  495

 Reversed flow on 50 faces (27.5% area) of pressure-outlet 19.

 Reversed flow on 174 faces (33.9% area) of pressure-outlet 18.
  3006  1.9921e-03  2.2388e-05  1.7471e-05  1.7588e-05  0:16:52  494

 Reversed flow on 50 faces (27.5% area) of pressure-outlet 19.

 Reversed flow on 174 faces (33.9% area) of pressure-outlet 18.
  3007  1.9358e-03  2.2879e-05  1.8056e-05  1.8029e-05  0:16:50  493

 Reversed flow on 50 faces (27.5% area) of pressure-outlet 19.

 Reversed flow on 173 faces (33.9% area) of pressure-outlet 18.
  3008  1.9564e-03  2.2032e-05  1.7834e-05  1.7750e-05  0:16:48  492

 Reversed flow on 50 faces (27.5% area) of pressure-outlet 19.

 Reversed flow on 173 faces (33.9% area) of pressure-outlet 18.
  3009  1.9819e-03  2.2811e-05  1.8175e-05  1.7911e-05  0:16:03  491

 Reversed flow on 50 faces (27.5% area) of pressure-outlet 19.

 Reversed flow on 174 faces (33.9% area) of pressure-outlet 18.
  3010  1.9520e-03  2.1675e-05  1.7477e-05  1.7447e-05  0:16:09  490

 Reversed flow on 50 faces (27.5% area) of pressure-outlet 19.

 Reversed flow on 174 faces (33.9% area) of pressure-outlet 18.
  3011  1.9981e-03  2.3053e-05  1.8287e-05  1.7952e-05  0:16:14  489

 Reversed flow on 50 faces (27.5% area) of pressure-outlet 19.

 Reversed flow on 174 faces (33.9% area) of pressure-outlet 18.
  3012  1.9503e-03  2.2443e-05  1.8038e-05  1.8212e-05  0:16:18  488

 Reversed flow on 50 faces (27.5% area) of pressure-outlet 19.

 Reversed flow on 174 faces (33.9% area) of pressure-outlet 18.
  3013  2.0421e-03  2.2750e-05  1.8132e-05  1.7734e-05  0:16:20  487

 Reversed flow on 50 faces (27.5% area) of pressure-outlet 19.

 Reversed flow on 174 faces (33.9% area) of pressure-outlet 18.
  3014  1.9702e-03  2.2673e-05  1.8187e-05  1.7923e-05  0:16:22  486

 Reversed flow on 50 faces (27.5% area) of pressure-outlet 19.

 Reversed flow on 174 faces (33.9% area) of pressure-outlet 18.

  iter  continuity  x-velocity  y-velocity  z-velocity     time/iter
  3015  1.9931e-03  2.2563e-05  1.7957e-05  1.7919e-05  0:16:22  485

 Reversed flow on 50 faces (27.5% area) of pressure-outlet 19.

 Reversed flow on 174 faces (33.9% area) of pressure-outlet 18.
  3016  1.9814e-03  2.3297e-05  1.8272e-05  1.7986e-05  0:15:40  484

 Reversed flow on 50 faces (27.5% area) of pressure-outlet 19.

 Reversed flow on 174 faces (33.9% area) of pressure-outlet 18.
  3017  1.9342e-03  2.1293e-05  1.7202e-05  1.7123e-05  0:15:48  483

 Reversed flow on 50 faces (27.5% area) of pressure-outlet 19.

 Reversed flow on 174 faces (33.9% area) of pressure-outlet 18.
  3018  1.9454e-03  2.2242e-05  1.7622e-05  1.7283e-05  0:15:14  482

 Reversed flow on 50 faces (27.5% area) of pressure-outlet 19.

 Reversed flow on 173 faces (33.9% area) of pressure-outlet 18.
  3019  1.8508e-03  2.1132e-05  1.6623e-05  1.6871e-05  0:15:27  481

 Reversed flow on 50 faces (27.5% area) of pressure-outlet 19.

 Reversed flow on 173 faces (33.9% area) of pressure-outlet 18.
  3020  1.9211e-03  2.1731e-05  1.7197e-05  1.6992e-05  0:15:37  480

 Reversed flow on 50 faces (27.5% area) of pressure-outlet 19.

 Reversed flow on 173 faces (33.9% area) of pressure-outlet 18.
  3021  1.8466e-03  2.0981e-05  1.7072e-05  1.7079e-05  0:15:44  479

 Reversed flow on 50 faces (27.5% area) of pressure-outlet 19.

 Reversed flow on 173 faces (33.9% area) of pressure-outlet 18.
  3022  1.8822e-03  2.1155e-05  1.7022e-05  1.6838e-05  0:15:50  478

 Reversed flow on 50 faces (27.5% area) of pressure-outlet 19.

 Reversed flow on 173 faces (33.9% area) of pressure-outlet 18.
  3023  1.8446e-03  2.1884e-05  1.7227e-05  1.7153e-05  0:15:54  477

 Reversed flow on 50 faces (27.5% area) of pressure-outlet 19.

 Reversed flow on 173 faces (33.9% area) of pressure-outlet 18.
  3024  1.8568e-03  2.1104e-05  1.7121e-05  1.7204e-05  0:15:56  476

 Reversed flow on 50 faces (27.5% area) of pressure-outlet 19.

 Reversed flow on 173 faces (33.9% area) of pressure-outlet 18.
  3025  1.8989e-03  2.1929e-05  1.7669e-05  1.7283e-05  0:15:16  475

 Reversed flow on 50 faces (27.5% area) of pressure-outlet 19.

 Reversed flow on 173 faces (33.9% area) of pressure-outlet 18.

  iter  continuity  x-velocity  y-velocity  z-velocity     time/iter
  3026  1.8099e-03  2.0573e-05  1.6437e-05  1.6570e-05  0:15:26  474

 Reversed flow on 50 faces (27.5% area) of pressure-outlet 19.

 Reversed flow on 173 faces (33.9% area) of pressure-outlet 18.
  3027  1.8412e-03  2.1284e-05  1.6791e-05  1.6687e-05  0:15:32  473

 Reversed flow on 50 faces (27.5% area) of pressure-outlet 19.

 Reversed flow on 173 faces (33.9% area) of pressure-outlet 18.
  3028  1.7680e-03  2.0768e-05  1.6792e-05  1.6890e-05  0:15:38  472

 Reversed flow on 50 faces (27.5% area) of pressure-outlet 19.

 Reversed flow on 173 faces (33.9% area) of pressure-outlet 18.
  3029  1.8415e-03  2.1110e-05  1.6946e-05  1.6598e-05  0:15:41  471

 Reversed flow on 50 faces (27.5% area) of pressure-outlet 19.

 Reversed flow on 173 faces (33.9% area) of pressure-outlet 18.
  3030  1.7912e-03  2.1388e-05  1.6828e-05  1.6789e-05  0:15:44  470

 Reversed flow on 50 faces (27.5% area) of pressure-outlet 19.

 Reversed flow on 173 faces (33.9% area) of pressure-outlet 18.
  3031  1.7956e-03  2.0820e-05  1.6678e-05  1.6788e-05  0:15:46  469

 Reversed flow on 50 faces (27.5% area) of pressure-outlet 19.

 Reversed flow on 173 faces (33.9% area) of pressure-outlet 18.
  3032  1.8240e-03  2.1774e-05  1.7330e-05  1.7040e-05  0:15:46  468

 Reversed flow on 50 faces (27.5% area) of pressure-outlet 19.

 Reversed flow on 173 faces (33.9% area) of pressure-outlet 18.
  3033  1.7965e-03  2.0957e-05  1.6738e-05  1.6813e-05  0:15:46  467

 Reversed flow on 50 faces (27.5% area) of pressure-outlet 19.

 Reversed flow on 173 faces (33.9% area) of pressure-outlet 18.
  3034  1.8188e-03  2.1360e-05  1.6719e-05  1.6653e-05  0:15:47  466

 Reversed flow on 50 faces (27.5% area) of pressure-outlet 19.

 Reversed flow on 173 faces (33.9% area) of pressure-outlet 18.
  3035  1.7541e-03  2.0958e-05  1.6796e-05  1.6971e-05  0:15:46  465

 Reversed flow on 50 faces (27.5% area) of pressure-outlet 19.

 Reversed flow on 173 faces (33.9% area) of pressure-outlet 18.
  3036  1.8095e-03  2.1214e-05  1.6951e-05  1.6663e-05  0:15:45  464

 Reversed flow on 50 faces (27.5% area) of pressure-outlet 19.

 Reversed flow on 173 faces (33.9% area) of pressure-outlet 18.

  iter  continuity  x-velocity  y-velocity  z-velocity     time/iter
  3037  1.7603e-03  2.1314e-05  1.6679e-05  1.6769e-05  0:15:44  463

 Reversed flow on 50 faces (27.5% area) of pressure-outlet 19.

 Reversed flow on 174 faces (33.9% area) of pressure-outlet 18.
  3038  1.7806e-03  2.0898e-05  1.6622e-05  1.6792e-05  0:15:42  462

 Reversed flow on 50 faces (27.5% area) of pressure-outlet 19.

 Reversed flow on 174 faces (33.9% area) of pressure-outlet 18.
  3039  1.7931e-03  2.1741e-05  1.7206e-05  1.7068e-05  0:15:41  461

 Reversed flow on 50 faces (27.5% area) of pressure-outlet 19.

 Reversed flow on 173 faces (33.9% area) of pressure-outlet 18.
  3040  1.7656e-03  2.0782e-05  1.6585e-05  1.6684e-05  0:15:40  460

 Reversed flow on 50 faces (27.5% area) of pressure-outlet 19.

 Reversed flow on 174 faces (33.9% area) of pressure-outlet 18.
  3041  1.8012e-03  2.1415e-05  1.6696e-05  1.6649e-05  0:15:39  459

 Reversed flow on 50 faces (27.5% area) of pressure-outlet 19.

 Reversed flow on 174 faces (33.9% area) of pressure-outlet 18.
  3042  1.7326e-03  2.0972e-05  1.6693e-05  1.6954e-05  0:15:37  458

 Reversed flow on 50 faces (27.5% area) of pressure-outlet 19.

 Reversed flow on 173 faces (33.9% area) of pressure-outlet 18.
  3043  1.7840e-03  2.1118e-05  1.6824e-05  1.6583e-05  0:15:35  457

 Reversed flow on 50 faces (27.5% area) of pressure-outlet 19.

 Reversed flow on 173 faces (33.9% area) of pressure-outlet 18.
  3044  1.7444e-03  2.1071e-05  1.6555e-05  1.6705e-05  0:15:48  456

 Reversed flow on 50 faces (27.5% area) of pressure-outlet 19.

 Reversed flow on 174 faces (33.9% area) of pressure-outlet 18.
  3045  1.7662e-03  2.0815e-05  1.6533e-05  1.6702e-05  0:15:51  455

 Reversed flow on 50 faces (27.5% area) of pressure-outlet 19.

 Reversed flow on 174 faces (33.9% area) of pressure-outlet 18.
  3046  1.7652e-03  2.1643e-05  1.7083e-05  1.7014e-05  0:15:46  454

 Reversed flow on 50 faces (27.5% area) of pressure-outlet 19.

 Reversed flow on 173 faces (33.9% area) of pressure-outlet 18.
  3047  1.7436e-03  2.0469e-05  1.6433e-05  1.6596e-05  0:15:40  453

 Reversed flow on 50 faces (27.5% area) of pressure-outlet 19.

 Reversed flow on 174 faces (33.9% area) of pressure-outlet 18.

  iter  continuity  x-velocity  y-velocity  z-velocity     time/iter
  3048  1.7849e-03  2.1145e-05  1.6590e-05  1.6510e-05  0:15:36  452

 Reversed flow on 50 faces (27.5% area) of pressure-outlet 19.

 Reversed flow on 174 faces (33.9% area) of pressure-outlet 18.
  3049  1.7132e-03  2.0620e-05  1.6438e-05  1.6712e-05  0:15:33  451

 Reversed flow on 50 faces (27.5% area) of pressure-outlet 19.

 Reversed flow on 174 faces (33.9% area) of pressure-outlet 18.
  3050  1.7617e-03  2.0902e-05  1.6682e-05  1.6479e-05  0:15:29  450

 Reversed flow on 50 faces (27.5% area) of pressure-outlet 19.

 Reversed flow on 174 faces (33.9% area) of pressure-outlet 18.
  3051  1.7089e-03  2.0744e-05  1.6411e-05  1.6572e-05  0:15:25  449

 Reversed flow on 50 faces (27.5% area) of pressure-outlet 19.

 Reversed flow on 174 faces (33.9% area) of pressure-outlet 18.
  3052  1.7344e-03  2.0507e-05  1.6319e-05  1.6426e-05  0:15:22  448

 Reversed flow on 50 faces (27.5% area) of pressure-outlet 19.

 Reversed flow on 174 faces (33.9% area) of pressure-outlet 18.
  3053  1.7343e-03  2.1234e-05  1.6743e-05  1.6740e-05  0:15:19  447

 Reversed flow on 50 faces (27.5% area) of pressure-outlet 19.

 Reversed flow on 173 faces (33.9% area) of pressure-outlet 18.
  3054  1.7187e-03  2.0373e-05  1.6263e-05  1.6445e-05  0:15:16  446

 Reversed flow on 50 faces (27.5% area) of pressure-outlet 19.

 Reversed flow on 174 faces (33.9% area) of pressure-outlet 18.
  3055  1.7402e-03  2.0995e-05  1.6385e-05  1.6238e-05  0:15:14  445

 Reversed flow on 50 faces (27.5% area) of pressure-outlet 19.

 Reversed flow on 174 faces (33.9% area) of pressure-outlet 18.
  3056  1.6790e-03  2.0052e-05  1.6023e-05  1.6333e-05  0:15:25  444

 Reversed flow on 50 faces (27.5% area) of pressure-outlet 19.

 Reversed flow on 174 faces (33.9% area) of pressure-outlet 18.
  3057  1.7486e-03  2.0799e-05  1.6466e-05  1.6317e-05  0:15:22  443

 Reversed flow on 50 faces (27.5% area) of pressure-outlet 19.

 Reversed flow on 174 faces (33.9% area) of pressure-outlet 18.
  3058  1.6908e-03  2.0825e-05  1.6279e-05  1.6472e-05  0:15:19  442

 Reversed flow on 50 faces (27.5% area) of pressure-outlet 19.

 Reversed flow on 174 faces (33.9% area) of pressure-outlet 18.

  iter  continuity  x-velocity  y-velocity  z-velocity     time/iter
  3059  1.7248e-03  2.0588e-05  1.6165e-05  1.6295e-05  0:15:16  441

 Reversed flow on 50 faces (27.5% area) of pressure-outlet 19.

 Reversed flow on 174 faces (33.9% area) of pressure-outlet 18.
  3060  1.7169e-03  2.0896e-05  1.6589e-05  1.6538e-05  0:15:13  440

 Reversed flow on 50 faces (27.5% area) of pressure-outlet 19.

 Reversed flow on 173 faces (33.9% area) of pressure-outlet 18.
  3061  1.7212e-03  2.0325e-05  1.6170e-05  1.6341e-05  0:15:10  439

 Reversed flow on 50 faces (27.5% area) of pressure-outlet 19.

 Reversed flow on 173 faces (33.9% area) of pressure-outlet 18.
  3062  1.7401e-03  2.1247e-05  1.6436e-05  1.6399e-05  0:15:07  438

 Reversed flow on 50 faces (27.5% area) of pressure-outlet 19.

 Reversed flow on 174 faces (33.9% area) of pressure-outlet 18.
  3063  1.7148e-03  2.0355e-05  1.6234e-05  1.6581e-05  0:15:03  437

 Reversed flow on 50 faces (27.5% area) of pressure-outlet 19.

 Reversed flow on 173 faces (33.9% area) of pressure-outlet 18.
  3064  1.7697e-03  2.0826e-05  1.6636e-05  1.6339e-05  0:15:00  436

 Reversed flow on 50 faces (27.5% area) of pressure-outlet 19.

 Reversed flow on 173 faces (33.9% area) of pressure-outlet 18.
  3065  1.7124e-03  2.0848e-05  1.6331e-05  1.6649e-05  0:14:57  435

 Reversed flow on 50 faces (27.5% area) of pressure-outlet 19.

 Reversed flow on 174 faces (33.9% area) of pressure-outlet 18.
  3066  1.8077e-03  2.1308e-05  1.6458e-05  1.6808e-05  0:14:54  434

 Reversed flow on 50 faces (27.5% area) of pressure-outlet 19.

 Reversed flow on 174 faces (33.9% area) of pressure-outlet 18.
  3067  1.7648e-03  2.1425e-05  1.6832e-05  1.6916e-05  0:14:51  433

 Reversed flow on 50 faces (27.5% area) of pressure-outlet 19.

 Reversed flow on 173 faces (33.9% area) of pressure-outlet 18.
  3068  1.7727e-03  2.0490e-05  1.6383e-05  1.6587e-05  0:14:48  432

 Reversed flow on 50 faces (27.5% area) of pressure-outlet 19.

 Reversed flow on 173 faces (33.9% area) of pressure-outlet 18.
  3069  1.8515e-03  2.1944e-05  1.6884e-05  1.6998e-05  0:14:45  431

 Reversed flow on 50 faces (27.5% area) of pressure-outlet 19.

 Reversed flow on 174 faces (33.9% area) of pressure-outlet 18.

  iter  continuity  x-velocity  y-velocity  z-velocity     time/iter
  3070  1.8734e-03  2.1616e-05  1.6860e-05  1.7335e-05  0:14:43  430

 Reversed flow on 50 faces (27.5% area) of pressure-outlet 19.

 Reversed flow on 173 faces (33.9% area) of pressure-outlet 18.
  3071  1.8897e-03  2.1946e-05  1.7291e-05  1.7120e-05  0:14:40  429

 Reversed flow on 50 faces (27.5% area) of pressure-outlet 19.

 Reversed flow on 173 faces (33.9% area) of pressure-outlet 18.
  3072  1.8538e-03  2.1415e-05  1.7180e-05  1.7337e-05  0:14:38  428

 Reversed flow on 50 faces (27.5% area) of pressure-outlet 19.

 Reversed flow on 174 faces (33.9% area) of pressure-outlet 18.
  3073  1.9877e-03  2.2321e-05  1.7518e-05  1.7587e-05  0:14:36  427

 Reversed flow on 50 faces (27.5% area) of pressure-outlet 19.

 Reversed flow on 174 faces (33.9% area) of pressure-outlet 18.
  3074  1.9440e-03  2.2980e-05  1.8149e-05  1.8057e-05  0:14:33  426

 Reversed flow on 50 faces (27.5% area) of pressure-outlet 19.

 Reversed flow on 173 faces (33.9% area) of pressure-outlet 18.
  3075  1.9654e-03  2.2076e-05  1.7894e-05  1.7819e-05  0:14:31  425

 Reversed flow on 50 faces (27.5% area) of pressure-outlet 19.

 Reversed flow on 174 faces (33.9% area) of pressure-outlet 18.
  3076  1.9887e-03  2.2839e-05  1.8160e-05  1.7849e-05  0:13:52  424

 Reversed flow on 50 faces (27.5% area) of pressure-outlet 19.

 Reversed flow on 174 faces (33.9% area) of pressure-outlet 18.
  3077  1.9518e-03  2.1632e-05  1.7412e-05  1.7379e-05  0:13:59  423

 Reversed flow on 50 faces (27.5% area) of pressure-outlet 19.

 Reversed flow on 174 faces (33.9% area) of pressure-outlet 18.
  3078  1.9928e-03  2.2905e-05  1.8170e-05  1.7810e-05  0:14:03  422

 Reversed flow on 50 faces (27.5% area) of pressure-outlet 19.

 Reversed flow on 174 faces (33.9% area) of pressure-outlet 18.
  3079  1.9424e-03  2.2466e-05  1.7997e-05  1.8111e-05  0:14:05  421

 Reversed flow on 50 faces (27.5% area) of pressure-outlet 19.

 Reversed flow on 174 faces (33.9% area) of pressure-outlet 18.
  3080  2.0341e-03  2.2682e-05  1.8053e-05  1.7647e-05  0:14:06  420

 Reversed flow on 50 faces (27.5% area) of pressure-outlet 19.

 Reversed flow on 174 faces (33.9% area) of pressure-outlet 18.

  iter  continuity  x-velocity  y-velocity  z-velocity     time/iter
  3081  1.9671e-03  2.2648e-05  1.8164e-05  1.7832e-05  0:14:07  419

 Reversed flow on 50 faces (27.5% area) of pressure-outlet 19.

 Reversed flow on 174 faces (33.9% area) of pressure-outlet 18.
  3082  1.9861e-03  2.2452e-05  1.7838e-05  1.7836e-05  0:14:08  418

 Reversed flow on 50 faces (27.5% area) of pressure-outlet 19.

 Reversed flow on 174 faces (33.9% area) of pressure-outlet 18.
  3083  1.9836e-03  2.3270e-05  1.8240e-05  1.7911e-05  0:13:30  417

 Reversed flow on 50 faces (27.5% area) of pressure-outlet 19.

 Reversed flow on 174 faces (33.9% area) of pressure-outlet 18.
  3084  1.9267e-03  2.1255e-05  1.7160e-05  1.7119e-05  0:13:37  416

 Reversed flow on 50 faces (27.5% area) of pressure-outlet 19.

 Reversed flow on 173 faces (33.9% area) of pressure-outlet 18.
  3085  1.9584e-03  2.2335e-05  1.7707e-05  1.7342e-05  0:13:06  415

 Reversed flow on 50 faces (27.5% area) of pressure-outlet 19.

 Reversed flow on 173 faces (33.9% area) of pressure-outlet 18.
  3086  1.8462e-03  2.1235e-05  1.6685e-05  1.6911e-05  0:13:16  414

 Reversed flow on 50 faces (27.5% area) of pressure-outlet 19.

 Reversed flow on 173 faces (33.9% area) of pressure-outlet 18.
  3087  1.9100e-03  2.1583e-05  1.7120e-05  1.6947e-05  0:13:25  413

 Reversed flow on 50 faces (27.5% area) of pressure-outlet 19.

 Reversed flow on 173 faces (33.9% area) of pressure-outlet 18.
  3088  1.8406e-03  2.0976e-05  1.7061e-05  1.7059e-05  0:13:31  412

 Reversed flow on 50 faces (27.5% area) of pressure-outlet 19.

 Reversed flow on 173 faces (33.9% area) of pressure-outlet 18.
  3089  1.8735e-03  2.1076e-05  1.6977e-05  1.6816e-05  0:13:36  411

 Reversed flow on 50 faces (27.5% area) of pressure-outlet 19.

 Reversed flow on 173 faces (33.9% area) of pressure-outlet 18.
  3090  1.8439e-03  2.1867e-05  1.7223e-05  1.7098e-05  0:13:39  410

 Reversed flow on 50 faces (27.5% area) of pressure-outlet 19.

 Reversed flow on 173 faces (33.9% area) of pressure-outlet 18.
  3091  1.8441e-03  2.0941e-05  1.7007e-05  1.7126e-05  0:13:42  409

 Reversed flow on 50 faces (27.5% area) of pressure-outlet 19.

 Reversed flow on 173 faces (33.9% area) of pressure-outlet 18.

  iter  continuity  x-velocity  y-velocity  z-velocity     time/iter
  3092  1.8844e-03  2.1781e-05  1.7538e-05  1.7166e-05  0:13:08  408

 Reversed flow on 50 faces (27.5% area) of pressure-outlet 19.

 Reversed flow on 173 faces (33.9% area) of pressure-outlet 18.
  3093  1.7926e-03  2.0508e-05  1.6333e-05  1.6503e-05  0:13:16  407

 Reversed flow on 50 faces (27.5% area) of pressure-outlet 19.

 Reversed flow on 173 faces (33.9% area) of pressure-outlet 18.
  3094  1.8253e-03  2.1075e-05  1.6649e-05  1.6555e-05  0:13:21  406

 Reversed flow on 50 faces (27.5% area) of pressure-outlet 19.

 Reversed flow on 173 faces (33.9% area) of pressure-outlet 18.
  3095  1.7564e-03  2.0689e-05  1.6717e-05  1.6792e-05  0:13:25  405

 Reversed flow on 50 faces (27.5% area) of pressure-outlet 19.

 Reversed flow on 173 faces (33.9% area) of pressure-outlet 18.
  3096  1.8284e-03  2.0981e-05  1.6830e-05  1.6525e-05  0:13:28  404

 Reversed flow on 50 faces (27.5% area) of pressure-outlet 19.

 Reversed flow on 173 faces (33.9% area) of pressure-outlet 18.
  3097  1.7864e-03  2.1395e-05  1.6819e-05  1.6744e-05  0:13:30  403

 Reversed flow on 50 faces (27.5% area) of pressure-outlet 19.

 Reversed flow on 173 faces (33.9% area) of pressure-outlet 18.
  3098  1.7905e-03  2.0690e-05  1.6594e-05  1.6740e-05  0:13:31  402

 Reversed flow on 50 faces (27.5% area) of pressure-outlet 19.

 Reversed flow on 173 faces (33.9% area) of pressure-outlet 18.
  3099  1.8233e-03  2.1693e-05  1.7245e-05  1.6947e-05  0:13:33  401

 Reversed flow on 50 faces (27.5% area) of pressure-outlet 19.

 Reversed flow on 173 faces (33.9% area) of pressure-outlet 18.
  3100  1.7896e-03  2.0938e-05  1.6678e-05  1.6795e-05  0:13:32  400

 Reversed flow on 50 faces (27.5% area) of pressure-outlet 19.

 Reversed flow on 173 faces (33.9% area) of pressure-outlet 18.
  3101  1.8149e-03  2.1273e-05  1.6672e-05  1.6621e-05  0:13:32  399

 Reversed flow on 50 faces (27.5% area) of pressure-outlet 19.

 Reversed flow on 173 faces (33.9% area) of pressure-outlet 18.
  3102  1.7536e-03  2.0955e-05  1.6817e-05  1.6957e-05  0:13:31  398

 Reversed flow on 50 faces (27.5% area) of pressure-outlet 19.

 Reversed flow on 173 faces (33.9% area) of pressure-outlet 18.

  iter  continuity  x-velocity  y-velocity  z-velocity     time/iter
  3103  1.8085e-03  2.1140e-05  1.6908e-05  1.6659e-05  0:13:30  397

 Reversed flow on 50 faces (27.5% area) of pressure-outlet 19.

 Reversed flow on 173 faces (33.9% area) of pressure-outlet 18.
  3104  1.7589e-03  2.1351e-05  1.6688e-05  1.6764e-05  0:13:29  396

 Reversed flow on 50 faces (27.5% area) of pressure-outlet 19.

 Reversed flow on 174 faces (33.9% area) of pressure-outlet 18.
  3105  1.7773e-03  2.0824e-05  1.6613e-05  1.6814e-05  0:13:27  395

 Reversed flow on 50 faces (27.5% area) of pressure-outlet 19.

 Reversed flow on 174 faces (33.9% area) of pressure-outlet 18.
  3106  1.7978e-03  2.1761e-05  1.7202e-05  1.7062e-05  0:13:25  394

 Reversed flow on 50 faces (27.5% area) of pressure-outlet 19.

 Reversed flow on 173 faces (33.9% area) of pressure-outlet 18.
  3107  1.7680e-03  2.0843e-05  1.6602e-05  1.6730e-05  0:13:24  393

 Reversed flow on 50 faces (27.5% area) of pressure-outlet 19.

 Reversed flow on 174 faces (33.9% area) of pressure-outlet 18.
  3108  1.8046e-03  2.1393e-05  1.6707e-05  1.6678e-05  0:13:22  392

 Reversed flow on 50 faces (27.5% area) of pressure-outlet 19.

 Reversed flow on 174 faces (33.9% area) of pressure-outlet 18.
  3109  1.7347e-03  2.1011e-05  1.6744e-05  1.6966e-05  0:13:20  391

 Reversed flow on 50 faces (27.5% area) of pressure-outlet 19.

 Reversed flow on 173 faces (33.9% area) of pressure-outlet 18.
  3110  1.7836e-03  2.1083e-05  1.6821e-05  1.6602e-05  0:13:18  390

 Reversed flow on 50 faces (27.5% area) of pressure-outlet 19.

 Reversed flow on 173 faces (33.9% area) of pressure-outlet 18.
  3111  1.7467e-03  2.1141e-05  1.6587e-05  1.6715e-05  0:13:17  389

 Reversed flow on 50 faces (27.5% area) of pressure-outlet 19.

 Reversed flow on 174 faces (33.9% area) of pressure-outlet 18.
  3112  1.7624e-03  2.0751e-05  1.6518e-05  1.6719e-05  0:13:15  388

 Reversed flow on 50 faces (27.5% area) of pressure-outlet 19.

 Reversed flow on 174 faces (33.9% area) of pressure-outlet 18.
  3113  1.7676e-03  2.1661e-05  1.7106e-05  1.7011e-05  0:13:13  387

 Reversed flow on 50 faces (27.5% area) of pressure-outlet 19.

 Reversed flow on 173 faces (33.9% area) of pressure-outlet 18.

  iter  continuity  x-velocity  y-velocity  z-velocity     time/iter
  3114  1.7486e-03  2.0553e-05  1.6485e-05  1.6677e-05  0:13:11  386

 Reversed flow on 50 faces (27.5% area) of pressure-outlet 19.

 Reversed flow on 174 faces (33.9% area) of pressure-outlet 18.
  3115  1.7869e-03  2.1132e-05  1.6597e-05  1.6533e-05  0:13:09  385

 Reversed flow on 50 faces (27.5% area) of pressure-outlet 19.

 Reversed flow on 174 faces (33.9% area) of pressure-outlet 18.
  3116  1.7105e-03  2.0711e-05  1.6513e-05  1.6753e-05  0:13:07  384

 Reversed flow on 50 faces (27.5% area) of pressure-outlet 19.

 Reversed flow on 174 faces (33.9% area) of pressure-outlet 18.
  3117  1.7606e-03  2.0870e-05  1.6668e-05  1.6489e-05  0:13:31  383

 Reversed flow on 50 faces (27.5% area) of pressure-outlet 19.

 Reversed flow on 174 faces (33.9% area) of pressure-outlet 18.
  3118  1.7141e-03  2.0851e-05  1.6458e-05  1.6613e-05  0:13:23  382

 Reversed flow on 50 faces (27.5% area) of pressure-outlet 19.

 Reversed flow on 174 faces (33.9% area) of pressure-outlet 18.
  3119  1.7324e-03  2.0457e-05  1.6326e-05  1.6441e-05  0:13:17  381

 Reversed flow on 50 faces (27.5% area) of pressure-outlet 19.

 Reversed flow on 174 faces (33.9% area) of pressure-outlet 18.
  3120  1.7409e-03  2.1286e-05  1.6758e-05  1.6740e-05  0:13:12  380

 Reversed flow on 50 faces (27.5% area) of pressure-outlet 19.

 Reversed flow on 173 faces (33.9% area) of pressure-outlet 18.
  3121  1.7139e-03  2.0393e-05  1.6255e-05  1.6476e-05  0:13:07  379

 Reversed flow on 50 faces (27.5% area) of pressure-outlet 19.

 Reversed flow on 174 faces (33.9% area) of pressure-outlet 18.
  3122  1.7365e-03  2.0913e-05  1.6361e-05  1.6234e-05  0:13:03  378

 Reversed flow on 50 faces (27.5% area) of pressure-outlet 19.

 Reversed flow on 174 faces (33.9% area) of pressure-outlet 18.
  3123  1.6744e-03  2.0086e-05  1.6060e-05  1.6337e-05  0:12:59  377

 Reversed flow on 50 faces (27.5% area) of pressure-outlet 19.

 Reversed flow on 173 faces (33.9% area) of pressure-outlet 18.
  3124  1.7400e-03  2.0672e-05  1.6391e-05  1.6253e-05  0:12:55  376

 Reversed flow on 50 faces (27.5% area) of pressure-outlet 19.

 Reversed flow on 173 faces (33.9% area) of pressure-outlet 18.

  iter  continuity  x-velocity  y-velocity  z-velocity     time/iter
  3125  1.6910e-03  2.0883e-05  1.6286e-05  1.6464e-05  0:12:52  375

 Reversed flow on 50 faces (27.5% area) of pressure-outlet 19.

 Reversed flow on 174 faces (33.9% area) of pressure-outlet 18.
  3126  1.7204e-03  2.0503e-05  1.6164e-05  1.6302e-05  0:12:49  374

 Reversed flow on 50 faces (27.5% area) of pressure-outlet 19.

 Reversed flow on 174 faces (33.9% area) of pressure-outlet 18.
  3127  1.7207e-03  2.0892e-05  1.6581e-05  1.6525e-05  0:12:47  373

 Reversed flow on 50 faces (27.5% area) of pressure-outlet 19.

 Reversed flow on 173 faces (33.9% area) of pressure-outlet 18.
  3128  1.7125e-03  2.0299e-05  1.6162e-05  1.6353e-05  0:12:44  372

 Reversed flow on 50 faces (27.5% area) of pressure-outlet 19.

 Reversed flow on 174 faces (33.9% area) of pressure-outlet 18.
  3129  1.7482e-03  2.1205e-05  1.6417e-05  1.6385e-05  0:12:41  371

 Reversed flow on 50 faces (27.5% area) of pressure-outlet 19.

 Reversed flow on 174 faces (33.9% area) of pressure-outlet 18.
  3130  1.7084e-03  2.0369e-05  1.6239e-05  1.6551e-05  0:12:39  370

 Reversed flow on 50 faces (27.5% area) of pressure-outlet 19.

 Reversed flow on 173 faces (33.9% area) of pressure-outlet 18.
  3131  1.7638e-03  2.0748e-05  1.6562e-05  1.6292e-05  0:12:37  369

 Reversed flow on 50 faces (27.5% area) of pressure-outlet 19.

 Reversed flow on 173 faces (33.9% area) of pressure-outlet 18.
  3132  1.7150e-03  2.0877e-05  1.6311e-05  1.6635e-05  0:12:34  368

 Reversed flow on 50 faces (27.5% area) of pressure-outlet 19.

 Reversed flow on 174 faces (33.9% area) of pressure-outlet 18.
  3133  1.7974e-03  2.1237e-05  1.6431e-05  1.6801e-05  0:12:32  367

 Reversed flow on 50 faces (27.5% area) of pressure-outlet 19.

 Reversed flow on 174 faces (33.9% area) of pressure-outlet 18.
  3134  1.7687e-03  2.1526e-05  1.6867e-05  1.6935e-05  0:12:30  366

 Reversed flow on 50 faces (27.5% area) of pressure-outlet 19.

 Reversed flow on 173 faces (33.9% area) of pressure-outlet 18.
  3135  1.7659e-03  2.0467e-05  1.6367e-05  1.6602e-05  0:12:28  365

 Reversed flow on 50 faces (27.5% area) of pressure-outlet 19.

 Reversed flow on 173 faces (33.9% area) of pressure-outlet 18.

  iter  continuity  x-velocity  y-velocity  z-velocity     time/iter
  3136  1.8550e-03  2.1943e-05  1.6865e-05  1.6989e-05  0:12:26  364

 Reversed flow on 50 faces (27.5% area) of pressure-outlet 19.

 Reversed flow on 174 faces (33.9% area) of pressure-outlet 18.
  3137  1.8693e-03  2.1646e-05  1.6890e-05  1.7331e-05  0:12:24  363

 Reversed flow on 50 faces (27.5% area) of pressure-outlet 19.

 Reversed flow on 173 faces (33.9% area) of pressure-outlet 18.
  3138  1.8864e-03  2.1866e-05  1.7259e-05  1.7064e-05  0:12:22  362

 Reversed flow on 50 faces (27.5% area) of pressure-outlet 19.

 Reversed flow on 173 faces (33.9% area) of pressure-outlet 18.
  3139  1.8518e-03  2.1450e-05  1.7189e-05  1.7334e-05  0:12:20  361

 Reversed flow on 50 faces (27.5% area) of pressure-outlet 19.

 Reversed flow on 174 faces (33.9% area) of pressure-outlet 18.
  3140  1.9866e-03  2.2291e-05  1.7550e-05  1.7620e-05  0:12:17  360

 Reversed flow on 50 faces (27.5% area) of pressure-outlet 19.

 Reversed flow on 174 faces (33.9% area) of pressure-outlet 18.
  3141  1.9423e-03  2.3031e-05  1.8203e-05  1.8080e-05  0:12:15  359

 Reversed flow on 50 faces (27.5% area) of pressure-outlet 19.

 Reversed flow on 173 faces (33.9% area) of pressure-outlet 18.
  3142  1.9660e-03  2.2108e-05  1.7955e-05  1.7908e-05  0:12:13  358

 Reversed flow on 50 faces (27.5% area) of pressure-outlet 19.

 Reversed flow on 174 faces (33.9% area) of pressure-outlet 18.
  3143  2.0037e-03  2.2978e-05  1.8223e-05  1.7878e-05  0:11:40  357

 Reversed flow on 50 faces (27.5% area) of pressure-outlet 19.

 Reversed flow on 174 faces (33.9% area) of pressure-outlet 18.
  3144  1.9478e-03  2.1714e-05  1.7466e-05  1.7426e-05  0:11:44  356

 Reversed flow on 50 faces (27.5% area) of pressure-outlet 19.

 Reversed flow on 174 faces (33.9% area) of pressure-outlet 18.
  3145  2.0000e-03  2.2920e-05  1.8181e-05  1.7815e-05  0:11:47  355

 Reversed flow on 50 faces (27.5% area) of pressure-outlet 19.

 Reversed flow on 174 faces (33.9% area) of pressure-outlet 18.
  3146  1.9442e-03  2.2514e-05  1.7996e-05  1.8079e-05  0:11:50  354

 Reversed flow on 50 faces (27.5% area) of pressure-outlet 19.

 Reversed flow on 174 faces (33.9% area) of pressure-outlet 18.

  iter  continuity  x-velocity  y-velocity  z-velocity     time/iter
  3147  2.0237e-03  2.2617e-05  1.8005e-05  1.7608e-05  0:11:52  353

 Reversed flow on 50 faces (27.5% area) of pressure-outlet 19.

 Reversed flow on 174 faces (33.9% area) of pressure-outlet 18.
  3148  1.9624e-03  2.2654e-05  1.8122e-05  1.7781e-05  0:11:52  352

 Reversed flow on 50 faces (27.5% area) of pressure-outlet 19.

 Reversed flow on 174 faces (33.9% area) of pressure-outlet 18.
  3149  1.9751e-03  2.2319e-05  1.7736e-05  1.7762e-05  0:11:52  351

 Reversed flow on 50 faces (27.5% area) of pressure-outlet 19.

 Reversed flow on 174 faces (33.9% area) of pressure-outlet 18.
  3150  1.9816e-03  2.3211e-05  1.8166e-05  1.7795e-05  0:11:20  350

 Reversed flow on 50 faces (27.5% area) of pressure-outlet 19.

 Reversed flow on 174 faces (33.9% area) of pressure-outlet 18.
  3151  1.9216e-03  2.1196e-05  1.7109e-05  1.7094e-05  0:11:26  349

 Reversed flow on 50 faces (27.5% area) of pressure-outlet 19.

 Reversed flow on 173 faces (33.9% area) of pressure-outlet 18.
  3152  1.9545e-03  2.2251e-05  1.7667e-05  1.7278e-05  0:11:29  348

 Reversed flow on 50 faces (27.5% area) of pressure-outlet 19.

 Reversed flow on 173 faces (33.9% area) of pressure-outlet 18.
  3153  1.8804e-03  2.2027e-05  1.7372e-05  1.7510e-05  0:11:32  347

 Reversed flow on 50 faces (27.5% area) of pressure-outlet 19.

 Reversed flow on 173 faces (33.9% area) of pressure-outlet 18.
  3154  1.9492e-03  2.2158e-05  1.7524e-05  1.7361e-05  0:11:34  346

 Reversed flow on 50 faces (27.5% area) of pressure-outlet 19.

 Reversed flow on 173 faces (33.9% area) of pressure-outlet 18.
  3155  1.8990e-03  2.1873e-05  1.7818e-05  1.7644e-05  0:11:35  345

 Reversed flow on 50 faces (27.5% area) of pressure-outlet 19.

 Reversed flow on 173 faces (33.9% area) of pressure-outlet 18.
  3156  1.9203e-03  2.1645e-05  1.7439e-05  1.7316e-05  0:11:35  344

 Reversed flow on 50 faces (27.5% area) of pressure-outlet 19.

 Reversed flow on 173 faces (33.9% area) of pressure-outlet 18.
  3157  1.8751e-03  2.2335e-05  1.7563e-05  1.7361e-05  0:11:35  343

 Reversed flow on 50 faces (27.5% area) of pressure-outlet 19.

 Reversed flow on 173 faces (33.9% area) of pressure-outlet 18.

  iter  continuity  x-velocity  y-velocity  z-velocity     time/iter
  3158  1.8713e-03  2.1315e-05  1.7316e-05  1.7486e-05  0:11:35  342

 Reversed flow on 50 faces (27.5% area) of pressure-outlet 19.

 Reversed flow on 173 faces (33.9% area) of pressure-outlet 18.
  3159  1.9303e-03  2.2306e-05  1.7923e-05  1.7527e-05  0:11:34  341

 Reversed flow on 50 faces (27.5% area) of pressure-outlet 19.

 Reversed flow on 173 faces (33.9% area) of pressure-outlet 18.
  3160  1.8580e-03  2.1756e-05  1.7319e-05  1.7415e-05  0:11:33  340

 Reversed flow on 50 faces (27.5% area) of pressure-outlet 19.

 Reversed flow on 173 faces (33.9% area) of pressure-outlet 18.
  3161  1.8787e-03  2.1857e-05  1.7235e-05  1.7139e-05  0:11:31  339

 Reversed flow on 50 faces (27.5% area) of pressure-outlet 19.

 Reversed flow on 173 faces (33.9% area) of pressure-outlet 18.
  3162  1.8297e-03  2.1724e-05  1.7588e-05  1.7525e-05  0:11:30  338

 Reversed flow on 50 faces (27.5% area) of pressure-outlet 19.

 Reversed flow on 173 faces (33.9% area) of pressure-outlet 18.
  3163  1.8883e-03  2.1660e-05  1.7409e-05  1.7145e-05  0:11:28  337

 Reversed flow on 50 faces (27.5% area) of pressure-outlet 19.

 Reversed flow on 173 faces (33.9% area) of pressure-outlet 18.
  3164  1.8289e-03  2.2001e-05  1.7228e-05  1.7112e-05  0:11:27  336

 Reversed flow on 50 faces (27.5% area) of pressure-outlet 19.

 Reversed flow on 173 faces (33.9% area) of pressure-outlet 18.
  3165  1.8198e-03  2.1139e-05  1.6941e-05  1.7189e-05  0:11:25  335

 Reversed flow on 50 faces (27.5% area) of pressure-outlet 19.

 Reversed flow on 173 faces (33.9% area) of pressure-outlet 18.
  3166  1.8744e-03  2.2272e-05  1.7684e-05  1.7325e-05  0:11:23  334

 Reversed flow on 50 faces (27.5% area) of pressure-outlet 19.

 Reversed flow on 173 faces (33.9% area) of pressure-outlet 18.
  3167  1.8282e-03  2.1501e-05  1.7084e-05  1.7205e-05  0:11:21  333

 Reversed flow on 50 faces (27.5% area) of pressure-outlet 19.

 Reversed flow on 173 faces (33.9% area) of pressure-outlet 18.
  3168  1.8490e-03  2.1636e-05  1.6973e-05  1.6925e-05  0:11:19  332

 Reversed flow on 50 faces (27.5% area) of pressure-outlet 19.

 Reversed flow on 173 faces (33.9% area) of pressure-outlet 18.

  iter  continuity  x-velocity  y-velocity  z-velocity     time/iter
  3169  1.7910e-03  2.1490e-05  1.7230e-05  1.7313e-05  0:11:17  331

 Reversed flow on 50 faces (27.5% area) of pressure-outlet 19.

 Reversed flow on 173 faces (33.9% area) of pressure-outlet 18.
  3170  1.8489e-03  2.1478e-05  1.7180e-05  1.6955e-05  0:11:15  330

 Reversed flow on 50 faces (27.5% area) of pressure-outlet 19.

 Reversed flow on 173 faces (33.9% area) of pressure-outlet 18.
  3171  1.7987e-03  2.1796e-05  1.6990e-05  1.7019e-05  0:11:14  329

 Reversed flow on 50 faces (27.5% area) of pressure-outlet 19.

 Reversed flow on 174 faces (33.9% area) of pressure-outlet 18.
  3172  1.8014e-03  2.1102e-05  1.6797e-05  1.7090e-05  0:11:11  328

 Reversed flow on 50 faces (27.5% area) of pressure-outlet 19.

 Reversed flow on 174 faces (33.9% area) of pressure-outlet 18.
  3173  1.8357e-03  2.2111e-05  1.7452e-05  1.7257e-05  0:11:09  327

 Reversed flow on 50 faces (27.5% area) of pressure-outlet 19.

 Reversed flow on 173 faces (33.9% area) of pressure-outlet 18.
  3174  1.7952e-03  2.1182e-05  1.6853e-05  1.7017e-05  0:11:07  326

 Reversed flow on 50 faces (27.5% area) of pressure-outlet 19.

 Reversed flow on 174 faces (33.9% area) of pressure-outlet 18.
  3175  1.8345e-03  2.1668e-05  1.6923e-05  1.6930e-05  0:11:05  325

 Reversed flow on 50 faces (27.5% area) of pressure-outlet 19.

 Reversed flow on 174 faces (33.9% area) of pressure-outlet 18.
  3176  1.7641e-03  2.1458e-05  1.7043e-05  1.7244e-05  0:11:04  324

 Reversed flow on 50 faces (27.5% area) of pressure-outlet 19.

 Reversed flow on 173 faces (33.9% area) of pressure-outlet 18.
  3177  1.8086e-03  2.1253e-05  1.6987e-05  1.6807e-05  0:11:02  323

 Reversed flow on 50 faces (27.5% area) of pressure-outlet 19.

 Reversed flow on 173 faces (33.9% area) of pressure-outlet 18.
  3178  1.7804e-03  2.1468e-05  1.6849e-05  1.6939e-05  0:10:59  322

 Reversed flow on 50 faces (27.5% area) of pressure-outlet 19.

 Reversed flow on 174 faces (33.9% area) of pressure-outlet 18.
  3179  1.8081e-03  2.1082e-05  1.6804e-05  1.7044e-05  0:10:57  321

 Reversed flow on 50 faces (27.5% area) of pressure-outlet 19.

 Reversed flow on 174 faces (33.9% area) of pressure-outlet 18.

  iter  continuity  x-velocity  y-velocity  z-velocity     time/iter
  3180  1.8036e-03  2.1963e-05  1.7332e-05  1.7213e-05  0:10:55  320

 Reversed flow on 50 faces (27.5% area) of pressure-outlet 19.

 Reversed flow on 173 faces (33.9% area) of pressure-outlet 18.
  3181  1.7759e-03  2.0835e-05  1.6753e-05  1.6984e-05  0:10:53  319

 Reversed flow on 50 faces (27.5% area) of pressure-outlet 19.

 Reversed flow on 174 faces (33.9% area) of pressure-outlet 18.
  3182  1.8302e-03  2.1374e-05  1.6882e-05  1.6816e-05  0:10:51  318

 Reversed flow on 50 faces (27.5% area) of pressure-outlet 19.

 Reversed flow on 174 faces (33.9% area) of pressure-outlet 18.
  3183  1.7563e-03  2.1171e-05  1.6898e-05  1.7084e-05  0:10:49  317

 Reversed flow on 50 faces (27.5% area) of pressure-outlet 19.

 Reversed flow on 174 faces (33.9% area) of pressure-outlet 18.
  3184  1.8021e-03  2.1240e-05  1.6963e-05  1.6838e-05  0:10:47  316

 Reversed flow on 50 faces (27.5% area) of pressure-outlet 19.

 Reversed flow on 174 faces (33.9% area) of pressure-outlet 18.
  3185  1.7654e-03  2.1319e-05  1.6846e-05  1.6945e-05  0:10:45  315

 Reversed flow on 50 faces (27.5% area) of pressure-outlet 19.

 Reversed flow on 174 faces (33.9% area) of pressure-outlet 18.
  3186  1.7781e-03  2.0806e-05  1.6671e-05  1.6758e-05  0:10:43  314

 Reversed flow on 50 faces (27.5% area) of pressure-outlet 19.

 Reversed flow on 174 faces (33.9% area) of pressure-outlet 18.
  3187  1.8004e-03  2.1787e-05  1.7095e-05  1.7052e-05  0:10:41  313

 Reversed flow on 50 faces (27.5% area) of pressure-outlet 19.

 Reversed flow on 173 faces (33.9% area) of pressure-outlet 18.
  3188  1.7714e-03  2.0953e-05  1.6629e-05  1.6887e-05  0:10:39  312

 Reversed flow on 50 faces (27.5% area) of pressure-outlet 19.

 Reversed flow on 174 faces (33.9% area) of pressure-outlet 18.
  3189  1.7980e-03  2.1402e-05  1.6720e-05  1.6578e-05  0:10:37  311

 Reversed flow on 50 faces (27.5% area) of pressure-outlet 19.

 Reversed flow on 174 faces (33.9% area) of pressure-outlet 18.
  3190  1.7291e-03  2.0529e-05  1.6441e-05  1.6652e-05  0:10:35  310

 Reversed flow on 50 faces (27.5% area) of pressure-outlet 19.

 Reversed flow on 173 faces (33.9% area) of pressure-outlet 18.

  iter  continuity  x-velocity  y-velocity  z-velocity     time/iter
  3191  1.7883e-03  2.0982e-05  1.6652e-05  1.6530e-05  0:10:33  309

 Reversed flow on 50 faces (27.5% area) of pressure-outlet 19.

 Reversed flow on 173 faces (33.9% area) of pressure-outlet 18.
  3192  1.7428e-03  2.1368e-05  1.6622e-05  1.6776e-05  0:10:31  308

 Reversed flow on 50 faces (27.5% area) of pressure-outlet 19.

 Reversed flow on 174 faces (33.9% area) of pressure-outlet 18.
  3193  1.7729e-03  2.0833e-05  1.6497e-05  1.6627e-05  0:10:29  307

 Reversed flow on 50 faces (27.5% area) of pressure-outlet 19.

 Reversed flow on 174 faces (33.9% area) of pressure-outlet 18.
  3194  1.7801e-03  2.1269e-05  1.6917e-05  1.6793e-05  0:10:27  306

 Reversed flow on 50 faces (27.5% area) of pressure-outlet 19.

 Reversed flow on 173 faces (33.9% area) of pressure-outlet 18.
  3195  1.7578e-03  2.0669e-05  1.6467e-05  1.6644e-05  0:10:25  305

 Reversed flow on 50 faces (27.5% area) of pressure-outlet 19.

 Reversed flow on 173 faces (33.9% area) of pressure-outlet 18.
  3196  1.8084e-03  2.1603e-05  1.6750e-05  1.6754e-05  0:10:23  304

 Reversed flow on 50 faces (27.5% area) of pressure-outlet 19.

 Reversed flow on 174 faces (33.9% area) of pressure-outlet 18.
  3197  1.7687e-03  2.0846e-05  1.6662e-05  1.6920e-05  0:10:21  303

 Reversed flow on 50 faces (27.5% area) of pressure-outlet 19.

 Reversed flow on 173 faces (33.9% area) of pressure-outlet 18.
  3198  1.8159e-03  2.1044e-05  1.6841e-05  1.6546e-05  0:10:19  302

 Reversed flow on 50 faces (27.5% area) of pressure-outlet 19.

 Reversed flow on 173 faces (33.9% area) of pressure-outlet 18.
  3199  1.7785e-03  2.1391e-05  1.6661e-05  1.6956e-05  0:10:17  301

 Reversed flow on 50 faces (27.5% area) of pressure-outlet 19.

 Reversed flow on 174 faces (33.9% area) of pressure-outlet 18.
  3200  1.8658e-03  2.1684e-05  1.6790e-05  1.7161e-05  0:10:15  300

 Reversed flow on 50 faces (27.5% area) of pressure-outlet 19.

 Reversed flow on 174 faces (33.9% area) of pressure-outlet 18.
  3201  1.8384e-03  2.2086e-05  1.7238e-05  1.7304e-05  0:10:13  299

 Reversed flow on 50 faces (27.5% area) of pressure-outlet 19.

 Reversed flow on 173 faces (33.9% area) of pressure-outlet 18.

  iter  continuity  x-velocity  y-velocity  z-velocity     time/iter
  3202  1.8336e-03  2.0930e-05  1.6738e-05  1.6943e-05  0:10:11  298

 Reversed flow on 50 faces (27.5% area) of pressure-outlet 19.

 Reversed flow on 173 faces (33.9% area) of pressure-outlet 18.
  3203  1.9242e-03  2.2323e-05  1.7206e-05  1.7280e-05  0:10:09  297

 Reversed flow on 50 faces (27.5% area) of pressure-outlet 19.

 Reversed flow on 174 faces (33.9% area) of pressure-outlet 18.
  3204  1.9252e-03  2.2109e-05  1.7304e-05  1.7658e-05  0:10:07  296

 Reversed flow on 50 faces (27.5% area) of pressure-outlet 19.

 Reversed flow on 173 faces (33.9% area) of pressure-outlet 18.
  3205  1.9490e-03  2.2273e-05  1.7631e-05  1.7388e-05  0:10:05  295

 Reversed flow on 50 faces (27.5% area) of pressure-outlet 19.

 Reversed flow on 173 faces (33.9% area) of pressure-outlet 18.
  3206  1.9127e-03  2.1874e-05  1.7575e-05  1.7659e-05  0:10:03  294

 Reversed flow on 50 faces (27.5% area) of pressure-outlet 19.

 Reversed flow on 174 faces (33.9% area) of pressure-outlet 18.
  3207  2.0279e-03  2.2550e-05  1.7896e-05  1.7872e-05  0:10:09  293

 Reversed flow on 50 faces (27.5% area) of pressure-outlet 19.

 Reversed flow on 174 faces (33.9% area) of pressure-outlet 18.
  3208  1.9929e-03  2.3404e-05  1.8557e-05  1.8361e-05  0:09:39  292

 Reversed flow on 50 faces (27.5% area) of pressure-outlet 19.

 Reversed flow on 174 faces (33.9% area) of pressure-outlet 18.
  3209  1.9526e-03  2.1644e-05  1.7551e-05  1.7541e-05  0:09:41  291

 Reversed flow on 50 faces (27.5% area) of pressure-outlet 19.

 Reversed flow on 174 faces (33.9% area) of pressure-outlet 18.
  3210  1.9878e-03  2.2589e-05  1.7869e-05  1.7563e-05  0:09:16  290

 Reversed flow on 50 faces (27.5% area) of pressure-outlet 19.

 Reversed flow on 174 faces (33.9% area) of pressure-outlet 18.
  3211  1.9187e-03  2.1269e-05  1.7141e-05  1.7042e-05  0:09:22  289

 Reversed flow on 50 faces (27.5% area) of pressure-outlet 19.

 Reversed flow on 174 faces (33.9% area) of pressure-outlet 18.
  3212  1.9778e-03  2.2537e-05  1.7846e-05  1.7531e-05  0:09:26  288

 Reversed flow on 50 faces (27.5% area) of pressure-outlet 19.

 Reversed flow on 174 faces (33.9% area) of pressure-outlet 18.

  iter  continuity  x-velocity  y-velocity  z-velocity     time/iter
  3213  1.9476e-03  2.2473e-05  1.7904e-05  1.7964e-05  0:09:29  287

 Reversed flow on 50 faces (27.5% area) of pressure-outlet 19.

 Reversed flow on 174 faces (33.9% area) of pressure-outlet 18.
  3214  2.0114e-03  2.2372e-05  1.7835e-05  1.7421e-05  0:09:31  286

 Reversed flow on 50 faces (27.5% area) of pressure-outlet 19.

 Reversed flow on 174 faces (33.9% area) of pressure-outlet 18.
  3215  1.9461e-03  2.2418e-05  1.7965e-05  1.7590e-05  0:09:07  285

 Reversed flow on 50 faces (27.5% area) of pressure-outlet 19.

 Reversed flow on 174 faces (33.9% area) of pressure-outlet 18.
  3216  1.9138e-03  2.1296e-05  1.6937e-05  1.6986e-05  0:09:12  284

 Reversed flow on 50 faces (27.5% area) of pressure-outlet 19.

 Reversed flow on 174 faces (33.9% area) of pressure-outlet 18.
  3217  1.9260e-03  2.2452e-05  1.7552e-05  1.7241e-05  0:08:51  283

 Reversed flow on 50 faces (27.5% area) of pressure-outlet 19.

 Reversed flow on 174 faces (33.9% area) of pressure-outlet 18.
  3218  1.8591e-03  2.0385e-05  1.6502e-05  1.6487e-05  0:08:59  282

 Reversed flow on 50 faces (27.5% area) of pressure-outlet 19.

 Reversed flow on 173 faces (33.9% area) of pressure-outlet 18.
  3219  1.8973e-03  2.1506e-05  1.7060e-05  1.6726e-05  0:09:05  281

 Reversed flow on 50 faces (27.5% area) of pressure-outlet 19.

 Reversed flow on 173 faces (33.9% area) of pressure-outlet 18.
  3220  1.8452e-03  2.1508e-05  1.6969e-05  1.7082e-05  0:09:09  280

 Reversed flow on 50 faces (27.5% area) of pressure-outlet 19.

 Reversed flow on 173 faces (33.9% area) of pressure-outlet 18.
  3221  1.9017e-03  2.1618e-05  1.7113e-05  1.6967e-05  0:09:12  279

 Reversed flow on 50 faces (27.5% area) of pressure-outlet 19.

 Reversed flow on 173 faces (33.9% area) of pressure-outlet 18.
  3222  1.8538e-03  2.1376e-05  1.7389e-05  1.7222e-05  0:09:14  278

 Reversed flow on 50 faces (27.5% area) of pressure-outlet 19.

 Reversed flow on 173 faces (33.9% area) of pressure-outlet 18.
  3223  1.8809e-03  2.1251e-05  1.7090e-05  1.6974e-05  0:09:15  277

 Reversed flow on 50 faces (27.5% area) of pressure-outlet 19.

 Reversed flow on 173 faces (33.9% area) of pressure-outlet 18.

  iter  continuity  x-velocity  y-velocity  z-velocity     time/iter
  3224  1.8487e-03  2.1990e-05  1.7279e-05  1.7052e-05  0:09:16  276

 Reversed flow on 50 faces (27.5% area) of pressure-outlet 19.

 Reversed flow on 173 faces (33.9% area) of pressure-outlet 18.
  3225  1.8408e-03  2.0974e-05  1.7029e-05  1.7211e-05  0:09:16  275

 Reversed flow on 50 faces (27.5% area) of pressure-outlet 19.

 Reversed flow on 173 faces (33.9% area) of pressure-outlet 18.
  3226  1.9035e-03  2.2027e-05  1.7678e-05  1.7290e-05  0:09:16  274

 Reversed flow on 50 faces (27.5% area) of pressure-outlet 19.

 Reversed flow on 173 faces (33.9% area) of pressure-outlet 18.
  3227  1.8336e-03  2.1543e-05  1.7134e-05  1.7223e-05  0:09:15  273

 Reversed flow on 50 faces (27.5% area) of pressure-outlet 19.

 Reversed flow on 173 faces (33.9% area) of pressure-outlet 18.
  3228  1.8572e-03  2.1623e-05  1.7056e-05  1.6959e-05  0:09:14  272

 Reversed flow on 50 faces (27.5% area) of pressure-outlet 19.

 Reversed flow on 173 faces (33.9% area) of pressure-outlet 18.
  3229  1.8152e-03  2.1590e-05  1.7470e-05  1.7376e-05  0:09:13  271

 Reversed flow on 50 faces (27.5% area) of pressure-outlet 19.

 Reversed flow on 173 faces (33.9% area) of pressure-outlet 18.
  3230  1.8733e-03  2.1521e-05  1.7285e-05  1.7056e-05  0:09:11  270

 Reversed flow on 50 faces (27.5% area) of pressure-outlet 19.

 Reversed flow on 173 faces (33.9% area) of pressure-outlet 18.
  3231  1.8115e-03  2.1845e-05  1.7108e-05  1.6969e-05  0:09:09  269

 Reversed flow on 50 faces (27.5% area) of pressure-outlet 19.

 Reversed flow on 173 faces (33.9% area) of pressure-outlet 18.
  3232  1.8038e-03  2.0962e-05  1.6848e-05  1.7096e-05  0:09:08  268

 Reversed flow on 50 faces (27.5% area) of pressure-outlet 19.

 Reversed flow on 173 faces (33.9% area) of pressure-outlet 18.
  3233  1.8676e-03  2.2117e-05  1.7583e-05  1.7222e-05  0:09:07  267

 Reversed flow on 50 faces (27.5% area) of pressure-outlet 19.

 Reversed flow on 173 faces (33.9% area) of pressure-outlet 18.
  3234  1.8169e-03  2.1404e-05  1.6996e-05  1.7112e-05  0:09:05  266

 Reversed flow on 50 faces (27.5% area) of pressure-outlet 19.

 Reversed flow on 173 faces (33.9% area) of pressure-outlet 18.

  iter  continuity  x-velocity  y-velocity  z-velocity     time/iter
  3235  1.8345e-03  2.1515e-05  1.6875e-05  1.6828e-05  0:09:03  265

 Reversed flow on 50 faces (27.5% area) of pressure-outlet 19.

 Reversed flow on 173 faces (33.9% area) of pressure-outlet 18.
  3236  1.7801e-03  2.1378e-05  1.7171e-05  1.7210e-05  0:09:01  264

 Reversed flow on 50 faces (27.5% area) of pressure-outlet 19.

 Reversed flow on 173 faces (33.9% area) of pressure-outlet 18.
  3237  1.8340e-03  2.1263e-05  1.7049e-05  1.6843e-05  0:08:59  263

 Reversed flow on 50 faces (27.5% area) of pressure-outlet 19.

 Reversed flow on 173 faces (33.9% area) of pressure-outlet 18.
  3238  1.7911e-03  2.1726e-05  1.6914e-05  1.6939e-05  0:08:57  262

 Reversed flow on 50 faces (27.5% area) of pressure-outlet 19.

 Reversed flow on 174 faces (33.9% area) of pressure-outlet 18.
  3239  1.7973e-03  2.1040e-05  1.6752e-05  1.7059e-05  0:08:56  261

 Reversed flow on 50 faces (27.5% area) of pressure-outlet 19.

 Reversed flow on 174 faces (33.9% area) of pressure-outlet 18.
  3240  1.8379e-03  2.2061e-05  1.7418e-05  1.7200e-05  0:08:54  260

 Reversed flow on 50 faces (27.5% area) of pressure-outlet 19.

 Reversed flow on 173 faces (33.9% area) of pressure-outlet 18.
  3241  1.7950e-03  2.1161e-05  1.6833e-05  1.6999e-05  0:08:51  259

 Reversed flow on 50 faces (27.5% area) of pressure-outlet 19.

 Reversed flow on 174 faces (33.9% area) of pressure-outlet 18.
  3242  1.8437e-03  2.1685e-05  1.6920e-05  1.6938e-05  0:08:49  258

 Reversed flow on 50 faces (27.5% area) of pressure-outlet 19.

 Reversed flow on 174 faces (33.9% area) of pressure-outlet 18.
  3243  1.7692e-03  2.1552e-05  1.7087e-05  1.7245e-05  0:08:47  257

 Reversed flow on 50 faces (27.5% area) of pressure-outlet 19.

 Reversed flow on 173 faces (33.9% area) of pressure-outlet 18.
  3244  1.8103e-03  2.1203e-05  1.6976e-05  1.6817e-05  0:08:45  256

 Reversed flow on 50 faces (27.5% area) of pressure-outlet 19.

 Reversed flow on 173 faces (33.9% area) of pressure-outlet 18.
  3245  1.7907e-03  2.1508e-05  1.6901e-05  1.6957e-05  0:08:43  255

 Reversed flow on 50 faces (27.5% area) of pressure-outlet 19.

 Reversed flow on 174 faces (33.9% area) of pressure-outlet 18.

  iter  continuity  x-velocity  y-velocity  z-velocity     time/iter
  3246  1.8199e-03  2.1113e-05  1.6818e-05  1.7098e-05  0:08:41  254

 Reversed flow on 50 faces (27.5% area) of pressure-outlet 19.

 Reversed flow on 174 faces (33.9% area) of pressure-outlet 18.
  3247  1.8204e-03  2.2052e-05  1.7392e-05  1.7248e-05  0:08:39  253

 Reversed flow on 50 faces (27.5% area) of pressure-outlet 19.

 Reversed flow on 173 faces (33.9% area) of pressure-outlet 18.
  3248  1.7918e-03  2.0934e-05  1.6859e-05  1.7082e-05  0:08:37  252

 Reversed flow on 50 faces (27.5% area) of pressure-outlet 19.

 Reversed flow on 174 faces (33.9% area) of pressure-outlet 18.
  3249  1.8497e-03  2.1450e-05  1.6962e-05  1.6890e-05  0:08:35  251

 Reversed flow on 50 faces (27.5% area) of pressure-outlet 19.

 Reversed flow on 174 faces (33.9% area) of pressure-outlet 18.
  3250  1.7721e-03  2.1324e-05  1.7016e-05  1.7166e-05  0:08:33  250

 Reversed flow on 50 faces (27.5% area) of pressure-outlet 19.

 Reversed flow on 174 faces (33.9% area) of pressure-outlet 18.
  3251  1.8147e-03  2.1332e-05  1.7044e-05  1.6929e-05  0:08:31  249

 Reversed flow on 50 faces (27.5% area) of pressure-outlet 19.

 Reversed flow on 174 faces (33.9% area) of pressure-outlet 18.
  3252  1.7790e-03  2.1469e-05  1.6970e-05  1.7014e-05  0:08:28  248

 Reversed flow on 50 faces (27.5% area) of pressure-outlet 19.

 Reversed flow on 174 faces (33.9% area) of pressure-outlet 18.
  3253  1.7874e-03  2.0845e-05  1.6735e-05  1.6819e-05  0:08:26  247

 Reversed flow on 50 faces (27.5% area) of pressure-outlet 19.

 Reversed flow on 174 faces (33.9% area) of pressure-outlet 18.
  3254  1.8160e-03  2.1881e-05  1.7159e-05  1.7089e-05  0:08:24  246

 Reversed flow on 50 faces (27.5% area) of pressure-outlet 19.

 Reversed flow on 174 faces (33.9% area) of pressure-outlet 18.
  3255  1.7860e-03  2.1111e-05  1.6716e-05  1.6990e-05  0:08:22  245

 Reversed flow on 50 faces (27.5% area) of pressure-outlet 19.

 Reversed flow on 174 faces (33.9% area) of pressure-outlet 18.
  3256  1.8126e-03  2.1499e-05  1.6807e-05  1.6647e-05  0:08:21  244

 Reversed flow on 50 faces (27.5% area) of pressure-outlet 19.

 Reversed flow on 174 faces (33.9% area) of pressure-outlet 18.

  iter  continuity  x-velocity  y-velocity  z-velocity     time/iter
  3257  1.7434e-03  2.0639e-05  1.6559e-05  1.6726e-05  0:08:19  243

 Reversed flow on 50 faces (27.5% area) of pressure-outlet 19.

 Reversed flow on 173 faces (33.9% area) of pressure-outlet 18.
  3258  1.8063e-03  2.1091e-05  1.6762e-05  1.6632e-05  0:08:17  242

 Reversed flow on 50 faces (27.5% area) of pressure-outlet 19.

 Reversed flow on 173 faces (33.9% area) of pressure-outlet 18.
  3259  1.7636e-03  2.1579e-05  1.6773e-05  1.6900e-05  0:08:15  241

 Reversed flow on 50 faces (27.5% area) of pressure-outlet 19.

 Reversed flow on 174 faces (33.9% area) of pressure-outlet 18.
  3260  1.7954e-03  2.0930e-05  1.6637e-05  1.6765e-05  0:08:13  240

 Reversed flow on 50 faces (27.5% area) of pressure-outlet 19.

 Reversed flow on 174 faces (33.9% area) of pressure-outlet 18.
  3261  1.8042e-03  2.1471e-05  1.7098e-05  1.6944e-05  0:08:10  239

 Reversed flow on 50 faces (27.5% area) of pressure-outlet 19.

 Reversed flow on 173 faces (33.9% area) of pressure-outlet 18.
  3262  1.7795e-03  2.0847e-05  1.6614e-05  1.6796e-05  0:08:08  238

 Reversed flow on 50 faces (27.5% area) of pressure-outlet 19.

 Reversed flow on 173 faces (33.9% area) of pressure-outlet 18.
  3263  1.8247e-03  2.1697e-05  1.6845e-05  1.6872e-05  0:08:06  237

 Reversed flow on 50 faces (27.5% area) of pressure-outlet 19.

 Reversed flow on 173 faces (33.9% area) of pressure-outlet 18.
  3264  1.7818e-03  2.1038e-05  1.6835e-05  1.7064e-05  0:08:04  236

 Reversed flow on 50 faces (27.5% area) of pressure-outlet 19.

 Reversed flow on 173 faces (33.9% area) of pressure-outlet 18.
  3265  1.8264e-03  2.1120e-05  1.6927e-05  1.6642e-05  0:08:02  235

 Reversed flow on 50 faces (27.5% area) of pressure-outlet 19.

 Reversed flow on 173 faces (33.9% area) of pressure-outlet 18.
  3266  1.7915e-03  2.1495e-05  1.6755e-05  1.7020e-05  0:07:59  234

 Reversed flow on 50 faces (27.5% area) of pressure-outlet 19.

 Reversed flow on 174 faces (33.9% area) of pressure-outlet 18.
  3267  1.8740e-03  2.1746e-05  1.6880e-05  1.7248e-05  0:07:57  233

 Reversed flow on 50 faces (27.5% area) of pressure-outlet 19.

 Reversed flow on 173 faces (33.9% area) of pressure-outlet 18.

  iter  continuity  x-velocity  y-velocity  z-velocity     time/iter
  3268  1.8512e-03  2.2195e-05  1.7322e-05  1.7358e-05  0:07:55  232

 Reversed flow on 50 faces (27.5% area) of pressure-outlet 19.

 Reversed flow on 173 faces (33.9% area) of pressure-outlet 18.
  3269  1.8427e-03  2.0995e-05  1.6800e-05  1.6995e-05  0:07:53  231

 Reversed flow on 50 faces (27.5% area) of pressure-outlet 19.

 Reversed flow on 173 faces (33.9% area) of pressure-outlet 18.
  3270  1.9388e-03  2.2355e-05  1.7257e-05  1.7312e-05  0:07:51  230

 Reversed flow on 50 faces (27.5% area) of pressure-outlet 19.

 Reversed flow on 174 faces (33.9% area) of pressure-outlet 18.
  3271  1.9244e-03  2.2143e-05  1.7350e-05  1.7666e-05  0:07:49  229

 Reversed flow on 50 faces (27.5% area) of pressure-outlet 19.

 Reversed flow on 173 faces (33.9% area) of pressure-outlet 18.
  3272  1.9445e-03  2.2214e-05  1.7622e-05  1.7366e-05  0:07:47  228

 Reversed flow on 50 faces (27.5% area) of pressure-outlet 19.

 Reversed flow on 173 faces (33.9% area) of pressure-outlet 18.
  3273  1.9090e-03  2.1837e-05  1.7547e-05  1.7623e-05  0:07:45  227

 Reversed flow on 50 faces (27.5% area) of pressure-outlet 19.

 Reversed flow on 174 faces (33.9% area) of pressure-outlet 18.
  3274  2.0119e-03  2.2404e-05  1.7831e-05  1.7793e-05  0:07:44  226

 Reversed flow on 50 faces (27.5% area) of pressure-outlet 19.

 Reversed flow on 174 faces (33.9% area) of pressure-outlet 18.
  3275  1.9843e-03  2.3309e-05  1.8477e-05  1.8282e-05  0:07:37  225

 Reversed flow on 50 faces (27.5% area) of pressure-outlet 19.

 Reversed flow on 174 faces (33.9% area) of pressure-outlet 18.
  3276  1.9418e-03  2.1549e-05  1.7455e-05  1.7477e-05  0:07:36  224

 Reversed flow on 50 faces (27.5% area) of pressure-outlet 19.

 Reversed flow on 174 faces (33.9% area) of pressure-outlet 18.
  3277  1.9766e-03  2.2454e-05  1.7755e-05  1.7447e-05  0:07:15  223

 Reversed flow on 50 faces (27.5% area) of pressure-outlet 19.

 Reversed flow on 174 faces (33.9% area) of pressure-outlet 18.
  3278  1.8913e-03  2.1079e-05  1.6960e-05  1.6882e-05  0:07:17  222

 Reversed flow on 50 faces (27.5% area) of pressure-outlet 19.

 Reversed flow on 174 faces (33.9% area) of pressure-outlet 18.

  iter  continuity  x-velocity  y-velocity  z-velocity     time/iter
  3279  1.9524e-03  2.2334e-05  1.7661e-05  1.7383e-05  0:07:19  221

 Reversed flow on 50 faces (27.5% area) of pressure-outlet 19.

 Reversed flow on 174 faces (33.9% area) of pressure-outlet 18.
  3280  1.9324e-03  2.2394e-05  1.7784e-05  1.7860e-05  0:07:20  220

 Reversed flow on 50 faces (27.5% area) of pressure-outlet 19.

 Reversed flow on 174 faces (33.9% area) of pressure-outlet 18.
  3281  1.9971e-03  2.2247e-05  1.7719e-05  1.7328e-05  0:07:20  219

 Reversed flow on 50 faces (27.5% area) of pressure-outlet 19.

 Reversed flow on 174 faces (33.9% area) of pressure-outlet 18.
  3282  1.9318e-03  2.2271e-05  1.7821e-05  1.7498e-05  0:07:00  218

 Reversed flow on 50 faces (27.5% area) of pressure-outlet 19.

 Reversed flow on 174 faces (33.9% area) of pressure-outlet 18.
  3283  1.8943e-03  2.1172e-05  1.6820e-05  1.6905e-05  0:07:04  217

 Reversed flow on 50 faces (27.5% area) of pressure-outlet 19.

 Reversed flow on 174 faces (33.9% area) of pressure-outlet 18.
  3284  1.9226e-03  2.2432e-05  1.7493e-05  1.7198e-05  0:07:06  216

 Reversed flow on 50 faces (27.5% area) of pressure-outlet 19.

 Reversed flow on 174 faces (33.9% area) of pressure-outlet 18.
  3285  1.8827e-03  2.0903e-05  1.6941e-05  1.7061e-05  0:07:07  215

 Reversed flow on 50 faces (27.5% area) of pressure-outlet 19.

 Reversed flow on 173 faces (33.9% area) of pressure-outlet 18.
  3286  1.9275e-03  2.1860e-05  1.7395e-05  1.7064e-05  0:07:08  214

 Reversed flow on 50 faces (27.5% area) of pressure-outlet 19.

 Reversed flow on 173 faces (33.9% area) of pressure-outlet 18.
  3287  1.8695e-03  2.2002e-05  1.7362e-05  1.7452e-05  0:07:08  213

 Reversed flow on 50 faces (27.5% area) of pressure-outlet 19.

 Reversed flow on 173 faces (33.9% area) of pressure-outlet 18.
  3288  1.9153e-03  2.1899e-05  1.7357e-05  1.7259e-05  0:07:08  212

 Reversed flow on 50 faces (27.5% area) of pressure-outlet 19.

 Reversed flow on 173 faces (33.9% area) of pressure-outlet 18.
  3289  1.8589e-03  2.1675e-05  1.7611e-05  1.7409e-05  0:07:07  211

 Reversed flow on 50 faces (27.5% area) of pressure-outlet 19.

 Reversed flow on 173 faces (33.9% area) of pressure-outlet 18.

  iter  continuity  x-velocity  y-velocity  z-velocity     time/iter
  3290  1.8877e-03  2.1363e-05  1.7199e-05  1.7099e-05  0:07:06  210

 Reversed flow on 50 faces (27.5% area) of pressure-outlet 19.

 Reversed flow on 173 faces (33.9% area) of pressure-outlet 18.
  3291  1.8544e-03  2.2109e-05  1.7364e-05  1.7115e-05  0:07:05  209

 Reversed flow on 50 faces (27.5% area) of pressure-outlet 19.

 Reversed flow on 173 faces (33.9% area) of pressure-outlet 18.
  3292  1.8302e-03  2.1072e-05  1.7099e-05  1.7282e-05  0:07:03  208

 Reversed flow on 50 faces (27.5% area) of pressure-outlet 19.

 Reversed flow on 173 faces (33.9% area) of pressure-outlet 18.
  3293  1.8953e-03  2.2051e-05  1.7686e-05  1.7264e-05  0:07:02  207

 Reversed flow on 50 faces (27.5% area) of pressure-outlet 19.

 Reversed flow on 173 faces (33.9% area) of pressure-outlet 18.
  3294  1.8235e-03  2.1570e-05  1.7123e-05  1.7211e-05  0:07:00  206

 Reversed flow on 50 faces (27.5% area) of pressure-outlet 19.

 Reversed flow on 173 faces (33.9% area) of pressure-outlet 18.
  3295  1.8485e-03  2.1578e-05  1.6988e-05  1.6934e-05  0:06:59  205

 Reversed flow on 50 faces (27.5% area) of pressure-outlet 19.

 Reversed flow on 173 faces (33.9% area) of pressure-outlet 18.
  3296  1.8056e-03  2.1635e-05  1.7431e-05  1.7316e-05  0:06:57  204

 Reversed flow on 50 faces (27.5% area) of pressure-outlet 19.

 Reversed flow on 173 faces (33.9% area) of pressure-outlet 18.
  3297  1.8511e-03  2.1332e-05  1.7107e-05  1.6943e-05  0:06:55  203

 Reversed flow on 50 faces (27.5% area) of pressure-outlet 19.

 Reversed flow on 173 faces (33.9% area) of pressure-outlet 18.
  3298  1.7999e-03  2.1731e-05  1.6994e-05  1.6842e-05  0:06:54  202

 Reversed flow on 50 faces (27.5% area) of pressure-outlet 19.

 Reversed flow on 173 faces (33.9% area) of pressure-outlet 18.
  3299  1.7856e-03  2.0794e-05  1.6705e-05  1.6994e-05  0:06:52  201

 Reversed flow on 50 faces (27.5% area) of pressure-outlet 19.

 Reversed flow on 173 faces (33.9% area) of pressure-outlet 18.
  3300  1.8501e-03  2.1946e-05  1.7428e-05  1.7096e-05  0:06:50  200

 Reversed flow on 50 faces (27.5% area) of pressure-outlet 19.

 Reversed flow on 173 faces (33.9% area) of pressure-outlet 18.

  iter  continuity  x-velocity  y-velocity  z-velocity     time/iter
  3301  1.7920e-03  2.1301e-05  1.6874e-05  1.7003e-05  0:06:48  199

 Reversed flow on 50 faces (27.5% area) of pressure-outlet 19.

 Reversed flow on 173 faces (33.9% area) of pressure-outlet 18.
  3302  1.8169e-03  2.1380e-05  1.6757e-05  1.6743e-05  0:06:46  198

 Reversed flow on 50 faces (27.5% area) of pressure-outlet 19.

 Reversed flow on 173 faces (33.9% area) of pressure-outlet 18.
  3303  1.7667e-03  2.1395e-05  1.7150e-05  1.7152e-05  0:06:45  197

 Reversed flow on 50 faces (27.5% area) of pressure-outlet 19.

 Reversed flow on 173 faces (33.9% area) of pressure-outlet 18.
  3304  1.8214e-03  2.1190e-05  1.6962e-05  1.6829e-05  0:06:42  196

 Reversed flow on 50 faces (27.5% area) of pressure-outlet 19.

 Reversed flow on 173 faces (33.9% area) of pressure-outlet 18.
  3305  1.7812e-03  2.1696e-05  1.6875e-05  1.6886e-05  0:06:40  195

 Reversed flow on 50 faces (27.5% area) of pressure-outlet 19.

 Reversed flow on 174 faces (33.9% area) of pressure-outlet 18.
  3306  1.7779e-03  2.0920e-05  1.6680e-05  1.7009e-05  0:06:38  194

 Reversed flow on 50 faces (27.5% area) of pressure-outlet 19.

 Reversed flow on 174 faces (33.9% area) of pressure-outlet 18.
  3307  1.8231e-03  2.1872e-05  1.7301e-05  1.7079e-05  0:06:36  193

 Reversed flow on 50 faces (27.5% area) of pressure-outlet 19.

 Reversed flow on 173 faces (33.9% area) of pressure-outlet 18.
  3308  1.7722e-03  2.1073e-05  1.6733e-05  1.6930e-05  0:06:34  192

 Reversed flow on 50 faces (27.5% area) of pressure-outlet 19.

 Reversed flow on 174 faces (33.9% area) of pressure-outlet 18.
  3309  1.8250e-03  2.1526e-05  1.6804e-05  1.6847e-05  0:06:32  191

 Reversed flow on 50 faces (27.5% area) of pressure-outlet 19.

 Reversed flow on 174 faces (33.9% area) of pressure-outlet 18.
  3310  1.7551e-03  2.1502e-05  1.7050e-05  1.7163e-05  0:06:29  190

 Reversed flow on 50 faces (27.5% area) of pressure-outlet 19.

 Reversed flow on 173 faces (33.9% area) of pressure-outlet 18.
  3311  1.7875e-03  2.0964e-05  1.6818e-05  1.6717e-05  0:06:27  189

 Reversed flow on 50 faces (27.5% area) of pressure-outlet 19.

 Reversed flow on 173 faces (33.9% area) of pressure-outlet 18.

  iter  continuity  x-velocity  y-velocity  z-velocity     time/iter
  3312  1.7820e-03  2.1487e-05  1.6846e-05  1.6892e-05  0:06:25  188

 Reversed flow on 50 faces (27.5% area) of pressure-outlet 19.

 Reversed flow on 174 faces (33.9% area) of pressure-outlet 18.
  3313  1.8038e-03  2.0999e-05  1.6714e-05  1.7026e-05  0:06:23  187

 Reversed flow on 50 faces (27.5% area) of pressure-outlet 19.

 Reversed flow on 174 faces (33.9% area) of pressure-outlet 18.
  3314  1.8192e-03  2.1945e-05  1.7290e-05  1.7134e-05  0:06:21  186

 Reversed flow on 50 faces (27.5% area) of pressure-outlet 19.

 Reversed flow on 173 faces (33.9% area) of pressure-outlet 18.
  3315  1.7767e-03  2.0855e-05  1.6778e-05  1.7018e-05  0:06:19  185

 Reversed flow on 50 faces (27.5% area) of pressure-outlet 19.

 Reversed flow on 174 faces (33.9% area) of pressure-outlet 18.
  3316  1.8396e-03  2.1349e-05  1.6875e-05  1.6840e-05  0:06:17  184

 Reversed flow on 50 faces (27.5% area) of pressure-outlet 19.

 Reversed flow on 174 faces (33.9% area) of pressure-outlet 18.
  3317  1.7668e-03  2.1366e-05  1.7022e-05  1.7124e-05  0:06:15  183

 Reversed flow on 50 faces (27.5% area) of pressure-outlet 19.

 Reversed flow on 174 faces (33.9% area) of pressure-outlet 18.
  3318  1.7982e-03  2.1130e-05  1.6913e-05  1.6821e-05  0:06:13  182

 Reversed flow on 50 faces (27.5% area) of pressure-outlet 19.

 Reversed flow on 174 faces (33.9% area) of pressure-outlet 18.
  3319  1.7747e-03  2.1416e-05  1.6941e-05  1.6918e-05  0:06:11  181

 Reversed flow on 50 faces (27.5% area) of pressure-outlet 19.

 Reversed flow on 174 faces (33.9% area) of pressure-outlet 18.
  3320  1.7819e-03  2.0754e-05  1.6678e-05  1.6788e-05  0:06:09  180

 Reversed flow on 50 faces (27.5% area) of pressure-outlet 19.

 Reversed flow on 174 faces (33.9% area) of pressure-outlet 18.
  3321  1.8205e-03  2.1876e-05  1.7152e-05  1.7054e-05  0:06:07  179

 Reversed flow on 50 faces (27.5% area) of pressure-outlet 19.

 Reversed flow on 174 faces (33.9% area) of pressure-outlet 18.
  3322  1.7796e-03  2.1106e-05  1.6723e-05  1.7003e-05  0:06:05  178

 Reversed flow on 50 faces (27.5% area) of pressure-outlet 19.

 Reversed flow on 174 faces (33.9% area) of pressure-outlet 18.

  iter  continuity  x-velocity  y-velocity  z-velocity     time/iter
  3323  1.8142e-03  2.1423e-05  1.6791e-05  1.6628e-05  0:06:03  177

 Reversed flow on 50 faces (27.5% area) of pressure-outlet 19.

 Reversed flow on 174 faces (33.9% area) of pressure-outlet 18.
  3324  1.7433e-03  2.0699e-05  1.6595e-05  1.6719e-05  0:06:01  176

 Reversed flow on 50 faces (27.5% area) of pressure-outlet 19.

 Reversed flow on 173 faces (33.9% area) of pressure-outlet 18.
  3325  1.8021e-03  2.1045e-05  1.6725e-05  1.6633e-05  0:05:59  175

 Reversed flow on 50 faces (27.5% area) of pressure-outlet 19.

 Reversed flow on 173 faces (33.9% area) of pressure-outlet 18.
  3326  1.7636e-03  2.1603e-05  1.6781e-05  1.6869e-05  0:05:57  174

 Reversed flow on 50 faces (27.5% area) of pressure-outlet 19.

 Reversed flow on 174 faces (33.9% area) of pressure-outlet 18.
  3327  1.7908e-03  2.0820e-05  1.6602e-05  1.6734e-05  0:05:55  173

 Reversed flow on 50 faces (27.5% area) of pressure-outlet 19.

 Reversed flow on 174 faces (33.9% area) of pressure-outlet 18.
  3328  1.8026e-03  2.1416e-05  1.7027e-05  1.6856e-05  0:05:52  172

 Reversed flow on 50 faces (27.5% area) of pressure-outlet 19.

 Reversed flow on 173 faces (33.9% area) of pressure-outlet 18.
  3329  1.7714e-03  2.0860e-05  1.6584e-05  1.6800e-05  0:05:50  171

 Reversed flow on 50 faces (27.5% area) of pressure-outlet 19.

 Reversed flow on 173 faces (33.9% area) of pressure-outlet 18.
  3330  1.8221e-03  2.1627e-05  1.6832e-05  1.6838e-05  0:05:49  170

 Reversed flow on 50 faces (27.5% area) of pressure-outlet 19.

 Reversed flow on 173 faces (33.9% area) of pressure-outlet 18.
  3331  1.7771e-03  2.1000e-05  1.6871e-05  1.7049e-05  0:05:46  169

 Reversed flow on 50 faces (27.5% area) of pressure-outlet 19.

 Reversed flow on 173 faces (33.9% area) of pressure-outlet 18.
  3332  1.8294e-03  2.1062e-05  1.6924e-05  1.6646e-05  0:05:44  168

 Reversed flow on 50 faces (27.5% area) of pressure-outlet 19.

 Reversed flow on 173 faces (33.9% area) of pressure-outlet 18.
  3333  1.7877e-03  2.1553e-05  1.6757e-05  1.7000e-05  0:05:42  167

 Reversed flow on 50 faces (27.5% area) of pressure-outlet 19.

 Reversed flow on 173 faces (33.9% area) of pressure-outlet 18.

  iter  continuity  x-velocity  y-velocity  z-velocity     time/iter
  3334  1.8583e-03  2.1589e-05  1.6836e-05  1.7190e-05  0:05:40  166

 Reversed flow on 50 faces (27.5% area) of pressure-outlet 19.

 Reversed flow on 173 faces (33.9% area) of pressure-outlet 18.
  3335  1.8435e-03  2.2064e-05  1.7279e-05  1.7254e-05  0:05:38  165

 Reversed flow on 50 faces (27.5% area) of pressure-outlet 19.

 Reversed flow on 173 faces (33.9% area) of pressure-outlet 18.
  3336  1.8211e-03  2.0939e-05  1.6737e-05  1.6955e-05  0:05:37  164

 Reversed flow on 50 faces (27.5% area) of pressure-outlet 19.

 Reversed flow on 173 faces (33.9% area) of pressure-outlet 18.
  3337  1.9357e-03  2.2380e-05  1.7234e-05  1.7335e-05  0:05:34  163

 Reversed flow on 50 faces (27.5% area) of pressure-outlet 19.

 Reversed flow on 173 faces (33.9% area) of pressure-outlet 18.
  3338  1.9146e-03  2.2184e-05  1.7338e-05  1.7652e-05  0:05:32  162

 Reversed flow on 50 faces (27.5% area) of pressure-outlet 19.

 Reversed flow on 173 faces (33.9% area) of pressure-outlet 18.
  3339  1.9284e-03  2.2035e-05  1.7461e-05  1.7264e-05  0:05:30  161

 Reversed flow on 50 faces (27.5% area) of pressure-outlet 19.

 Reversed flow on 173 faces (33.9% area) of pressure-outlet 18.
  3340  1.8986e-03  2.1792e-05  1.7433e-05  1.7496e-05  0:05:28  160

 Reversed flow on 50 faces (27.5% area) of pressure-outlet 19.

 Reversed flow on 174 faces (33.9% area) of pressure-outlet 18.
  3341  2.0002e-03  2.2266e-05  1.7683e-05  1.7708e-05  0:05:26  159

 Reversed flow on 50 faces (27.5% area) of pressure-outlet 19.

 Reversed flow on 174 faces (33.9% area) of pressure-outlet 18.
  3342  1.9778e-03  2.3222e-05  1.8374e-05  1.8191e-05  0:05:10  158

 Reversed flow on 50 faces (27.5% area) of pressure-outlet 19.

 Reversed flow on 174 faces (33.9% area) of pressure-outlet 18.
  3343  1.9306e-03  2.1428e-05  1.7366e-05  1.7409e-05  0:05:11  157

 Reversed flow on 50 faces (27.5% area) of pressure-outlet 19.

 Reversed flow on 174 faces (33.9% area) of pressure-outlet 18.
  3344  1.9725e-03  2.2286e-05  1.7646e-05  1.7350e-05  0:04:57  156

 Reversed flow on 50 faces (27.5% area) of pressure-outlet 19.

 Reversed flow on 174 faces (33.9% area) of pressure-outlet 18.

  iter  continuity  x-velocity  y-velocity  z-velocity     time/iter
  3345  1.8839e-03  2.1037e-05  1.6909e-05  1.6847e-05  0:05:00  155

 Reversed flow on 50 faces (27.5% area) of pressure-outlet 19.

 Reversed flow on 174 faces (33.9% area) of pressure-outlet 18.
  3346  1.9515e-03  2.2237e-05  1.7633e-05  1.7362e-05  0:05:01  154

 Reversed flow on 50 faces (27.5% area) of pressure-outlet 19.

 Reversed flow on 174 faces (33.9% area) of pressure-outlet 18.
  3347  1.9273e-03  2.2307e-05  1.7746e-05  1.7823e-05  0:05:02  153

 Reversed flow on 50 faces (27.5% area) of pressure-outlet 19.

 Reversed flow on 174 faces (33.9% area) of pressure-outlet 18.
  3348  1.9918e-03  2.2135e-05  1.7686e-05  1.7332e-05  0:05:03  152

 Reversed flow on 50 faces (27.5% area) of pressure-outlet 19.

 Reversed flow on 174 faces (33.9% area) of pressure-outlet 18.
  3349  1.9395e-03  2.2382e-05  1.7839e-05  1.7565e-05  0:04:49  151

 Reversed flow on 50 faces (27.5% area) of pressure-outlet 19.

 Reversed flow on 174 faces (33.9% area) of pressure-outlet 18.
  3350  1.9028e-03  2.1253e-05  1.6884e-05  1.7001e-05  0:04:51  150

 Reversed flow on 50 faces (27.5% area) of pressure-outlet 19.

 Reversed flow on 174 faces (33.9% area) of pressure-outlet 18.
  3351  1.9288e-03  2.2412e-05  1.7474e-05  1.7188e-05  0:04:39  149

 Reversed flow on 50 faces (27.5% area) of pressure-outlet 19.

 Reversed flow on 174 faces (33.9% area) of pressure-outlet 18.
  3352  1.8361e-03  2.0330e-05  1.6407e-05  1.6479e-05  0:04:42  148

 Reversed flow on 50 faces (27.5% area) of pressure-outlet 19.

 Reversed flow on 173 faces (33.9% area) of pressure-outlet 18.
  3353  1.8888e-03  2.1380e-05  1.6975e-05  1.6638e-05  0:04:45  147

 Reversed flow on 50 faces (27.5% area) of pressure-outlet 19.

 Reversed flow on 173 faces (33.9% area) of pressure-outlet 18.
  3354  1.8329e-03  2.1559e-05  1.6968e-05  1.7064e-05  0:04:46  146

 Reversed flow on 50 faces (27.5% area) of pressure-outlet 19.

 Reversed flow on 174 faces (33.9% area) of pressure-outlet 18.
  3355  1.8942e-03  2.1547e-05  1.7084e-05  1.6983e-05  0:04:47  145

 Reversed flow on 50 faces (27.5% area) of pressure-outlet 19.

 Reversed flow on 174 faces (33.9% area) of pressure-outlet 18.

  iter  continuity  x-velocity  y-velocity  z-velocity     time/iter
  3356  1.8557e-03  2.1503e-05  1.7453e-05  1.7266e-05  0:04:47  144

 Reversed flow on 50 faces (27.5% area) of pressure-outlet 19.

 Reversed flow on 173 faces (33.9% area) of pressure-outlet 18.
  3357  1.8706e-03  2.1177e-05  1.7022e-05  1.6972e-05  0:04:46  143

 Reversed flow on 50 faces (27.5% area) of pressure-outlet 19.

 Reversed flow on 173 faces (33.9% area) of pressure-outlet 18.
  3358  1.8387e-03  2.1893e-05  1.7166e-05  1.6917e-05  0:04:46  142

 Reversed flow on 50 faces (27.5% area) of pressure-outlet 19.

 Reversed flow on 173 faces (33.9% area) of pressure-outlet 18.
  3359  1.8171e-03  2.0862e-05  1.6948e-05  1.7163e-05  0:04:45  141

 Reversed flow on 50 faces (27.5% area) of pressure-outlet 19.

 Reversed flow on 173 faces (33.9% area) of pressure-outlet 18.
  3360  1.8883e-03  2.1832e-05  1.7535e-05  1.7106e-05  0:04:43  140

 Reversed flow on 50 faces (27.5% area) of pressure-outlet 19.

 Reversed flow on 173 faces (33.9% area) of pressure-outlet 18.
  3361  1.8128e-03  2.1447e-05  1.7017e-05  1.7083e-05  0:04:42  139

 Reversed flow on 50 faces (27.5% area) of pressure-outlet 19.

 Reversed flow on 173 faces (33.9% area) of pressure-outlet 18.
  3362  1.8394e-03  2.1458e-05  1.6911e-05  1.6882e-05  0:04:41  138

 Reversed flow on 50 faces (27.5% area) of pressure-outlet 19.

 Reversed flow on 173 faces (33.9% area) of pressure-outlet 18.
  3363  1.8057e-03  2.1620e-05  1.7403e-05  1.7277e-05  0:04:39  137

 Reversed flow on 50 faces (27.5% area) of pressure-outlet 19.

 Reversed flow on 173 faces (33.9% area) of pressure-outlet 18.
  3364  1.8480e-03  2.1217e-05  1.7023e-05  1.6884e-05  0:04:37  136

 Reversed flow on 50 faces (27.5% area) of pressure-outlet 19.

 Reversed flow on 173 faces (33.9% area) of pressure-outlet 18.
  3365  1.8054e-03  2.1712e-05  1.6961e-05  1.6790e-05  0:04:36  135

 Reversed flow on 50 faces (27.5% area) of pressure-outlet 19.

 Reversed flow on 173 faces (33.9% area) of pressure-outlet 18.
  3366  1.7801e-03  2.0733e-05  1.6656e-05  1.6960e-05  0:04:34  134

 Reversed flow on 50 faces (27.5% area) of pressure-outlet 19.

 Reversed flow on 173 faces (33.9% area) of pressure-outlet 18.

  iter  continuity  x-velocity  y-velocity  z-velocity     time/iter
  3367  1.8504e-03  2.1876e-05  1.7390e-05  1.7024e-05  0:04:32  133

 Reversed flow on 50 faces (27.5% area) of pressure-outlet 19.

 Reversed flow on 173 faces (33.9% area) of pressure-outlet 18.
  3368  1.7925e-03  2.1288e-05  1.6858e-05  1.6971e-05  0:04:30  132

 Reversed flow on 50 faces (27.5% area) of pressure-outlet 19.

 Reversed flow on 173 faces (33.9% area) of pressure-outlet 18.
  3369  1.8136e-03  2.1339e-05  1.6725e-05  1.6729e-05  0:04:28  131

 Reversed flow on 50 faces (27.5% area) of pressure-outlet 19.

 Reversed flow on 173 faces (33.9% area) of pressure-outlet 18.
  3370  1.7713e-03  2.1444e-05  1.7184e-05  1.7131e-05  0:04:26  130

 Reversed flow on 50 faces (27.5% area) of pressure-outlet 19.

 Reversed flow on 173 faces (33.9% area) of pressure-outlet 18.
  3371  1.8225e-03  2.1160e-05  1.6925e-05  1.6822e-05  0:04:24  129

 Reversed flow on 50 faces (27.5% area) of pressure-outlet 19.

 Reversed flow on 173 faces (33.9% area) of pressure-outlet 18.
  3372  1.7875e-03  2.1710e-05  1.6876e-05  1.6851e-05  0:04:22  128

 Reversed flow on 50 faces (27.5% area) of pressure-outlet 19.

 Reversed flow on 174 faces (33.9% area) of pressure-outlet 18.
  3373  1.7798e-03  2.0934e-05  1.6682e-05  1.7033e-05  0:04:20  127

 Reversed flow on 50 faces (27.5% area) of pressure-outlet 19.

 Reversed flow on 174 faces (33.9% area) of pressure-outlet 18.
  3374  1.8278e-03  2.1831e-05  1.7287e-05  1.7039e-05  0:04:18  126

 Reversed flow on 50 faces (27.5% area) of pressure-outlet 19.

 Reversed flow on 173 faces (33.9% area) of pressure-outlet 18.
  3375  1.7740e-03  2.1109e-05  1.6752e-05  1.6946e-05  0:04:16  125

 Reversed flow on 50 faces (27.5% area) of pressure-outlet 19.

 Reversed flow on 174 faces (33.9% area) of pressure-outlet 18.
  3376  1.8283e-03  2.1513e-05  1.6795e-05  1.6852e-05  0:04:14  124

 Reversed flow on 50 faces (27.5% area) of pressure-outlet 19.

 Reversed flow on 174 faces (33.9% area) of pressure-outlet 18.
  3377  1.7618e-03  2.1545e-05  1.7087e-05  1.7170e-05  0:04:12  123

 Reversed flow on 50 faces (27.5% area) of pressure-outlet 19.

 Reversed flow on 173 faces (33.9% area) of pressure-outlet 18.

  iter  continuity  x-velocity  y-velocity  z-velocity     time/iter
  3378  1.7970e-03  2.0983e-05  1.6830e-05  1.6778e-05  0:04:10  122

 Reversed flow on 50 faces (27.5% area) of pressure-outlet 19.

 Reversed flow on 173 faces (33.9% area) of pressure-outlet 18.
  3379  1.7915e-03  2.1541e-05  1.6892e-05  1.6911e-05  0:04:08  121

 Reversed flow on 50 faces (27.5% area) of pressure-outlet 19.

 Reversed flow on 174 faces (33.9% area) of pressure-outlet 18.
  3380  1.8116e-03  2.1046e-05  1.6762e-05  1.7090e-05  0:04:06  120

 Reversed flow on 50 faces (27.5% area) of pressure-outlet 19.

 Reversed flow on 174 faces (33.9% area) of pressure-outlet 18.
  3381  1.8252e-03  2.1937e-05  1.7316e-05  1.7150e-05  0:04:04  119

 Reversed flow on 50 faces (27.5% area) of pressure-outlet 19.

 Reversed flow on 173 faces (33.9% area) of pressure-outlet 18.
  3382  1.7826e-03  2.0954e-05  1.6863e-05  1.7096e-05  0:04:02  118

 Reversed flow on 50 faces (27.5% area) of pressure-outlet 19.

 Reversed flow on 174 faces (33.9% area) of pressure-outlet 18.
  3383  1.8492e-03  2.1386e-05  1.6925e-05  1.6883e-05  0:04:00  117

 Reversed flow on 50 faces (27.5% area) of pressure-outlet 19.

 Reversed flow on 174 faces (33.9% area) of pressure-outlet 18.
  3384  1.7819e-03  2.1533e-05  1.7160e-05  1.7222e-05  0:03:58  116

 Reversed flow on 50 faces (27.5% area) of pressure-outlet 19.

 Reversed flow on 174 faces (33.9% area) of pressure-outlet 18.
  3385  1.8207e-03  2.1264e-05  1.7039e-05  1.6979e-05  0:03:56  115

 Reversed flow on 50 faces (27.5% area) of pressure-outlet 19.

 Reversed flow on 174 faces (33.9% area) of pressure-outlet 18.
  3386  1.7941e-03  2.1601e-05  1.7076e-05  1.7021e-05  0:03:54  114

 Reversed flow on 50 faces (27.5% area) of pressure-outlet 19.

 Reversed flow on 174 faces (33.9% area) of pressure-outlet 18.
  3387  1.7980e-03  2.0867e-05  1.6779e-05  1.6917e-05  0:03:52  113

 Reversed flow on 50 faces (27.5% area) of pressure-outlet 19.

 Reversed flow on 174 faces (33.9% area) of pressure-outlet 18.
  3388  1.8339e-03  2.1983e-05  1.7226e-05  1.7115e-05  0:03:50  112

 Reversed flow on 50 faces (27.5% area) of pressure-outlet 19.

 Reversed flow on 174 faces (33.9% area) of pressure-outlet 18.

  iter  continuity  x-velocity  y-velocity  z-velocity     time/iter
  3389  1.7903e-03  2.1319e-05  1.6862e-05  1.7145e-05  0:03:48  111

 Reversed flow on 50 faces (27.5% area) of pressure-outlet 19.

 Reversed flow on 174 faces (33.9% area) of pressure-outlet 18.
  3390  1.8257e-03  2.1501e-05  1.6866e-05  1.6696e-05  0:03:46  110

 Reversed flow on 50 faces (27.5% area) of pressure-outlet 19.

 Reversed flow on 174 faces (33.9% area) of pressure-outlet 18.
  3391  1.7581e-03  2.0870e-05  1.6725e-05  1.6810e-05  0:03:44  109

 Reversed flow on 50 faces (27.5% area) of pressure-outlet 19.

 Reversed flow on 173 faces (33.9% area) of pressure-outlet 18.
  3392  1.8093e-03  2.1066e-05  1.6768e-05  1.6696e-05  0:03:41  108

 Reversed flow on 50 faces (27.5% area) of pressure-outlet 19.

 Reversed flow on 173 faces (33.9% area) of pressure-outlet 18.
  3393  1.7753e-03  2.1721e-05  1.6861e-05  1.6916e-05  0:03:39  107

 Reversed flow on 50 faces (27.5% area) of pressure-outlet 19.

 Reversed flow on 174 faces (33.9% area) of pressure-outlet 18.
  3394  1.7997e-03  2.0878e-05  1.6693e-05  1.6846e-05  0:03:37  106

 Reversed flow on 50 faces (27.5% area) of pressure-outlet 19.

 Reversed flow on 174 faces (33.9% area) of pressure-outlet 18.
  3395  1.8240e-03  2.1594e-05  1.7164e-05  1.6958e-05  0:03:35  105

 Reversed flow on 50 faces (27.5% area) of pressure-outlet 19.

 Reversed flow on 173 faces (33.9% area) of pressure-outlet 18.
  3396  1.7871e-03  2.1026e-05  1.6716e-05  1.6924e-05  0:03:33  104

 Reversed flow on 50 faces (27.5% area) of pressure-outlet 19.

 Reversed flow on 173 faces (33.9% area) of pressure-outlet 18.
  3397  1.8383e-03  2.1718e-05  1.6921e-05  1.6942e-05  0:03:31  103

 Reversed flow on 50 faces (27.5% area) of pressure-outlet 19.

 Reversed flow on 173 faces (33.9% area) of pressure-outlet 18.
  3398  1.7887e-03  2.1159e-05  1.6991e-05  1.7152e-05  0:03:30  102

 Reversed flow on 50 faces (27.5% area) of pressure-outlet 19.

 Reversed flow on 173 faces (33.9% area) of pressure-outlet 18.
  3399  1.8282e-03  2.1054e-05  1.6936e-05  1.6679e-05  0:03:27  101

 Reversed flow on 50 faces (27.5% area) of pressure-outlet 19.

 Reversed flow on 173 faces (33.9% area) of pressure-outlet 18.

  iter  continuity  x-velocity  y-velocity  z-velocity     time/iter
  3400  1.8012e-03  2.1674e-05  1.6855e-05  1.7067e-05  0:03:25  100

 Reversed flow on 50 faces (27.5% area) of pressure-outlet 19.

 Reversed flow on 173 faces (33.9% area) of pressure-outlet 18.
  3401  1.8632e-03  2.1612e-05  1.6878e-05  1.7250e-05  0:03:23   99

 Reversed flow on 50 faces (27.5% area) of pressure-outlet 19.

 Reversed flow on 173 faces (33.9% area) of pressure-outlet 18.
  3402  1.8575e-03  2.2206e-05  1.7370e-05  1.7333e-05  0:03:21   98

 Reversed flow on 50 faces (27.5% area) of pressure-outlet 19.

 Reversed flow on 173 faces (33.9% area) of pressure-outlet 18.
  3403  1.8369e-03  2.1076e-05  1.6840e-05  1.7064e-05  0:03:19   97

 Reversed flow on 50 faces (27.5% area) of pressure-outlet 19.

 Reversed flow on 173 faces (33.9% area) of pressure-outlet 18.
  3404  1.9383e-03  2.2347e-05  1.7249e-05  1.7352e-05  0:03:17   96

 Reversed flow on 50 faces (27.5% area) of pressure-outlet 19.

 Reversed flow on 173 faces (33.9% area) of pressure-outlet 18.
  3405  1.9092e-03  2.2230e-05  1.7432e-05  1.7708e-05  0:03:15   95

 Reversed flow on 50 faces (27.5% area) of pressure-outlet 19.

 Reversed flow on 173 faces (33.9% area) of pressure-outlet 18.
  3406  1.9276e-03  2.2008e-05  1.7526e-05  1.7305e-05  0:03:13   94

 Reversed flow on 50 faces (27.5% area) of pressure-outlet 19.

 Reversed flow on 173 faces (33.9% area) of pressure-outlet 18.
  3407  1.9026e-03  2.1910e-05  1.7540e-05  1.7579e-05  0:03:11   93

 Reversed flow on 50 faces (27.5% area) of pressure-outlet 19.

 Reversed flow on 174 faces (33.9% area) of pressure-outlet 18.
  3408  1.9961e-03  2.2264e-05  1.7771e-05  1.7759e-05  0:03:09   92

 Reversed flow on 50 faces (27.5% area) of pressure-outlet 19.

 Reversed flow on 174 faces (33.9% area) of pressure-outlet 18.
  3409  1.9749e-03  2.3229e-05  1.8405e-05  1.8201e-05  0:02:59   91

 Reversed flow on 50 faces (27.5% area) of pressure-outlet 19.

 Reversed flow on 174 faces (33.9% area) of pressure-outlet 18.
  3410  1.9249e-03  2.1462e-05  1.7374e-05  1.7443e-05  0:02:58   90

 Reversed flow on 50 faces (27.5% area) of pressure-outlet 19.

 Reversed flow on 174 faces (33.9% area) of pressure-outlet 18.

  iter  continuity  x-velocity  y-velocity  z-velocity     time/iter
  3411  1.9718e-03  2.2283e-05  1.7666e-05  1.7371e-05  0:02:50   89

 Reversed flow on 50 faces (27.5% area) of pressure-outlet 19.

 Reversed flow on 174 faces (33.9% area) of pressure-outlet 18.
  3412  1.8684e-03  2.0978e-05  1.6814e-05  1.6797e-05  0:02:50   88

 Reversed flow on 50 faces (27.5% area) of pressure-outlet 19.

 Reversed flow on 174 faces (33.9% area) of pressure-outlet 18.
  3413  1.9307e-03  2.2058e-05  1.7459e-05  1.7234e-05  0:02:50   87

 Reversed flow on 50 faces (27.5% area) of pressure-outlet 19.

 Reversed flow on 174 faces (33.9% area) of pressure-outlet 18.
  3414  1.9139e-03  2.2212e-05  1.7608e-05  1.7687e-05  0:02:50   86

 Reversed flow on 50 faces (27.5% area) of pressure-outlet 19.

 Reversed flow on 174 faces (33.9% area) of pressure-outlet 18.
  3415  1.9679e-03  2.1925e-05  1.7529e-05  1.7197e-05  0:02:49   85

 Reversed flow on 50 faces (27.5% area) of pressure-outlet 19.

 Reversed flow on 174 faces (33.9% area) of pressure-outlet 18.
  3416  1.9219e-03  2.2179e-05  1.7682e-05  1.7423e-05  0:02:41   84

 Reversed flow on 50 faces (27.5% area) of pressure-outlet 19.

 Reversed flow on 174 faces (33.9% area) of pressure-outlet 18.
  3417  1.8776e-03  2.1065e-05  1.6720e-05  1.6862e-05  0:02:41   83

 Reversed flow on 50 faces (27.5% area) of pressure-outlet 19.

 Reversed flow on 174 faces (33.9% area) of pressure-outlet 18.
  3418  1.9188e-03  2.2257e-05  1.7358e-05  1.7079e-05  0:02:34   82

 Reversed flow on 50 faces (27.5% area) of pressure-outlet 19.

 Reversed flow on 174 faces (33.9% area) of pressure-outlet 18.
  3419  1.8197e-03  2.0176e-05  1.6284e-05  1.6386e-05  0:02:34   81

 Reversed flow on 50 faces (27.5% area) of pressure-outlet 19.

 Reversed flow on 173 faces (33.9% area) of pressure-outlet 18.
  3420  1.8712e-03  2.1201e-05  1.6865e-05  1.6547e-05  0:02:35   80

 Reversed flow on 50 faces (27.5% area) of pressure-outlet 19.

 Reversed flow on 173 faces (33.9% area) of pressure-outlet 18.
  3421  1.8136e-03  2.1385e-05  1.6817e-05  1.6940e-05  0:02:35   79

 Reversed flow on 50 faces (27.5% area) of pressure-outlet 19.

 Reversed flow on 173 faces (33.9% area) of pressure-outlet 18.

  iter  continuity  x-velocity  y-velocity  z-velocity     time/iter
  3422  1.8689e-03  2.1335e-05  1.6945e-05  1.6889e-05  0:02:34   78

 Reversed flow on 50 faces (27.5% area) of pressure-outlet 19.

 Reversed flow on 173 faces (33.9% area) of pressure-outlet 18.
  3423  1.8467e-03  2.1479e-05  1.7418e-05  1.7237e-05  0:02:33   77

 Reversed flow on 50 faces (27.5% area) of pressure-outlet 19.

 Reversed flow on 173 faces (33.9% area) of pressure-outlet 18.
  3424  1.8612e-03  2.1091e-05  1.6972e-05  1.6930e-05  0:02:32   76

 Reversed flow on 50 faces (27.5% area) of pressure-outlet 19.

 Reversed flow on 173 faces (33.9% area) of pressure-outlet 18.
  3425  1.8341e-03  2.1844e-05  1.7098e-05  1.6867e-05  0:02:31   75

 Reversed flow on 50 faces (27.5% area) of pressure-outlet 19.

 Reversed flow on 173 faces (33.9% area) of pressure-outlet 18.
  3426  1.8054e-03  2.0848e-05  1.6912e-05  1.7153e-05  0:02:29   74

 Reversed flow on 50 faces (27.5% area) of pressure-outlet 19.

 Reversed flow on 173 faces (33.9% area) of pressure-outlet 18.
  3427  1.8801e-03  2.1797e-05  1.7482e-05  1.7053e-05  0:02:28   73

 Reversed flow on 50 faces (27.5% area) of pressure-outlet 19.

 Reversed flow on 173 faces (33.9% area) of pressure-outlet 18.
  3428  1.8038e-03  2.1452e-05  1.6977e-05  1.7033e-05  0:02:26   72

 Reversed flow on 50 faces (27.5% area) of pressure-outlet 19.

 Reversed flow on 173 faces (33.9% area) of pressure-outlet 18.
  3429  1.8296e-03  2.1407e-05  1.6846e-05  1.6860e-05  0:02:26   71

 Reversed flow on 50 faces (27.5% area) of pressure-outlet 19.

 Reversed flow on 173 faces (33.9% area) of pressure-outlet 18.
  3430  1.8049e-03  2.1711e-05  1.7422e-05  1.7281e-05  0:02:24   70

 Reversed flow on 50 faces (27.5% area) of pressure-outlet 19.

 Reversed flow on 173 faces (33.9% area) of pressure-outlet 18.
  3431  1.8453e-03  2.1229e-05  1.7024e-05  1.6909e-05  0:02:22   69

 Reversed flow on 50 faces (27.5% area) of pressure-outlet 19.

 Reversed flow on 173 faces (33.9% area) of pressure-outlet 18.
  3432  1.8052e-03  2.1746e-05  1.6959e-05  1.6800e-05  0:02:20   68

 Reversed flow on 50 faces (27.5% area) of pressure-outlet 19.

 Reversed flow on 173 faces (33.9% area) of pressure-outlet 18.

  iter  continuity  x-velocity  y-velocity  z-velocity     time/iter
  3433  1.7767e-03  2.0775e-05  1.6675e-05  1.7007e-05  0:02:22   67

 Reversed flow on 50 faces (27.5% area) of pressure-outlet 19.

 Reversed flow on 173 faces (33.9% area) of pressure-outlet 18.
  3434  1.8465e-03  2.1867e-05  1.7394e-05  1.7024e-05  0:02:19   66

 Reversed flow on 50 faces (27.5% area) of pressure-outlet 19.

 Reversed flow on 173 faces (33.9% area) of pressure-outlet 18.
  3435  1.7885e-03  2.1364e-05  1.6899e-05  1.7017e-05  0:02:16   65

 Reversed flow on 50 faces (27.5% area) of pressure-outlet 19.

 Reversed flow on 174 faces (33.9% area) of pressure-outlet 18.
  3436  1.8200e-03  2.1443e-05  1.6772e-05  1.6813e-05  0:02:14   64

 Reversed flow on 50 faces (27.5% area) of pressure-outlet 19.

 Reversed flow on 174 faces (33.9% area) of pressure-outlet 18.
  3437  1.7789e-03  2.1605e-05  1.7252e-05  1.7190e-05  0:02:11   63

 Reversed flow on 50 faces (27.5% area) of pressure-outlet 19.

 Reversed flow on 173 faces (33.9% area) of pressure-outlet 18.
  3438  1.8217e-03  2.1165e-05  1.6915e-05  1.6851e-05  0:02:09   62

 Reversed flow on 50 faces (27.5% area) of pressure-outlet 19.

 Reversed flow on 173 faces (33.9% area) of pressure-outlet 18.
  3439  1.7935e-03  2.1753e-05  1.6895e-05  1.6868e-05  0:02:06   61

 Reversed flow on 50 faces (27.5% area) of pressure-outlet 19.

 Reversed flow on 174 faces (33.9% area) of pressure-outlet 18.
  3440  1.7755e-03  2.0969e-05  1.6688e-05  1.7060e-05  0:02:04   60

 Reversed flow on 50 faces (27.5% area) of pressure-outlet 19.

 Reversed flow on 174 faces (33.9% area) of pressure-outlet 18.
  3441  1.8243e-03  2.1783e-05  1.7266e-05  1.7007e-05  0:02:02   59

 Reversed flow on 50 faces (27.5% area) of pressure-outlet 19.

 Reversed flow on 173 faces (33.9% area) of pressure-outlet 18.
  3442  1.7712e-03  2.1102e-05  1.6754e-05  1.6952e-05  0:01:59   58

 Reversed flow on 50 faces (27.5% area) of pressure-outlet 19.

 Reversed flow on 174 faces (33.9% area) of pressure-outlet 18.
  3443  1.8339e-03  2.1580e-05  1.6847e-05  1.6916e-05  0:01:57   57

 Reversed flow on 50 faces (27.5% area) of pressure-outlet 19.

 Reversed flow on 174 faces (33.9% area) of pressure-outlet 18.

  iter  continuity  x-velocity  y-velocity  z-velocity     time/iter
  3444  1.7661e-03  2.1647e-05  1.7140e-05  1.7199e-05  0:01:55   56

 Reversed flow on 50 faces (27.5% area) of pressure-outlet 19.

 Reversed flow on 173 faces (33.9% area) of pressure-outlet 18.
  3445  1.7937e-03  2.0942e-05  1.6800e-05  1.6793e-05  0:01:53   55

 Reversed flow on 50 faces (27.5% area) of pressure-outlet 19.

 Reversed flow on 173 faces (33.9% area) of pressure-outlet 18.
  3446  1.7944e-03  2.1535e-05  1.6908e-05  1.6896e-05  0:01:51   54

 Reversed flow on 50 faces (27.5% area) of pressure-outlet 19.

 Reversed flow on 174 faces (33.9% area) of pressure-outlet 18.
  3447  1.8054e-03  2.1015e-05  1.6756e-05  1.7088e-05  0:01:49   53

 Reversed flow on 50 faces (27.5% area) of pressure-outlet 19.

 Reversed flow on 174 faces (33.9% area) of pressure-outlet 18.
  3448  1.8317e-03  2.1933e-05  1.7339e-05  1.7153e-05  0:01:47   52

 Reversed flow on 50 faces (27.5% area) of pressure-outlet 19.

 Reversed flow on 174 faces (33.9% area) of pressure-outlet 18.
  3449  1.7849e-03  2.1016e-05  1.6913e-05  1.7128e-05  0:01:45   51

 Reversed flow on 50 faces (27.5% area) of pressure-outlet 19.

 Reversed flow on 174 faces (33.9% area) of pressure-outlet 18.
  3450  1.8458e-03  2.1386e-05  1.6928e-05  1.6888e-05  0:01:43   50

 Reversed flow on 50 faces (27.5% area) of pressure-outlet 19.

 Reversed flow on 174 faces (33.9% area) of pressure-outlet 18.
  3451  1.7834e-03  2.1567e-05  1.7185e-05  1.7223e-05  0:01:40   49

 Reversed flow on 50 faces (27.5% area) of pressure-outlet 19.

 Reversed flow on 174 faces (33.9% area) of pressure-outlet 18.
  3452  1.8154e-03  2.1220e-05  1.6993e-05  1.6963e-05  0:01:38   48

 Reversed flow on 50 faces (27.5% area) of pressure-outlet 19.

 Reversed flow on 174 faces (33.9% area) of pressure-outlet 18.
  3453  1.7979e-03  2.1713e-05  1.7115e-05  1.7029e-05  0:01:36   47

 Reversed flow on 50 faces (27.5% area) of pressure-outlet 19.

 Reversed flow on 174 faces (33.9% area) of pressure-outlet 18.
  3454  1.7953e-03  2.0811e-05  1.6721e-05  1.6875e-05  0:01:34   46

 Reversed flow on 50 faces (27.5% area) of pressure-outlet 19.

 Reversed flow on 174 faces (33.9% area) of pressure-outlet 18.

  iter  continuity  x-velocity  y-velocity  z-velocity     time/iter
  3455  1.8335e-03  2.1934e-05  1.7181e-05  1.7058e-05  0:01:32   45

 Reversed flow on 50 faces (27.5% area) of pressure-outlet 19.

 Reversed flow on 174 faces (33.9% area) of pressure-outlet 18.
  3456  1.7865e-03  2.1336e-05  1.6830e-05  1.7122e-05  0:01:30   44

 Reversed flow on 50 faces (27.5% area) of pressure-outlet 19.

 Reversed flow on 174 faces (33.9% area) of pressure-outlet 18.
  3457  1.8218e-03  2.1439e-05  1.6821e-05  1.6667e-05  0:01:28   43

 Reversed flow on 50 faces (27.5% area) of pressure-outlet 19.

 Reversed flow on 174 faces (33.9% area) of pressure-outlet 18.
  3458  1.7564e-03  2.0862e-05  1.6736e-05  1.6786e-05  0:01:26   42

 Reversed flow on 50 faces (27.5% area) of pressure-outlet 19.

 Reversed flow on 173 faces (33.9% area) of pressure-outlet 18.
  3459  1.8064e-03  2.1009e-05  1.6742e-05  1.6680e-05  0:01:24   41

 Reversed flow on 50 faces (27.5% area) of pressure-outlet 19.

 Reversed flow on 173 faces (33.9% area) of pressure-outlet 18.
  3460  1.7744e-03  2.1735e-05  1.6870e-05  1.6917e-05  0:01:22   40

 Reversed flow on 50 faces (27.5% area) of pressure-outlet 19.

 Reversed flow on 174 faces (33.9% area) of pressure-outlet 18.
  3461  1.7989e-03  2.0857e-05  1.6694e-05  1.6885e-05  0:01:20   39

 Reversed flow on 50 faces (27.5% area) of pressure-outlet 19.

 Reversed flow on 174 faces (33.9% area) of pressure-outlet 18.
  3462  1.8346e-03  2.1629e-05  1.7197e-05  1.6970e-05  0:01:18   38

 Reversed flow on 50 faces (27.5% area) of pressure-outlet 19.

 Reversed flow on 173 faces (33.9% area) of pressure-outlet 18.
  3463  1.7849e-03  2.1058e-05  1.6740e-05  1.6948e-05  0:01:16   37

 Reversed flow on 50 faces (27.5% area) of pressure-outlet 19.

 Reversed flow on 173 faces (33.9% area) of pressure-outlet 18.
  3464  1.8452e-03  2.1703e-05  1.6921e-05  1.6970e-05  0:01:14   36

 Reversed flow on 50 faces (27.5% area) of pressure-outlet 19.

 Reversed flow on 173 faces (33.9% area) of pressure-outlet 18.
  3465  1.7889e-03  2.1265e-05  1.7033e-05  1.7201e-05  0:01:12   35

 Reversed flow on 50 faces (27.5% area) of pressure-outlet 19.

 Reversed flow on 173 faces (33.9% area) of pressure-outlet 18.

  iter  continuity  x-velocity  y-velocity  z-velocity     time/iter
  3466  1.8244e-03  2.0976e-05  1.6878e-05  1.6655e-05  0:01:10   34

 Reversed flow on 50 faces (27.5% area) of pressure-outlet 19.

 Reversed flow on 173 faces (33.9% area) of pressure-outlet 18.
  3467  1.8051e-03  2.1686e-05  1.6852e-05  1.7031e-05  0:01:10   33

 Reversed flow on 50 faces (27.5% area) of pressure-outlet 19.

 Reversed flow on 173 faces (33.9% area) of pressure-outlet 18.
  3468  1.8681e-03  2.1605e-05  1.6862e-05  1.7254e-05  0:01:09   32

 Reversed flow on 50 faces (27.5% area) of pressure-outlet 19.

 Reversed flow on 173 faces (33.9% area) of pressure-outlet 18.
  3469  1.8596e-03  2.2198e-05  1.7327e-05  1.7274e-05  0:01:07   31

 Reversed flow on 50 faces (27.5% area) of pressure-outlet 19.

 Reversed flow on 173 faces (33.9% area) of pressure-outlet 18.
  3470  1.8382e-03  2.1037e-05  1.6822e-05  1.7058e-05  0:01:04   30

 Reversed flow on 50 faces (27.5% area) of pressure-outlet 19.

 Reversed flow on 173 faces (33.9% area) of pressure-outlet 18.
  3471  1.9473e-03  2.2291e-05  1.7259e-05  1.7340e-05  0:01:01   29

 Reversed flow on 50 faces (27.5% area) of pressure-outlet 19.

 Reversed flow on 173 faces (33.9% area) of pressure-outlet 18.
  3472  1.9118e-03  2.2177e-05  1.7460e-05  1.7689e-05  0:00:59   28

 Reversed flow on 50 faces (27.5% area) of pressure-outlet 19.

 Reversed flow on 173 faces (33.9% area) of pressure-outlet 18.
  3473  1.9317e-03  2.2008e-05  1.7553e-05  1.7344e-05  0:00:57   27

 Reversed flow on 50 faces (27.5% area) of pressure-outlet 19.

 Reversed flow on 173 faces (33.9% area) of pressure-outlet 18.
  3474  1.9082e-03  2.1938e-05  1.7576e-05  1.7582e-05  0:00:54   26

 Reversed flow on 50 faces (27.5% area) of pressure-outlet 19.

 Reversed flow on 174 faces (33.9% area) of pressure-outlet 18.
  3475  1.9871e-03  2.2178e-05  1.7786e-05  1.7730e-05  0:00:52   25

 Reversed flow on 50 faces (27.5% area) of pressure-outlet 19.

 Reversed flow on 174 faces (33.9% area) of pressure-outlet 18.
  3476  1.9785e-03  2.3192e-05  1.8384e-05  1.8142e-05  0:00:50   24

 Reversed flow on 50 faces (27.5% area) of pressure-outlet 19.

 Reversed flow on 174 faces (33.9% area) of pressure-outlet 18.

  iter  continuity  x-velocity  y-velocity  z-velocity     time/iter
  3477  1.9718e-03  2.2234e-05  1.8017e-05  1.8113e-05  0:00:48   23

 Reversed flow on 50 faces (27.5% area) of pressure-outlet 19.

 Reversed flow on 174 faces (33.9% area) of pressure-outlet 18.
  3478  2.0157e-03  2.2801e-05  1.8092e-05  1.7759e-05  0:00:45   22

 Reversed flow on 50 faces (27.5% area) of pressure-outlet 19.

 Reversed flow on 174 faces (33.9% area) of pressure-outlet 18.
  3479  1.9495e-03  2.2191e-05  1.7872e-05  1.7808e-05  0:00:43   21

 Reversed flow on 50 faces (27.5% area) of pressure-outlet 19.

 Reversed flow on 174 faces (33.9% area) of pressure-outlet 18.
  3480  1.9842e-03  2.2760e-05  1.8040e-05  1.7798e-05  0:00:41   20

 Reversed flow on 50 faces (27.5% area) of pressure-outlet 19.

 Reversed flow on 174 faces (33.9% area) of pressure-outlet 18.
  3481  1.9569e-03  2.2964e-05  1.8162e-05  1.8128e-05  0:00:39   19

 Reversed flow on 50 faces (27.5% area) of pressure-outlet 19.

 Reversed flow on 174 faces (33.9% area) of pressure-outlet 18.
  3482  1.9991e-03  2.2394e-05  1.7922e-05  1.7686e-05  0:00:37   18

 Reversed flow on 50 faces (27.5% area) of pressure-outlet 19.

 Reversed flow on 174 faces (33.9% area) of pressure-outlet 18.
  3483  1.9593e-03  2.2666e-05  1.8032e-05  1.7758e-05  0:00:33   17

 Reversed flow on 50 faces (27.5% area) of pressure-outlet 19.

 Reversed flow on 173 faces (33.9% area) of pressure-outlet 18.
  3484  1.8897e-03  2.1342e-05  1.6930e-05  1.7100e-05  0:00:32   16

 Reversed flow on 50 faces (27.5% area) of pressure-outlet 19.

 Reversed flow on 173 faces (33.9% area) of pressure-outlet 18.
  3485  1.9268e-03  2.2378e-05  1.7491e-05  1.7248e-05  0:00:30   15

 Reversed flow on 50 faces (27.5% area) of pressure-outlet 19.

 Reversed flow on 174 faces (33.9% area) of pressure-outlet 18.
  3486  1.8554e-03  2.0975e-05  1.7000e-05  1.7155e-05  0:00:28   14

 Reversed flow on 50 faces (27.5% area) of pressure-outlet 19.

 Reversed flow on 173 faces (33.9% area) of pressure-outlet 18.
  3487  1.9021e-03  2.1695e-05  1.7309e-05  1.7012e-05  0:00:26   13

 Reversed flow on 50 faces (27.5% area) of pressure-outlet 19.

 Reversed flow on 173 faces (33.9% area) of pressure-outlet 18.

  iter  continuity  x-velocity  y-velocity  z-velocity     time/iter
  3488  1.8525e-03  2.1998e-05  1.7307e-05  1.7418e-05  0:00:24   12

 Reversed flow on 50 faces (27.5% area) of pressure-outlet 19.

 Reversed flow on 173 faces (33.9% area) of pressure-outlet 18.
  3489  1.8943e-03  2.1698e-05  1.7298e-05  1.7288e-05  0:00:23   11

 Reversed flow on 50 faces (27.5% area) of pressure-outlet 19.

 Reversed flow on 173 faces (33.9% area) of pressure-outlet 18.
  3490  1.8644e-03  2.1876e-05  1.7675e-05  1.7479e-05  0:00:21   10

 Reversed flow on 50 faces (27.5% area) of pressure-outlet 19.

 Reversed flow on 173 faces (33.9% area) of pressure-outlet 18.
  3491  1.8611e-03  2.1253e-05  1.7086e-05  1.7098e-05  0:00:19    9

 Reversed flow on 50 faces (27.5% area) of pressure-outlet 19.

 Reversed flow on 173 faces (33.9% area) of pressure-outlet 18.
  3492  1.8686e-03  2.2151e-05  1.7325e-05  1.7084e-05  0:00:17    8

 Reversed flow on 50 faces (27.5% area) of pressure-outlet 19.

 Reversed flow on 173 faces (33.9% area) of pressure-outlet 18.
  3493  1.8195e-03  2.1152e-05  1.7142e-05  1.7352e-05  0:00:14    7

 Reversed flow on 50 faces (27.5% area) of pressure-outlet 19.

 Reversed flow on 173 faces (33.9% area) of pressure-outlet 18.
  3494  1.8855e-03  2.1968e-05  1.7602e-05  1.7156e-05  0:00:12    6

 Reversed flow on 50 faces (27.5% area) of pressure-outlet 19.

 Reversed flow on 173 faces (33.9% area) of pressure-outlet 18.
  3495  1.8088e-03  2.1647e-05  1.7076e-05  1.7159e-05  0:00:10    5

 Reversed flow on 50 faces (27.5% area) of pressure-outlet 19.

 Reversed flow on 173 faces (33.9% area) of pressure-outlet 18.
  3496  1.8336e-03  2.1432e-05  1.6891e-05  1.6955e-05  0:00:08    4

 Reversed flow on 50 faces (27.5% area) of pressure-outlet 19.

 Reversed flow on 173 faces (33.9% area) of pressure-outlet 18.
  3497  1.8168e-03  2.1943e-05  1.7554e-05  1.7383e-05  0:00:06    3

 Reversed flow on 50 faces (27.5% area) of pressure-outlet 19.

 Reversed flow on 173 faces (33.9% area) of pressure-outlet 18.
  3498  1.8365e-03  2.1206e-05  1.6999e-05  1.6938e-05  0:00:04    2

 Reversed flow on 50 faces (27.5% area) of pressure-outlet 19.

 Reversed flow on 173 faces (33.9% area) of pressure-outlet 18.

  iter  continuity  x-velocity  y-velocity  z-velocity     time/iter
  3499  1.8131e-03  2.1814e-05  1.6966e-05  1.6804e-05  0:00:02    1

 Reversed flow on 50 faces (27.5% area) of pressure-outlet 19.

 Reversed flow on 173 faces (33.9% area) of pressure-outlet 18.
  3500  1.7743e-03  2.0847e-05  1.6712e-05  1.7064e-05  0:00:00    0

> 
adjoint/                parallel/               server/
define/                 parametric-study/       solve/
display/                plot/                   surface/
exit                    preferences/            turbo-setup/
file/                   print-license-usage     views/
mesh/                   report/

> ; ===========================================================
; DATA EXPORT
; ===========================================================

adjoint/                parallel/               server/
define/                 parametric-study/       solve/
display/                plot/                   surface/
exit                    preferences/            turbo-setup/
file/                   print-license-usage     views/
mesh/                   report/

> /surface/zone-surface interior-data fluid_domain

> 
adjoint/                parallel/               server/
define/                 parametric-study/       solve/
display/                plot/                   surface/
exit                    preferences/            turbo-setup/
file/                   print-license-usage     views/
mesh/                   report/

> ; Save case and data
/file/write-case-data "results/coronary2/Re500/bifurcation_Re500.cas.h5"Fast-loading "C:\PROGRA~1\ANSYSI~1\v252\fluent\fluent25.2.0\\addons\afd\lib\hdfio.bin"
Done.

Writing to DESKTOP-BBN4MI6:"C:\Users\radie\Desktop\1_TrainingSIMS\realvesselSIM2\results/coronary2/Re500/bifurcation_Re500.cas.h5" in NODE0 mode and compression level 1 ...
Grouping cells for Laplace smoothing ...
      700623 cells,     1 zone  ...
     1564982 faces,     5 zones ...
      256491 nodes,     1 zone  ...
  Done.
Done.

Writing to DESKTOP-BBN4MI6:"C:\Users\radie\Desktop\1_TrainingSIMS\realvesselSIM2\results/coronary2/Re500/bifurcation_Re500.dat.h5" in NODE0 mode and compression level 1 ...
  Writing results.
Done.


> 
adjoint/                parallel/               server/
define/                 parametric-study/       solve/
display/                plot/                   surface/
exit                    preferences/            turbo-setup/
file/                   print-license-usage     views/
mesh/                   report/

> ; Export interior field data
/file/export/ascii "results/coronary2/Re500/interior_full_Re500.csv" interior-data () no x-coordinate y-coordinate z-coordinate pressure x-velocity y-velocity z-velocity velocity-magnitude ()

Location/Cell-Centered?,
if Cell-Centered not chosen, node values of scalars are reported [no] ; Respond to the single prompt:
; Location/Cell-Centered? [no]
no

Writing "results/coronary2/Re500/interior_full_Re500.csv"...

Writing information to ascii file ...
Done.


> 
adjoint/                parallel/               server/
define/                 parametric-study/       solve/
display/                plot/                   surface/
exit                    preferences/            turbo-setup/
file/                   print-license-usage     views/
mesh/                   report/

> ; Export wall data
/file/export/ascii "results/coronary2/Re500/wall_data_Re500.csv" wall-fluid_domain () no x-coordinate y-coordinate z-coordinate pressure wall-shear x-wall-shear y-wall-shear z-wall-shear ()

Location/Cell-Centered?,
if Cell-Centered not chosen, node values of scalars are reported [no] ; Location/Cell-Centered? [no]
no

Writing "results/coronary2/Re500/wall_data_Re500.csv"...

Writing information to ascii file ...
Done.


> 
adjoint/                parallel/               server/
define/                 parametric-study/       solve/
display/                plot/                   surface/
exit                    preferences/            turbo-setup/
file/                   print-license-usage     views/
mesh/                   report/

> ; Export outlet data
/file/export/ascii "results/coronary2/Re500/outlets_Re500.csv" outlet_1 outlet_2 () no x-coordinate y-coordinate z-coordinate pressure velocity-magnitude ()

Location/Cell-Centered?,
if Cell-Centered not chosen, node values of scalars are reported [no] ; Location/Cell-Centered? [no]
no

Writing "results/coronary2/Re500/outlets_Re500.csv"...

Writing information to ascii file ...
Done.


> 
adjoint/                parallel/               server/
define/                 parametric-study/       solve/
display/                plot/                   surface/
exit                    preferences/            turbo-setup/
file/                   print-license-usage     views/
mesh/                   report/

> /exit 
Posting ANSYS Product Improvement Program performance data 
Done.
Auto-Transcript Stop Time:  14:09:38, 25 Feb 2026 E. Australia Standard Time 
Total Transcript Time: 1 Hour 57 Minute 34 Second.

Automatic transcript closed.
