
Opening input/output transcript to file "C:\Users\radie\Desktop\1_TrainingSIMS\realvesselSIM2\\fluent-20260225-073543-28476.trn".
Auto-Transcript Start Time:  07:35:43, 25 Feb 2026 E. Australia Standard Time 

              Welcome to ANSYS Fluent 2025 R2.04

              Copyright 1987-2025 ANSYS, Inc. All Rights Reserved.
              Unauthorized use, distribution or duplication is prohibited.
              This product is subject to U.S. laws governing export and re-export.
              For full Legal Notice, see documentation.

Build Time: Oct  7 2025 15:34:38 EDT  Build Id: 10205  
 
Connected License Server List:	1055@localhost

     --------------------------------------------------------------
     This is an academic version of ANSYS FLUENT. Usage of this product
     license is limited to the terms and conditions specified in your ANSYS
     license form, additional terms section.
     --------------------------------------------------------------
Host spawning Node 0 on machine "DESKTOP-BBN4MI6" (win64).

-----------------------------------------------------------------------------------
ID    Hostname         Core  O.S.         PID    Vendor                           
-----------------------------------------------------------------------------------
n3    DESKTOP-BBN4MI6  4/12  Windows-x64  29992  Intel(R) Core(TM) i5-10400F      
n2    DESKTOP-BBN4MI6  3/12  Windows-x64  30412  Intel(R) Core(TM) i5-10400F      
n1    DESKTOP-BBN4MI6  2/12  Windows-x64  16496  Intel(R) Core(TM) i5-10400F      
n0*   DESKTOP-BBN4MI6  1/12  Windows-x64  31164  Intel(R) Core(TM) i5-10400F      
host  DESKTOP-BBN4MI6        Windows-x64  19548  Intel(R) Core(TM) i5-10400F      

MPI Option Selected: intel
Selected system interconnect: default
-----------------------------------------------------------------------------------

Cleanup script file is C:\\Users\\radie\\Desktop\\1_TrainingSIMS\\realvesselSIM2\\cleanup-fluent-DESKTOP-BBN4MI6-19548.bat

Posting ANSYS Product Improvement Program startup data
Done.

Reading journal file results/coronary2/Re225/run_coronary2_Re225.jou...

> ; ===========================================================
; bifurcation_template_robust.jou  (BATCH-SAFE EXPORT FIX)
; Validated for ANSYS Fluent 2025 R2 (25.2)
; Mesh -> laminar -> water-liquid -> BCs -> iterate -> export
; ===========================================================

/file/set-tui-version "25.2"

> /file/set-batch-options yes no yes

> ; overwrite files? yes
; hide questions?  no   (keep no because BC sections still use scripted responses)
; exit on error?   yes

define/                 parametric-study/       solve/
display/                plot/                   surface/
exit                    preferences/            switch-to-meshing-mode
file/                   print-license-usage     turbo-setup/
mesh/                   report/                 views/
parallel/               server/

> ; Prevent overwrite prompts during export/write
/file/confirm-overwrite? no

> 
define/                 parametric-study/       solve/
display/                plot/                   surface/
exit                    preferences/            switch-to-meshing-mode
file/                   print-license-usage     turbo-setup/
mesh/                   report/                 views/
parallel/               server/

> /file/read-case "coronary2.msh"Multicore SMT processors detected. Processor affinity set!

Reading "coronary2.msh"...

Buffering for file scan...

ANSYS(R) TGLib(TM) 3D, revision 24.1.0
Warning: Skipping edges zones section(s).
   35982 nodes.
   41815 nodes.
  178694 nodes.
 1481898 mixed interior faces, zone 2633.
   81602 triangular wall faces, zone 20.
     244 mixed pressure-outlet faces, zone 19.
     344 mixed pressure-outlet faces, zone 18.
     894 mixed velocity-inlet faces, zone 17.
  700623 mixed cells, zone 2584.

Building...
     mesh
	auto partitioning mesh by Metis (fast),
	distributing mesh
		parts....,
		faces....,
		nodes....,
		cells....,
        bandwidth reduction using Reverse Cuthill-McKee: 176553/1496 = 118.017
     materials,
     interface,
     domains,
     zones,
	Skipping thread 13 of domain 1 (not referenced by grid).
	Skipping thread 14 of domain 1 (not referenced by grid).
	Skipping thread 15 of domain 1 (not referenced by grid).
	Skipping thread 16 of domain 1 (not referenced by grid).
	Skipping thread 10 of domain 1 (not referenced by grid).
	interior--fluid_domain
	wall-fluid_domain
	outlet_2
	outlet_1
	inlet
	fluid_domain
     parallel,
Done.


> 
adjoint/                parallel/               server/
define/                 parametric-study/       solve/
display/                plot/                   surface/
exit                    preferences/            turbo-setup/
file/                   print-license-usage     views/
mesh/                   report/

> ; ---------- Models ----------
/define/models/solver/pressure-based yes

> /define/models/viscous/laminar yes

> 
adjoint/                parallel/               server/
define/                 parametric-study/       solve/
display/                plot/                   surface/
exit                    preferences/            turbo-setup/
file/                   print-license-usage     views/
mesh/                   report/

> ; ---------- Materials ----------
/define/materials/copy fluid water-liquid

Material "water-liquid" copied from database: fluent-database.


> /define/boundary-conditions/fluid (fluid_domain)
fluid_domain yes water-liquid
Specify source terms? [no] no
Specify fixed values? [no] no
Frame Motion? [no] no
Use Profile for Reference Frame X-Origin of Rotation-Axis? [no] no
Reference Frame X-Origin of Rotation-Axis (constant or expression) (in [m]) [0] 0
Use Profile for Reference Frame Y-Origin of Rotation-Axis? [no] no
Reference Frame Y-Origin of Rotation-Axis (constant or expression) (in [m]) [0] 0
Use Profile for Reference Frame Z-Origin of Rotation-Axis? [no] no
Reference Frame Z-Origin of Rotation-Axis (constant or expression) (in [m]) [0] 0
Use Profile for Reference Frame X-Component of Rotation-Axis? [no] no
Reference Frame X-Component of Rotation-Axis (constant or expression) [0] 0
Use Profile for Reference Frame Y-Component of Rotation-Axis? [no] no
Reference Frame Y-Component of Rotation-Axis (constant or expression) [0] 0
Use Profile for Reference Frame Z-Component of Rotation-Axis? [no] no
Reference Frame Z-Component of Rotation-Axis (constant or expression) [1] 1
Mesh Motion? [no] no
Enter yes or no to continue [no] no
Porous zone? [no] no
3D Fan Zone? [no] no

> 
adjoint/                parallel/               server/
define/                 parametric-study/       solve/
display/                plot/                   surface/
exit                    preferences/            turbo-setup/
file/                   print-license-usage     views/
mesh/                   report/

> ; ---------- Boundary Conditions ----------
; INLET
/define/boundary-conditions/velocity-inlet (inlet)
inlet
Velocity Specification Method: Magnitude and Direction [no] no
Velocity Specification Method: Components [no] no
Velocity Specification Method: Magnitude, Normal to Boundary [yes] yes
Reference Frame: Absolute [yes] yes
Use Profile for Velocity Magnitude? [no] no
Velocity Magnitude (constant or expression) (in [m/s]) [0] 0.05264490287270307
Use Profile for Supersonic/Initial Gauge Pressure? [no] no
Supersonic/Initial Gauge Pressure (constant or expression) (in [Pa]) [0] 0

> 
adjoint/                parallel/               server/
define/                 parametric-study/       solve/
display/                plot/                   surface/
exit                    preferences/            turbo-setup/
file/                   print-license-usage     views/
mesh/                   report/

> ; OUTLETS
/define/boundary-conditions/pressure-outlet (outlet_1 outlet_2)
outlet_1
Backflow Reference Frame: Absolute [yes] yes
Use Profile for Gauge Pressure? [no] no
Gauge Pressure (constant or expression) (in [Pa]) [0] 0
Backflow Direction Specification Method: Direction Vector [no] no
Backflow Direction Specification Method: Normal to Boundary [yes] yes
Backflow Pressure Specification: Total Pressure [yes] yes
Radial Equilibrium Pressure Distribution [no] no
Average Pressure Specification? [no] no
Specify targeted mass flow rate [no] no

> 
adjoint/                parallel/               server/
define/                 parametric-study/       solve/
display/                plot/                   surface/
exit                    preferences/            turbo-setup/
file/                   print-license-usage     views/
mesh/                   report/

> /define/boundary-conditions/pressure-outlet (outlet_1 outlet_2)
outlet_2
Backflow Reference Frame: Absolute [yes] yes
Use Profile for Gauge Pressure? [no] no
Gauge Pressure (constant or expression) (in [Pa]) [0] 0
Backflow Direction Specification Method: Direction Vector [no] no
Backflow Direction Specification Method: Normal to Boundary [yes] yes
Backflow Pressure Specification: Total Pressure [yes] yes
Radial Equilibrium Pressure Distribution [no] no
Average Pressure Specification? [no] no
Specify targeted mass flow rate [no] no

> 
adjoint/                parallel/               server/
define/                 parametric-study/       solve/
display/                plot/                   surface/
exit                    preferences/            turbo-setup/
file/                   print-license-usage     views/
mesh/                   report/

> ; WALLS
/define/boundary-conditions/wall (wall-fluid_domain)
wall-fluid_domain
Wall Motion [motion-bc-stationary]: Change current value? [no] no
Shear Boundary Condition [shear-bc-noslip]: Change current value? [no] no

> 
adjoint/                parallel/               server/
define/                 parametric-study/       solve/
display/                plot/                   surface/
exit                    preferences/            turbo-setup/
file/                   print-license-usage     views/
mesh/                   report/

> ; ---------- Solution Methods ----------
/solve/set/p-v-coupling 24

> /solve/set/discretization-scheme/pressure 12

> /solve/set/discretization-scheme/mom 4

> 
adjoint/                parallel/               server/
define/                 parametric-study/       solve/
display/                plot/                   surface/
exit                    preferences/            turbo-setup/
file/                   print-license-usage     views/
mesh/                   report/

> ; ---------- Solution Controls ----------
/solve/monitors/residual/convergence-criteria 1e-6 1e-5 1e-5 1e-5

> /solve/monitors/residual/print? yes

> 
adjoint/                parallel/               server/
define/                 parametric-study/       solve/
display/                plot/                   surface/
exit                    preferences/            turbo-setup/
file/                   print-license-usage     views/
mesh/                   report/

> ; ---------- Initialization ----------
/solve/initialize/compute-defaults/velocity-inlet (inlet)
inlet

> /solve/initialize/initialize-flow

> 
adjoint/                parallel/               server/
define/                 parametric-study/       solve/
display/                plot/                   surface/
exit                    preferences/            turbo-setup/
file/                   print-license-usage     views/
mesh/                   report/

> ; ---------- Solve ----------
/solve/iterate 3500

  iter  continuity  x-velocity  y-velocity  z-velocity     time/iter

 Reversed flow on 244 faces (100.0% area) of pressure-outlet 19.
     1  1.0000e+00  6.0543e-03  8.5535e-03  8.3941e-03  1:52:46 3499

 Reversed flow on 64 faces (17.3% area) of pressure-outlet 19.

 Reversed flow on 165 faces (39.9% area) of pressure-outlet 18.
     2  7.5489e-01  9.9299e-03  1.4882e-02  1.5617e-02  1:49:02 3498

 Reversed flow on 139 faces (63.1% area) of pressure-outlet 19.

 Reversed flow on 155 faces (34.9% area) of pressure-outlet 18.
     3  3.3794e-01  4.2839e-03  5.8583e-03  5.0249e-03  1:46:02 3497

 Reversed flow on 43 faces (14.5% area) of pressure-outlet 19.

 Reversed flow on 117 faces (25.2% area) of pressure-outlet 18.
     4  2.1137e-01  2.3006e-03  2.8918e-03  2.0968e-03  1:48:50 3496

 Reversed flow on 25 faces (7.1% area) of pressure-outlet 19.

 Reversed flow on 103 faces (16.3% area) of pressure-outlet 18.
     5  1.6096e-01  1.5935e-03  1.7706e-03  1.1508e-03  1:56:13 3495

 Reversed flow on 7 faces (2.1% area) of pressure-outlet 19.

 Reversed flow on 114 faces (16.5% area) of pressure-outlet 18.
     6  1.4381e-01  1.4245e-03  1.3354e-03  8.4894e-04  1:56:57 3494

 Reversed flow on 1 face (0.1% area) of pressure-outlet 19.

 Reversed flow on 147 faces (21.9% area) of pressure-outlet 18.
     7  1.2824e-01  1.1924e-03  1.0152e-03  6.2934e-04  1:57:34 3493

 Reversed flow on 175 faces (29.4% area) of pressure-outlet 18.
     8  1.1034e-01  1.0349e-03  8.2702e-04  5.1660e-04  1:57:59 3492

 Reversed flow on 178 faces (31.3% area) of pressure-outlet 18.
     9  9.6739e-02  9.2419e-04  7.0785e-04  4.5564e-04  1:58:17 3491

 Reversed flow on 187 faces (32.6% area) of pressure-outlet 18.
    10  8.6098e-02  8.2757e-04  6.2388e-04  4.0776e-04  1:58:32 3490

 Reversed flow on 192 faces (33.3% area) of pressure-outlet 18.
    11  7.9990e-02  7.7271e-04  5.7806e-04  3.8839e-04  1:53:38 3489

 Reversed flow on 204 faces (35.5% area) of pressure-outlet 18.

  iter  continuity  x-velocity  y-velocity  z-velocity     time/iter
    12  7.0621e-02  6.7039e-04  5.0455e-04  3.3467e-04  1:54:51 3488

 Reversed flow on 204 faces (35.7% area) of pressure-outlet 18.
    13  6.5279e-02  6.2095e-04  4.7588e-04  3.1641e-04  1:56:11 3487

 Reversed flow on 200 faces (35.0% area) of pressure-outlet 18.
    14  6.3987e-02  6.0884e-04  4.6843e-04  3.1869e-04  1:51:45 3486

 Reversed flow on 210 faces (36.8% area) of pressure-outlet 18.
    15  5.7931e-02  5.3093e-04  4.1606e-04  2.7493e-04  1:53:18 3485

 Reversed flow on 191 faces (35.3% area) of pressure-outlet 18.
    16  5.5349e-02  5.0603e-04  4.0183e-04  2.7089e-04  1:49:22 3484

 Reversed flow on 197 faces (36.2% area) of pressure-outlet 18.
    17  5.0513e-02  4.5001e-04  3.6363e-04  2.3978e-04  1:46:11 3483

 Reversed flow on 189 faces (34.8% area) of pressure-outlet 18.
    18  4.5978e-02  4.0627e-04  3.3435e-04  2.1877e-04  1:44:33 3482

 Reversed flow on 190 faces (34.7% area) of pressure-outlet 18.
    19  4.2538e-02  3.7084e-04  3.1129e-04  2.0205e-04  1:42:39 3481

 Reversed flow on 194 faces (35.5% area) of pressure-outlet 18.
    20  3.9416e-02  3.3901e-04  2.8942e-04  1.8693e-04  1:45:56 3480

 Reversed flow on 195 faces (36.2% area) of pressure-outlet 18.
    21  3.7844e-02  3.2291e-04  2.7900e-04  1.8113e-04  1:48:33 3479

 Reversed flow on 3 faces (1.8% area) of pressure-outlet 19.

 Reversed flow on 196 faces (36.4% area) of pressure-outlet 18.
    22  3.6348e-02  3.0378e-04  2.6458e-04  1.7200e-04  1:45:32 3478

 Reversed flow on 8 faces (3.7% area) of pressure-outlet 19.

 Reversed flow on 201 faces (37.2% area) of pressure-outlet 18.

  iter  continuity  x-velocity  y-velocity  z-velocity     time/iter
    23  3.3499e-02  2.7487e-04  2.4039e-04  1.5577e-04  1:43:06 3477

 Reversed flow on 11 faces (4.9% area) of pressure-outlet 19.

 Reversed flow on 203 faces (37.7% area) of pressure-outlet 18.
    24  3.0881e-02  2.5128e-04  2.2020e-04  1.4336e-04  1:46:16 3476

 Reversed flow on 13 faces (5.5% area) of pressure-outlet 19.

 Reversed flow on 205 faces (37.9% area) of pressure-outlet 18.
    25  2.9427e-02  2.3846e-04  2.0931e-04  1.3745e-04  1:48:47 3475

 Reversed flow on 15 faces (6.6% area) of pressure-outlet 19.

 Reversed flow on 203 faces (38.1% area) of pressure-outlet 18.
    26  2.8034e-02  2.2347e-04  1.9720e-04  1.2986e-04  1:45:45 3474

 Reversed flow on 16 faces (6.9% area) of pressure-outlet 19.

 Reversed flow on 198 faces (37.7% area) of pressure-outlet 18.
    27  2.5856e-02  2.0281e-04  1.7865e-04  1.1820e-04  1:48:25 3473

 Reversed flow on 19 faces (7.9% area) of pressure-outlet 19.

 Reversed flow on 195 faces (37.5% area) of pressure-outlet 18.
    28  2.4531e-02  1.9131e-04  1.6807e-04  1.1309e-04  1:50:29 3472

 Reversed flow on 21 faces (8.6% area) of pressure-outlet 19.

 Reversed flow on 194 faces (37.6% area) of pressure-outlet 18.
    29  2.3637e-02  1.8056e-04  1.5892e-04  1.0793e-04  1:47:07 3471

 Reversed flow on 23 faces (9.3% area) of pressure-outlet 19.

 Reversed flow on 192 faces (37.4% area) of pressure-outlet 18.
    30  2.1631e-02  1.6200e-04  1.4251e-04  9.6700e-05  1:49:57 3470

 Reversed flow on 23 faces (9.3% area) of pressure-outlet 19.

 Reversed flow on 184 faces (36.2% area) of pressure-outlet 18.
    31  2.0457e-02  1.5312e-04  1.3428e-04  9.2574e-05  1:51:47 3469

 Reversed flow on 24 faces (9.4% area) of pressure-outlet 19.

 Reversed flow on 187 faces (36.5% area) of pressure-outlet 18.
    32  1.9318e-02  1.4228e-04  1.2491e-04  8.6504e-05  1:53:21 3468

 Reversed flow on 24 faces (9.4% area) of pressure-outlet 19.

 Reversed flow on 182 faces (36.6% area) of pressure-outlet 18.
    33  1.8416e-02  1.3366e-04  1.1779e-04  8.2368e-05  1:49:17 3467

 Reversed flow on 25 faces (9.9% area) of pressure-outlet 19.

 Reversed flow on 183 faces (36.6% area) of pressure-outlet 18.

  iter  continuity  x-velocity  y-velocity  z-velocity     time/iter
    34  1.6905e-02  1.1989e-04  1.0624e-04  7.3910e-05  1:51:11 3466

 Reversed flow on 26 faces (11.0% area) of pressure-outlet 19.

 Reversed flow on 182 faces (36.6% area) of pressure-outlet 18.
    35  1.5901e-02  1.1346e-04  1.0023e-04  7.0632e-05  1:52:42 3465

 Reversed flow on 26 faces (11.0% area) of pressure-outlet 19.

 Reversed flow on 182 faces (36.6% area) of pressure-outlet 18.
    36  1.5094e-02  1.0628e-04  9.4242e-05  6.6254e-05  1:53:53 3464

 Reversed flow on 27 faces (11.4% area) of pressure-outlet 19.

 Reversed flow on 182 faces (36.6% area) of pressure-outlet 18.
    37  1.4192e-02  9.9200e-05  8.7683e-05  6.1833e-05  1:54:52 3463

 Reversed flow on 27 faces (11.4% area) of pressure-outlet 19.

 Reversed flow on 180 faces (36.5% area) of pressure-outlet 18.
    38  1.3426e-02  9.3751e-05  8.2278e-05  5.8939e-05  1:50:33 3462

 Reversed flow on 29 faces (13.1% area) of pressure-outlet 19.

 Reversed flow on 183 faces (36.8% area) of pressure-outlet 18.
    39  1.2290e-02  8.4278e-05  7.3847e-05  5.2785e-05  1:52:14 3461

 Reversed flow on 29 faces (13.1% area) of pressure-outlet 19.

 Reversed flow on 180 faces (36.7% area) of pressure-outlet 18.
    40  1.1741e-02  8.1475e-05  7.0961e-05  5.1542e-05  1:48:23 3460

 Reversed flow on 29 faces (13.1% area) of pressure-outlet 19.

 Reversed flow on 184 faces (37.0% area) of pressure-outlet 18.
    41  1.0761e-02  7.3099e-05  6.4121e-05  4.6064e-05  1:50:35 3459

 Reversed flow on 29 faces (13.1% area) of pressure-outlet 19.

 Reversed flow on 182 faces (37.1% area) of pressure-outlet 18.
    42  1.0170e-02  7.0245e-05  6.1106e-05  4.4715e-05  1:52:10 3458

 Reversed flow on 29 faces (13.1% area) of pressure-outlet 19.

 Reversed flow on 182 faces (37.1% area) of pressure-outlet 18.
    43  9.6751e-03  6.6195e-05  5.7570e-05  4.2149e-05  1:53:24 3457

 Reversed flow on 29 faces (13.1% area) of pressure-outlet 19.

 Reversed flow on 182 faces (36.7% area) of pressure-outlet 18.
    44  9.1711e-03  6.2503e-05  5.4642e-05  3.9709e-05  1:49:22 3456

 Reversed flow on 29 faces (13.1% area) of pressure-outlet 19.

 Reversed flow on 182 faces (36.7% area) of pressure-outlet 18.

  iter  continuity  x-velocity  y-velocity  z-velocity     time/iter
    45  8.5120e-03  5.7121e-05  5.0344e-05  3.6102e-05  1:46:24 3455

 Reversed flow on 29 faces (13.1% area) of pressure-outlet 19.

 Reversed flow on 181 faces (36.8% area) of pressure-outlet 18.
    46  7.8428e-03  5.2499e-05  4.6377e-05  3.3323e-05  1:49:02 3454

 Reversed flow on 29 faces (13.1% area) of pressure-outlet 19.

 Reversed flow on 178 faces (36.4% area) of pressure-outlet 18.
    47  7.3932e-03  4.9850e-05  4.3975e-05  3.1736e-05  1:50:58 3453

 Reversed flow on 29 faces (13.1% area) of pressure-outlet 19.

 Reversed flow on 179 faces (36.3% area) of pressure-outlet 18.
    48  7.0157e-03  4.7181e-05  4.1628e-05  3.0128e-05  1:52:29 3452

 Reversed flow on 29 faces (13.1% area) of pressure-outlet 19.

 Reversed flow on 180 faces (36.4% area) of pressure-outlet 18.
    49  6.5798e-03  4.3958e-05  3.8765e-05  2.8121e-05  1:53:44 3451

 Reversed flow on 29 faces (13.1% area) of pressure-outlet 19.

 Reversed flow on 178 faces (36.2% area) of pressure-outlet 18.
    50  6.1846e-03  4.1420e-05  3.6345e-05  2.6672e-05  1:54:43 3450

 Reversed flow on 29 faces (13.1% area) of pressure-outlet 19.

 Reversed flow on 178 faces (36.2% area) of pressure-outlet 18.
    51  5.8067e-03  3.8625e-05  3.3857e-05  2.5000e-05  1:55:29 3449

 Reversed flow on 29 faces (13.1% area) of pressure-outlet 19.

 Reversed flow on 178 faces (36.2% area) of pressure-outlet 18.
    52  5.6109e-03  3.7893e-05  3.2662e-05  2.4714e-05  1:50:59 3448

 Reversed flow on 29 faces (13.1% area) of pressure-outlet 19.

 Reversed flow on 180 faces (36.4% area) of pressure-outlet 18.
    53  5.1124e-03  3.3602e-05  2.9135e-05  2.1905e-05  1:52:27 3447

 Reversed flow on 29 faces (13.1% area) of pressure-outlet 19.

 Reversed flow on 179 faces (36.3% area) of pressure-outlet 18.
    54  4.8211e-03  3.2472e-05  2.7971e-05  2.1170e-05  1:53:37 3446

 Reversed flow on 29 faces (13.1% area) of pressure-outlet 19.

 Reversed flow on 180 faces (36.4% area) of pressure-outlet 18.
    55  4.5368e-03  3.0503e-05  2.6291e-05  1.9764e-05  1:49:27 3445

 Reversed flow on 30 faces (13.2% area) of pressure-outlet 19.

 Reversed flow on 180 faces (36.4% area) of pressure-outlet 18.

  iter  continuity  x-velocity  y-velocity  z-velocity     time/iter
    56  4.1529e-03  2.7744e-05  2.3956e-05  1.7977e-05  1:51:13 3444

 Reversed flow on 30 faces (13.2% area) of pressure-outlet 19.

 Reversed flow on 179 faces (36.3% area) of pressure-outlet 18.
    57  3.9166e-03  2.6611e-05  2.2907e-05  1.7343e-05  1:52:42 3443

 Reversed flow on 31 faces (13.2% area) of pressure-outlet 19.

 Reversed flow on 179 faces (36.3% area) of pressure-outlet 18.
    58  3.7203e-03  2.5247e-05  2.1704e-05  1.6430e-05  1:53:48 3442

 Reversed flow on 31 faces (13.2% area) of pressure-outlet 19.

 Reversed flow on 179 faces (36.3% area) of pressure-outlet 18.
    59  3.5710e-03  2.4381e-05  2.0840e-05  1.5833e-05  1:49:33 3441

 Reversed flow on 31 faces (13.2% area) of pressure-outlet 19.

 Reversed flow on 180 faces (36.4% area) of pressure-outlet 18.
    60  3.2963e-03  2.2114e-05  1.8938e-05  1.4375e-05  1:51:30 3440

 Reversed flow on 31 faces (13.2% area) of pressure-outlet 19.

 Reversed flow on 179 faces (36.3% area) of pressure-outlet 18.
    61  3.1365e-03  2.1527e-05  1.8307e-05  1.3988e-05  1:53:03 3439

 Reversed flow on 31 faces (13.2% area) of pressure-outlet 19.

 Reversed flow on 179 faces (36.3% area) of pressure-outlet 18.
    62  3.0812e-03  2.1184e-05  1.7965e-05  1.3717e-05  1:48:56 3438

 Reversed flow on 31 faces (13.2% area) of pressure-outlet 19.

 Reversed flow on 181 faces (36.5% area) of pressure-outlet 18.
    63  2.8401e-03  1.9012e-05  1.6237e-05  1.2222e-05  1:45:35 3437

 Reversed flow on 31 faces (13.2% area) of pressure-outlet 19.

 Reversed flow on 179 faces (36.3% area) of pressure-outlet 18.
    64  2.6196e-03  1.7695e-05  1.5197e-05  1.1411e-05  1:42:58 3436

 Reversed flow on 31 faces (13.2% area) of pressure-outlet 19.

 Reversed flow on 180 faces (36.7% area) of pressure-outlet 18.
    65  2.4323e-03  1.6534e-05  1.4172e-05  1.0703e-05  1:40:50 3435

 Reversed flow on 31 faces (13.2% area) of pressure-outlet 19.

 Reversed flow on 179 faces (36.6% area) of pressure-outlet 18.
    66  2.2463e-03  1.5321e-05  1.3156e-05  9.9684e-06  1:44:13 3434

 Reversed flow on 31 faces (13.2% area) of pressure-outlet 19.

 Reversed flow on 179 faces (36.6% area) of pressure-outlet 18.

  iter  continuity  x-velocity  y-velocity  z-velocity     time/iter
    67  2.1606e-03  1.4924e-05  1.2861e-05  9.7020e-06  1:46:57 3433

 Reversed flow on 31 faces (13.2% area) of pressure-outlet 19.

 Reversed flow on 179 faces (36.6% area) of pressure-outlet 18.
    68  2.0851e-03  1.4350e-05  1.2313e-05  9.3162e-06  1:44:03 3432

 Reversed flow on 31 faces (13.2% area) of pressure-outlet 19.

 Reversed flow on 181 faces (36.8% area) of pressure-outlet 18.
    69  1.9396e-03  1.3143e-05  1.1305e-05  8.5241e-06  1:41:43 3431

 Reversed flow on 32 faces (14.5% area) of pressure-outlet 19.

 Reversed flow on 181 faces (36.8% area) of pressure-outlet 18.
    70  1.7982e-03  1.2237e-05  1.0519e-05  7.9807e-06  1:39:53 3430

 Reversed flow on 32 faces (14.5% area) of pressure-outlet 19.

 Reversed flow on 181 faces (36.8% area) of pressure-outlet 18.
    71  1.6718e-03  1.1417e-05  9.8059e-06  7.4588e-06  1:43:27 3429

 Reversed flow on 32 faces (14.5% area) of pressure-outlet 19.

 Reversed flow on 182 faces (37.0% area) of pressure-outlet 18.
    72  1.6312e-03  1.1369e-05  9.6997e-06  7.4488e-06  1:41:13 3428

 Reversed flow on 32 faces (14.5% area) of pressure-outlet 19.

 Reversed flow on 183 faces (37.4% area) of pressure-outlet 18.
    73  1.5295e-03  1.0360e-05  8.8378e-06  6.7559e-06  1:39:24 3427

 Reversed flow on 32 faces (14.5% area) of pressure-outlet 19.

 Reversed flow on 180 faces (37.2% area) of pressure-outlet 18.
    74  1.4167e-03  9.6375e-06  8.2147e-06  6.3160e-06  1:37:57 3426

 Reversed flow on 32 faces (14.5% area) of pressure-outlet 19.

 Reversed flow on 180 faces (37.2% area) of pressure-outlet 18.
    75  1.3138e-03  8.9972e-06  7.6787e-06  5.8929e-06  1:41:51 3425

 Reversed flow on 32 faces (14.5% area) of pressure-outlet 19.

 Reversed flow on 180 faces (37.2% area) of pressure-outlet 18.
    76  1.2555e-03  8.6904e-06  7.4097e-06  5.6884e-06  1:39:54 3424

 Reversed flow on 32 faces (14.5% area) of pressure-outlet 19.

 Reversed flow on 183 faces (37.4% area) of pressure-outlet 18.
    77  1.1619e-03  7.9659e-06  6.7807e-06  5.2020e-06  1:43:43 3423

 Reversed flow on 32 faces (14.5% area) of pressure-outlet 19.

 Reversed flow on 183 faces (37.4% area) of pressure-outlet 18.

  iter  continuity  x-velocity  y-velocity  z-velocity     time/iter
    78  1.0954e-03  7.5863e-06  6.4312e-06  4.9574e-06  1:46:58 3422

 Reversed flow on 32 faces (14.5% area) of pressure-outlet 19.

 Reversed flow on 183 faces (37.4% area) of pressure-outlet 18.
    79  1.0478e-03  7.2551e-06  6.1216e-06  4.7226e-06  1:49:54 3421

 Reversed flow on 32 faces (14.5% area) of pressure-outlet 19.

 Reversed flow on 185 faces (37.5% area) of pressure-outlet 18.
    80  9.9368e-04  6.8287e-06  5.7628e-06  4.4471e-06  1:52:36 3420

 Reversed flow on 32 faces (14.5% area) of pressure-outlet 19.

 Reversed flow on 185 faces (37.5% area) of pressure-outlet 18.
    81  9.5355e-04  6.5816e-06  5.5213e-06  4.2790e-06  1:53:49 3419

 Reversed flow on 32 faces (14.5% area) of pressure-outlet 19.

 Reversed flow on 185 faces (37.5% area) of pressure-outlet 18.
    82  9.1885e-04  6.3115e-06  5.2445e-06  4.0785e-06  1:49:25 3418

 Reversed flow on 32 faces (14.5% area) of pressure-outlet 19.

 Reversed flow on 185 faces (37.5% area) of pressure-outlet 18.
    83  8.5023e-04  5.7299e-06  4.7701e-06  3.6835e-06  1:45:55 3417

 Reversed flow on 32 faces (14.5% area) of pressure-outlet 19.

 Reversed flow on 184 faces (37.5% area) of pressure-outlet 18.
    84  7.9363e-04  5.3977e-06  4.4829e-06  3.4737e-06  1:48:09 3416

 Reversed flow on 32 faces (14.5% area) of pressure-outlet 19.

 Reversed flow on 184 faces (37.5% area) of pressure-outlet 18.
    85  7.7301e-04  5.3864e-06  4.4262e-06  3.4605e-06  1:44:52 3415

 Reversed flow on 32 faces (14.5% area) of pressure-outlet 19.

 Reversed flow on 184 faces (37.5% area) of pressure-outlet 18.
    86  7.2122e-04  4.8953e-06  4.0336e-06  3.1224e-06  1:42:13 3414

 Reversed flow on 32 faces (14.5% area) of pressure-outlet 19.

 Reversed flow on 183 faces (37.4% area) of pressure-outlet 18.
    87  6.6562e-04  4.5362e-06  3.7522e-06  2.9098e-06  1:40:05 3413

 Reversed flow on 32 faces (14.5% area) of pressure-outlet 19.

 Reversed flow on 183 faces (37.4% area) of pressure-outlet 18.
    88  6.1424e-04  4.2190e-06  3.4969e-06  2.6909e-06  1:43:29 3412

 Reversed flow on 32 faces (14.5% area) of pressure-outlet 19.

 Reversed flow on 182 faces (37.4% area) of pressure-outlet 18.

  iter  continuity  x-velocity  y-velocity  z-velocity     time/iter
    89  5.8476e-04  4.1040e-06  3.3782e-06  2.6164e-06  1:46:15 3411

 Reversed flow on 32 faces (14.5% area) of pressure-outlet 19.

 Reversed flow on 183 faces (37.4% area) of pressure-outlet 18.
    90  5.6280e-04  3.9410e-06  3.2352e-06  2.5077e-06  1:43:20 3410

 Reversed flow on 32 faces (14.5% area) of pressure-outlet 19.

 Reversed flow on 183 faces (37.4% area) of pressure-outlet 18.
    91  5.2614e-04  3.6156e-06  2.9753e-06  2.2911e-06  1:42:32 3409

 Reversed flow on 32 faces (14.5% area) of pressure-outlet 19.

 Reversed flow on 183 faces (37.4% area) of pressure-outlet 18.
    92  4.8780e-04  3.3641e-06  2.7707e-06  2.1331e-06  1:40:22 3408

 Reversed flow on 32 faces (14.5% area) of pressure-outlet 19.

 Reversed flow on 183 faces (37.4% area) of pressure-outlet 18.
    93  4.5365e-04  3.1506e-06  2.5915e-06  2.0030e-06  1:43:40 3407

 Reversed flow on 32 faces (14.5% area) of pressure-outlet 19.

 Reversed flow on 183 faces (37.4% area) of pressure-outlet 18.
    94  4.3289e-04  3.0427e-06  2.4940e-06  1.9417e-06  1:46:17 3406

 Reversed flow on 32 faces (14.5% area) of pressure-outlet 19.

 Reversed flow on 183 faces (37.4% area) of pressure-outlet 18.
    95  4.1262e-04  2.8892e-06  2.3657e-06  1.8429e-06  1:43:20 3405

 Reversed flow on 32 faces (14.5% area) of pressure-outlet 19.

 Reversed flow on 183 faces (37.4% area) of pressure-outlet 18.
    96  3.8437e-04  2.6664e-06  2.1833e-06  1.6990e-06  1:46:00 3404

 Reversed flow on 32 faces (14.5% area) of pressure-outlet 19.

 Reversed flow on 183 faces (37.4% area) of pressure-outlet 18.
    97  3.7159e-04  2.6289e-06  2.1342e-06  1.6753e-06  1:43:05 3403

 Reversed flow on 32 faces (14.5% area) of pressure-outlet 19.

 Reversed flow on 183 faces (37.4% area) of pressure-outlet 18.
    98  3.4685e-04  2.4064e-06  1.9602e-06  1.5269e-06  1:40:44 3402

 Reversed flow on 32 faces (14.5% area) of pressure-outlet 19.

 Reversed flow on 183 faces (37.4% area) of pressure-outlet 18.
    99  3.2352e-04  2.2591e-06  1.8395e-06  1.4367e-06  1:43:55 3401

 Reversed flow on 32 faces (14.5% area) of pressure-outlet 19.

 Reversed flow on 183 faces (37.4% area) of pressure-outlet 18.

  iter  continuity  x-velocity  y-velocity  z-velocity     time/iter
   100  3.1027e-04  2.1968e-06  1.7855e-06  1.4000e-06  1:46:27 3400

 Reversed flow on 32 faces (14.5% area) of pressure-outlet 19.

 Reversed flow on 183 faces (37.4% area) of pressure-outlet 18.
   101  3.0408e-04  2.1695e-06  1.7541e-06  1.3807e-06  1:43:27 3399

 Reversed flow on 32 faces (14.5% area) of pressure-outlet 19.

 Reversed flow on 183 faces (37.4% area) of pressure-outlet 18.
   102  2.8736e-04  2.0115e-06  1.6326e-06  1.2768e-06  1:41:03 3398

 Reversed flow on 32 faces (14.5% area) of pressure-outlet 19.

 Reversed flow on 183 faces (37.4% area) of pressure-outlet 18.
   103  2.6935e-04  1.8964e-06  1.5365e-06  1.2078e-06  1:39:05 3397

 Reversed flow on 32 faces (14.5% area) of pressure-outlet 19.

 Reversed flow on 183 faces (37.4% area) of pressure-outlet 18.
   104  2.5413e-04  1.7992e-06  1.4569e-06  1.1427e-06  1:37:33 3396

 Reversed flow on 32 faces (14.5% area) of pressure-outlet 19.

 Reversed flow on 183 faces (37.4% area) of pressure-outlet 18.
   105  2.4070e-04  1.7144e-06  1.3877e-06  1.0848e-06  1:41:21 3395

 Reversed flow on 32 faces (14.5% area) of pressure-outlet 19.

 Reversed flow on 183 faces (37.4% area) of pressure-outlet 18.
   106  2.3491e-04  1.6999e-06  1.3726e-06  1.0721e-06  1:39:20 3394

 Reversed flow on 32 faces (14.5% area) of pressure-outlet 19.

 Reversed flow on 183 faces (37.4% area) of pressure-outlet 18.
   107  2.2182e-04  1.5892e-06  1.2797e-06  9.9752e-07  1:42:44 3393

 Reversed flow on 32 faces (14.5% area) of pressure-outlet 19.

 Reversed flow on 183 faces (37.4% area) of pressure-outlet 18.
   108  2.1500e-04  1.5660e-06  1.2587e-06  9.8330e-07  1:40:26 3392

 Reversed flow on 32 faces (14.5% area) of pressure-outlet 19.

 Reversed flow on 183 faces (37.4% area) of pressure-outlet 18.
   109  2.0343e-04  1.4735e-06  1.1803e-06  9.2109e-07  1:43:37 3391

 Reversed flow on 32 faces (14.5% area) of pressure-outlet 19.

 Reversed flow on 183 faces (37.4% area) of pressure-outlet 18.
   110  1.9773e-04  1.4559e-06  1.1647e-06  9.0747e-07  1:50:02 3390

 Reversed flow on 32 faces (14.5% area) of pressure-outlet 19.

 Reversed flow on 183 faces (37.4% area) of pressure-outlet 18.

  iter  continuity  x-velocity  y-velocity  z-velocity     time/iter
   111  1.9804e-04  1.4686e-06  1.1709e-06  9.1153e-07  1:46:16 3389

 Reversed flow on 32 faces (14.5% area) of pressure-outlet 19.

 Reversed flow on 183 faces (37.4% area) of pressure-outlet 18.
   112  1.9166e-04  1.3917e-06  1.1107e-06  8.5922e-07  1:43:13 3388

 Reversed flow on 32 faces (14.5% area) of pressure-outlet 19.

 Reversed flow on 183 faces (37.4% area) of pressure-outlet 18.
   113  1.8575e-04  1.3568e-06  1.0796e-06  8.3726e-07  1:40:47 3387

 Reversed flow on 32 faces (14.5% area) of pressure-outlet 19.

 Reversed flow on 183 faces (37.4% area) of pressure-outlet 18.
   114  1.8061e-04  1.3238e-06  1.0522e-06  8.1460e-07  1:38:49 3386

 Reversed flow on 32 faces (14.5% area) of pressure-outlet 19.

 Reversed flow on 183 faces (37.4% area) of pressure-outlet 18.
   115  1.7616e-04  1.2985e-06  1.0298e-06  7.9652e-07  1:37:16 3385

 Reversed flow on 32 faces (14.5% area) of pressure-outlet 19.

 Reversed flow on 183 faces (37.4% area) of pressure-outlet 18.
   116  1.7175e-04  1.2732e-06  1.0101e-06  7.8084e-07  1:36:00 3384

 Reversed flow on 32 faces (14.5% area) of pressure-outlet 19.

 Reversed flow on 183 faces (37.4% area) of pressure-outlet 18.
   117  1.6728e-04  1.2475e-06  9.9020e-07  7.6524e-07  1:35:00 3383

 Reversed flow on 32 faces (14.5% area) of pressure-outlet 19.

 Reversed flow on 183 faces (37.4% area) of pressure-outlet 18.
   118  1.6118e-04  1.2136e-06  9.6725e-07  7.4634e-07  1:34:11 3382

 Reversed flow on 32 faces (14.5% area) of pressure-outlet 19.

 Reversed flow on 183 faces (37.4% area) of pressure-outlet 18.
   119  1.5652e-04  1.1913e-06  9.5028e-07  7.3667e-07  1:33:31 3381

 Reversed flow on 32 faces (14.5% area) of pressure-outlet 19.

 Reversed flow on 183 faces (37.4% area) of pressure-outlet 18.
   120  1.5113e-04  1.1538e-06  9.2393e-07  7.1633e-07  1:33:00 3380

 Reversed flow on 32 faces (14.5% area) of pressure-outlet 19.

 Reversed flow on 183 faces (37.4% area) of pressure-outlet 18.
   121  1.4597e-04  1.1207e-06  8.9830e-07  6.9974e-07  1:32:37 3379

 Reversed flow on 32 faces (14.5% area) of pressure-outlet 19.

 Reversed flow on 183 faces (37.4% area) of pressure-outlet 18.

  iter  continuity  x-velocity  y-velocity  z-velocity     time/iter
   122  1.4070e-04  1.0844e-06  8.7008e-07  6.7803e-07  1:32:15 3378

 Reversed flow on 32 faces (14.5% area) of pressure-outlet 19.

 Reversed flow on 183 faces (37.4% area) of pressure-outlet 18.
   123  1.3575e-04  1.0477e-06  8.4191e-07  6.5763e-07  1:31:57 3377

 Reversed flow on 32 faces (14.5% area) of pressure-outlet 19.

 Reversed flow on 183 faces (37.4% area) of pressure-outlet 18.
   124  1.3094e-04  1.0096e-06  8.1302e-07  6.3605e-07  1:31:49 3376

 Reversed flow on 32 faces (14.5% area) of pressure-outlet 19.

 Reversed flow on 183 faces (37.4% area) of pressure-outlet 18.
   125  1.2603e-04  9.6972e-07  7.8357e-07  6.1264e-07  1:31:36 3375

 Reversed flow on 32 faces (14.5% area) of pressure-outlet 19.

 Reversed flow on 183 faces (37.4% area) of pressure-outlet 18.
   126  1.2110e-04  9.2950e-07  7.5421e-07  5.8892e-07  1:31:24 3374

 Reversed flow on 32 faces (14.5% area) of pressure-outlet 19.

 Reversed flow on 183 faces (37.4% area) of pressure-outlet 18.
   127  1.1624e-04  8.8828e-07  7.2451e-07  5.6477e-07  1:31:15 3373

 Reversed flow on 32 faces (14.5% area) of pressure-outlet 19.

 Reversed flow on 183 faces (37.4% area) of pressure-outlet 18.
   128  1.1147e-04  8.4660e-07  6.9491e-07  5.4073e-07  1:31:10 3372

 Reversed flow on 32 faces (14.5% area) of pressure-outlet 19.

 Reversed flow on 183 faces (37.4% area) of pressure-outlet 18.
   129  1.0725e-04  8.0952e-07  6.6808e-07  5.1964e-07  1:31:02 3371

 Reversed flow on 32 faces (14.5% area) of pressure-outlet 19.

 Reversed flow on 183 faces (37.4% area) of pressure-outlet 18.
   130  1.0260e-04  7.6580e-07  6.3756e-07  4.9279e-07  1:30:58 3370

 Reversed flow on 32 faces (14.5% area) of pressure-outlet 19.

 Reversed flow on 183 faces (37.4% area) of pressure-outlet 18.
   131  9.8148e-05  7.2574e-07  6.0909e-07  4.6930e-07  1:30:53 3369

 Reversed flow on 32 faces (14.5% area) of pressure-outlet 19.

 Reversed flow on 183 faces (37.4% area) of pressure-outlet 18.
   132  9.3628e-05  6.8517e-07  5.8007e-07  4.4557e-07  1:30:50 3368

 Reversed flow on 32 faces (14.5% area) of pressure-outlet 19.

 Reversed flow on 183 faces (37.4% area) of pressure-outlet 18.

  iter  continuity  x-velocity  y-velocity  z-velocity     time/iter
   133  8.9070e-05  6.4574e-07  5.5150e-07  4.2287e-07  1:30:45 3367

 Reversed flow on 32 faces (14.5% area) of pressure-outlet 19.

 Reversed flow on 183 faces (37.4% area) of pressure-outlet 18.
   134  8.4445e-05  6.0704e-07  5.2261e-07  4.0030e-07  1:30:43 3366

 Reversed flow on 32 faces (14.5% area) of pressure-outlet 19.

 Reversed flow on 183 faces (37.4% area) of pressure-outlet 18.
   135  7.9981e-05  5.7102e-07  4.9438e-07  3.7888e-07  1:30:40 3365

 Reversed flow on 32 faces (14.5% area) of pressure-outlet 19.

 Reversed flow on 183 faces (37.4% area) of pressure-outlet 18.
   136  7.5667e-05  5.3698e-07  4.6724e-07  3.5836e-07  1:30:36 3364

 Reversed flow on 32 faces (14.5% area) of pressure-outlet 19.

 Reversed flow on 183 faces (37.4% area) of pressure-outlet 18.
   137  7.1556e-05  5.0462e-07  4.4159e-07  3.3866e-07  1:30:35 3363

 Reversed flow on 32 faces (14.5% area) of pressure-outlet 19.

 Reversed flow on 183 faces (37.4% area) of pressure-outlet 18.
   138  6.7700e-05  4.7464e-07  4.1745e-07  3.2020e-07  1:30:32 3362

 Reversed flow on 32 faces (14.5% area) of pressure-outlet 19.

 Reversed flow on 183 faces (37.4% area) of pressure-outlet 18.
   139  6.4203e-05  4.4817e-07  3.9543e-07  3.0354e-07  1:30:31 3361

 Reversed flow on 32 faces (14.5% area) of pressure-outlet 19.

 Reversed flow on 183 faces (37.4% area) of pressure-outlet 18.
   140  6.0944e-05  4.2333e-07  3.7460e-07  2.8763e-07  1:30:29 3360

 Reversed flow on 32 faces (14.5% area) of pressure-outlet 19.

 Reversed flow on 183 faces (37.4% area) of pressure-outlet 18.
   141  5.7893e-05  4.0048e-07  3.5539e-07  2.7283e-07  1:30:29 3359

 Reversed flow on 32 faces (14.5% area) of pressure-outlet 19.

 Reversed flow on 183 faces (37.4% area) of pressure-outlet 18.
   142  5.4943e-05  3.7833e-07  3.3734e-07  2.5881e-07  1:30:25 3358

 Reversed flow on 32 faces (14.5% area) of pressure-outlet 19.

 Reversed flow on 183 faces (37.4% area) of pressure-outlet 18.
   143  5.2129e-05  3.5821e-07  3.2033e-07  2.4575e-07  1:30:24 3357

 Reversed flow on 32 faces (14.5% area) of pressure-outlet 19.

 Reversed flow on 183 faces (37.4% area) of pressure-outlet 18.

  iter  continuity  x-velocity  y-velocity  z-velocity     time/iter
   144  4.9601e-05  3.3995e-07  3.0515e-07  2.3392e-07  1:30:21 3356

 Reversed flow on 32 faces (14.5% area) of pressure-outlet 19.

 Reversed flow on 183 faces (37.4% area) of pressure-outlet 18.
   145  4.7218e-05  3.2302e-07  2.9075e-07  2.2139e-07  1:30:19 3355

 Reversed flow on 32 faces (14.5% area) of pressure-outlet 19.

 Reversed flow on 183 faces (37.4% area) of pressure-outlet 18.
   146  4.4912e-05  3.0724e-07  2.7698e-07  2.0981e-07  1:30:18 3354

 Reversed flow on 32 faces (14.5% area) of pressure-outlet 19.

 Reversed flow on 183 faces (37.4% area) of pressure-outlet 18.
   147  4.2701e-05  2.9229e-07  2.6376e-07  1.9899e-07  1:30:15 3353

 Reversed flow on 32 faces (14.5% area) of pressure-outlet 19.

 Reversed flow on 183 faces (37.4% area) of pressure-outlet 18.
   148  4.0576e-05  2.7796e-07  2.5118e-07  1.8878e-07  1:30:12 3352

 Reversed flow on 32 faces (14.5% area) of pressure-outlet 19.

 Reversed flow on 183 faces (37.4% area) of pressure-outlet 18.
   149  3.8548e-05  2.6438e-07  2.3919e-07  1.7911e-07  1:30:11 3351

 Reversed flow on 32 faces (14.5% area) of pressure-outlet 19.

 Reversed flow on 183 faces (37.4% area) of pressure-outlet 18.
   150  3.6668e-05  2.5194e-07  2.2794e-07  1.7021e-07  1:30:09 3350

 Reversed flow on 32 faces (14.5% area) of pressure-outlet 19.

 Reversed flow on 183 faces (37.4% area) of pressure-outlet 18.
   151  3.4886e-05  2.4026e-07  2.1733e-07  1.6203e-07  1:30:09 3349

 Reversed flow on 32 faces (14.5% area) of pressure-outlet 19.

 Reversed flow on 183 faces (37.4% area) of pressure-outlet 18.
   152  3.3238e-05  2.2946e-07  2.0745e-07  1.5464e-07  1:30:07 3348

 Reversed flow on 32 faces (14.5% area) of pressure-outlet 19.

 Reversed flow on 183 faces (37.4% area) of pressure-outlet 18.
   153  3.1700e-05  2.1936e-07  1.9822e-07  1.4777e-07  1:30:05 3347

 Reversed flow on 32 faces (14.5% area) of pressure-outlet 19.

 Reversed flow on 183 faces (37.4% area) of pressure-outlet 18.
   154  3.0274e-05  2.0993e-07  1.8957e-07  1.4139e-07  1:30:02 3346

 Reversed flow on 32 faces (14.5% area) of pressure-outlet 19.

 Reversed flow on 183 faces (37.4% area) of pressure-outlet 18.

  iter  continuity  x-velocity  y-velocity  z-velocity     time/iter
   155  2.8937e-05  2.0098e-07  1.8141e-07  1.3533e-07  1:30:00 3345

 Reversed flow on 32 faces (14.5% area) of pressure-outlet 19.

 Reversed flow on 183 faces (37.4% area) of pressure-outlet 18.
   156  2.7686e-05  1.9269e-07  1.7380e-07  1.2966e-07  1:29:58 3344

 Reversed flow on 32 faces (14.5% area) of pressure-outlet 19.

 Reversed flow on 183 faces (37.4% area) of pressure-outlet 18.
   157  2.6526e-05  1.8505e-07  1.6677e-07  1.2440e-07  1:29:54 3343

 Reversed flow on 32 faces (14.5% area) of pressure-outlet 19.

 Reversed flow on 183 faces (37.4% area) of pressure-outlet 18.
   158  2.5449e-05  1.7798e-07  1.6021e-07  1.1952e-07  1:29:52 3342

 Reversed flow on 32 faces (14.5% area) of pressure-outlet 19.

 Reversed flow on 183 faces (37.4% area) of pressure-outlet 18.
   159  2.4444e-05  1.7137e-07  1.5407e-07  1.1495e-07  1:29:51 3341

 Reversed flow on 32 faces (14.5% area) of pressure-outlet 19.

 Reversed flow on 183 faces (37.4% area) of pressure-outlet 18.
   160  2.3500e-05  1.6523e-07  1.4803e-07  1.1070e-07  1:29:51 3340

 Reversed flow on 32 faces (14.5% area) of pressure-outlet 19.

 Reversed flow on 183 faces (37.4% area) of pressure-outlet 18.
   161  2.2624e-05  1.5949e-07  1.4232e-07  1.0675e-07  1:29:56 3339

 Reversed flow on 32 faces (14.5% area) of pressure-outlet 19.

 Reversed flow on 183 faces (37.4% area) of pressure-outlet 18.
   162  2.1802e-05  1.5408e-07  1.3698e-07  1.0301e-07  1:29:53 3338

 Reversed flow on 32 faces (14.5% area) of pressure-outlet 19.

 Reversed flow on 183 faces (37.4% area) of pressure-outlet 18.
   163  2.1028e-05  1.4898e-07  1.3204e-07  9.9500e-08  1:29:52 3337

 Reversed flow on 32 faces (14.5% area) of pressure-outlet 19.

 Reversed flow on 183 faces (37.4% area) of pressure-outlet 18.
   164  2.0282e-05  1.4406e-07  1.2729e-07  9.6103e-08  1:29:50 3336

 Reversed flow on 32 faces (14.5% area) of pressure-outlet 19.

 Reversed flow on 183 faces (37.4% area) of pressure-outlet 18.
   165  1.9581e-05  1.3941e-07  1.2286e-07  9.2948e-08  1:29:49 3335

 Reversed flow on 32 faces (14.5% area) of pressure-outlet 19.

 Reversed flow on 183 faces (37.4% area) of pressure-outlet 18.

  iter  continuity  x-velocity  y-velocity  z-velocity     time/iter
   166  1.8916e-05  1.3502e-07  1.1870e-07  8.9990e-08  1:29:46 3334

 Reversed flow on 32 faces (14.5% area) of pressure-outlet 19.

 Reversed flow on 183 faces (37.4% area) of pressure-outlet 18.
   167  1.8290e-05  1.3090e-07  1.1482e-07  8.7224e-08  1:29:44 3333

 Reversed flow on 32 faces (14.5% area) of pressure-outlet 19.

 Reversed flow on 183 faces (37.4% area) of pressure-outlet 18.
   168  1.7706e-05  1.2705e-07  1.1121e-07  8.4645e-08  1:29:42 3332

 Reversed flow on 32 faces (14.5% area) of pressure-outlet 19.

 Reversed flow on 183 faces (37.4% area) of pressure-outlet 18.
   169  1.7156e-05  1.2340e-07  1.0782e-07  8.2223e-08  1:29:41 3331

 Reversed flow on 32 faces (14.5% area) of pressure-outlet 19.

 Reversed flow on 183 faces (37.4% area) of pressure-outlet 18.
   170  1.6623e-05  1.1985e-07  1.0457e-07  7.9874e-08  1:29:39 3330

 Reversed flow on 32 faces (14.5% area) of pressure-outlet 19.

 Reversed flow on 183 faces (37.4% area) of pressure-outlet 18.
   171  1.6121e-05  1.1657e-07  1.0155e-07  7.7700e-08  1:29:36 3329

 Reversed flow on 32 faces (14.5% area) of pressure-outlet 19.

 Reversed flow on 183 faces (37.4% area) of pressure-outlet 18.
   172  1.5647e-05  1.1346e-07  9.8674e-08  7.5642e-08  1:29:34 3328

 Reversed flow on 32 faces (14.5% area) of pressure-outlet 19.

 Reversed flow on 183 faces (37.4% area) of pressure-outlet 18.
   173  1.5200e-05  1.1051e-07  9.5950e-08  7.3703e-08  1:29:32 3327

 Reversed flow on 32 faces (14.5% area) of pressure-outlet 19.

 Reversed flow on 183 faces (37.4% area) of pressure-outlet 18.
   174  1.4780e-05  1.0773e-07  9.3385e-08  7.1886e-08  1:29:34 3326

 Reversed flow on 32 faces (14.5% area) of pressure-outlet 19.

 Reversed flow on 183 faces (37.4% area) of pressure-outlet 18.
   175  1.4365e-05  1.0505e-07  9.0981e-08  7.0178e-08  1:29:31 3325

 Reversed flow on 32 faces (14.5% area) of pressure-outlet 19.

 Reversed flow on 183 faces (37.4% area) of pressure-outlet 18.
   176  1.3964e-05  1.0244e-07  8.8665e-08  6.8522e-08  1:29:32 3324

 Reversed flow on 32 faces (14.5% area) of pressure-outlet 19.

 Reversed flow on 183 faces (37.4% area) of pressure-outlet 18.

  iter  continuity  x-velocity  y-velocity  z-velocity     time/iter
   177  1.3582e-05  9.9938e-08  8.6449e-08  6.6911e-08  1:29:29 3323

 Reversed flow on 32 faces (14.5% area) of pressure-outlet 19.

 Reversed flow on 183 faces (37.4% area) of pressure-outlet 18.
   178  1.3220e-05  9.7490e-08  8.4334e-08  6.5363e-08  1:29:27 3322

 Reversed flow on 32 faces (14.5% area) of pressure-outlet 19.

 Reversed flow on 183 faces (37.4% area) of pressure-outlet 18.
   179  1.2847e-05  9.5121e-08  8.2306e-08  6.3875e-08  1:29:24 3321

 Reversed flow on 32 faces (14.5% area) of pressure-outlet 19.

 Reversed flow on 183 faces (37.4% area) of pressure-outlet 18.
   180  1.2488e-05  9.2752e-08  8.0332e-08  6.2368e-08  1:29:22 3320

 Reversed flow on 32 faces (14.5% area) of pressure-outlet 19.

 Reversed flow on 183 faces (37.4% area) of pressure-outlet 18.
   181  1.2143e-05  9.0439e-08  7.8392e-08  6.0909e-08  1:29:21 3319

 Reversed flow on 32 faces (14.5% area) of pressure-outlet 19.

 Reversed flow on 183 faces (37.4% area) of pressure-outlet 18.
   182  1.1811e-05  8.8198e-08  7.6504e-08  5.9472e-08  1:29:20 3318

 Reversed flow on 32 faces (14.5% area) of pressure-outlet 19.

 Reversed flow on 183 faces (37.4% area) of pressure-outlet 18.
   183  1.1491e-05  8.6034e-08  7.4685e-08  5.8079e-08  1:29:18 3317

 Reversed flow on 32 faces (14.5% area) of pressure-outlet 19.

 Reversed flow on 183 faces (37.4% area) of pressure-outlet 18.
   184  1.1186e-05  8.3946e-08  7.2945e-08  5.6729e-08  1:29:18 3316

 Reversed flow on 32 faces (14.5% area) of pressure-outlet 19.

 Reversed flow on 183 faces (37.4% area) of pressure-outlet 18.
   185  1.0892e-05  8.1933e-08  7.1279e-08  5.5418e-08  1:29:16 3315

 Reversed flow on 32 faces (14.5% area) of pressure-outlet 19.

 Reversed flow on 183 faces (37.4% area) of pressure-outlet 18.
   186  1.0607e-05  7.9980e-08  6.9671e-08  5.4172e-08  1:29:13 3314

 Reversed flow on 32 faces (14.5% area) of pressure-outlet 19.

 Reversed flow on 183 faces (37.4% area) of pressure-outlet 18.
   187  1.0337e-05  7.8098e-08  6.8131e-08  5.2984e-08  1:29:12 3313

 Reversed flow on 32 faces (14.5% area) of pressure-outlet 19.

 Reversed flow on 183 faces (37.4% area) of pressure-outlet 18.

  iter  continuity  x-velocity  y-velocity  z-velocity     time/iter
   188  1.0079e-05  7.6288e-08  6.6653e-08  5.1845e-08  1:29:12 3312

 Reversed flow on 32 faces (14.5% area) of pressure-outlet 19.

 Reversed flow on 183 faces (37.4% area) of pressure-outlet 18.
   189  9.8332e-06  7.4544e-08  6.5231e-08  5.0754e-08  1:29:10 3311

 Reversed flow on 32 faces (14.5% area) of pressure-outlet 19.

 Reversed flow on 183 faces (37.4% area) of pressure-outlet 18.
   190  9.5978e-06  7.2870e-08  6.3867e-08  4.9704e-08  1:29:08 3310

 Reversed flow on 32 faces (14.5% area) of pressure-outlet 19.

 Reversed flow on 183 faces (37.4% area) of pressure-outlet 18.
   191  9.3726e-06  7.1257e-08  6.2553e-08  4.8697e-08  1:29:07 3309

 Reversed flow on 32 faces (14.5% area) of pressure-outlet 19.

 Reversed flow on 183 faces (37.4% area) of pressure-outlet 18.
   192  9.1560e-06  6.9703e-08  6.1286e-08  4.7729e-08  1:29:05 3308

 Reversed flow on 32 faces (14.5% area) of pressure-outlet 19.

 Reversed flow on 183 faces (37.4% area) of pressure-outlet 18.
   193  8.9463e-06  6.8207e-08  5.9977e-08  4.6797e-08  1:29:03 3307

 Reversed flow on 32 faces (14.5% area) of pressure-outlet 19.

 Reversed flow on 183 faces (37.4% area) of pressure-outlet 18.
   194  8.7428e-06  6.6789e-08  5.8694e-08  4.5902e-08  1:29:00 3306

 Reversed flow on 32 faces (14.5% area) of pressure-outlet 19.

 Reversed flow on 183 faces (37.4% area) of pressure-outlet 18.
   195  8.5437e-06  6.5396e-08  5.7462e-08  4.5007e-08  1:28:59 3305

 Reversed flow on 32 faces (14.5% area) of pressure-outlet 19.

 Reversed flow on 183 faces (37.4% area) of pressure-outlet 18.
   196  8.3502e-06  6.4051e-08  5.6300e-08  4.4138e-08  1:28:57 3304

 Reversed flow on 32 faces (14.5% area) of pressure-outlet 19.

 Reversed flow on 183 faces (37.4% area) of pressure-outlet 18.
   197  8.1637e-06  6.2749e-08  5.5197e-08  4.3302e-08  1:28:55 3303

 Reversed flow on 32 faces (14.5% area) of pressure-outlet 19.

 Reversed flow on 183 faces (37.4% area) of pressure-outlet 18.
   198  7.9843e-06  6.1494e-08  5.4144e-08  4.2496e-08  1:28:55 3302

 Reversed flow on 32 faces (14.5% area) of pressure-outlet 19.

 Reversed flow on 183 faces (37.4% area) of pressure-outlet 18.

  iter  continuity  x-velocity  y-velocity  z-velocity     time/iter
   199  7.8112e-06  6.0283e-08  5.3139e-08  4.1723e-08  1:28:52 3301

 Reversed flow on 32 faces (14.5% area) of pressure-outlet 19.

 Reversed flow on 183 faces (37.4% area) of pressure-outlet 18.
   200  7.6453e-06  5.9123e-08  5.2171e-08  4.0980e-08  1:28:52 3300

 Reversed flow on 32 faces (14.5% area) of pressure-outlet 19.

 Reversed flow on 183 faces (37.4% area) of pressure-outlet 18.
   201  7.4870e-06  5.8011e-08  5.1254e-08  4.0265e-08  1:28:49 3299

 Reversed flow on 32 faces (14.5% area) of pressure-outlet 19.

 Reversed flow on 183 faces (37.4% area) of pressure-outlet 18.
   202  7.3370e-06  5.6947e-08  5.0377e-08  3.9575e-08  1:28:48 3298

 Reversed flow on 32 faces (14.5% area) of pressure-outlet 19.

 Reversed flow on 183 faces (37.4% area) of pressure-outlet 18.
   203  7.1941e-06  5.5933e-08  4.9542e-08  3.8912e-08  1:28:47 3297

 Reversed flow on 32 faces (14.5% area) of pressure-outlet 19.

 Reversed flow on 183 faces (37.4% area) of pressure-outlet 18.
   204  7.0560e-06  5.4971e-08  4.8746e-08  3.8267e-08  1:28:45 3296

 Reversed flow on 32 faces (14.5% area) of pressure-outlet 19.

 Reversed flow on 183 faces (37.4% area) of pressure-outlet 18.
   205  6.9241e-06  5.4062e-08  4.7894e-08  3.7649e-08  1:28:43 3295

 Reversed flow on 32 faces (14.5% area) of pressure-outlet 19.

 Reversed flow on 183 faces (37.4% area) of pressure-outlet 18.
   206  6.8000e-06  5.3196e-08  4.7086e-08  3.7067e-08  1:28:47 3294

 Reversed flow on 32 faces (14.5% area) of pressure-outlet 19.

 Reversed flow on 183 faces (37.4% area) of pressure-outlet 18.
   207  6.6810e-06  5.2367e-08  4.6346e-08  3.6511e-08  1:28:46 3293

 Reversed flow on 32 faces (14.5% area) of pressure-outlet 19.

 Reversed flow on 183 faces (37.4% area) of pressure-outlet 18.
   208  6.5670e-06  5.1575e-08  4.5662e-08  3.5976e-08  1:28:41 3292

 Reversed flow on 32 faces (14.5% area) of pressure-outlet 19.

 Reversed flow on 183 faces (37.4% area) of pressure-outlet 18.
   209  6.4579e-06  5.0816e-08  4.5024e-08  3.5462e-08  1:28:38 3291

 Reversed flow on 32 faces (14.5% area) of pressure-outlet 19.

 Reversed flow on 183 faces (37.4% area) of pressure-outlet 18.

  iter  continuity  x-velocity  y-velocity  z-velocity     time/iter
   210  6.3537e-06  5.0091e-08  4.4421e-08  3.4969e-08  1:28:36 3290

 Reversed flow on 32 faces (14.5% area) of pressure-outlet 19.

 Reversed flow on 183 faces (37.4% area) of pressure-outlet 18.
   211  6.2547e-06  4.9404e-08  4.3857e-08  3.4495e-08  1:28:34 3289

 Reversed flow on 32 faces (14.5% area) of pressure-outlet 19.

 Reversed flow on 183 faces (37.4% area) of pressure-outlet 18.
   212  6.1611e-06  4.8747e-08  4.3331e-08  3.4044e-08  1:28:32 3288

 Reversed flow on 32 faces (14.5% area) of pressure-outlet 19.

 Reversed flow on 183 faces (37.4% area) of pressure-outlet 18.
   213  6.0712e-06  4.8108e-08  4.2839e-08  3.3615e-08  1:28:31 3287

 Reversed flow on 32 faces (14.5% area) of pressure-outlet 19.

 Reversed flow on 183 faces (37.4% area) of pressure-outlet 18.
   214  5.9858e-06  4.7495e-08  4.2378e-08  3.3201e-08  1:28:28 3286

 Reversed flow on 32 faces (14.5% area) of pressure-outlet 19.

 Reversed flow on 183 faces (37.4% area) of pressure-outlet 18.
   215  5.9053e-06  4.6914e-08  4.1948e-08  3.2803e-08  1:28:27 3285

 Reversed flow on 32 faces (14.5% area) of pressure-outlet 19.

 Reversed flow on 183 faces (37.4% area) of pressure-outlet 18.
   216  5.8283e-06  4.6359e-08  4.1543e-08  3.2422e-08  1:28:23 3284

 Reversed flow on 32 faces (14.5% area) of pressure-outlet 19.

 Reversed flow on 183 faces (37.4% area) of pressure-outlet 18.
   217  5.7547e-06  4.5833e-08  4.1164e-08  3.2058e-08  1:28:23 3283

 Reversed flow on 32 faces (14.5% area) of pressure-outlet 19.

 Reversed flow on 183 faces (37.4% area) of pressure-outlet 18.
   218  5.6845e-06  4.5339e-08  4.0816e-08  3.1715e-08  1:28:28 3282

 Reversed flow on 32 faces (14.5% area) of pressure-outlet 19.

 Reversed flow on 183 faces (37.4% area) of pressure-outlet 18.
   219  5.6185e-06  4.4877e-08  4.0490e-08  3.1391e-08  1:28:24 3281

 Reversed flow on 32 faces (14.5% area) of pressure-outlet 19.

 Reversed flow on 183 faces (37.4% area) of pressure-outlet 18.
   220  5.5557e-06  4.4441e-08  4.0187e-08  3.1083e-08  1:28:21 3280

 Reversed flow on 32 faces (14.5% area) of pressure-outlet 19.

 Reversed flow on 183 faces (37.4% area) of pressure-outlet 18.

  iter  continuity  x-velocity  y-velocity  z-velocity     time/iter
   221  5.4966e-06  4.4033e-08  3.9908e-08  3.0788e-08  1:28:19 3279

 Reversed flow on 32 faces (14.5% area) of pressure-outlet 19.

 Reversed flow on 183 faces (37.4% area) of pressure-outlet 18.
   222  5.4409e-06  4.3653e-08  3.9653e-08  3.0515e-08  1:28:17 3278

 Reversed flow on 32 faces (14.5% area) of pressure-outlet 19.

 Reversed flow on 183 faces (37.4% area) of pressure-outlet 18.
   223  5.3887e-06  4.3302e-08  3.9423e-08  3.0259e-08  1:28:14 3277

 Reversed flow on 32 faces (14.5% area) of pressure-outlet 19.

 Reversed flow on 183 faces (37.4% area) of pressure-outlet 18.
   224  5.3402e-06  4.2978e-08  3.9214e-08  3.0022e-08  1:28:11 3276

 Reversed flow on 32 faces (14.5% area) of pressure-outlet 19.

 Reversed flow on 183 faces (37.4% area) of pressure-outlet 18.
   225  5.2950e-06  4.2675e-08  3.9025e-08  2.9800e-08  1:28:10 3275

 Reversed flow on 32 faces (14.5% area) of pressure-outlet 19.

 Reversed flow on 183 faces (37.4% area) of pressure-outlet 18.
   226  5.2529e-06  4.2392e-08  3.8855e-08  2.9586e-08  1:28:07 3274

 Reversed flow on 32 faces (14.5% area) of pressure-outlet 19.

 Reversed flow on 183 faces (37.4% area) of pressure-outlet 18.
   227  5.2140e-06  4.2127e-08  3.8706e-08  2.9387e-08  1:28:05 3273

 Reversed flow on 32 faces (14.5% area) of pressure-outlet 19.

 Reversed flow on 183 faces (37.4% area) of pressure-outlet 18.
   228  5.1769e-06  4.1876e-08  3.8571e-08  2.9207e-08  1:28:02 3272

 Reversed flow on 32 faces (14.5% area) of pressure-outlet 19.

 Reversed flow on 183 faces (37.4% area) of pressure-outlet 18.
   229  5.1418e-06  4.1641e-08  3.8453e-08  2.9036e-08  1:28:01 3271

 Reversed flow on 32 faces (14.5% area) of pressure-outlet 19.

 Reversed flow on 183 faces (37.4% area) of pressure-outlet 18.
   230  5.1089e-06  4.1419e-08  3.8354e-08  2.8882e-08  1:27:59 3270

 Reversed flow on 32 faces (14.5% area) of pressure-outlet 19.

 Reversed flow on 183 faces (37.4% area) of pressure-outlet 18.
   231  5.0781e-06  4.1209e-08  3.8276e-08  2.8738e-08  1:27:55 3269

 Reversed flow on 32 faces (14.5% area) of pressure-outlet 19.

 Reversed flow on 183 faces (37.4% area) of pressure-outlet 18.

  iter  continuity  x-velocity  y-velocity  z-velocity     time/iter
   232  5.0494e-06  4.1010e-08  3.8219e-08  2.8598e-08  1:27:54 3268

 Reversed flow on 32 faces (14.5% area) of pressure-outlet 19.

 Reversed flow on 183 faces (37.4% area) of pressure-outlet 18.
   233  5.0227e-06  4.0827e-08  3.8188e-08  2.8467e-08  1:27:53 3267

 Reversed flow on 32 faces (14.5% area) of pressure-outlet 19.

 Reversed flow on 183 faces (37.4% area) of pressure-outlet 18.
   234  4.9981e-06  4.0656e-08  3.8184e-08  2.8346e-08  1:27:53 3266

 Reversed flow on 32 faces (14.5% area) of pressure-outlet 19.

 Reversed flow on 183 faces (37.4% area) of pressure-outlet 18.
   235  4.9752e-06  4.0499e-08  3.8209e-08  2.8232e-08  1:27:53 3265

 Reversed flow on 32 faces (14.5% area) of pressure-outlet 19.

 Reversed flow on 183 faces (37.4% area) of pressure-outlet 18.
   236  4.9552e-06  4.0359e-08  3.8265e-08  2.8136e-08  1:27:52 3264

 Reversed flow on 32 faces (14.5% area) of pressure-outlet 19.

 Reversed flow on 183 faces (37.4% area) of pressure-outlet 18.
   237  4.9378e-06  4.0236e-08  3.8355e-08  2.8054e-08  1:27:48 3263

 Reversed flow on 32 faces (14.5% area) of pressure-outlet 19.

 Reversed flow on 183 faces (37.4% area) of pressure-outlet 18.
   238  4.9230e-06  4.0132e-08  3.8485e-08  2.7990e-08  1:27:47 3262

 Reversed flow on 32 faces (14.5% area) of pressure-outlet 19.

 Reversed flow on 183 faces (37.4% area) of pressure-outlet 18.
   239  4.9116e-06  4.0051e-08  3.8660e-08  2.7942e-08  1:27:44 3261

 Reversed flow on 32 faces (14.5% area) of pressure-outlet 19.

 Reversed flow on 183 faces (37.4% area) of pressure-outlet 18.
   240  4.9036e-06  3.9994e-08  3.8893e-08  2.7921e-08  1:27:43 3260

 Reversed flow on 32 faces (14.5% area) of pressure-outlet 19.

 Reversed flow on 183 faces (37.4% area) of pressure-outlet 18.
   241  4.8992e-06  3.9964e-08  3.9181e-08  2.7920e-08  1:27:41 3259

 Reversed flow on 32 faces (14.5% area) of pressure-outlet 19.

 Reversed flow on 183 faces (37.4% area) of pressure-outlet 18.
   242  4.8989e-06  3.9963e-08  3.9529e-08  2.7943e-08  1:27:38 3258

 Reversed flow on 32 faces (14.5% area) of pressure-outlet 19.

 Reversed flow on 183 faces (37.4% area) of pressure-outlet 18.

  iter  continuity  x-velocity  y-velocity  z-velocity     time/iter
   243  4.9034e-06  3.9997e-08  3.9948e-08  2.7992e-08  1:27:40 3257

 Reversed flow on 32 faces (14.5% area) of pressure-outlet 19.

 Reversed flow on 183 faces (37.4% area) of pressure-outlet 18.
   244  4.9133e-06  4.0067e-08  4.0447e-08  2.8073e-08  1:27:39 3256

 Reversed flow on 32 faces (14.5% area) of pressure-outlet 19.

 Reversed flow on 183 faces (37.4% area) of pressure-outlet 18.
   245  4.9297e-06  4.0188e-08  4.1042e-08  2.8191e-08  1:27:37 3255

 Reversed flow on 32 faces (14.5% area) of pressure-outlet 19.

 Reversed flow on 183 faces (37.4% area) of pressure-outlet 18.
   246  4.9530e-06  4.0352e-08  4.1820e-08  2.8343e-08  1:27:34 3254

 Reversed flow on 32 faces (14.5% area) of pressure-outlet 19.

 Reversed flow on 183 faces (37.4% area) of pressure-outlet 18.
   247  4.9848e-06  4.0577e-08  4.2731e-08  2.8554e-08  1:27:33 3253

 Reversed flow on 32 faces (14.5% area) of pressure-outlet 19.

 Reversed flow on 183 faces (37.4% area) of pressure-outlet 18.
   248  5.0267e-06  4.0878e-08  4.3778e-08  2.8829e-08  1:27:31 3252

 Reversed flow on 32 faces (14.5% area) of pressure-outlet 19.

 Reversed flow on 183 faces (37.4% area) of pressure-outlet 18.
   249  5.0797e-06  4.1261e-08  4.4984e-08  2.9170e-08  1:27:28 3251

 Reversed flow on 32 faces (14.5% area) of pressure-outlet 19.

 Reversed flow on 183 faces (37.4% area) of pressure-outlet 18.
   250  5.1444e-06  4.1733e-08  4.6372e-08  2.9588e-08  1:27:27 3250

 Reversed flow on 32 faces (14.5% area) of pressure-outlet 19.

 Reversed flow on 183 faces (37.4% area) of pressure-outlet 18.
   251  5.2123e-06  4.2305e-08  4.8013e-08  3.0089e-08  1:27:26 3249

 Reversed flow on 32 faces (14.5% area) of pressure-outlet 19.

 Reversed flow on 183 faces (37.4% area) of pressure-outlet 18.
   252  5.2774e-06  4.2923e-08  4.9351e-08  3.0637e-08  1:27:24 3248

 Reversed flow on 32 faces (14.5% area) of pressure-outlet 19.

 Reversed flow on 183 faces (37.4% area) of pressure-outlet 18.
   253  5.3206e-06  4.3428e-08  4.9788e-08  3.0985e-08  1:27:23 3247

 Reversed flow on 32 faces (14.5% area) of pressure-outlet 19.

 Reversed flow on 183 faces (37.4% area) of pressure-outlet 18.

  iter  continuity  x-velocity  y-velocity  z-velocity     time/iter
   254  5.3313e-06  4.3725e-08  4.9536e-08  3.1122e-08  1:27:24 3246

 Reversed flow on 32 faces (14.5% area) of pressure-outlet 19.

 Reversed flow on 183 faces (37.4% area) of pressure-outlet 18.
   255  5.3093e-06  4.3764e-08  4.9135e-08  3.1019e-08  1:27:22 3245

 Reversed flow on 32 faces (14.5% area) of pressure-outlet 19.

 Reversed flow on 183 faces (37.4% area) of pressure-outlet 18.
   256  5.2714e-06  4.3549e-08  4.8508e-08  3.0765e-08  1:27:19 3244

 Reversed flow on 32 faces (14.5% area) of pressure-outlet 19.

 Reversed flow on 183 faces (37.4% area) of pressure-outlet 18.
   257  5.2190e-06  4.3117e-08  4.7685e-08  3.0394e-08  1:27:17 3243

 Reversed flow on 32 faces (14.5% area) of pressure-outlet 19.

 Reversed flow on 183 faces (37.4% area) of pressure-outlet 18.
   258  5.1537e-06  4.2513e-08  4.6735e-08  2.9943e-08  1:27:14 3242

 Reversed flow on 32 faces (14.5% area) of pressure-outlet 19.

 Reversed flow on 183 faces (37.4% area) of pressure-outlet 18.
   259  5.0824e-06  4.1811e-08  4.5698e-08  2.9462e-08  1:27:11 3241

 Reversed flow on 32 faces (14.5% area) of pressure-outlet 19.

 Reversed flow on 183 faces (37.4% area) of pressure-outlet 18.
   260  5.0069e-06  4.1086e-08  4.4681e-08  2.8947e-08  1:27:10 3240

 Reversed flow on 32 faces (14.5% area) of pressure-outlet 19.

 Reversed flow on 183 faces (37.4% area) of pressure-outlet 18.
   261  4.9286e-06  4.0381e-08  4.3661e-08  2.8437e-08  1:27:11 3239

 Reversed flow on 32 faces (14.5% area) of pressure-outlet 19.

 Reversed flow on 183 faces (37.4% area) of pressure-outlet 18.
   262  4.8503e-06  3.9709e-08  4.2621e-08  2.7949e-08  1:27:08 3238

 Reversed flow on 32 faces (14.5% area) of pressure-outlet 19.

 Reversed flow on 183 faces (37.4% area) of pressure-outlet 18.
   263  4.7706e-06  3.9097e-08  4.1523e-08  2.7452e-08  1:27:06 3237

 Reversed flow on 32 faces (14.5% area) of pressure-outlet 19.

 Reversed flow on 183 faces (37.4% area) of pressure-outlet 18.
   264  4.6869e-06  3.8640e-08  4.0456e-08  2.7023e-08  1:27:06 3236

 Reversed flow on 32 faces (14.5% area) of pressure-outlet 19.

 Reversed flow on 183 faces (37.4% area) of pressure-outlet 18.

  iter  continuity  x-velocity  y-velocity  z-velocity     time/iter
   265  4.6122e-06  3.8358e-08  3.9544e-08  2.6957e-08  1:27:03 3235

 Reversed flow on 32 faces (14.5% area) of pressure-outlet 19.

 Reversed flow on 183 faces (37.4% area) of pressure-outlet 18.
   266  4.5455e-06  3.7996e-08  3.8623e-08  2.6819e-08  1:27:02 3234

 Reversed flow on 32 faces (14.5% area) of pressure-outlet 19.

 Reversed flow on 183 faces (37.4% area) of pressure-outlet 18.
   267  4.4800e-06  3.7589e-08  3.7688e-08  2.6576e-08  1:27:00 3233

 Reversed flow on 32 faces (14.5% area) of pressure-outlet 19.

 Reversed flow on 183 faces (37.4% area) of pressure-outlet 18.
   268  4.4154e-06  3.7137e-08  3.6713e-08  2.6234e-08  1:30:40 3232

 Reversed flow on 32 faces (14.5% area) of pressure-outlet 19.

 Reversed flow on 183 faces (37.4% area) of pressure-outlet 18.
   269  4.3490e-06  3.6645e-08  3.5691e-08  2.5828e-08  1:29:55 3231

 Reversed flow on 32 faces (14.5% area) of pressure-outlet 19.

 Reversed flow on 183 faces (37.4% area) of pressure-outlet 18.
   270  4.2811e-06  3.6125e-08  3.4671e-08  2.5363e-08  1:29:17 3230

 Reversed flow on 32 faces (14.5% area) of pressure-outlet 19.

 Reversed flow on 183 faces (37.4% area) of pressure-outlet 18.
   271  4.2088e-06  3.5585e-08  3.3650e-08  2.4845e-08  1:28:50 3229

 Reversed flow on 32 faces (14.5% area) of pressure-outlet 19.

 Reversed flow on 183 faces (37.4% area) of pressure-outlet 18.
   272  4.1324e-06  3.5021e-08  3.2623e-08  2.4299e-08  1:28:28 3228

 Reversed flow on 32 faces (14.5% area) of pressure-outlet 19.

 Reversed flow on 183 faces (37.4% area) of pressure-outlet 18.
   273  4.0552e-06  3.4443e-08  3.1607e-08  2.3730e-08  1:28:10 3227

 Reversed flow on 32 faces (14.5% area) of pressure-outlet 19.

 Reversed flow on 183 faces (37.4% area) of pressure-outlet 18.
   274  3.9792e-06  3.3860e-08  3.0604e-08  2.3162e-08  1:27:51 3226

 Reversed flow on 32 faces (14.5% area) of pressure-outlet 19.

 Reversed flow on 183 faces (37.4% area) of pressure-outlet 18.
   275  3.9026e-06  3.3281e-08  2.9637e-08  2.2598e-08  1:27:37 3225

 Reversed flow on 32 faces (14.5% area) of pressure-outlet 19.

 Reversed flow on 183 faces (37.4% area) of pressure-outlet 18.

  iter  continuity  x-velocity  y-velocity  z-velocity     time/iter
   276  3.8286e-06  3.2709e-08  2.8704e-08  2.2044e-08  1:27:25 3224

 Reversed flow on 32 faces (14.5% area) of pressure-outlet 19.

 Reversed flow on 183 faces (37.4% area) of pressure-outlet 18.
   277  3.7561e-06  3.2141e-08  2.7807e-08  2.1505e-08  1:27:38 3223

 Reversed flow on 32 faces (14.5% area) of pressure-outlet 19.

 Reversed flow on 183 faces (37.4% area) of pressure-outlet 18.
   278  3.6852e-06  3.1577e-08  2.6953e-08  2.0987e-08  1:27:27 3222

 Reversed flow on 32 faces (14.5% area) of pressure-outlet 19.

 Reversed flow on 183 faces (37.4% area) of pressure-outlet 18.
   279  3.6163e-06  3.1030e-08  2.6149e-08  2.0492e-08  1:27:16 3221

 Reversed flow on 32 faces (14.5% area) of pressure-outlet 19.

 Reversed flow on 183 faces (37.4% area) of pressure-outlet 18.
   280  3.5499e-06  3.0504e-08  2.5397e-08  2.0024e-08  1:27:07 3220

 Reversed flow on 32 faces (14.5% area) of pressure-outlet 19.

 Reversed flow on 183 faces (37.4% area) of pressure-outlet 18.
   281  3.4868e-06  3.0002e-08  2.4689e-08  1.9581e-08  1:27:00 3219

 Reversed flow on 32 faces (14.5% area) of pressure-outlet 19.

 Reversed flow on 183 faces (37.4% area) of pressure-outlet 18.
   282  3.4269e-06  2.9529e-08  2.4028e-08  1.9164e-08  1:26:54 3218

 Reversed flow on 32 faces (14.5% area) of pressure-outlet 19.

 Reversed flow on 183 faces (37.4% area) of pressure-outlet 18.
   283  3.3707e-06  2.9084e-08  2.3411e-08  1.8777e-08  1:26:48 3217

 Reversed flow on 32 faces (14.5% area) of pressure-outlet 19.

 Reversed flow on 183 faces (37.4% area) of pressure-outlet 18.
   284  3.3189e-06  2.8666e-08  2.2836e-08  1.8419e-08  1:26:45 3216

 Reversed flow on 32 faces (14.5% area) of pressure-outlet 19.

 Reversed flow on 183 faces (37.4% area) of pressure-outlet 18.
   285  3.2709e-06  2.8285e-08  2.2325e-08  1.8086e-08  1:26:41 3215

 Reversed flow on 32 faces (14.5% area) of pressure-outlet 19.

 Reversed flow on 183 faces (37.4% area) of pressure-outlet 18.
   286  3.2265e-06  2.7940e-08  2.1901e-08  1.7782e-08  1:26:37 3214

 Reversed flow on 32 faces (14.5% area) of pressure-outlet 19.

 Reversed flow on 183 faces (37.4% area) of pressure-outlet 18.

  iter  continuity  x-velocity  y-velocity  z-velocity     time/iter
   287  3.1861e-06  2.7623e-08  2.1508e-08  1.7507e-08  1:26:34 3213

 Reversed flow on 32 faces (14.5% area) of pressure-outlet 19.

 Reversed flow on 183 faces (37.4% area) of pressure-outlet 18.
   288  3.1491e-06  2.7329e-08  2.1162e-08  1.7262e-08  1:26:32 3212

 Reversed flow on 32 faces (14.5% area) of pressure-outlet 19.

 Reversed flow on 183 faces (37.4% area) of pressure-outlet 18.
   289  3.1154e-06  2.7060e-08  2.0852e-08  1.7049e-08  1:26:30 3211

 Reversed flow on 32 faces (14.5% area) of pressure-outlet 19.

 Reversed flow on 183 faces (37.4% area) of pressure-outlet 18.
   290  3.0851e-06  2.6819e-08  2.0571e-08  1.6859e-08  1:26:40 3210

 Reversed flow on 32 faces (14.5% area) of pressure-outlet 19.

 Reversed flow on 183 faces (37.4% area) of pressure-outlet 18.
   291  3.0574e-06  2.6600e-08  2.0313e-08  1.6693e-08  1:26:33 3209

 Reversed flow on 32 faces (14.5% area) of pressure-outlet 19.

 Reversed flow on 183 faces (37.4% area) of pressure-outlet 18.
   292  3.0322e-06  2.6403e-08  2.0081e-08  1.6544e-08  1:26:30 3208

 Reversed flow on 32 faces (14.5% area) of pressure-outlet 19.

 Reversed flow on 183 faces (37.4% area) of pressure-outlet 18.
   293  3.0092e-06  2.6221e-08  1.9864e-08  1.6408e-08  1:26:37 3207

 Reversed flow on 32 faces (14.5% area) of pressure-outlet 19.

 Reversed flow on 183 faces (37.4% area) of pressure-outlet 18.
   294  2.9883e-06  2.6056e-08  1.9660e-08  1.6284e-08  1:26:32 3206

 Reversed flow on 32 faces (14.5% area) of pressure-outlet 19.

 Reversed flow on 183 faces (37.4% area) of pressure-outlet 18.
   295  2.9696e-06  2.5905e-08  1.9466e-08  1.6173e-08  1:26:25 3205

 Reversed flow on 32 faces (14.5% area) of pressure-outlet 19.

 Reversed flow on 183 faces (37.4% area) of pressure-outlet 18.
   296  2.9530e-06  2.5767e-08  1.9283e-08  1.6073e-08  1:26:20 3204

 Reversed flow on 32 faces (14.5% area) of pressure-outlet 19.

 Reversed flow on 183 faces (37.4% area) of pressure-outlet 18.
   297  2.9381e-06  2.5642e-08  1.9114e-08  1.5985e-08  1:26:15 3203

 Reversed flow on 32 faces (14.5% area) of pressure-outlet 19.

 Reversed flow on 183 faces (37.4% area) of pressure-outlet 18.

  iter  continuity  x-velocity  y-velocity  z-velocity     time/iter
   298  2.9250e-06  2.5529e-08  1.8955e-08  1.5907e-08  1:26:12 3202

 Reversed flow on 32 faces (14.5% area) of pressure-outlet 19.

 Reversed flow on 183 faces (37.4% area) of pressure-outlet 18.
   299  2.9136e-06  2.5427e-08  1.8807e-08  1.5843e-08  1:26:09 3201

 Reversed flow on 32 faces (14.5% area) of pressure-outlet 19.

 Reversed flow on 183 faces (37.4% area) of pressure-outlet 18.
   300  2.9035e-06  2.5336e-08  1.8669e-08  1.5790e-08  1:26:06 3200

 Reversed flow on 32 faces (14.5% area) of pressure-outlet 19.

 Reversed flow on 183 faces (37.4% area) of pressure-outlet 18.
   301  2.8948e-06  2.5254e-08  1.8539e-08  1.5743e-08  1:26:02 3199

 Reversed flow on 32 faces (14.5% area) of pressure-outlet 19.

 Reversed flow on 183 faces (37.4% area) of pressure-outlet 18.
   302  2.8873e-06  2.5181e-08  1.8417e-08  1.5702e-08  1:25:59 3198

 Reversed flow on 32 faces (14.5% area) of pressure-outlet 19.

 Reversed flow on 183 faces (37.4% area) of pressure-outlet 18.
   303  2.8808e-06  2.5119e-08  1.8306e-08  1.5666e-08  1:25:56 3197

 Reversed flow on 32 faces (14.5% area) of pressure-outlet 19.

 Reversed flow on 183 faces (37.4% area) of pressure-outlet 18.
   304  2.8761e-06  2.5070e-08  1.8208e-08  1.5640e-08  1:25:56 3196

 Reversed flow on 32 faces (14.5% area) of pressure-outlet 19.

 Reversed flow on 183 faces (37.4% area) of pressure-outlet 18.
   305  2.8724e-06  2.5029e-08  1.8115e-08  1.5616e-08  1:25:55 3195

 Reversed flow on 32 faces (14.5% area) of pressure-outlet 19.

 Reversed flow on 183 faces (37.4% area) of pressure-outlet 18.
   306  2.8695e-06  2.4996e-08  1.8025e-08  1.5596e-08  1:25:52 3194

 Reversed flow on 32 faces (14.5% area) of pressure-outlet 19.

 Reversed flow on 183 faces (37.4% area) of pressure-outlet 18.
   307  2.8674e-06  2.4971e-08  1.7940e-08  1.5582e-08  1:25:52 3193

 Reversed flow on 32 faces (14.5% area) of pressure-outlet 19.

 Reversed flow on 183 faces (37.4% area) of pressure-outlet 18.
   308  2.8662e-06  2.4953e-08  1.7864e-08  1.5571e-08  1:25:49 3192

 Reversed flow on 32 faces (14.5% area) of pressure-outlet 19.

 Reversed flow on 183 faces (37.4% area) of pressure-outlet 18.

  iter  continuity  x-velocity  y-velocity  z-velocity     time/iter
   309  2.8659e-06  2.4943e-08  1.7796e-08  1.5565e-08  1:25:49 3191

 Reversed flow on 32 faces (14.5% area) of pressure-outlet 19.

 Reversed flow on 183 faces (37.4% area) of pressure-outlet 18.
   310  2.8653e-06  2.4938e-08  1.7724e-08  1.5539e-08  1:25:48 3190

 Reversed flow on 32 faces (14.5% area) of pressure-outlet 19.

 Reversed flow on 183 faces (37.4% area) of pressure-outlet 18.
   311  2.8650e-06  2.4935e-08  1.7654e-08  1.5501e-08  1:25:46 3189

 Reversed flow on 32 faces (14.5% area) of pressure-outlet 19.

 Reversed flow on 183 faces (37.4% area) of pressure-outlet 18.
   312  2.8657e-06  2.4938e-08  1.7591e-08  1.5484e-08  1:25:44 3188

 Reversed flow on 32 faces (14.5% area) of pressure-outlet 19.

 Reversed flow on 184 faces (37.6% area) of pressure-outlet 18.
   313  3.3387e-06  2.6856e-08  2.0019e-08  1.6574e-08  1:27:10 3187

 Reversed flow on 32 faces (14.5% area) of pressure-outlet 19.

 Reversed flow on 184 faces (37.6% area) of pressure-outlet 18.
   314  3.4650e-06  2.6962e-08  2.0593e-08  1.6869e-08  1:26:53 3186

 Reversed flow on 32 faces (14.5% area) of pressure-outlet 19.

 Reversed flow on 184 faces (37.6% area) of pressure-outlet 18.
   315  3.5268e-06  2.7245e-08  2.0966e-08  1.7281e-08  1:26:36 3185

 Reversed flow on 32 faces (14.5% area) of pressure-outlet 19.

 Reversed flow on 184 faces (37.6% area) of pressure-outlet 18.
   316  3.5075e-06  2.7025e-08  2.0510e-08  1.7292e-08  1:26:22 3184

 Reversed flow on 32 faces (14.5% area) of pressure-outlet 19.

 Reversed flow on 184 faces (37.6% area) of pressure-outlet 18.
   317  3.4264e-06  2.6701e-08  1.9821e-08  1.7108e-08  1:26:13 3183

 Reversed flow on 32 faces (14.5% area) of pressure-outlet 19.

 Reversed flow on 184 faces (37.6% area) of pressure-outlet 18.
   318  3.3219e-06  2.6425e-08  1.9227e-08  1.6872e-08  1:26:19 3182

 Reversed flow on 32 faces (14.5% area) of pressure-outlet 19.

 Reversed flow on 184 faces (37.6% area) of pressure-outlet 18.
   319  3.2280e-06  2.6201e-08  1.8773e-08  1.6647e-08  1:26:09 3181

 Reversed flow on 32 faces (14.5% area) of pressure-outlet 19.

 Reversed flow on 184 faces (37.6% area) of pressure-outlet 18.

  iter  continuity  x-velocity  y-velocity  z-velocity     time/iter
   320  3.1539e-06  2.6045e-08  1.8434e-08  1.6466e-08  1:26:00 3180

 Reversed flow on 32 faces (14.5% area) of pressure-outlet 19.

 Reversed flow on 184 faces (37.6% area) of pressure-outlet 18.
   321  3.1006e-06  2.5939e-08  1.8187e-08  1.6339e-08  1:25:53 3179

 Reversed flow on 32 faces (14.5% area) of pressure-outlet 19.

 Reversed flow on 184 faces (37.6% area) of pressure-outlet 18.
   322  3.0653e-06  2.5880e-08  1.8006e-08  1.6252e-08  1:25:45 3178

 Reversed flow on 32 faces (14.5% area) of pressure-outlet 19.

 Reversed flow on 184 faces (37.6% area) of pressure-outlet 18.
   323  3.0434e-06  2.5863e-08  1.7874e-08  1.6197e-08  1:25:38 3177

 Reversed flow on 32 faces (14.5% area) of pressure-outlet 19.

 Reversed flow on 184 faces (37.6% area) of pressure-outlet 18.
   324  3.0299e-06  2.5879e-08  1.7778e-08  1.6163e-08  1:25:34 3176

 Reversed flow on 32 faces (14.5% area) of pressure-outlet 19.

 Reversed flow on 184 faces (37.6% area) of pressure-outlet 18.
   325  3.0232e-06  2.5927e-08  1.7717e-08  1.6151e-08  1:25:30 3175

 Reversed flow on 32 faces (14.5% area) of pressure-outlet 19.

 Reversed flow on 184 faces (37.6% area) of pressure-outlet 18.
   326  3.0215e-06  2.5994e-08  1.7678e-08  1.6161e-08  1:25:26 3174

 Reversed flow on 32 faces (14.5% area) of pressure-outlet 19.

 Reversed flow on 184 faces (37.6% area) of pressure-outlet 18.
   327  3.0234e-06  2.6080e-08  1.7660e-08  1.6187e-08  1:25:22 3173

 Reversed flow on 32 faces (14.5% area) of pressure-outlet 19.

 Reversed flow on 184 faces (37.6% area) of pressure-outlet 18.
   328  3.0284e-06  2.6184e-08  1.7659e-08  1.6224e-08  1:25:20 3172

 Reversed flow on 32 faces (14.5% area) of pressure-outlet 19.

 Reversed flow on 184 faces (37.6% area) of pressure-outlet 18.
   329  3.0361e-06  2.6303e-08  1.7675e-08  1.6272e-08  1:25:18 3171

 Reversed flow on 32 faces (14.5% area) of pressure-outlet 19.

 Reversed flow on 184 faces (37.6% area) of pressure-outlet 18.
   330  3.0464e-06  2.6437e-08  1.7703e-08  1.6334e-08  1:25:15 3170

 Reversed flow on 32 faces (14.5% area) of pressure-outlet 19.

 Reversed flow on 184 faces (37.6% area) of pressure-outlet 18.

  iter  continuity  x-velocity  y-velocity  z-velocity     time/iter
   331  3.0588e-06  2.6588e-08  1.7742e-08  1.6403e-08  1:25:13 3169

 Reversed flow on 32 faces (14.5% area) of pressure-outlet 19.

 Reversed flow on 184 faces (37.6% area) of pressure-outlet 18.
   332  3.0699e-06  2.6752e-08  1.7791e-08  1.6471e-08  1:25:12 3168

 Reversed flow on 32 faces (14.5% area) of pressure-outlet 19.

 Reversed flow on 184 faces (37.6% area) of pressure-outlet 18.
   333  3.0806e-06  2.6929e-08  1.7851e-08  1.6541e-08  1:25:11 3167

 Reversed flow on 32 faces (14.5% area) of pressure-outlet 19.

 Reversed flow on 184 faces (37.6% area) of pressure-outlet 18.
   334  3.0943e-06  2.7113e-08  1.7914e-08  1.6622e-08  1:25:10 3166

 Reversed flow on 32 faces (14.5% area) of pressure-outlet 19.

 Reversed flow on 184 faces (37.6% area) of pressure-outlet 18.
   335  3.1101e-06  2.7303e-08  1.7981e-08  1.6708e-08  1:25:09 3165

 Reversed flow on 32 faces (14.5% area) of pressure-outlet 19.

 Reversed flow on 184 faces (37.6% area) of pressure-outlet 18.
   336  3.1276e-06  2.7503e-08  1.8053e-08  1.6802e-08  1:25:07 3164

 Reversed flow on 32 faces (14.5% area) of pressure-outlet 19.

 Reversed flow on 184 faces (37.6% area) of pressure-outlet 18.
   337  3.1465e-06  2.7713e-08  1.8132e-08  1.6904e-08  1:25:05 3163

 Reversed flow on 32 faces (14.5% area) of pressure-outlet 19.

 Reversed flow on 184 faces (37.6% area) of pressure-outlet 18.
   338  3.1668e-06  2.7932e-08  1.8215e-08  1.7012e-08  1:25:04 3162

 Reversed flow on 32 faces (14.5% area) of pressure-outlet 19.

 Reversed flow on 184 faces (37.6% area) of pressure-outlet 18.
   339  3.1881e-06  2.8160e-08  1.8303e-08  1.7125e-08  1:25:01 3161

 Reversed flow on 32 faces (14.5% area) of pressure-outlet 19.

 Reversed flow on 184 faces (37.6% area) of pressure-outlet 18.
   340  3.2100e-06  2.8396e-08  1.8397e-08  1.7242e-08  1:25:21 3160

 Reversed flow on 32 faces (14.5% area) of pressure-outlet 19.

 Reversed flow on 184 faces (37.6% area) of pressure-outlet 18.
   341  3.2335e-06  2.8641e-08  1.8495e-08  1.7363e-08  1:25:14 3159

 Reversed flow on 32 faces (14.5% area) of pressure-outlet 19.

 Reversed flow on 184 faces (37.6% area) of pressure-outlet 18.

  iter  continuity  x-velocity  y-velocity  z-velocity     time/iter
   342  3.2576e-06  2.8896e-08  1.8597e-08  1.7490e-08  1:25:09 3158

 Reversed flow on 32 faces (14.5% area) of pressure-outlet 19.

 Reversed flow on 184 faces (37.6% area) of pressure-outlet 18.
   343  3.2825e-06  2.9159e-08  1.8702e-08  1.7621e-08  1:25:03 3157

 Reversed flow on 32 faces (14.5% area) of pressure-outlet 19.

 Reversed flow on 184 faces (37.6% area) of pressure-outlet 18.
   344  3.3083e-06  2.9431e-08  1.8812e-08  1.7756e-08  1:24:59 3156

 Reversed flow on 32 faces (14.5% area) of pressure-outlet 19.

 Reversed flow on 184 faces (37.6% area) of pressure-outlet 18.
   345  3.3353e-06  2.9711e-08  1.8927e-08  1.7896e-08  1:24:56 3155

 Reversed flow on 32 faces (14.5% area) of pressure-outlet 19.

 Reversed flow on 184 faces (37.6% area) of pressure-outlet 18.
   346  3.3630e-06  2.9999e-08  1.9045e-08  1.8040e-08  1:24:54 3154

 Reversed flow on 32 faces (14.5% area) of pressure-outlet 19.

 Reversed flow on 184 faces (37.6% area) of pressure-outlet 18.
   347  3.3916e-06  3.0297e-08  1.9164e-08  1.8189e-08  1:24:52 3153

 Reversed flow on 32 faces (14.5% area) of pressure-outlet 19.

 Reversed flow on 184 faces (37.6% area) of pressure-outlet 18.
   348  3.4203e-06  3.0605e-08  1.9284e-08  1.8342e-08  1:24:49 3152

 Reversed flow on 32 faces (14.5% area) of pressure-outlet 19.

 Reversed flow on 184 faces (37.6% area) of pressure-outlet 18.
   349  3.4499e-06  3.0923e-08  1.9410e-08  1.8501e-08  1:24:45 3151

 Reversed flow on 32 faces (14.5% area) of pressure-outlet 19.

 Reversed flow on 184 faces (37.6% area) of pressure-outlet 18.
   350  3.4801e-06  3.1252e-08  1.9542e-08  1.8680e-08  1:24:44 3150

 Reversed flow on 32 faces (14.5% area) of pressure-outlet 19.

 Reversed flow on 184 faces (37.6% area) of pressure-outlet 18.
   351  3.5099e-06  3.1591e-08  1.9680e-08  1.8887e-08  1:24:42 3149

 Reversed flow on 32 faces (14.5% area) of pressure-outlet 19.

 Reversed flow on 184 faces (37.6% area) of pressure-outlet 18.
   352  3.5434e-06  3.1933e-08  1.9817e-08  1.9130e-08  1:24:41 3148

 Reversed flow on 32 faces (14.5% area) of pressure-outlet 19.

 Reversed flow on 184 faces (37.6% area) of pressure-outlet 18.

  iter  continuity  x-velocity  y-velocity  z-velocity     time/iter
   353  3.5788e-06  3.2278e-08  1.9954e-08  1.9377e-08  1:24:40 3147

 Reversed flow on 32 faces (14.5% area) of pressure-outlet 19.

 Reversed flow on 184 faces (37.6% area) of pressure-outlet 18.
   354  3.6144e-06  3.2621e-08  2.0087e-08  1.9618e-08  1:24:40 3146

 Reversed flow on 32 faces (14.5% area) of pressure-outlet 19.

 Reversed flow on 184 faces (37.6% area) of pressure-outlet 18.
   355  3.6494e-06  3.2897e-08  2.0222e-08  1.9851e-08  1:24:39 3145

 Reversed flow on 32 faces (14.5% area) of pressure-outlet 19.

 Reversed flow on 184 faces (37.6% area) of pressure-outlet 18.
   356  3.6826e-06  3.3131e-08  2.0360e-08  2.0072e-08  1:24:35 3144

 Reversed flow on 32 faces (14.5% area) of pressure-outlet 19.

 Reversed flow on 184 faces (37.6% area) of pressure-outlet 18.
   357  3.7132e-06  3.3343e-08  2.0496e-08  2.0273e-08  1:24:33 3143

 Reversed flow on 32 faces (14.5% area) of pressure-outlet 19.

 Reversed flow on 184 faces (37.6% area) of pressure-outlet 18.
   358  3.7408e-06  3.3535e-08  2.0620e-08  2.0451e-08  1:24:31 3142

 Reversed flow on 32 faces (14.5% area) of pressure-outlet 19.

 Reversed flow on 184 faces (37.6% area) of pressure-outlet 18.
   359  3.7649e-06  3.3705e-08  2.0734e-08  2.0605e-08  1:24:28 3141

 Reversed flow on 32 faces (14.5% area) of pressure-outlet 19.

 Reversed flow on 184 faces (37.6% area) of pressure-outlet 18.
   360  3.7855e-06  3.3853e-08  2.0836e-08  2.0738e-08  1:24:25 3140

 Reversed flow on 32 faces (14.5% area) of pressure-outlet 19.

 Reversed flow on 184 faces (37.6% area) of pressure-outlet 18.
   361  3.8029e-06  3.3971e-08  2.0922e-08  2.0849e-08  1:24:24 3139

 Reversed flow on 32 faces (14.5% area) of pressure-outlet 19.

 Reversed flow on 184 faces (37.6% area) of pressure-outlet 18.
   362  3.8174e-06  3.4067e-08  2.0995e-08  2.0939e-08  1:24:23 3138

 Reversed flow on 32 faces (14.5% area) of pressure-outlet 19.

 Reversed flow on 184 faces (37.6% area) of pressure-outlet 18.
   363  3.8289e-06  3.4139e-08  2.1054e-08  2.1015e-08  1:24:22 3137

 Reversed flow on 32 faces (14.5% area) of pressure-outlet 19.

 Reversed flow on 184 faces (37.6% area) of pressure-outlet 18.

  iter  continuity  x-velocity  y-velocity  z-velocity     time/iter
   364  3.8379e-06  3.4185e-08  2.1103e-08  2.1075e-08  1:24:20 3136

 Reversed flow on 32 faces (14.5% area) of pressure-outlet 19.

 Reversed flow on 184 faces (37.6% area) of pressure-outlet 18.
   365  3.8449e-06  3.4206e-08  2.1141e-08  2.1121e-08  1:24:18 3135

 Reversed flow on 32 faces (14.5% area) of pressure-outlet 19.

 Reversed flow on 184 faces (37.6% area) of pressure-outlet 18.
   366  3.8496e-06  3.4205e-08  2.1166e-08  2.1155e-08  1:24:14 3134

 Reversed flow on 32 faces (14.5% area) of pressure-outlet 19.

 Reversed flow on 184 faces (37.6% area) of pressure-outlet 18.
   367  3.8519e-06  3.4183e-08  2.1179e-08  2.1179e-08  1:24:15 3133

 Reversed flow on 32 faces (14.5% area) of pressure-outlet 19.

 Reversed flow on 184 faces (37.6% area) of pressure-outlet 18.
   368  3.8516e-06  3.4141e-08  2.1178e-08  2.1192e-08  1:24:14 3132

 Reversed flow on 32 faces (14.5% area) of pressure-outlet 19.

 Reversed flow on 184 faces (37.6% area) of pressure-outlet 18.
   369  3.8508e-06  3.4084e-08  2.1172e-08  2.1200e-08  1:24:14 3131

 Reversed flow on 32 faces (14.5% area) of pressure-outlet 19.

 Reversed flow on 184 faces (37.6% area) of pressure-outlet 18.
   370  3.8480e-06  3.4006e-08  2.1152e-08  2.1194e-08  1:24:13 3130

 Reversed flow on 32 faces (14.5% area) of pressure-outlet 19.

 Reversed flow on 184 faces (37.6% area) of pressure-outlet 18.
   371  3.8433e-06  3.3921e-08  2.1125e-08  2.1181e-08  1:24:11 3129

 Reversed flow on 32 faces (14.5% area) of pressure-outlet 19.

 Reversed flow on 184 faces (37.6% area) of pressure-outlet 18.
   372  3.8372e-06  3.3822e-08  2.1091e-08  2.1162e-08  1:24:09 3128

 Reversed flow on 32 faces (14.5% area) of pressure-outlet 19.

 Reversed flow on 184 faces (37.6% area) of pressure-outlet 18.
   373  3.8298e-06  3.3714e-08  2.1054e-08  2.1139e-08  1:24:21 3127

 Reversed flow on 32 faces (14.5% area) of pressure-outlet 19.

 Reversed flow on 184 faces (37.6% area) of pressure-outlet 18.
   374  3.8216e-06  3.3597e-08  2.1011e-08  2.1112e-08  1:24:19 3126

 Reversed flow on 32 faces (14.5% area) of pressure-outlet 19.

 Reversed flow on 184 faces (37.6% area) of pressure-outlet 18.

  iter  continuity  x-velocity  y-velocity  z-velocity     time/iter
   375  3.8128e-06  3.3473e-08  2.0966e-08  2.1083e-08  1:24:15 3125

 Reversed flow on 32 faces (14.5% area) of pressure-outlet 19.

 Reversed flow on 184 faces (37.6% area) of pressure-outlet 18.
   376  3.8034e-06  3.3345e-08  2.0917e-08  2.1051e-08  1:24:12 3124

 Reversed flow on 32 faces (14.5% area) of pressure-outlet 19.

 Reversed flow on 184 faces (37.6% area) of pressure-outlet 18.
   377  3.7935e-06  3.3213e-08  2.0866e-08  2.1018e-08  1:24:08 3123

 Reversed flow on 32 faces (14.5% area) of pressure-outlet 19.

 Reversed flow on 184 faces (37.6% area) of pressure-outlet 18.
   378  3.7834e-06  3.3080e-08  2.0813e-08  2.0985e-08  1:24:06 3122

 Reversed flow on 32 faces (14.5% area) of pressure-outlet 19.

 Reversed flow on 184 faces (37.6% area) of pressure-outlet 18.
   379  3.7732e-06  3.2947e-08  2.0760e-08  2.0952e-08  1:24:04 3121

 Reversed flow on 32 faces (14.5% area) of pressure-outlet 19.

 Reversed flow on 184 faces (37.6% area) of pressure-outlet 18.
   380  3.7630e-06  3.2816e-08  2.0705e-08  2.0921e-08  1:24:01 3120

 Reversed flow on 32 faces (14.5% area) of pressure-outlet 19.

 Reversed flow on 184 faces (37.6% area) of pressure-outlet 18.
   381  3.7528e-06  3.2688e-08  2.0652e-08  2.0891e-08  1:23:59 3119

 Reversed flow on 32 faces (14.5% area) of pressure-outlet 19.

 Reversed flow on 184 faces (37.6% area) of pressure-outlet 18.
   382  3.7431e-06  3.2563e-08  2.0602e-08  2.0865e-08  1:23:54 3118

 Reversed flow on 32 faces (14.5% area) of pressure-outlet 19.

 Reversed flow on 184 faces (37.6% area) of pressure-outlet 18.
   383  3.7336e-06  3.2443e-08  2.0555e-08  2.0840e-08  1:23:54 3117

 Reversed flow on 32 faces (14.5% area) of pressure-outlet 19.

 Reversed flow on 184 faces (37.6% area) of pressure-outlet 18.
   384  3.7247e-06  3.2327e-08  2.0510e-08  2.0818e-08  1:23:52 3116

 Reversed flow on 32 faces (14.5% area) of pressure-outlet 19.

 Reversed flow on 184 faces (37.6% area) of pressure-outlet 18.
   385  3.7162e-06  3.2216e-08  2.0468e-08  2.0798e-08  1:23:48 3115

 Reversed flow on 32 faces (14.5% area) of pressure-outlet 19.

 Reversed flow on 184 faces (37.6% area) of pressure-outlet 18.

  iter  continuity  x-velocity  y-velocity  z-velocity     time/iter
   386  3.7083e-06  3.2110e-08  2.0432e-08  2.0782e-08  1:23:45 3114

 Reversed flow on 32 faces (14.5% area) of pressure-outlet 19.

 Reversed flow on 184 faces (37.6% area) of pressure-outlet 18.
   387  3.7009e-06  3.2009e-08  2.0400e-08  2.0770e-08  1:23:41 3113

 Reversed flow on 32 faces (14.5% area) of pressure-outlet 19.

 Reversed flow on 184 faces (37.6% area) of pressure-outlet 18.
   388  3.6940e-06  3.1912e-08  2.0373e-08  2.0755e-08  1:23:37 3112

 Reversed flow on 32 faces (14.5% area) of pressure-outlet 19.

 Reversed flow on 184 faces (37.6% area) of pressure-outlet 18.
   389  3.6875e-06  3.1819e-08  2.0349e-08  2.0747e-08  1:23:35 3111

 Reversed flow on 32 faces (14.5% area) of pressure-outlet 19.

 Reversed flow on 184 faces (37.6% area) of pressure-outlet 18.
   390  3.6818e-06  3.1730e-08  2.0328e-08  2.0742e-08  1:23:35 3110

 Reversed flow on 32 faces (14.5% area) of pressure-outlet 19.

 Reversed flow on 184 faces (37.6% area) of pressure-outlet 18.
   391  3.6779e-06  3.1657e-08  2.0318e-08  2.0745e-08  1:23:35 3109

 Reversed flow on 32 faces (14.5% area) of pressure-outlet 19.

 Reversed flow on 184 faces (37.6% area) of pressure-outlet 18.
   392  3.6743e-06  3.1583e-08  2.0306e-08  2.0747e-08  1:23:34 3108

 Reversed flow on 32 faces (14.5% area) of pressure-outlet 19.

 Reversed flow on 184 faces (37.6% area) of pressure-outlet 18.
   393  3.6707e-06  3.1511e-08  2.0295e-08  2.0752e-08  1:23:38 3107

 Reversed flow on 32 faces (14.5% area) of pressure-outlet 19.

 Reversed flow on 184 faces (37.6% area) of pressure-outlet 18.
   394  3.6673e-06  3.1446e-08  2.0285e-08  2.0761e-08  1:23:35 3106

 Reversed flow on 32 faces (14.5% area) of pressure-outlet 19.

 Reversed flow on 184 faces (37.6% area) of pressure-outlet 18.
   395  3.6644e-06  3.1387e-08  2.0278e-08  2.0773e-08  1:23:34 3105

 Reversed flow on 32 faces (14.5% area) of pressure-outlet 19.

 Reversed flow on 184 faces (37.6% area) of pressure-outlet 18.
   396  3.6621e-06  3.1335e-08  2.0275e-08  2.0790e-08  1:23:31 3104

 Reversed flow on 32 faces (14.5% area) of pressure-outlet 19.

 Reversed flow on 184 faces (37.6% area) of pressure-outlet 18.

  iter  continuity  x-velocity  y-velocity  z-velocity     time/iter
   397  3.6606e-06  3.1291e-08  2.0276e-08  2.0811e-08  1:23:29 3103

 Reversed flow on 32 faces (14.5% area) of pressure-outlet 19.

 Reversed flow on 184 faces (37.6% area) of pressure-outlet 18.
   398  3.6597e-06  3.1255e-08  2.0280e-08  2.0837e-08  1:23:26 3102

 Reversed flow on 32 faces (14.5% area) of pressure-outlet 19.

 Reversed flow on 184 faces (37.6% area) of pressure-outlet 18.
   399  3.6595e-06  3.1227e-08  2.0291e-08  2.0868e-08  1:23:24 3101

 Reversed flow on 32 faces (14.5% area) of pressure-outlet 19.

 Reversed flow on 184 faces (37.6% area) of pressure-outlet 18.
   400  3.6611e-06  3.1205e-08  2.0306e-08  2.0905e-08  1:23:23 3100

 Reversed flow on 32 faces (14.5% area) of pressure-outlet 19.

 Reversed flow on 184 faces (37.6% area) of pressure-outlet 18.
   401  3.6636e-06  3.1191e-08  2.0324e-08  2.0947e-08  1:23:23 3099

 Reversed flow on 32 faces (14.5% area) of pressure-outlet 19.

 Reversed flow on 184 faces (37.6% area) of pressure-outlet 18.
   402  3.6668e-06  3.1186e-08  2.0347e-08  2.0994e-08  1:23:20 3098

 Reversed flow on 32 faces (14.5% area) of pressure-outlet 19.

 Reversed flow on 184 faces (37.6% area) of pressure-outlet 18.
   403  3.6706e-06  3.1191e-08  2.0376e-08  2.1048e-08  1:23:18 3097

 Reversed flow on 32 faces (14.5% area) of pressure-outlet 19.

 Reversed flow on 184 faces (37.6% area) of pressure-outlet 18.
   404  3.6748e-06  3.1196e-08  2.0402e-08  2.1101e-08  1:23:17 3096

 Reversed flow on 32 faces (14.5% area) of pressure-outlet 19.

 Reversed flow on 184 faces (37.6% area) of pressure-outlet 18.
   405  3.6796e-06  3.1210e-08  2.0434e-08  2.1162e-08  1:23:15 3095

 Reversed flow on 32 faces (14.5% area) of pressure-outlet 19.

 Reversed flow on 184 faces (37.6% area) of pressure-outlet 18.
   406  3.6852e-06  3.1233e-08  2.0470e-08  2.1229e-08  1:23:18 3094

 Reversed flow on 32 faces (14.5% area) of pressure-outlet 19.

 Reversed flow on 184 faces (37.6% area) of pressure-outlet 18.
   407  3.6918e-06  3.1265e-08  2.0512e-08  2.1303e-08  1:23:15 3093

 Reversed flow on 32 faces (14.5% area) of pressure-outlet 19.

 Reversed flow on 184 faces (37.6% area) of pressure-outlet 18.

  iter  continuity  x-velocity  y-velocity  z-velocity     time/iter
   408  3.6996e-06  3.1304e-08  2.0557e-08  2.1381e-08  1:23:12 3092

 Reversed flow on 32 faces (14.5% area) of pressure-outlet 19.

 Reversed flow on 184 faces (37.6% area) of pressure-outlet 18.
   409  3.7081e-06  3.1351e-08  2.0606e-08  2.1462e-08  1:23:10 3091

 Reversed flow on 32 faces (14.5% area) of pressure-outlet 19.

 Reversed flow on 184 faces (37.6% area) of pressure-outlet 18.
   410  3.7173e-06  3.1404e-08  2.0659e-08  2.1549e-08  1:23:08 3090

 Reversed flow on 32 faces (14.5% area) of pressure-outlet 19.

 Reversed flow on 184 faces (37.6% area) of pressure-outlet 18.
   411  3.7269e-06  3.1461e-08  2.0714e-08  2.1640e-08  1:23:07 3089

 Reversed flow on 32 faces (14.5% area) of pressure-outlet 19.

 Reversed flow on 184 faces (37.6% area) of pressure-outlet 18.
   412  3.7376e-06  3.1528e-08  2.0775e-08  2.1739e-08  1:23:04 3088

 Reversed flow on 32 faces (14.5% area) of pressure-outlet 19.

 Reversed flow on 184 faces (37.6% area) of pressure-outlet 18.
   413  3.7493e-06  3.1604e-08  2.0839e-08  2.1842e-08  1:23:02 3087

 Reversed flow on 32 faces (14.5% area) of pressure-outlet 19.

 Reversed flow on 184 faces (37.6% area) of pressure-outlet 18.
   414  3.7628e-06  3.1694e-08  2.0912e-08  2.1955e-08  1:23:00 3086

 Reversed flow on 32 faces (14.5% area) of pressure-outlet 19.

 Reversed flow on 184 faces (37.6% area) of pressure-outlet 18.
   415  3.7770e-06  3.1785e-08  2.0984e-08  2.2070e-08  1:22:57 3085

 Reversed flow on 32 faces (14.5% area) of pressure-outlet 19.

 Reversed flow on 184 faces (37.6% area) of pressure-outlet 18.
   416  3.7918e-06  3.1884e-08  2.1061e-08  2.2191e-08  1:22:56 3084

 Reversed flow on 32 faces (14.5% area) of pressure-outlet 19.

 Reversed flow on 184 faces (37.6% area) of pressure-outlet 18.
   417  3.8074e-06  3.1992e-08  2.1143e-08  2.2319e-08  1:22:54 3083

 Reversed flow on 32 faces (14.5% area) of pressure-outlet 19.

 Reversed flow on 184 faces (37.6% area) of pressure-outlet 18.
   418  3.8241e-06  3.2108e-08  2.1230e-08  2.2454e-08  1:22:52 3082

 Reversed flow on 32 faces (14.5% area) of pressure-outlet 19.

 Reversed flow on 184 faces (37.6% area) of pressure-outlet 18.

  iter  continuity  x-velocity  y-velocity  z-velocity     time/iter
   419  3.8417e-06  3.2233e-08  2.1322e-08  2.2595e-08  1:22:50 3081

 Reversed flow on 32 faces (14.5% area) of pressure-outlet 19.

 Reversed flow on 184 faces (37.6% area) of pressure-outlet 18.
   420  3.8606e-06  3.2368e-08  2.1420e-08  2.2744e-08  1:22:52 3080

 Reversed flow on 32 faces (14.5% area) of pressure-outlet 19.

 Reversed flow on 184 faces (37.6% area) of pressure-outlet 18.
   421  3.8807e-06  3.2513e-08  2.1525e-08  2.2901e-08  1:22:53 3079

 Reversed flow on 32 faces (14.5% area) of pressure-outlet 19.

 Reversed flow on 184 faces (37.6% area) of pressure-outlet 18.
   422  3.9020e-06  3.2668e-08  2.1636e-08  2.3066e-08  1:22:51 3078

 Reversed flow on 32 faces (14.5% area) of pressure-outlet 19.

 Reversed flow on 184 faces (37.6% area) of pressure-outlet 18.
   423  3.9175e-06  3.2692e-08  2.1755e-08  2.3235e-08  1:22:49 3077

 Reversed flow on 32 faces (14.5% area) of pressure-outlet 19.

 Reversed flow on 184 faces (37.6% area) of pressure-outlet 18.
   424  3.9507e-06  3.2551e-08  2.1881e-08  2.3418e-08  1:22:44 3076

 Reversed flow on 32 faces (14.5% area) of pressure-outlet 19.

 Reversed flow on 184 faces (37.6% area) of pressure-outlet 18.
   425  3.9789e-06  3.2383e-08  2.1999e-08  2.3600e-08  1:22:43 3075

 Reversed flow on 32 faces (14.5% area) of pressure-outlet 19.

 Reversed flow on 184 faces (37.6% area) of pressure-outlet 18.
   426  3.9996e-06  3.2295e-08  2.2087e-08  2.3748e-08  1:22:41 3074

 Reversed flow on 32 faces (14.5% area) of pressure-outlet 19.

 Reversed flow on 184 faces (37.6% area) of pressure-outlet 18.
   427  4.0154e-06  3.2425e-08  2.2139e-08  2.3847e-08  1:26:07 3073

 Reversed flow on 32 faces (14.5% area) of pressure-outlet 19.

 Reversed flow on 184 faces (37.6% area) of pressure-outlet 18.
   428  4.0267e-06  3.2525e-08  2.2170e-08  2.3910e-08  1:25:25 3072

 Reversed flow on 32 faces (14.5% area) of pressure-outlet 19.

 Reversed flow on 184 faces (37.6% area) of pressure-outlet 18.
   429  4.0364e-06  3.2646e-08  2.2185e-08  2.3970e-08  1:24:51 3071

 Reversed flow on 32 faces (14.5% area) of pressure-outlet 19.

 Reversed flow on 184 faces (37.6% area) of pressure-outlet 18.

  iter  continuity  x-velocity  y-velocity  z-velocity     time/iter
   430  4.0438e-06  3.2705e-08  2.2164e-08  2.4024e-08  1:24:22 3070

 Reversed flow on 32 faces (14.5% area) of pressure-outlet 19.

 Reversed flow on 184 faces (37.6% area) of pressure-outlet 18.
   431  4.0466e-06  3.2733e-08  2.2105e-08  2.4049e-08  1:24:00 3069

 Reversed flow on 32 faces (14.5% area) of pressure-outlet 19.

 Reversed flow on 184 faces (37.6% area) of pressure-outlet 18.
   432  4.0459e-06  3.2709e-08  2.2008e-08  2.4059e-08  1:23:41 3068

 Reversed flow on 32 faces (14.5% area) of pressure-outlet 19.

 Reversed flow on 184 faces (37.6% area) of pressure-outlet 18.
   433  4.0323e-06  3.2567e-08  2.1867e-08  2.4048e-08  1:23:25 3067

 Reversed flow on 32 faces (14.5% area) of pressure-outlet 19.

 Reversed flow on 184 faces (37.6% area) of pressure-outlet 18.
   434  4.0218e-06  3.2419e-08  2.1678e-08  2.4011e-08  1:23:12 3066

 Reversed flow on 32 faces (14.5% area) of pressure-outlet 19.

 Reversed flow on 184 faces (37.6% area) of pressure-outlet 18.
   435  4.0096e-06  3.2217e-08  2.1454e-08  2.3982e-08  1:23:00 3065

 Reversed flow on 32 faces (14.5% area) of pressure-outlet 19.

 Reversed flow on 184 faces (37.6% area) of pressure-outlet 18.
   436  3.9933e-06  3.2005e-08  2.1209e-08  2.3943e-08  1:22:52 3064

 Reversed flow on 32 faces (14.5% area) of pressure-outlet 19.

 Reversed flow on 184 faces (37.6% area) of pressure-outlet 18.
   437  3.9757e-06  3.1817e-08  2.0957e-08  2.3892e-08  1:22:44 3063

 Reversed flow on 32 faces (14.5% area) of pressure-outlet 19.

 Reversed flow on 184 faces (37.6% area) of pressure-outlet 18.
   438  3.9583e-06  3.1638e-08  2.0719e-08  2.3837e-08  1:22:38 3062

 Reversed flow on 32 faces (14.5% area) of pressure-outlet 19.

 Reversed flow on 184 faces (37.6% area) of pressure-outlet 18.
   439  3.9416e-06  3.1483e-08  2.0500e-08  2.3794e-08  1:22:32 3061

 Reversed flow on 32 faces (14.5% area) of pressure-outlet 19.

 Reversed flow on 184 faces (37.6% area) of pressure-outlet 18.
   440  3.9282e-06  3.1366e-08  2.0321e-08  2.3760e-08  1:22:28 3060

 Reversed flow on 32 faces (14.5% area) of pressure-outlet 19.

 Reversed flow on 184 faces (37.6% area) of pressure-outlet 18.

  iter  continuity  x-velocity  y-velocity  z-velocity     time/iter
   441  3.9223e-06  3.1293e-08  2.0193e-08  2.3756e-08  1:22:24 3059

 Reversed flow on 32 faces (14.5% area) of pressure-outlet 19.

 Reversed flow on 184 faces (37.6% area) of pressure-outlet 18.
   442  3.9218e-06  3.1262e-08  2.0125e-08  2.3773e-08  1:22:20 3058

 Reversed flow on 32 faces (14.5% area) of pressure-outlet 19.

 Reversed flow on 184 faces (37.6% area) of pressure-outlet 18.
   443  3.9240e-06  3.1278e-08  2.0136e-08  2.3813e-08  1:22:17 3057

 Reversed flow on 32 faces (14.5% area) of pressure-outlet 19.

 Reversed flow on 184 faces (37.6% area) of pressure-outlet 18.
   444  3.9289e-06  3.1366e-08  2.0244e-08  2.3867e-08  1:22:14 3056

 Reversed flow on 32 faces (14.5% area) of pressure-outlet 19.

 Reversed flow on 184 faces (37.6% area) of pressure-outlet 18.
   445  3.9360e-06  3.1485e-08  2.0400e-08  2.3932e-08  1:22:11 3055

 Reversed flow on 32 faces (14.5% area) of pressure-outlet 19.

 Reversed flow on 184 faces (37.6% area) of pressure-outlet 18.
   446  3.9452e-06  3.1632e-08  2.0595e-08  2.3997e-08  1:22:08 3054

 Reversed flow on 32 faces (14.5% area) of pressure-outlet 19.

 Reversed flow on 184 faces (37.6% area) of pressure-outlet 18.
   447  3.9549e-06  3.1783e-08  2.0828e-08  2.4055e-08  1:22:07 3053

 Reversed flow on 32 faces (14.5% area) of pressure-outlet 19.

 Reversed flow on 184 faces (37.6% area) of pressure-outlet 18.
   448  3.9647e-06  3.1919e-08  2.1087e-08  2.4103e-08  1:22:05 3052

 Reversed flow on 32 faces (14.5% area) of pressure-outlet 19.

 Reversed flow on 184 faces (37.6% area) of pressure-outlet 18.
   449  3.9723e-06  3.2022e-08  2.1356e-08  2.4121e-08  1:22:03 3051

 Reversed flow on 32 faces (14.5% area) of pressure-outlet 19.

 Reversed flow on 184 faces (37.6% area) of pressure-outlet 18.
   450  3.9764e-06  3.2093e-08  2.1620e-08  2.4101e-08  1:22:03 3050

 Reversed flow on 32 faces (14.5% area) of pressure-outlet 19.

 Reversed flow on 184 faces (37.6% area) of pressure-outlet 18.
   451  3.9756e-06  3.2117e-08  2.1864e-08  2.4040e-08  1:22:00 3049

 Reversed flow on 32 faces (14.5% area) of pressure-outlet 19.

 Reversed flow on 184 faces (37.6% area) of pressure-outlet 18.

  iter  continuity  x-velocity  y-velocity  z-velocity     time/iter
   452  3.9687e-06  3.2080e-08  2.2069e-08  2.3925e-08  1:21:56 3048

 Reversed flow on 32 faces (14.5% area) of pressure-outlet 19.

 Reversed flow on 184 faces (37.6% area) of pressure-outlet 18.
   453  3.9567e-06  3.1973e-08  2.2233e-08  2.3759e-08  1:21:54 3047

 Reversed flow on 32 faces (14.5% area) of pressure-outlet 19.

 Reversed flow on 184 faces (37.6% area) of pressure-outlet 18.
   454  3.9370e-06  3.1802e-08  2.2361e-08  2.3538e-08  1:21:51 3046

 Reversed flow on 32 faces (14.5% area) of pressure-outlet 19.

 Reversed flow on 184 faces (37.6% area) of pressure-outlet 18.
   455  3.9087e-06  3.1562e-08  2.2432e-08  2.3262e-08  1:21:51 3045

 Reversed flow on 32 faces (14.5% area) of pressure-outlet 19.

 Reversed flow on 184 faces (37.6% area) of pressure-outlet 18.
   456  3.8719e-06  3.1249e-08  2.2445e-08  2.2934e-08  1:21:49 3044

 Reversed flow on 32 faces (14.5% area) of pressure-outlet 19.

 Reversed flow on 184 faces (37.6% area) of pressure-outlet 18.
   457  3.8267e-06  3.0860e-08  2.2396e-08  2.2555e-08  1:21:50 3043

 Reversed flow on 32 faces (14.5% area) of pressure-outlet 19.

 Reversed flow on 184 faces (37.6% area) of pressure-outlet 18.
   458  3.7729e-06  3.0397e-08  2.2282e-08  2.2132e-08  1:21:50 3042

 Reversed flow on 32 faces (14.5% area) of pressure-outlet 19.

 Reversed flow on 184 faces (37.6% area) of pressure-outlet 18.
   459  3.7109e-06  2.9864e-08  2.2106e-08  2.1663e-08  1:21:48 3041

 Reversed flow on 32 faces (14.5% area) of pressure-outlet 19.

 Reversed flow on 184 faces (37.6% area) of pressure-outlet 18.
   460  3.6405e-06  2.9301e-08  2.1868e-08  2.1154e-08  1:21:46 3040

 Reversed flow on 32 faces (14.5% area) of pressure-outlet 19.

 Reversed flow on 184 faces (37.6% area) of pressure-outlet 18.
   461  3.5625e-06  2.8735e-08  2.1572e-08  2.0610e-08  1:21:44 3039

 Reversed flow on 32 faces (14.5% area) of pressure-outlet 19.

 Reversed flow on 184 faces (37.6% area) of pressure-outlet 18.
   462  3.4771e-06  2.8128e-08  2.1218e-08  2.0028e-08  1:21:43 3038

 Reversed flow on 32 faces (14.5% area) of pressure-outlet 19.

 Reversed flow on 184 faces (37.6% area) of pressure-outlet 18.

  iter  continuity  x-velocity  y-velocity  z-velocity     time/iter
   463  3.3853e-06  2.7462e-08  2.0813e-08  1.9412e-08  1:21:42 3037

 Reversed flow on 32 faces (14.5% area) of pressure-outlet 19.

 Reversed flow on 184 faces (37.6% area) of pressure-outlet 18.
   464  3.2875e-06  2.6739e-08  2.0362e-08  1.8770e-08  1:21:40 3036

 Reversed flow on 32 faces (14.5% area) of pressure-outlet 19.

 Reversed flow on 184 faces (37.6% area) of pressure-outlet 18.
   465  3.1841e-06  2.5967e-08  1.9870e-08  1.8102e-08  1:22:08 3035

 Reversed flow on 32 faces (14.5% area) of pressure-outlet 19.

 Reversed flow on 184 faces (37.6% area) of pressure-outlet 18.
   466  3.0763e-06  2.5149e-08  1.9341e-08  1.7418e-08  1:23:25 3034

 Reversed flow on 32 faces (14.5% area) of pressure-outlet 19.

 Reversed flow on 184 faces (37.6% area) of pressure-outlet 18.
   467  2.9658e-06  2.4297e-08  1.8779e-08  1.6717e-08  1:23:53 3033

 Reversed flow on 32 faces (14.5% area) of pressure-outlet 19.

 Reversed flow on 184 faces (37.6% area) of pressure-outlet 18.
   468  2.8564e-06  2.3416e-08  1.8187e-08  1.6006e-08  1:23:24 3032

 Reversed flow on 32 faces (14.5% area) of pressure-outlet 19.

 Reversed flow on 184 faces (37.6% area) of pressure-outlet 18.
   469  2.7486e-06  2.2510e-08  1.7574e-08  1.5295e-08  1:22:59 3031

 Reversed flow on 32 faces (14.5% area) of pressure-outlet 19.

 Reversed flow on 184 faces (37.6% area) of pressure-outlet 18.
   470  2.6401e-06  2.1585e-08  1.6944e-08  1.4612e-08  1:22:39 3030

 Reversed flow on 32 faces (14.5% area) of pressure-outlet 19.

 Reversed flow on 184 faces (37.6% area) of pressure-outlet 18.
   471  2.5309e-06  2.0650e-08  1.6299e-08  1.3966e-08  1:22:22 3029

 Reversed flow on 32 faces (14.5% area) of pressure-outlet 19.

 Reversed flow on 184 faces (37.6% area) of pressure-outlet 18.
   472  2.4251e-06  1.9718e-08  1.5648e-08  1.3435e-08  1:22:09 3028

 Reversed flow on 32 faces (14.5% area) of pressure-outlet 19.

 Reversed flow on 184 faces (37.6% area) of pressure-outlet 18.
   473  2.3208e-06  1.8792e-08  1.5000e-08  1.2924e-08  1:22:00 3027

 Reversed flow on 32 faces (14.5% area) of pressure-outlet 19.

 Reversed flow on 184 faces (37.6% area) of pressure-outlet 18.

  iter  continuity  x-velocity  y-velocity  z-velocity     time/iter
   474  2.2207e-06  1.7892e-08  1.4357e-08  1.2410e-08  1:21:49 3026

 Reversed flow on 32 faces (14.5% area) of pressure-outlet 19.

 Reversed flow on 184 faces (37.6% area) of pressure-outlet 18.
   475  2.1236e-06  1.7025e-08  1.3717e-08  1.1896e-08  1:21:40 3025

 Reversed flow on 32 faces (14.5% area) of pressure-outlet 19.

 Reversed flow on 184 faces (37.6% area) of pressure-outlet 18.
   476  2.0279e-06  1.6189e-08  1.3085e-08  1.1388e-08  1:21:35 3024

 Reversed flow on 32 faces (14.5% area) of pressure-outlet 19.

 Reversed flow on 184 faces (37.6% area) of pressure-outlet 18.
   477  1.9339e-06  1.5389e-08  1.2465e-08  1.0893e-08  1:21:29 3023

 Reversed flow on 32 faces (14.5% area) of pressure-outlet 19.

 Reversed flow on 184 faces (37.6% area) of pressure-outlet 18.
   478  1.8424e-06  1.4632e-08  1.1861e-08  1.0416e-08  1:21:25 3022

 Reversed flow on 32 faces (14.5% area) of pressure-outlet 19.

 Reversed flow on 184 faces (37.6% area) of pressure-outlet 18.
   479  1.7542e-06  1.3910e-08  1.1276e-08  9.9553e-09  1:21:21 3021

 Reversed flow on 32 faces (14.5% area) of pressure-outlet 19.

 Reversed flow on 184 faces (37.6% area) of pressure-outlet 18.
   480  1.6698e-06  1.3224e-08  1.0716e-08  9.5118e-09  1:21:19 3020

 Reversed flow on 32 faces (14.5% area) of pressure-outlet 19.

 Reversed flow on 184 faces (37.6% area) of pressure-outlet 18.
   481  1.5898e-06  1.2569e-08  1.0179e-08  9.0856e-09  1:21:15 3019

 Reversed flow on 32 faces (14.5% area) of pressure-outlet 19.

 Reversed flow on 184 faces (37.6% area) of pressure-outlet 18.
   482  1.5151e-06  1.1959e-08  9.6654e-09  8.6783e-09  1:21:12 3018

 Reversed flow on 32 faces (14.5% area) of pressure-outlet 19.

 Reversed flow on 184 faces (37.6% area) of pressure-outlet 18.
   483  1.4445e-06  1.1382e-08  9.1752e-09  8.2893e-09  1:21:09 3017

 Reversed flow on 32 faces (14.5% area) of pressure-outlet 19.

 Reversed flow on 184 faces (37.6% area) of pressure-outlet 18.
   484  1.3780e-06  1.0841e-08  8.7100e-09  7.9214e-09  1:21:09 3016

 Reversed flow on 32 faces (14.5% area) of pressure-outlet 19.

 Reversed flow on 184 faces (37.6% area) of pressure-outlet 18.

  iter  continuity  x-velocity  y-velocity  z-velocity     time/iter
   485  1.3160e-06  1.0332e-08  8.2725e-09  7.5785e-09  1:21:09 3015

 Reversed flow on 32 faces (14.5% area) of pressure-outlet 19.

 Reversed flow on 184 faces (37.6% area) of pressure-outlet 18.
   486  1.2581e-06  9.8567e-09  7.8602e-09  7.2596e-09  1:21:05 3014

 Reversed flow on 32 faces (14.5% area) of pressure-outlet 19.

 Reversed flow on 184 faces (37.6% area) of pressure-outlet 18.
   487  1.2038e-06  9.4124e-09  7.4760e-09  6.9622e-09  1:21:02 3013

 Reversed flow on 32 faces (14.5% area) of pressure-outlet 19.

 Reversed flow on 184 faces (37.6% area) of pressure-outlet 18.
   488  1.1532e-06  9.0029e-09  7.1183e-09  6.6844e-09  1:21:00 3012

 Reversed flow on 32 faces (14.5% area) of pressure-outlet 19.

 Reversed flow on 184 faces (37.6% area) of pressure-outlet 18.
   489  1.1064e-06  8.6288e-09  6.7943e-09  6.4272e-09  1:20:56 3011

 Reversed flow on 32 faces (14.5% area) of pressure-outlet 19.

 Reversed flow on 184 faces (37.6% area) of pressure-outlet 18.
   490  1.0632e-06  8.2850e-09  6.5024e-09  6.1914e-09  1:20:53 3010

 Reversed flow on 32 faces (14.5% area) of pressure-outlet 19.

 Reversed flow on 184 faces (37.6% area) of pressure-outlet 18.
   491  1.0234e-06  7.9714e-09  6.2363e-09  5.9781e-09  1:20:53 3009

 Reversed flow on 32 faces (14.5% area) of pressure-outlet 19.

 Reversed flow on 184 faces (37.6% area) of pressure-outlet 18.
   492  9.8731e-07  7.6890e-09  5.9947e-09  5.7801e-09  1:20:51 3008
!  492 solution is converged

> 
adjoint/                parallel/               server/
define/                 parametric-study/       solve/
display/                plot/                   surface/
exit                    preferences/            turbo-setup/
file/                   print-license-usage     views/
mesh/                   report/

> ; ===========================================================
; DATA EXPORT
; ===========================================================

adjoint/                parallel/               server/
define/                 parametric-study/       solve/
display/                plot/                   surface/
exit                    preferences/            turbo-setup/
file/                   print-license-usage     views/
mesh/                   report/

> /surface/zone-surface interior-data fluid_domain

> 
adjoint/                parallel/               server/
define/                 parametric-study/       solve/
display/                plot/                   surface/
exit                    preferences/            turbo-setup/
file/                   print-license-usage     views/
mesh/                   report/

> ; Save case and data
/file/write-case-data "results/coronary2/Re225/bifurcation_Re225.cas.h5"Fast-loading "C:\PROGRA~1\ANSYSI~1\v252\fluent\fluent25.2.0\\addons\afd\lib\hdfio.bin"
Done.

Writing to DESKTOP-BBN4MI6:"C:\Users\radie\Desktop\1_TrainingSIMS\realvesselSIM2\results/coronary2/Re225/bifurcation_Re225.cas.h5" in NODE0 mode and compression level 1 ...
Grouping cells for Laplace smoothing ...
      700623 cells,     1 zone  ...
     1564982 faces,     5 zones ...
      256491 nodes,     1 zone  ...
  Done.
Done.

Writing to DESKTOP-BBN4MI6:"C:\Users\radie\Desktop\1_TrainingSIMS\realvesselSIM2\results/coronary2/Re225/bifurcation_Re225.dat.h5" in NODE0 mode and compression level 1 ...
  Writing results.
Done.


> 
adjoint/                parallel/               server/
define/                 parametric-study/       solve/
display/                plot/                   surface/
exit                    preferences/            turbo-setup/
file/                   print-license-usage     views/
mesh/                   report/

> ; Export interior field data
/file/export/ascii "results/coronary2/Re225/interior_full_Re225.csv" interior-data () no x-coordinate y-coordinate z-coordinate pressure x-velocity y-velocity z-velocity velocity-magnitude ()

Location/Cell-Centered?,
if Cell-Centered not chosen, node values of scalars are reported [no] ; Respond to the single prompt:
; Location/Cell-Centered? [no]
no

Writing "results/coronary2/Re225/interior_full_Re225.csv"...

Writing information to ascii file ...
Done.


> 
adjoint/                parallel/               server/
define/                 parametric-study/       solve/
display/                plot/                   surface/
exit                    preferences/            turbo-setup/
file/                   print-license-usage     views/
mesh/                   report/

> ; Export wall data
/file/export/ascii "results/coronary2/Re225/wall_data_Re225.csv" wall-fluid_domain () no x-coordinate y-coordinate z-coordinate pressure wall-shear x-wall-shear y-wall-shear z-wall-shear ()

Location/Cell-Centered?,
if Cell-Centered not chosen, node values of scalars are reported [no] ; Location/Cell-Centered? [no]
no

Writing "results/coronary2/Re225/wall_data_Re225.csv"...

Writing information to ascii file ...
Done.


> 
adjoint/                parallel/               server/
define/                 parametric-study/       solve/
display/                plot/                   surface/
exit                    preferences/            turbo-setup/
file/                   print-license-usage     views/
mesh/                   report/

> ; Export outlet data
/file/export/ascii "results/coronary2/Re225/outlets_Re225.csv" outlet_1 outlet_2 () no x-coordinate y-coordinate z-coordinate pressure velocity-magnitude ()

Location/Cell-Centered?,
if Cell-Centered not chosen, node values of scalars are reported [no] ; Location/Cell-Centered? [no]
no

Writing "results/coronary2/Re225/outlets_Re225.csv"...

Writing information to ascii file ...
Done.


> 
adjoint/                parallel/               server/
define/                 parametric-study/       solve/
display/                plot/                   surface/
exit                    preferences/            turbo-setup/
file/                   print-license-usage     views/
mesh/                   report/

> /exit 
Posting ANSYS Product Improvement Program performance data 
Done.
Auto-Transcript Stop Time:  07:50:12, 25 Feb 2026 E. Australia Standard Time 
Total Transcript Time: 14 Minute 29 Second.

Automatic transcript closed.
