
Opening input/output transcript to file "C:\Users\radie\Desktop\1_TrainingSIMS\realvesselSIM2\\fluent-20260225-102949-18252.trn".
Auto-Transcript Start Time:  10:29:49, 25 Feb 2026 E. Australia Standard Time 

              Welcome to ANSYS Fluent 2025 R2.04

              Copyright 1987-2025 ANSYS, Inc. All Rights Reserved.
              Unauthorized use, distribution or duplication is prohibited.
              This product is subject to U.S. laws governing export and re-export.
              For full Legal Notice, see documentation.

Build Time: Oct  7 2025 15:34:38 EDT  Build Id: 10205  
 
Connected License Server List:	1055@localhost

     --------------------------------------------------------------
     This is an academic version of ANSYS FLUENT. Usage of this product
     license is limited to the terms and conditions specified in your ANSYS
     license form, additional terms section.
     --------------------------------------------------------------
Host spawning Node 0 on machine "DESKTOP-BBN4MI6" (win64).

-----------------------------------------------------------------------------------
ID    Hostname         Core  O.S.         PID    Vendor                           
-----------------------------------------------------------------------------------
n3    DESKTOP-BBN4MI6  4/12  Windows-x64  12352  Intel(R) Core(TM) i5-10400F      
n2    DESKTOP-BBN4MI6  3/12  Windows-x64  18860  Intel(R) Core(TM) i5-10400F      
n1    DESKTOP-BBN4MI6  2/12  Windows-x64  19968  Intel(R) Core(TM) i5-10400F      
n0*   DESKTOP-BBN4MI6  1/12  Windows-x64  15112  Intel(R) Core(TM) i5-10400F      
host  DESKTOP-BBN4MI6        Windows-x64  30180  Intel(R) Core(TM) i5-10400F      

MPI Option Selected: intel
Selected system interconnect: default
-----------------------------------------------------------------------------------

Cleanup script file is C:\\Users\\radie\\Desktop\\1_TrainingSIMS\\realvesselSIM2\\cleanup-fluent-DESKTOP-BBN4MI6-30180.bat

Posting ANSYS Product Improvement Program startup data
Done.

Reading journal file results/coronary2/Re450/run_coronary2_Re450.jou...

> ; ===========================================================
; bifurcation_template_robust.jou  (BATCH-SAFE EXPORT FIX)
; Validated for ANSYS Fluent 2025 R2 (25.2)
; Mesh -> laminar -> water-liquid -> BCs -> iterate -> export
; ===========================================================

/file/set-tui-version "25.2"

> /file/set-batch-options yes no yes

> ; overwrite files? yes
; hide questions?  no   (keep no because BC sections still use scripted responses)
; exit on error?   yes

define/                 parametric-study/       solve/
display/                plot/                   surface/
exit                    preferences/            switch-to-meshing-mode
file/                   print-license-usage     turbo-setup/
mesh/                   report/                 views/
parallel/               server/

> ; Prevent overwrite prompts during export/write
/file/confirm-overwrite? no

> 
define/                 parametric-study/       solve/
display/                plot/                   surface/
exit                    preferences/            switch-to-meshing-mode
file/                   print-license-usage     turbo-setup/
mesh/                   report/                 views/
parallel/               server/

> /file/read-case "coronary2.msh"Multicore SMT processors detected. Processor affinity set!

Reading "coronary2.msh"...

Buffering for file scan...

ANSYS(R) TGLib(TM) 3D, revision 24.1.0
Warning: Skipping edges zones section(s).
   35982 nodes.
   41815 nodes.
  178694 nodes.
 1481898 mixed interior faces, zone 2633.
   81602 triangular wall faces, zone 20.
     244 mixed pressure-outlet faces, zone 19.
     344 mixed pressure-outlet faces, zone 18.
     894 mixed velocity-inlet faces, zone 17.
  700623 mixed cells, zone 2584.

Building...
     mesh
	auto partitioning mesh by Metis (fast),
	distributing mesh
		parts....,
		faces....,
		nodes....,
		cells....,
        bandwidth reduction using Reverse Cuthill-McKee: 176553/1496 = 118.017
     materials,
     interface,
     domains,
     zones,
	Skipping thread 13 of domain 1 (not referenced by grid).
	Skipping thread 14 of domain 1 (not referenced by grid).
	Skipping thread 15 of domain 1 (not referenced by grid).
	Skipping thread 16 of domain 1 (not referenced by grid).
	Skipping thread 10 of domain 1 (not referenced by grid).
	interior--fluid_domain
	wall-fluid_domain
	outlet_2
	outlet_1
	inlet
	fluid_domain
     parallel,
Done.


> 
adjoint/                parallel/               server/
define/                 parametric-study/       solve/
display/                plot/                   surface/
exit                    preferences/            turbo-setup/
file/                   print-license-usage     views/
mesh/                   report/

> ; ---------- Models ----------
/define/models/solver/pressure-based yes

> /define/models/viscous/laminar yes

> 
adjoint/                parallel/               server/
define/                 parametric-study/       solve/
display/                plot/                   surface/
exit                    preferences/            turbo-setup/
file/                   print-license-usage     views/
mesh/                   report/

> ; ---------- Materials ----------
/define/materials/copy fluid water-liquid

Material "water-liquid" copied from database: fluent-database.


> /define/boundary-conditions/fluid (fluid_domain)
fluid_domain yes water-liquid
Specify source terms? [no] no
Specify fixed values? [no] no
Frame Motion? [no] no
Use Profile for Reference Frame X-Origin of Rotation-Axis? [no] no
Reference Frame X-Origin of Rotation-Axis (constant or expression) (in [m]) [0] 0
Use Profile for Reference Frame Y-Origin of Rotation-Axis? [no] no
Reference Frame Y-Origin of Rotation-Axis (constant or expression) (in [m]) [0] 0
Use Profile for Reference Frame Z-Origin of Rotation-Axis? [no] no
Reference Frame Z-Origin of Rotation-Axis (constant or expression) (in [m]) [0] 0
Use Profile for Reference Frame X-Component of Rotation-Axis? [no] no
Reference Frame X-Component of Rotation-Axis (constant or expression) [0] 0
Use Profile for Reference Frame Y-Component of Rotation-Axis? [no] no
Reference Frame Y-Component of Rotation-Axis (constant or expression) [0] 0
Use Profile for Reference Frame Z-Component of Rotation-Axis? [no] no
Reference Frame Z-Component of Rotation-Axis (constant or expression) [1] 1
Mesh Motion? [no] no
Enter yes or no to continue [no] no
Porous zone? [no] no
3D Fan Zone? [no] no

> 
adjoint/                parallel/               server/
define/                 parametric-study/       solve/
display/                plot/                   surface/
exit                    preferences/            turbo-setup/
file/                   print-license-usage     views/
mesh/                   report/

> ; ---------- Boundary Conditions ----------
; INLET
/define/boundary-conditions/velocity-inlet (inlet)
inlet
Velocity Specification Method: Magnitude and Direction [no] no
Velocity Specification Method: Components [no] no
Velocity Specification Method: Magnitude, Normal to Boundary [yes] yes
Reference Frame: Absolute [yes] yes
Use Profile for Velocity Magnitude? [no] no
Velocity Magnitude (constant or expression) (in [m/s]) [0] 0.10528980574540614
Use Profile for Supersonic/Initial Gauge Pressure? [no] no
Supersonic/Initial Gauge Pressure (constant or expression) (in [Pa]) [0] 0

> 
adjoint/                parallel/               server/
define/                 parametric-study/       solve/
display/                plot/                   surface/
exit                    preferences/            turbo-setup/
file/                   print-license-usage     views/
mesh/                   report/

> ; OUTLETS
/define/boundary-conditions/pressure-outlet (outlet_1 outlet_2)
outlet_1
Backflow Reference Frame: Absolute [yes] yes
Use Profile for Gauge Pressure? [no] no
Gauge Pressure (constant or expression) (in [Pa]) [0] 0
Backflow Direction Specification Method: Direction Vector [no] no
Backflow Direction Specification Method: Normal to Boundary [yes] yes
Backflow Pressure Specification: Total Pressure [yes] yes
Radial Equilibrium Pressure Distribution [no] no
Average Pressure Specification? [no] no
Specify targeted mass flow rate [no] no

> 
adjoint/                parallel/               server/
define/                 parametric-study/       solve/
display/                plot/                   surface/
exit                    preferences/            turbo-setup/
file/                   print-license-usage     views/
mesh/                   report/

> /define/boundary-conditions/pressure-outlet (outlet_1 outlet_2)
outlet_2
Backflow Reference Frame: Absolute [yes] yes
Use Profile for Gauge Pressure? [no] no
Gauge Pressure (constant or expression) (in [Pa]) [0] 0
Backflow Direction Specification Method: Direction Vector [no] no
Backflow Direction Specification Method: Normal to Boundary [yes] yes
Backflow Pressure Specification: Total Pressure [yes] yes
Radial Equilibrium Pressure Distribution [no] no
Average Pressure Specification? [no] no
Specify targeted mass flow rate [no] no

> 
adjoint/                parallel/               server/
define/                 parametric-study/       solve/
display/                plot/                   surface/
exit                    preferences/            turbo-setup/
file/                   print-license-usage     views/
mesh/                   report/

> ; WALLS
/define/boundary-conditions/wall (wall-fluid_domain)
wall-fluid_domain
Wall Motion [motion-bc-stationary]: Change current value? [no] no
Shear Boundary Condition [shear-bc-noslip]: Change current value? [no] no

> 
adjoint/                parallel/               server/
define/                 parametric-study/       solve/
display/                plot/                   surface/
exit                    preferences/            turbo-setup/
file/                   print-license-usage     views/
mesh/                   report/

> ; ---------- Solution Methods ----------
/solve/set/p-v-coupling 24

> /solve/set/discretization-scheme/pressure 12

> /solve/set/discretization-scheme/mom 4

> 
adjoint/                parallel/               server/
define/                 parametric-study/       solve/
display/                plot/                   surface/
exit                    preferences/            turbo-setup/
file/                   print-license-usage     views/
mesh/                   report/

> ; ---------- Solution Controls ----------
/solve/monitors/residual/convergence-criteria 1e-6 1e-5 1e-5 1e-5

> /solve/monitors/residual/print? yes

> 
adjoint/                parallel/               server/
define/                 parametric-study/       solve/
display/                plot/                   surface/
exit                    preferences/            turbo-setup/
file/                   print-license-usage     views/
mesh/                   report/

> ; ---------- Initialization ----------
/solve/initialize/compute-defaults/velocity-inlet (inlet)
inlet

> /solve/initialize/initialize-flow

> 
adjoint/                parallel/               server/
define/                 parametric-study/       solve/
display/                plot/                   surface/
exit                    preferences/            turbo-setup/
file/                   print-license-usage     views/
mesh/                   report/

> ; ---------- Solve ----------
/solve/iterate 3500

  iter  continuity  x-velocity  y-velocity  z-velocity     time/iter

 Reversed flow on 244 faces (100.0% area) of pressure-outlet 19.
     1  1.0000e+00  3.9517e-03  5.5861e-03  5.4808e-03  1:53:15 3499

 Reversed flow on 91 faces (25.9% area) of pressure-outlet 19.

 Reversed flow on 171 faces (44.9% area) of pressure-outlet 18.
     2  8.0402e-01  9.0761e-03  1.4042e-02  1.5314e-02  1:50:04 3498

 Reversed flow on 143 faces (59.2% area) of pressure-outlet 19.

 Reversed flow on 150 faces (34.4% area) of pressure-outlet 18.
     3  3.6288e-01  3.6829e-03  5.0463e-03  4.4895e-03  1:47:23 3497

 Reversed flow on 18 faces (5.2% area) of pressure-outlet 19.

 Reversed flow on 94 faces (17.1% area) of pressure-outlet 18.
     4  2.3509e-01  2.1018e-03  2.6383e-03  1.9784e-03  1:50:15 3496

 Reversed flow on 9 faces (2.6% area) of pressure-outlet 19.

 Reversed flow on 111 faces (17.0% area) of pressure-outlet 18.
     5  1.9853e-01  1.5332e-03  1.6436e-03  1.1139e-03  1:47:36 3495

 Reversed flow on 3 faces (0.7% area) of pressure-outlet 19.

 Reversed flow on 128 faces (18.6% area) of pressure-outlet 18.
     6  1.5976e-01  1.2302e-03  1.2173e-03  7.5407e-04  1:50:37 3494

 Reversed flow on 1 face (0.1% area) of pressure-outlet 19.

 Reversed flow on 156 faces (24.1% area) of pressure-outlet 18.
     7  1.3490e-01  1.1882e-03  1.0469e-03  6.5013e-04  1:53:05 3493

 Reversed flow on 187 faces (31.8% area) of pressure-outlet 18.
     8  1.1699e-01  1.0796e-03  8.8967e-04  5.4738e-04  1:54:53 3492

 Reversed flow on 195 faces (34.1% area) of pressure-outlet 18.
     9  1.0323e-01  9.8329e-04  7.8851e-04  4.9719e-04  1:56:24 3491

 Reversed flow on 209 faces (37.6% area) of pressure-outlet 18.
    10  9.3799e-02  9.0010e-04  7.1935e-04  4.5921e-04  1:57:32 3490

 Reversed flow on 210 faces (37.5% area) of pressure-outlet 18.
    11  8.8129e-02  8.3905e-04  6.7763e-04  4.3677e-04  1:58:43 3489

 Reversed flow on 12 faces (5.1% area) of pressure-outlet 19.

 Reversed flow on 210 faces (38.4% area) of pressure-outlet 18.

  iter  continuity  x-velocity  y-velocity  z-velocity     time/iter
    12  8.3259e-02  7.8641e-04  6.3957e-04  4.1334e-04  1:59:39 3488

 Reversed flow on 21 faces (9.8% area) of pressure-outlet 19.

 Reversed flow on 201 faces (37.5% area) of pressure-outlet 18.
    13  7.8824e-02  7.2805e-04  6.0226e-04  3.8845e-04  2:01:12 3487

 Reversed flow on 24 faces (13.4% area) of pressure-outlet 19.

 Reversed flow on 203 faces (37.9% area) of pressure-outlet 18.
    14  7.5801e-02  6.8679e-04  5.7524e-04  3.7527e-04  2:02:48 3486

 Reversed flow on 28 faces (14.7% area) of pressure-outlet 19.

 Reversed flow on 198 faces (37.2% area) of pressure-outlet 18.
    15  7.3686e-02  6.5497e-04  5.5200e-04  3.6477e-04  1:58:01 3485

 Reversed flow on 36 faces (17.8% area) of pressure-outlet 19.

 Reversed flow on 201 faces (37.5% area) of pressure-outlet 18.
    16  6.7808e-02  5.8533e-04  5.0111e-04  3.2563e-04  1:54:31 3484

 Reversed flow on 39 faces (19.7% area) of pressure-outlet 19.

 Reversed flow on 200 faces (37.2% area) of pressure-outlet 18.
    17  6.2849e-02  5.3591e-04  4.6467e-04  3.0248e-04  1:57:39 3483

 Reversed flow on 38 faces (20.4% area) of pressure-outlet 19.

 Reversed flow on 194 faces (36.7% area) of pressure-outlet 18.
    18  6.0879e-02  5.1679e-04  4.5281e-04  2.9748e-04  1:58:50 3482

 Reversed flow on 37 faces (20.1% area) of pressure-outlet 19.

 Reversed flow on 198 faces (37.2% area) of pressure-outlet 18.
    19  6.0290e-02  5.0400e-04  4.4312e-04  2.9612e-04  1:54:00 3481

 Reversed flow on 48 faces (25.4% area) of pressure-outlet 19.

 Reversed flow on 219 faces (40.6% area) of pressure-outlet 18.
    20  5.6329e-02  4.5484e-04  4.0378e-04  2.6693e-04  1:49:53 3480

 Reversed flow on 48 faces (25.7% area) of pressure-outlet 19.

 Reversed flow on 204 faces (39.4% area) of pressure-outlet 18.
    21  5.3036e-02  4.2607e-04  3.7805e-04  2.5291e-04  1:46:46 3479

 Reversed flow on 48 faces (25.2% area) of pressure-outlet 19.

 Reversed flow on 218 faces (41.0% area) of pressure-outlet 18.
    22  4.9896e-02  3.9656e-04  3.5232e-04  2.3637e-04  1:45:54 3478

 Reversed flow on 50 faces (25.4% area) of pressure-outlet 19.

 Reversed flow on 212 faces (40.6% area) of pressure-outlet 18.

  iter  continuity  x-velocity  y-velocity  z-velocity     time/iter
    23  4.7353e-02  3.7626e-04  3.3360e-04  2.2677e-04  1:44:54 3477

 Reversed flow on 50 faces (24.4% area) of pressure-outlet 19.

 Reversed flow on 210 faces (39.8% area) of pressure-outlet 18.
    24  4.4974e-02  3.5361e-04  3.1311e-04  2.1418e-04  1:43:01 3476

 Reversed flow on 54 faces (25.9% area) of pressure-outlet 19.

 Reversed flow on 203 faces (38.8% area) of pressure-outlet 18.
    25  4.2873e-02  3.3166e-04  2.9316e-04  2.0264e-04  1:46:15 3475

 Reversed flow on 55 faces (26.0% area) of pressure-outlet 19.

 Reversed flow on 199 faces (38.1% area) of pressure-outlet 18.
    26  4.2128e-02  3.1961e-04  2.8303e-04  1.9748e-04  1:43:41 3474

 Reversed flow on 56 faces (26.2% area) of pressure-outlet 19.

 Reversed flow on 203 faces (38.4% area) of pressure-outlet 18.
    27  3.9889e-02  2.9472e-04  2.6193e-04  1.8344e-04  1:41:35 3473

 Reversed flow on 56 faces (26.2% area) of pressure-outlet 19.

 Reversed flow on 200 faces (38.0% area) of pressure-outlet 18.
    28  3.7662e-02  2.7514e-04  2.4444e-04  1.7359e-04  1:39:53 3472

 Reversed flow on 56 faces (26.2% area) of pressure-outlet 19.

 Reversed flow on 199 faces (38.0% area) of pressure-outlet 18.
    29  3.6065e-02  2.5835e-04  2.2899e-04  1.6552e-04  1:38:36 3471

 Reversed flow on 57 faces (26.5% area) of pressure-outlet 19.

 Reversed flow on 211 faces (39.2% area) of pressure-outlet 18.
    30  3.4200e-02  2.3809e-04  2.1238e-04  1.5408e-04  1:37:32 3470

 Reversed flow on 56 faces (26.3% area) of pressure-outlet 19.

 Reversed flow on 203 faces (38.3% area) of pressure-outlet 18.
    31  3.2813e-02  2.2625e-04  2.0122e-04  1.4815e-04  1:36:41 3469

 Reversed flow on 56 faces (26.3% area) of pressure-outlet 19.

 Reversed flow on 210 faces (38.8% area) of pressure-outlet 18.
    32  3.0856e-02  2.0920e-04  1.8627e-04  1.3775e-04  1:35:56 3468

 Reversed flow on 56 faces (26.3% area) of pressure-outlet 19.

 Reversed flow on 198 faces (37.5% area) of pressure-outlet 18.
    33  2.9087e-02  1.9615e-04  1.7423e-04  1.3025e-04  1:35:19 3467

 Reversed flow on 57 faces (26.6% area) of pressure-outlet 19.

 Reversed flow on 198 faces (37.5% area) of pressure-outlet 18.

  iter  continuity  x-velocity  y-velocity  z-velocity     time/iter
    34  2.7500e-02  1.8399e-04  1.6336e-04  1.2332e-04  1:34:51 3466

 Reversed flow on 56 faces (26.4% area) of pressure-outlet 19.

 Reversed flow on 195 faces (37.4% area) of pressure-outlet 18.
    35  2.6086e-02  1.7404e-04  1.5396e-04  1.1693e-04  1:39:41 3465

 Reversed flow on 54 faces (25.9% area) of pressure-outlet 19.

 Reversed flow on 190 faces (36.9% area) of pressure-outlet 18.
    36  2.5794e-02  1.7462e-04  1.5298e-04  1.1817e-04  1:38:17 3464

 Reversed flow on 55 faces (26.7% area) of pressure-outlet 19.

 Reversed flow on 204 faces (38.0% area) of pressure-outlet 18.
    37  2.4314e-02  1.5894e-04  1.3950e-04  1.0733e-04  1:37:12 3463

 Reversed flow on 56 faces (27.2% area) of pressure-outlet 19.

 Reversed flow on 183 faces (35.8% area) of pressure-outlet 18.
    38  2.2985e-02  1.5037e-04  1.3212e-04  1.0231e-04  1:36:20 3462

 Reversed flow on 57 faces (28.2% area) of pressure-outlet 19.

 Reversed flow on 186 faces (35.9% area) of pressure-outlet 18.
    39  2.1707e-02  1.4184e-04  1.2448e-04  9.6800e-05  1:35:37 3461

 Reversed flow on 57 faces (28.2% area) of pressure-outlet 19.

 Reversed flow on 183 faces (35.7% area) of pressure-outlet 18.
    40  2.0590e-02  1.3381e-04  1.1778e-04  9.1575e-05  1:35:01 3460

 Reversed flow on 57 faces (28.2% area) of pressure-outlet 19.

 Reversed flow on 182 faces (35.5% area) of pressure-outlet 18.
    41  1.9818e-02  1.2821e-04  1.1272e-04  8.8250e-05  1:34:34 3459

 Reversed flow on 57 faces (28.2% area) of pressure-outlet 19.

 Reversed flow on 182 faces (35.2% area) of pressure-outlet 18.
    42  1.8828e-02  1.2058e-04  1.0656e-04  8.3272e-05  1:34:13 3458

 Reversed flow on 55 faces (27.6% area) of pressure-outlet 19.

 Reversed flow on 182 faces (34.9% area) of pressure-outlet 18.
    43  1.8152e-02  1.1618e-04  1.0277e-04  8.0025e-05  1:33:57 3457

 Reversed flow on 55 faces (27.6% area) of pressure-outlet 19.

 Reversed flow on 192 faces (35.6% area) of pressure-outlet 18.
    44  1.7380e-02  1.1022e-04  9.7351e-05  7.6168e-05  1:38:49 3456

 Reversed flow on 54 faces (27.3% area) of pressure-outlet 19.

 Reversed flow on 183 faces (35.0% area) of pressure-outlet 18.

  iter  continuity  x-velocity  y-velocity  z-velocity     time/iter
    45  1.7611e-02  1.1493e-04  1.0044e-04  7.9811e-05  1:37:36 3455

 Reversed flow on 54 faces (27.3% area) of pressure-outlet 19.

 Reversed flow on 186 faces (35.3% area) of pressure-outlet 18.
    46  1.6825e-02  1.0468e-04  9.1780e-05  7.1979e-05  1:36:39 3454

 Reversed flow on 54 faces (27.3% area) of pressure-outlet 19.

 Reversed flow on 178 faces (34.7% area) of pressure-outlet 18.
    47  1.6036e-02  9.9996e-05  8.7653e-05  6.9215e-05  1:35:54 3453

 Reversed flow on 55 faces (27.5% area) of pressure-outlet 19.

 Reversed flow on 179 faces (34.8% area) of pressure-outlet 18.
    48  1.5197e-02  9.4254e-05  8.2822e-05  6.5347e-05  1:35:13 3452

 Reversed flow on 54 faces (27.5% area) of pressure-outlet 19.

 Reversed flow on 180 faces (34.9% area) of pressure-outlet 18.
    49  1.4498e-02  8.9991e-05  7.9207e-05  6.2594e-05  1:34:44 3451

 Reversed flow on 54 faces (27.5% area) of pressure-outlet 19.

 Reversed flow on 181 faces (34.9% area) of pressure-outlet 18.
    50  1.3876e-02  8.5973e-05  7.5928e-05  6.0140e-05  1:34:13 3450

 Reversed flow on 53 faces (27.2% area) of pressure-outlet 19.

 Reversed flow on 181 faces (34.9% area) of pressure-outlet 18.
    51  1.3633e-02  8.5818e-05  7.4722e-05  6.0033e-05  1:33:52 3449

 Reversed flow on 53 faces (27.2% area) of pressure-outlet 19.

 Reversed flow on 186 faces (35.3% area) of pressure-outlet 18.
    52  1.3100e-02  8.0283e-05  7.0050e-05  5.6089e-05  1:33:37 3448

 Reversed flow on 53 faces (27.2% area) of pressure-outlet 19.

 Reversed flow on 182 faces (35.0% area) of pressure-outlet 18.
    53  1.2498e-02  7.6220e-05  6.6554e-05  5.3346e-05  1:33:25 3447

 Reversed flow on 52 faces (27.1% area) of pressure-outlet 19.

 Reversed flow on 183 faces (35.1% area) of pressure-outlet 18.
    54  1.1947e-02  7.3175e-05  6.3625e-05  5.1156e-05  1:33:17 3446

 Reversed flow on 53 faces (27.3% area) of pressure-outlet 19.

 Reversed flow on 183 faces (35.8% area) of pressure-outlet 18.
    55  1.1373e-02  6.9467e-05  6.0260e-05  4.8533e-05  1:33:06 3445

 Reversed flow on 53 faces (27.3% area) of pressure-outlet 19.

 Reversed flow on 181 faces (35.7% area) of pressure-outlet 18.

  iter  continuity  x-velocity  y-velocity  z-velocity     time/iter
    56  1.1045e-02  6.8276e-05  5.8642e-05  4.7768e-05  1:32:55 3444

 Reversed flow on 54 faces (28.1% area) of pressure-outlet 19.

 Reversed flow on 188 faces (36.1% area) of pressure-outlet 18.
    57  1.0488e-02  6.3704e-05  5.4730e-05  4.4530e-05  1:32:48 3443

 Reversed flow on 54 faces (28.1% area) of pressure-outlet 19.

 Reversed flow on 184 faces (36.0% area) of pressure-outlet 18.
    58  9.9816e-03  6.0712e-05  5.2112e-05  4.2507e-05  1:32:48 3442

 Reversed flow on 54 faces (28.1% area) of pressure-outlet 19.

 Reversed flow on 185 faces (36.4% area) of pressure-outlet 18.
    59  9.5561e-03  5.8218e-05  4.9838e-05  4.0672e-05  1:32:46 3441

 Reversed flow on 54 faces (28.1% area) of pressure-outlet 19.

 Reversed flow on 184 faces (36.3% area) of pressure-outlet 18.
    60  9.1351e-03  5.5606e-05  4.7334e-05  3.8805e-05  1:32:43 3440

 Reversed flow on 54 faces (28.1% area) of pressure-outlet 19.

 Reversed flow on 183 faces (36.2% area) of pressure-outlet 18.
    61  8.7519e-03  5.3600e-05  4.5106e-05  3.7450e-05  1:32:39 3439

 Reversed flow on 54 faces (28.1% area) of pressure-outlet 19.

 Reversed flow on 183 faces (36.3% area) of pressure-outlet 18.
    62  8.3185e-03  5.0637e-05  4.2378e-05  3.5245e-05  1:32:32 3438

 Reversed flow on 54 faces (28.1% area) of pressure-outlet 19.

 Reversed flow on 183 faces (36.3% area) of pressure-outlet 18.
    63  7.9326e-03  4.8296e-05  4.0297e-05  3.3655e-05  1:32:31 3437

 Reversed flow on 53 faces (28.0% area) of pressure-outlet 19.

 Reversed flow on 182 faces (36.1% area) of pressure-outlet 18.
    64  7.5788e-03  4.6043e-05  3.8347e-05  3.2085e-05  1:32:33 3436

 Reversed flow on 53 faces (28.0% area) of pressure-outlet 19.

 Reversed flow on 182 faces (36.1% area) of pressure-outlet 18.
    65  7.2513e-03  4.3817e-05  3.6537e-05  3.0528e-05  1:32:26 3435

 Reversed flow on 53 faces (28.0% area) of pressure-outlet 19.

 Reversed flow on 178 faces (35.6% area) of pressure-outlet 18.
    66  6.9361e-03  4.1737e-05  3.4810e-05  2.9182e-05  1:32:20 3434

 Reversed flow on 53 faces (28.0% area) of pressure-outlet 19.

 Reversed flow on 179 faces (35.6% area) of pressure-outlet 18.

  iter  continuity  x-velocity  y-velocity  z-velocity     time/iter
    67  6.6462e-03  3.9805e-05  3.3166e-05  2.7996e-05  1:32:15 3433

 Reversed flow on 53 faces (28.0% area) of pressure-outlet 19.

 Reversed flow on 179 faces (35.6% area) of pressure-outlet 18.
    68  6.3306e-03  3.7449e-05  3.1326e-05  2.6462e-05  1:32:12 3432

 Reversed flow on 54 faces (28.2% area) of pressure-outlet 19.

 Reversed flow on 178 faces (35.6% area) of pressure-outlet 18.
    69  6.0239e-03  3.5513e-05  2.9758e-05  2.5157e-05  1:32:05 3431

 Reversed flow on 53 faces (28.0% area) of pressure-outlet 19.

 Reversed flow on 178 faces (35.6% area) of pressure-outlet 18.
    70  5.8920e-03  3.5129e-05  2.9390e-05  2.4964e-05  1:32:04 3430

 Reversed flow on 53 faces (28.0% area) of pressure-outlet 19.

 Reversed flow on 179 faces (35.7% area) of pressure-outlet 18.
    71  5.6828e-03  3.3199e-05  2.7790e-05  2.3547e-05  1:32:05 3429

 Reversed flow on 53 faces (28.0% area) of pressure-outlet 19.

 Reversed flow on 179 faces (35.7% area) of pressure-outlet 18.
    72  5.3991e-03  3.1330e-05  2.6170e-05  2.2171e-05  1:32:03 3428

 Reversed flow on 53 faces (28.0% area) of pressure-outlet 19.

 Reversed flow on 179 faces (35.7% area) of pressure-outlet 18.
    73  5.1549e-03  2.9938e-05  2.5059e-05  2.1137e-05  1:31:58 3427

 Reversed flow on 53 faces (28.0% area) of pressure-outlet 19.

 Reversed flow on 178 faces (35.6% area) of pressure-outlet 18.
    74  4.9565e-03  2.8832e-05  2.4137e-05  2.0347e-05  1:31:56 3426

 Reversed flow on 53 faces (28.0% area) of pressure-outlet 19.

 Reversed flow on 178 faces (35.6% area) of pressure-outlet 18.
    75  4.7505e-03  2.7534e-05  2.3007e-05  1.9337e-05  1:31:53 3425

 Reversed flow on 53 faces (28.0% area) of pressure-outlet 19.

 Reversed flow on 177 faces (35.4% area) of pressure-outlet 18.
    76  4.5520e-03  2.6316e-05  2.1987e-05  1.8383e-05  1:31:52 3424

 Reversed flow on 53 faces (28.0% area) of pressure-outlet 19.

 Reversed flow on 177 faces (35.3% area) of pressure-outlet 18.
    77  4.3818e-03  2.5426e-05  2.1184e-05  1.7713e-05  1:31:52 3423

 Reversed flow on 53 faces (28.0% area) of pressure-outlet 19.

 Reversed flow on 177 faces (35.3% area) of pressure-outlet 18.

  iter  continuity  x-velocity  y-velocity  z-velocity     time/iter
    78  4.1962e-03  2.4207e-05  2.0206e-05  1.6833e-05  1:31:49 3422

 Reversed flow on 53 faces (28.0% area) of pressure-outlet 19.

 Reversed flow on 177 faces (35.3% area) of pressure-outlet 18.
    79  4.0288e-03  2.3324e-05  1.9407e-05  1.6151e-05  1:31:50 3421

 Reversed flow on 53 faces (28.0% area) of pressure-outlet 19.

 Reversed flow on 177 faces (35.3% area) of pressure-outlet 18.
    80  3.8723e-03  2.2369e-05  1.8603e-05  1.5420e-05  1:31:49 3420

 Reversed flow on 53 faces (28.0% area) of pressure-outlet 19.

 Reversed flow on 177 faces (35.3% area) of pressure-outlet 18.
    81  3.6989e-03  2.1378e-05  1.7799e-05  1.4669e-05  1:31:50 3419

 Reversed flow on 53 faces (28.0% area) of pressure-outlet 19.

 Reversed flow on 176 faces (35.2% area) of pressure-outlet 18.
    82  3.5316e-03  2.0507e-05  1.6990e-05  1.4054e-05  1:31:50 3418

 Reversed flow on 53 faces (28.0% area) of pressure-outlet 19.

 Reversed flow on 176 faces (35.2% area) of pressure-outlet 18.
    83  3.3637e-03  1.9472e-05  1.6153e-05  1.3329e-05  1:31:47 3417

 Reversed flow on 53 faces (28.0% area) of pressure-outlet 19.

 Reversed flow on 176 faces (35.2% area) of pressure-outlet 18.
    84  3.2089e-03  1.8595e-05  1.5437e-05  1.2719e-05  1:31:43 3416

 Reversed flow on 53 faces (28.0% area) of pressure-outlet 19.

 Reversed flow on 176 faces (35.2% area) of pressure-outlet 18.
    85  3.0861e-03  1.7957e-05  1.4892e-05  1.2293e-05  1:31:44 3415

 Reversed flow on 53 faces (28.0% area) of pressure-outlet 19.

 Reversed flow on 176 faces (35.2% area) of pressure-outlet 18.
    86  2.9836e-03  1.7380e-05  1.4398e-05  1.1902e-05  1:31:49 3414

 Reversed flow on 53 faces (28.0% area) of pressure-outlet 19.

 Reversed flow on 176 faces (35.2% area) of pressure-outlet 18.
    87  2.8586e-03  1.6568e-05  1.3746e-05  1.1310e-05  1:31:46 3413

 Reversed flow on 53 faces (28.0% area) of pressure-outlet 19.

 Reversed flow on 176 faces (35.2% area) of pressure-outlet 18.
    88  2.7502e-03  1.5996e-05  1.3295e-05  1.0915e-05  1:31:41 3412

 Reversed flow on 53 faces (28.0% area) of pressure-outlet 19.

 Reversed flow on 176 faces (35.2% area) of pressure-outlet 18.

  iter  continuity  x-velocity  y-velocity  z-velocity     time/iter
    89  2.6503e-03  1.5413e-05  1.2853e-05  1.0506e-05  1:31:39 3411

 Reversed flow on 53 faces (28.0% area) of pressure-outlet 19.

 Reversed flow on 176 faces (35.2% area) of pressure-outlet 18.
    90  2.5596e-03  1.4888e-05  1.2432e-05  1.0123e-05  1:31:36 3410

 Reversed flow on 53 faces (28.0% area) of pressure-outlet 19.

 Reversed flow on 177 faces (35.2% area) of pressure-outlet 18.
    91  2.4558e-03  1.4196e-05  1.1918e-05  9.6245e-06  1:33:15 3409

 Reversed flow on 53 faces (28.0% area) of pressure-outlet 19.

 Reversed flow on 177 faces (35.2% area) of pressure-outlet 18.
    92  2.3608e-03  1.3672e-05  1.1530e-05  9.2912e-06  1:32:53 3408

 Reversed flow on 53 faces (28.0% area) of pressure-outlet 19.

 Reversed flow on 177 faces (35.2% area) of pressure-outlet 18.
    93  2.2882e-03  1.3300e-05  1.1252e-05  9.0586e-06  1:32:36 3407

 Reversed flow on 53 faces (28.0% area) of pressure-outlet 19.

 Reversed flow on 177 faces (35.2% area) of pressure-outlet 18.
    94  2.1999e-03  1.2689e-05  1.0838e-05  8.6623e-06  1:32:21 3406

 Reversed flow on 53 faces (28.0% area) of pressure-outlet 19.

 Reversed flow on 177 faces (35.2% area) of pressure-outlet 18.
    95  2.1129e-03  1.2151e-05  1.0462e-05  8.3076e-06  1:32:10 3405

 Reversed flow on 52 faces (27.7% area) of pressure-outlet 19.

 Reversed flow on 177 faces (35.2% area) of pressure-outlet 18.
    96  2.0267e-03  1.1673e-05  1.0091e-05  8.0029e-06  1:31:56 3404

 Reversed flow on 52 faces (27.7% area) of pressure-outlet 19.

 Reversed flow on 177 faces (35.2% area) of pressure-outlet 18.
    97  1.9529e-03  1.1269e-05  9.7494e-06  7.7385e-06  1:31:48 3403

 Reversed flow on 52 faces (27.7% area) of pressure-outlet 19.

 Reversed flow on 177 faces (35.2% area) of pressure-outlet 18.
    98  1.8779e-03  1.0771e-05  9.3537e-06  7.4185e-06  1:31:39 3402

 Reversed flow on 52 faces (27.7% area) of pressure-outlet 19.

 Reversed flow on 177 faces (35.2% area) of pressure-outlet 18.
    99  1.7972e-03  1.0290e-05  8.9443e-06  7.1175e-06  1:31:32 3401

 Reversed flow on 52 faces (27.7% area) of pressure-outlet 19.

 Reversed flow on 177 faces (35.2% area) of pressure-outlet 18.

  iter  continuity  x-velocity  y-velocity  z-velocity     time/iter
   100  1.7229e-03  9.9030e-06  8.5900e-06  6.8730e-06  1:31:27 3400

 Reversed flow on 52 faces (27.7% area) of pressure-outlet 19.

 Reversed flow on 177 faces (35.2% area) of pressure-outlet 18.
   101  1.6725e-03  9.7084e-06  8.4024e-06  6.7396e-06  1:31:20 3399

 Reversed flow on 53 faces (27.7% area) of pressure-outlet 19.

 Reversed flow on 177 faces (35.2% area) of pressure-outlet 18.
   102  1.6191e-03  9.3091e-06  8.1182e-06  6.4452e-06  1:31:18 3398

 Reversed flow on 53 faces (27.7% area) of pressure-outlet 19.

 Reversed flow on 177 faces (35.2% area) of pressure-outlet 18.
   103  1.5656e-03  8.9856e-06  7.8860e-06  6.1977e-06  1:31:13 3397

 Reversed flow on 53 faces (27.7% area) of pressure-outlet 19.

 Reversed flow on 177 faces (35.2% area) of pressure-outlet 18.
   104  1.5032e-03  8.6081e-06  7.5535e-06  5.9480e-06  1:31:11 3396

 Reversed flow on 53 faces (27.7% area) of pressure-outlet 19.

 Reversed flow on 177 faces (35.2% area) of pressure-outlet 18.
   105  1.4362e-03  8.1745e-06  7.1800e-06  5.6708e-06  1:31:07 3395

 Reversed flow on 53 faces (27.7% area) of pressure-outlet 19.

 Reversed flow on 177 faces (35.2% area) of pressure-outlet 18.
   106  1.3690e-03  7.8101e-06  6.8142e-06  5.4319e-06  1:31:09 3394

 Reversed flow on 53 faces (27.7% area) of pressure-outlet 19.

 Reversed flow on 177 faces (35.2% area) of pressure-outlet 18.
   107  1.3075e-03  7.4774e-06  6.5285e-06  5.2225e-06  1:31:05 3393

 Reversed flow on 53 faces (27.7% area) of pressure-outlet 19.

 Reversed flow on 177 faces (35.2% area) of pressure-outlet 18.
   108  1.2520e-03  7.1523e-06  6.2521e-06  5.0176e-06  1:31:01 3392

 Reversed flow on 53 faces (27.7% area) of pressure-outlet 19.

 Reversed flow on 177 faces (35.2% area) of pressure-outlet 18.
   109  1.1958e-03  6.8398e-06  5.9713e-06  4.8023e-06  1:30:59 3391

 Reversed flow on 53 faces (27.7% area) of pressure-outlet 19.

 Reversed flow on 177 faces (35.2% area) of pressure-outlet 18.
   110  1.1465e-03  6.5742e-06  5.7236e-06  4.6294e-06  1:34:50 3390

 Reversed flow on 54 faces (27.8% area) of pressure-outlet 19.

 Reversed flow on 177 faces (35.2% area) of pressure-outlet 18.

  iter  continuity  x-velocity  y-velocity  z-velocity     time/iter
   111  1.0940e-03  6.2615e-06  5.4620e-06  4.4173e-06  1:34:03 3389

 Reversed flow on 53 faces (27.5% area) of pressure-outlet 19.

 Reversed flow on 177 faces (35.2% area) of pressure-outlet 18.
   112  1.0507e-03  6.0498e-06  5.2708e-06  4.2639e-06  1:33:24 3388

 Reversed flow on 53 faces (27.5% area) of pressure-outlet 19.

 Reversed flow on 177 faces (35.2% area) of pressure-outlet 18.
   113  1.0067e-03  5.7999e-06  5.0505e-06  4.0865e-06  1:32:51 3387

 Reversed flow on 53 faces (27.5% area) of pressure-outlet 19.

 Reversed flow on 177 faces (35.2% area) of pressure-outlet 18.
   114  9.6456e-04  5.5853e-06  4.8635e-06  3.9340e-06  1:32:26 3386

 Reversed flow on 53 faces (27.5% area) of pressure-outlet 19.

 Reversed flow on 177 faces (35.2% area) of pressure-outlet 18.
   115  9.3230e-04  5.4484e-06  4.7355e-06  3.8287e-06  1:32:05 3385

 Reversed flow on 53 faces (27.5% area) of pressure-outlet 19.

 Reversed flow on 177 faces (35.2% area) of pressure-outlet 18.
   116  9.0262e-04  5.2951e-06  4.5933e-06  3.7068e-06  1:31:49 3384

 Reversed flow on 53 faces (27.5% area) of pressure-outlet 19.

 Reversed flow on 177 faces (35.2% area) of pressure-outlet 18.
   117  8.6595e-04  5.0888e-06  4.4205e-06  3.5525e-06  1:31:33 3383

 Reversed flow on 53 faces (27.5% area) of pressure-outlet 19.

 Reversed flow on 177 faces (35.2% area) of pressure-outlet 18.
   118  8.3489e-04  4.9530e-06  4.2971e-06  3.4572e-06  1:31:23 3382

 Reversed flow on 53 faces (27.5% area) of pressure-outlet 19.

 Reversed flow on 177 faces (35.2% area) of pressure-outlet 18.
   119  8.1245e-04  4.8663e-06  4.2078e-06  3.3826e-06  1:31:10 3381

 Reversed flow on 53 faces (27.5% area) of pressure-outlet 19.

 Reversed flow on 177 faces (35.2% area) of pressure-outlet 18.
   120  7.8813e-04  4.7137e-06  4.0917e-06  3.2645e-06  1:31:03 3380

 Reversed flow on 53 faces (27.5% area) of pressure-outlet 19.

 Reversed flow on 177 faces (35.2% area) of pressure-outlet 18.
   121  7.5960e-04  4.5620e-06  3.9677e-06  3.1609e-06  1:31:04 3379

 Reversed flow on 53 faces (27.5% area) of pressure-outlet 19.

 Reversed flow on 177 faces (35.2% area) of pressure-outlet 18.

  iter  continuity  x-velocity  y-velocity  z-velocity     time/iter
   122  7.3087e-04  4.4346e-06  3.8442e-06  3.0739e-06  1:30:55 3378

 Reversed flow on 53 faces (27.5% area) of pressure-outlet 19.

 Reversed flow on 177 faces (35.2% area) of pressure-outlet 18.
   123  7.0511e-04  4.3002e-06  3.7350e-06  2.9732e-06  1:30:51 3377

 Reversed flow on 53 faces (27.5% area) of pressure-outlet 19.

 Reversed flow on 177 faces (35.2% area) of pressure-outlet 18.
   124  6.8556e-04  4.2138e-06  3.6702e-06  2.9145e-06  1:30:46 3376

 Reversed flow on 53 faces (27.5% area) of pressure-outlet 19.

 Reversed flow on 177 faces (35.2% area) of pressure-outlet 18.
   125  6.6520e-04  4.1028e-06  3.5664e-06  2.8409e-06  1:30:41 3375

 Reversed flow on 53 faces (27.5% area) of pressure-outlet 19.

 Reversed flow on 177 faces (35.2% area) of pressure-outlet 18.
   126  6.4547e-04  3.9865e-06  3.4696e-06  2.7576e-06  1:30:39 3374

 Reversed flow on 53 faces (27.5% area) of pressure-outlet 19.

 Reversed flow on 177 faces (35.2% area) of pressure-outlet 18.
   127  6.2269e-04  3.8482e-06  3.3612e-06  2.6629e-06  1:30:34 3373

 Reversed flow on 53 faces (27.5% area) of pressure-outlet 19.

 Reversed flow on 177 faces (35.2% area) of pressure-outlet 18.
   128  6.0193e-04  3.7374e-06  3.2720e-06  2.5932e-06  1:30:31 3372

 Reversed flow on 53 faces (27.5% area) of pressure-outlet 19.

 Reversed flow on 177 faces (35.2% area) of pressure-outlet 18.
   129  5.8455e-04  3.6438e-06  3.2007e-06  2.5278e-06  1:30:27 3371

 Reversed flow on 53 faces (27.5% area) of pressure-outlet 19.

 Reversed flow on 177 faces (35.2% area) of pressure-outlet 18.
   130  5.6526e-04  3.5205e-06  3.1058e-06  2.4436e-06  1:30:32 3370

 Reversed flow on 53 faces (27.5% area) of pressure-outlet 19.

 Reversed flow on 177 faces (35.2% area) of pressure-outlet 18.
   131  5.4791e-04  3.4182e-06  3.0247e-06  2.3729e-06  1:30:30 3369

 Reversed flow on 53 faces (27.5% area) of pressure-outlet 19.

 Reversed flow on 177 faces (35.2% area) of pressure-outlet 18.
   132  5.2792e-04  3.2910e-06  2.9243e-06  2.2856e-06  1:30:30 3368

 Reversed flow on 53 faces (27.5% area) of pressure-outlet 19.

 Reversed flow on 177 faces (35.2% area) of pressure-outlet 18.

  iter  continuity  x-velocity  y-velocity  z-velocity     time/iter
   133  5.1275e-04  3.2156e-06  2.8614e-06  2.2331e-06  1:30:28 3367

 Reversed flow on 53 faces (27.5% area) of pressure-outlet 19.

 Reversed flow on 177 faces (35.2% area) of pressure-outlet 18.
   134  4.9512e-04  3.0852e-06  2.7595e-06  2.1418e-06  1:30:28 3366

 Reversed flow on 53 faces (27.5% area) of pressure-outlet 19.

 Reversed flow on 177 faces (35.2% area) of pressure-outlet 18.
   135  4.7813e-04  2.9849e-06  2.6766e-06  2.0665e-06  1:30:25 3365

 Reversed flow on 53 faces (27.5% area) of pressure-outlet 19.

 Reversed flow on 177 faces (35.2% area) of pressure-outlet 18.
   136  4.6363e-04  2.9000e-06  2.6080e-06  2.0062e-06  1:30:22 3364

 Reversed flow on 53 faces (27.5% area) of pressure-outlet 19.

 Reversed flow on 177 faces (35.2% area) of pressure-outlet 18.
   137  4.5624e-04  2.8648e-06  2.5692e-06  1.9848e-06  1:30:19 3363

 Reversed flow on 53 faces (27.5% area) of pressure-outlet 19.

 Reversed flow on 177 faces (35.2% area) of pressure-outlet 18.
   138  4.4041e-04  2.7388e-06  2.4556e-06  1.8854e-06  1:30:17 3362

 Reversed flow on 53 faces (27.5% area) of pressure-outlet 19.

 Reversed flow on 177 faces (35.2% area) of pressure-outlet 18.
   139  4.2948e-04  2.7018e-06  2.4149e-06  1.8533e-06  1:30:15 3361

 Reversed flow on 53 faces (27.5% area) of pressure-outlet 19.

 Reversed flow on 177 faces (35.2% area) of pressure-outlet 18.
   140  4.1393e-04  2.5925e-06  2.3259e-06  1.7720e-06  1:30:10 3360

 Reversed flow on 53 faces (27.5% area) of pressure-outlet 19.

 Reversed flow on 177 faces (35.2% area) of pressure-outlet 18.
   141  4.0030e-04  2.5309e-06  2.2552e-06  1.7224e-06  1:30:10 3359

 Reversed flow on 53 faces (27.5% area) of pressure-outlet 19.

 Reversed flow on 177 faces (35.2% area) of pressure-outlet 18.
   142  3.8403e-04  2.4163e-06  2.1607e-06  1.6430e-06  1:30:06 3358

 Reversed flow on 53 faces (27.5% area) of pressure-outlet 19.

 Reversed flow on 177 faces (35.2% area) of pressure-outlet 18.
   143  3.6897e-04  2.3208e-06  2.0819e-06  1.5816e-06  1:30:06 3357

 Reversed flow on 53 faces (27.5% area) of pressure-outlet 19.

 Reversed flow on 177 faces (35.2% area) of pressure-outlet 18.

  iter  continuity  x-velocity  y-velocity  z-velocity     time/iter
   144  3.5424e-04  2.2263e-06  2.0009e-06  1.5190e-06  1:30:04 3356

 Reversed flow on 53 faces (27.5% area) of pressure-outlet 19.

 Reversed flow on 177 faces (35.2% area) of pressure-outlet 18.
   145  3.4129e-04  2.1487e-06  1.9256e-06  1.4641e-06  1:30:02 3355

 Reversed flow on 53 faces (27.5% area) of pressure-outlet 19.

 Reversed flow on 177 faces (35.2% area) of pressure-outlet 18.
   146  3.2697e-04  2.0483e-06  1.8404e-06  1.4014e-06  1:29:59 3354

 Reversed flow on 53 faces (27.5% area) of pressure-outlet 19.

 Reversed flow on 177 faces (35.2% area) of pressure-outlet 18.
   147  3.1319e-04  1.9617e-06  1.7619e-06  1.3490e-06  1:29:56 3353

 Reversed flow on 53 faces (27.5% area) of pressure-outlet 19.

 Reversed flow on 177 faces (35.2% area) of pressure-outlet 18.
   148  3.0229e-04  1.8978e-06  1.6990e-06  1.3077e-06  1:29:53 3352

 Reversed flow on 53 faces (27.5% area) of pressure-outlet 19.

 Reversed flow on 177 faces (35.2% area) of pressure-outlet 18.
   149  2.9012e-04  1.8095e-06  1.6219e-06  1.2481e-06  1:29:50 3351

 Reversed flow on 53 faces (27.5% area) of pressure-outlet 19.

 Reversed flow on 177 faces (35.2% area) of pressure-outlet 18.
   150  2.8099e-04  1.7616e-06  1.5740e-06  1.2180e-06  1:29:48 3350

 Reversed flow on 53 faces (27.5% area) of pressure-outlet 19.

 Reversed flow on 177 faces (35.2% area) of pressure-outlet 18.
   151  2.6899e-04  1.6711e-06  1.4965e-06  1.1588e-06  1:29:45 3349

 Reversed flow on 53 faces (27.5% area) of pressure-outlet 19.

 Reversed flow on 177 faces (35.2% area) of pressure-outlet 18.
   152  2.5822e-04  1.6077e-06  1.4363e-06  1.1178e-06  1:29:43 3348

 Reversed flow on 53 faces (27.5% area) of pressure-outlet 19.

 Reversed flow on 177 faces (35.2% area) of pressure-outlet 18.
   153  2.4669e-04  1.5300e-06  1.3719e-06  1.0678e-06  1:29:40 3347

 Reversed flow on 53 faces (27.5% area) of pressure-outlet 19.

 Reversed flow on 177 faces (35.2% area) of pressure-outlet 18.
   154  2.3749e-04  1.4757e-06  1.3261e-06  1.0331e-06  1:29:37 3346

 Reversed flow on 53 faces (27.5% area) of pressure-outlet 19.

 Reversed flow on 177 faces (35.2% area) of pressure-outlet 18.

  iter  continuity  x-velocity  y-velocity  z-velocity     time/iter
   155  2.2883e-04  1.4155e-06  1.2762e-06  9.9312e-07  1:29:37 3345

 Reversed flow on 53 faces (27.5% area) of pressure-outlet 19.

 Reversed flow on 177 faces (35.2% area) of pressure-outlet 18.
   156  2.1963e-04  1.3555e-06  1.2235e-06  9.5426e-07  1:29:40 3344

 Reversed flow on 53 faces (27.5% area) of pressure-outlet 19.

 Reversed flow on 177 faces (35.2% area) of pressure-outlet 18.
   157  2.1102e-04  1.3006e-06  1.1757e-06  9.2145e-07  1:29:38 3343

 Reversed flow on 53 faces (27.5% area) of pressure-outlet 19.

 Reversed flow on 177 faces (35.2% area) of pressure-outlet 18.
   158  2.0303e-04  1.2481e-06  1.1307e-06  8.9061e-07  1:29:38 3342

 Reversed flow on 53 faces (27.5% area) of pressure-outlet 19.

 Reversed flow on 177 faces (35.2% area) of pressure-outlet 18.
   159  1.9780e-04  1.2199e-06  1.1019e-06  8.7414e-07  1:29:37 3341

 Reversed flow on 53 faces (27.5% area) of pressure-outlet 19.

 Reversed flow on 177 faces (35.2% area) of pressure-outlet 18.
   160  1.9268e-04  1.1800e-06  1.0664e-06  8.4905e-07  1:29:34 3340

 Reversed flow on 53 faces (27.5% area) of pressure-outlet 19.

 Reversed flow on 177 faces (35.2% area) of pressure-outlet 18.
   161  1.8593e-04  1.1301e-06  1.0237e-06  8.1774e-07  1:29:33 3339

 Reversed flow on 53 faces (27.5% area) of pressure-outlet 19.

 Reversed flow on 177 faces (35.2% area) of pressure-outlet 18.
   162  1.7978e-04  1.0922e-06  9.8990e-07  7.9348e-07  1:29:33 3338

 Reversed flow on 53 faces (27.5% area) of pressure-outlet 19.

 Reversed flow on 177 faces (35.2% area) of pressure-outlet 18.
   163  1.7380e-04  1.0550e-06  9.5716e-07  7.6859e-07  1:29:29 3337

 Reversed flow on 53 faces (27.5% area) of pressure-outlet 19.

 Reversed flow on 177 faces (35.2% area) of pressure-outlet 18.
   164  1.6785e-04  1.0227e-06  9.2724e-07  7.4777e-07  1:29:27 3336

 Reversed flow on 53 faces (27.5% area) of pressure-outlet 19.

 Reversed flow on 177 faces (35.2% area) of pressure-outlet 18.
   165  1.6244e-04  9.9379e-07  8.9816e-07  7.2793e-07  1:29:24 3335

 Reversed flow on 53 faces (27.5% area) of pressure-outlet 19.

 Reversed flow on 177 faces (35.2% area) of pressure-outlet 18.

  iter  continuity  x-velocity  y-velocity  z-velocity     time/iter
   166  1.5732e-04  9.6503e-07  8.6880e-07  7.0640e-07  1:29:24 3334

 Reversed flow on 53 faces (27.5% area) of pressure-outlet 19.

 Reversed flow on 177 faces (35.2% area) of pressure-outlet 18.
   167  1.5266e-04  9.3967e-07  8.4653e-07  6.8750e-07  1:29:25 3333

 Reversed flow on 53 faces (27.5% area) of pressure-outlet 19.

 Reversed flow on 177 faces (35.2% area) of pressure-outlet 18.
   168  1.4807e-04  9.1576e-07  8.2645e-07  6.7016e-07  1:29:23 3332

 Reversed flow on 53 faces (27.5% area) of pressure-outlet 19.

 Reversed flow on 177 faces (35.2% area) of pressure-outlet 18.
   169  1.4383e-04  8.9281e-07  8.0700e-07  6.5317e-07  1:29:20 3331

 Reversed flow on 53 faces (27.5% area) of pressure-outlet 19.

 Reversed flow on 178 faces (35.4% area) of pressure-outlet 18.
   170  1.4046e-04  8.7254e-07  7.9240e-07  6.3823e-07  1:29:24 3330

 Reversed flow on 53 faces (27.5% area) of pressure-outlet 19.

 Reversed flow on 178 faces (35.4% area) of pressure-outlet 18.
   171  1.3737e-04  8.5796e-07  7.8281e-07  6.2710e-07  1:29:24 3329

 Reversed flow on 53 faces (27.5% area) of pressure-outlet 19.

 Reversed flow on 178 faces (35.4% area) of pressure-outlet 18.
   172  1.3478e-04  8.4550e-07  7.7461e-07  6.1779e-07  1:29:21 3328

 Reversed flow on 53 faces (27.5% area) of pressure-outlet 19.

 Reversed flow on 178 faces (35.4% area) of pressure-outlet 18.
   173  1.3287e-04  8.3058e-07  7.6695e-07  6.0736e-07  1:29:21 3327

 Reversed flow on 53 faces (27.5% area) of pressure-outlet 19.

 Reversed flow on 178 faces (35.4% area) of pressure-outlet 18.
   174  1.3080e-04  8.1711e-07  7.5452e-07  5.9912e-07  1:29:18 3326

 Reversed flow on 53 faces (27.5% area) of pressure-outlet 19.

 Reversed flow on 178 faces (35.4% area) of pressure-outlet 18.
   175  1.2847e-04  8.0426e-07  7.4242e-07  5.9193e-07  1:29:15 3325

 Reversed flow on 53 faces (27.5% area) of pressure-outlet 19.

 Reversed flow on 178 faces (35.4% area) of pressure-outlet 18.
   176  1.2556e-04  7.9041e-07  7.2630e-07  5.8317e-07  1:29:10 3324

 Reversed flow on 53 faces (27.5% area) of pressure-outlet 19.

 Reversed flow on 178 faces (35.4% area) of pressure-outlet 18.

  iter  continuity  x-velocity  y-velocity  z-velocity     time/iter
   177  1.2259e-04  7.7482e-07  7.1155e-07  5.7267e-07  1:29:06 3323

 Reversed flow on 53 faces (27.5% area) of pressure-outlet 19.

 Reversed flow on 178 faces (35.4% area) of pressure-outlet 18.
   178  1.1907e-04  7.5392e-07  6.9393e-07  5.5792e-07  1:29:05 3322

 Reversed flow on 53 faces (27.5% area) of pressure-outlet 19.

 Reversed flow on 178 faces (35.4% area) of pressure-outlet 18.
   179  1.1628e-04  7.4145e-07  6.8021e-07  5.4696e-07  1:29:02 3321

 Reversed flow on 53 faces (27.5% area) of pressure-outlet 19.

 Reversed flow on 178 faces (35.4% area) of pressure-outlet 18.
   180  1.1302e-04  7.2439e-07  6.6246e-07  5.3147e-07  1:29:04 3320

 Reversed flow on 53 faces (27.5% area) of pressure-outlet 19.

 Reversed flow on 178 faces (35.4% area) of pressure-outlet 18.
   181  1.0998e-04  7.0779e-07  6.4482e-07  5.1583e-07  1:29:05 3319

 Reversed flow on 53 faces (27.5% area) of pressure-outlet 19.

 Reversed flow on 178 faces (35.4% area) of pressure-outlet 18.
   182  1.0632e-04  6.8882e-07  6.2572e-07  4.9677e-07  1:29:02 3318

 Reversed flow on 53 faces (27.5% area) of pressure-outlet 19.

 Reversed flow on 178 faces (35.4% area) of pressure-outlet 18.
   183  1.0309e-04  6.7489e-07  6.0953e-07  4.8198e-07  1:29:00 3317

 Reversed flow on 53 faces (27.5% area) of pressure-outlet 19.

 Reversed flow on 178 faces (35.4% area) of pressure-outlet 18.
   184  9.9911e-05  6.6162e-07  5.9435e-07  4.6744e-07  1:28:56 3316

 Reversed flow on 53 faces (27.5% area) of pressure-outlet 19.

 Reversed flow on 178 faces (35.4% area) of pressure-outlet 18.
   185  9.6886e-05  6.4738e-07  5.7862e-07  4.5238e-07  1:28:54 3315

 Reversed flow on 53 faces (27.5% area) of pressure-outlet 19.

 Reversed flow on 178 faces (35.4% area) of pressure-outlet 18.
   186  9.4103e-05  6.3410e-07  5.6423e-07  4.3898e-07  1:28:52 3314

 Reversed flow on 53 faces (27.5% area) of pressure-outlet 19.

 Reversed flow on 178 faces (35.4% area) of pressure-outlet 18.
   187  9.1599e-05  6.2174e-07  5.5131e-07  4.2626e-07  1:28:50 3313

 Reversed flow on 53 faces (27.5% area) of pressure-outlet 19.

 Reversed flow on 178 faces (35.4% area) of pressure-outlet 18.

  iter  continuity  x-velocity  y-velocity  z-velocity     time/iter
   188  8.9081e-05  6.0910e-07  5.3915e-07  4.1398e-07  1:28:47 3312

 Reversed flow on 53 faces (27.5% area) of pressure-outlet 19.

 Reversed flow on 178 faces (35.4% area) of pressure-outlet 18.
   189  8.6856e-05  5.9710e-07  5.2776e-07  4.0239e-07  1:28:50 3311

 Reversed flow on 53 faces (27.5% area) of pressure-outlet 19.

 Reversed flow on 178 faces (35.4% area) of pressure-outlet 18.
   190  8.4771e-05  5.8598e-07  5.1719e-07  3.9185e-07  1:28:48 3310

 Reversed flow on 53 faces (27.5% area) of pressure-outlet 19.

 Reversed flow on 178 faces (35.4% area) of pressure-outlet 18.
   191  8.2892e-05  5.7577e-07  5.0875e-07  3.8198e-07  1:28:47 3309

 Reversed flow on 53 faces (27.5% area) of pressure-outlet 19.

 Reversed flow on 178 faces (35.4% area) of pressure-outlet 18.
   192  8.1155e-05  5.6763e-07  5.0237e-07  3.7674e-07  1:28:45 3308

 Reversed flow on 53 faces (27.5% area) of pressure-outlet 19.

 Reversed flow on 178 faces (35.4% area) of pressure-outlet 18.
   193  7.9723e-05  5.5955e-07  4.9629e-07  3.6827e-07  1:28:46 3307

 Reversed flow on 53 faces (27.5% area) of pressure-outlet 19.

 Reversed flow on 178 faces (35.4% area) of pressure-outlet 18.
   194  7.8315e-05  5.5291e-07  4.9209e-07  3.5796e-07  1:28:43 3306

 Reversed flow on 53 faces (27.5% area) of pressure-outlet 19.

 Reversed flow on 178 faces (35.4% area) of pressure-outlet 18.
   195  7.7379e-05  5.4933e-07  4.9019e-07  3.4869e-07  1:28:41 3305

 Reversed flow on 53 faces (27.5% area) of pressure-outlet 19.

 Reversed flow on 178 faces (35.4% area) of pressure-outlet 18.
   196  7.6207e-05  5.4604e-07  4.8816e-07  3.3984e-07  1:28:42 3304

 Reversed flow on 53 faces (27.5% area) of pressure-outlet 19.

 Reversed flow on 178 faces (35.4% area) of pressure-outlet 18.
   197  7.5050e-05  5.4296e-07  4.8641e-07  3.3225e-07  1:28:44 3303

 Reversed flow on 53 faces (27.5% area) of pressure-outlet 19.

 Reversed flow on 178 faces (35.4% area) of pressure-outlet 18.
   198  7.4000e-05  5.4112e-07  4.8581e-07  3.2657e-07  1:28:40 3302

 Reversed flow on 53 faces (27.5% area) of pressure-outlet 19.

 Reversed flow on 178 faces (35.4% area) of pressure-outlet 18.

  iter  continuity  x-velocity  y-velocity  z-velocity     time/iter
   199  7.3334e-05  5.4061e-07  4.8615e-07  3.2314e-07  1:28:36 3301

 Reversed flow on 53 faces (27.5% area) of pressure-outlet 19.

 Reversed flow on 178 faces (35.4% area) of pressure-outlet 18.
   200  7.2481e-05  5.3951e-07  4.8648e-07  3.1956e-07  1:28:35 3300

 Reversed flow on 53 faces (27.5% area) of pressure-outlet 19.

 Reversed flow on 178 faces (35.4% area) of pressure-outlet 18.
   201  7.1830e-05  5.3921e-07  4.8692e-07  3.1554e-07  1:28:32 3299

 Reversed flow on 53 faces (27.5% area) of pressure-outlet 19.

 Reversed flow on 178 faces (35.4% area) of pressure-outlet 18.
   202  7.1274e-05  5.4014e-07  4.8716e-07  3.1133e-07  1:28:32 3298

 Reversed flow on 53 faces (27.5% area) of pressure-outlet 19.

 Reversed flow on 178 faces (35.4% area) of pressure-outlet 18.
   203  7.0962e-05  5.4320e-07  4.8851e-07  3.0894e-07  1:28:28 3297

 Reversed flow on 53 faces (27.5% area) of pressure-outlet 19.

 Reversed flow on 178 faces (35.4% area) of pressure-outlet 18.
   204  7.0534e-05  5.4550e-07  4.9203e-07  3.0600e-07  1:28:26 3296

 Reversed flow on 53 faces (27.5% area) of pressure-outlet 19.

 Reversed flow on 178 faces (35.4% area) of pressure-outlet 18.
   205  7.0280e-05  5.4689e-07  4.9498e-07  3.0278e-07  1:28:23 3295

 Reversed flow on 53 faces (27.5% area) of pressure-outlet 19.

 Reversed flow on 178 faces (35.4% area) of pressure-outlet 18.
   206  6.9891e-05  5.4738e-07  4.9695e-07  2.9983e-07  1:28:21 3294

 Reversed flow on 53 faces (27.5% area) of pressure-outlet 19.

 Reversed flow on 178 faces (35.4% area) of pressure-outlet 18.
   207  6.9803e-05  5.4856e-07  4.9897e-07  2.9821e-07  1:28:24 3293

 Reversed flow on 53 faces (27.5% area) of pressure-outlet 19.

 Reversed flow on 178 faces (35.4% area) of pressure-outlet 18.
   208  6.9804e-05  5.5046e-07  5.0285e-07  2.9701e-07  1:28:21 3292

 Reversed flow on 53 faces (27.5% area) of pressure-outlet 19.

 Reversed flow on 178 faces (35.4% area) of pressure-outlet 18.
   209  7.0393e-05  5.5537e-07  5.0806e-07  2.9766e-07  1:28:19 3291

 Reversed flow on 53 faces (27.5% area) of pressure-outlet 19.

 Reversed flow on 178 faces (35.4% area) of pressure-outlet 18.

  iter  continuity  x-velocity  y-velocity  z-velocity     time/iter
   210  7.1102e-05  5.6164e-07  5.1006e-07  2.9998e-07  1:28:16 3290

 Reversed flow on 53 faces (27.5% area) of pressure-outlet 19.

 Reversed flow on 178 faces (35.4% area) of pressure-outlet 18.
   211  7.1745e-05  5.6821e-07  5.1079e-07  3.0397e-07  1:28:18 3289

 Reversed flow on 53 faces (27.5% area) of pressure-outlet 19.

 Reversed flow on 178 faces (35.4% area) of pressure-outlet 18.
   212  7.1868e-05  5.7251e-07  5.1059e-07  3.0754e-07  1:28:19 3288

 Reversed flow on 53 faces (27.5% area) of pressure-outlet 19.

 Reversed flow on 178 faces (35.4% area) of pressure-outlet 18.
   213  7.1698e-05  5.7437e-07  5.0848e-07  3.0967e-07  1:28:21 3287

 Reversed flow on 53 faces (27.5% area) of pressure-outlet 19.

 Reversed flow on 178 faces (35.4% area) of pressure-outlet 18.
   214  7.1401e-05  5.7402e-07  5.0661e-07  3.1036e-07  1:28:18 3286

 Reversed flow on 53 faces (27.5% area) of pressure-outlet 19.

 Reversed flow on 178 faces (35.4% area) of pressure-outlet 18.
   215  7.1189e-05  5.7269e-07  5.0327e-07  3.1013e-07  1:28:14 3285

 Reversed flow on 53 faces (27.5% area) of pressure-outlet 19.

 Reversed flow on 178 faces (35.4% area) of pressure-outlet 18.
   216  7.0697e-05  5.6855e-07  4.9805e-07  3.0857e-07  1:28:13 3284

 Reversed flow on 53 faces (27.5% area) of pressure-outlet 19.

 Reversed flow on 178 faces (35.4% area) of pressure-outlet 18.
   217  7.0322e-05  5.6397e-07  4.9128e-07  3.0629e-07  1:28:09 3283

 Reversed flow on 53 faces (27.5% area) of pressure-outlet 19.

 Reversed flow on 178 faces (35.4% area) of pressure-outlet 18.
   218  7.0059e-05  5.5992e-07  4.8455e-07  3.0410e-07  1:28:09 3282

 Reversed flow on 53 faces (27.5% area) of pressure-outlet 19.

 Reversed flow on 178 faces (35.4% area) of pressure-outlet 18.
   219  6.9886e-05  5.5730e-07  4.7749e-07  3.0203e-07  1:28:06 3281

 Reversed flow on 53 faces (27.5% area) of pressure-outlet 19.

 Reversed flow on 178 faces (35.4% area) of pressure-outlet 18.
   220  6.9350e-05  5.5310e-07  4.7129e-07  2.9939e-07  1:28:02 3280

 Reversed flow on 53 faces (27.5% area) of pressure-outlet 19.

 Reversed flow on 178 faces (35.4% area) of pressure-outlet 18.

  iter  continuity  x-velocity  y-velocity  z-velocity     time/iter
   221  6.8957e-05  5.4849e-07  4.6521e-07  2.9599e-07  1:28:00 3279

 Reversed flow on 53 faces (27.5% area) of pressure-outlet 19.

 Reversed flow on 178 faces (35.4% area) of pressure-outlet 18.
   222  6.8644e-05  5.4285e-07  4.6032e-07  2.9315e-07  1:27:59 3278

 Reversed flow on 53 faces (27.5% area) of pressure-outlet 19.

 Reversed flow on 178 faces (35.4% area) of pressure-outlet 18.
   223  6.8446e-05  5.3689e-07  4.5621e-07  2.9040e-07  1:27:54 3277

 Reversed flow on 53 faces (27.5% area) of pressure-outlet 19.

 Reversed flow on 178 faces (35.4% area) of pressure-outlet 18.
   224  6.8031e-05  5.3055e-07  4.5222e-07  2.8784e-07  1:27:51 3276

 Reversed flow on 53 faces (27.5% area) of pressure-outlet 19.

 Reversed flow on 178 faces (35.4% area) of pressure-outlet 18.
   225  6.7736e-05  5.2444e-07  4.4813e-07  2.8556e-07  1:27:48 3275

 Reversed flow on 53 faces (27.5% area) of pressure-outlet 19.

 Reversed flow on 178 faces (35.4% area) of pressure-outlet 18.
   226  6.7468e-05  5.1825e-07  4.4436e-07  2.8364e-07  1:27:45 3274

 Reversed flow on 53 faces (27.5% area) of pressure-outlet 19.

 Reversed flow on 178 faces (35.4% area) of pressure-outlet 18.
   227  6.7341e-05  5.1187e-07  4.4047e-07  2.8200e-07  1:27:44 3273

 Reversed flow on 53 faces (27.5% area) of pressure-outlet 19.

 Reversed flow on 178 faces (35.4% area) of pressure-outlet 18.
   228  6.6865e-05  5.0490e-07  4.3759e-07  2.8013e-07  1:27:42 3272

 Reversed flow on 53 faces (27.5% area) of pressure-outlet 19.

 Reversed flow on 178 faces (35.4% area) of pressure-outlet 18.
   229  6.6418e-05  4.9806e-07  4.3487e-07  2.7802e-07  1:27:40 3271

 Reversed flow on 53 faces (27.5% area) of pressure-outlet 19.

 Reversed flow on 178 faces (35.4% area) of pressure-outlet 18.
   230  6.6051e-05  4.9164e-07  4.3229e-07  2.7642e-07  1:27:39 3270

 Reversed flow on 53 faces (27.5% area) of pressure-outlet 19.

 Reversed flow on 178 faces (35.4% area) of pressure-outlet 18.
   231  6.5652e-05  4.8557e-07  4.2977e-07  2.7440e-07  1:27:38 3269

 Reversed flow on 53 faces (27.5% area) of pressure-outlet 19.

 Reversed flow on 178 faces (35.4% area) of pressure-outlet 18.

  iter  continuity  x-velocity  y-velocity  z-velocity     time/iter
   232  6.5030e-05  4.7840e-07  4.2666e-07  2.7290e-07  1:27:33 3268

 Reversed flow on 53 faces (27.5% area) of pressure-outlet 19.

 Reversed flow on 178 faces (35.4% area) of pressure-outlet 18.
   233  6.4531e-05  4.7173e-07  4.2333e-07  2.7177e-07  1:27:37 3267

 Reversed flow on 53 faces (27.5% area) of pressure-outlet 19.

 Reversed flow on 178 faces (35.4% area) of pressure-outlet 18.
   234  6.3909e-05  4.6529e-07  4.2028e-07  2.7156e-07  1:27:37 3266

 Reversed flow on 53 faces (27.5% area) of pressure-outlet 19.

 Reversed flow on 178 faces (35.4% area) of pressure-outlet 18.
   235  6.3360e-05  4.5900e-07  4.1663e-07  2.7162e-07  1:27:33 3265

 Reversed flow on 53 faces (27.5% area) of pressure-outlet 19.

 Reversed flow on 178 faces (35.4% area) of pressure-outlet 18.
   236  6.2513e-05  4.5211e-07  4.1293e-07  2.7133e-07  1:28:39 3264

 Reversed flow on 53 faces (27.5% area) of pressure-outlet 19.

 Reversed flow on 178 faces (35.4% area) of pressure-outlet 18.
   237  6.1704e-05  4.4547e-07  4.0928e-07  2.7077e-07  1:28:39 3263

 Reversed flow on 53 faces (27.5% area) of pressure-outlet 19.

 Reversed flow on 178 faces (35.4% area) of pressure-outlet 18.
   238  6.0821e-05  4.3882e-07  4.0497e-07  2.7027e-07  1:28:23 3262

 Reversed flow on 53 faces (27.5% area) of pressure-outlet 19.

 Reversed flow on 178 faces (35.4% area) of pressure-outlet 18.
   239  5.9969e-05  4.3234e-07  3.9885e-07  2.6939e-07  1:28:13 3261

 Reversed flow on 53 faces (27.5% area) of pressure-outlet 19.

 Reversed flow on 178 faces (35.4% area) of pressure-outlet 18.
   240  5.8737e-05  4.2497e-07  3.9338e-07  2.6746e-07  1:28:00 3260

 Reversed flow on 53 faces (27.5% area) of pressure-outlet 19.

 Reversed flow on 178 faces (35.4% area) of pressure-outlet 18.
   241  5.7634e-05  4.1780e-07  3.8934e-07  2.6466e-07  1:27:51 3259

 Reversed flow on 53 faces (27.5% area) of pressure-outlet 19.

 Reversed flow on 178 faces (35.4% area) of pressure-outlet 18.
   242  5.6513e-05  4.1019e-07  3.8494e-07  2.6154e-07  1:27:42 3258

 Reversed flow on 53 faces (27.5% area) of pressure-outlet 19.

 Reversed flow on 178 faces (35.4% area) of pressure-outlet 18.

  iter  continuity  x-velocity  y-velocity  z-velocity     time/iter
   243  5.5554e-05  4.0277e-07  3.7966e-07  2.5811e-07  1:27:34 3257

 Reversed flow on 53 faces (27.5% area) of pressure-outlet 19.

 Reversed flow on 178 faces (35.4% area) of pressure-outlet 18.
   244  5.4389e-05  3.9500e-07  3.7384e-07  2.5447e-07  1:27:35 3256

 Reversed flow on 53 faces (27.5% area) of pressure-outlet 19.

 Reversed flow on 178 faces (35.4% area) of pressure-outlet 18.
   245  5.3634e-05  3.8889e-07  3.7070e-07  2.5090e-07  1:27:28 3255

 Reversed flow on 53 faces (27.5% area) of pressure-outlet 19.

 Reversed flow on 178 faces (35.4% area) of pressure-outlet 18.
   246  5.3253e-05  3.8385e-07  3.6857e-07  2.4781e-07  1:27:25 3254

 Reversed flow on 53 faces (27.5% area) of pressure-outlet 19.

 Reversed flow on 178 faces (35.4% area) of pressure-outlet 18.
   247  5.2924e-05  3.7993e-07  3.6159e-07  2.4632e-07  1:27:21 3253

 Reversed flow on 53 faces (27.5% area) of pressure-outlet 19.

 Reversed flow on 178 faces (35.4% area) of pressure-outlet 18.
   248  5.2179e-05  3.7470e-07  3.5398e-07  2.4538e-07  1:27:16 3252

 Reversed flow on 53 faces (27.5% area) of pressure-outlet 19.

 Reversed flow on 178 faces (35.4% area) of pressure-outlet 18.
   249  5.1149e-05  3.6776e-07  3.4502e-07  2.4276e-07  1:27:13 3251

 Reversed flow on 53 faces (27.5% area) of pressure-outlet 19.

 Reversed flow on 178 faces (35.4% area) of pressure-outlet 18.
   250  4.9907e-05  3.5824e-07  3.3576e-07  2.3860e-07  1:27:09 3250

 Reversed flow on 53 faces (27.5% area) of pressure-outlet 19.

 Reversed flow on 178 faces (35.4% area) of pressure-outlet 18.
   251  4.8695e-05  3.4789e-07  3.2680e-07  2.3349e-07  1:27:07 3249

 Reversed flow on 53 faces (27.5% area) of pressure-outlet 19.

 Reversed flow on 178 faces (35.4% area) of pressure-outlet 18.
   252  4.7284e-05  3.3653e-07  3.1676e-07  2.2716e-07  1:27:03 3248

 Reversed flow on 53 faces (27.5% area) of pressure-outlet 19.

 Reversed flow on 178 faces (35.4% area) of pressure-outlet 18.
   253  4.5859e-05  3.2407e-07  3.0488e-07  2.1976e-07  1:27:01 3247

 Reversed flow on 53 faces (27.5% area) of pressure-outlet 19.

 Reversed flow on 178 faces (35.4% area) of pressure-outlet 18.

  iter  continuity  x-velocity  y-velocity  z-velocity     time/iter
   254  4.4526e-05  3.1169e-07  2.9201e-07  2.1223e-07  1:27:00 3246

 Reversed flow on 53 faces (27.5% area) of pressure-outlet 19.

 Reversed flow on 178 faces (35.4% area) of pressure-outlet 18.
   255  4.3296e-05  3.0088e-07  2.7901e-07  2.0489e-07  1:27:00 3245

 Reversed flow on 53 faces (27.5% area) of pressure-outlet 19.

 Reversed flow on 178 faces (35.4% area) of pressure-outlet 18.
   256  4.1808e-05  2.9075e-07  2.6624e-07  1.9744e-07  1:26:59 3244

 Reversed flow on 53 faces (27.5% area) of pressure-outlet 19.

 Reversed flow on 178 faces (35.4% area) of pressure-outlet 18.
   257  4.0373e-05  2.8126e-07  2.5447e-07  1.9018e-07  1:26:58 3243

 Reversed flow on 53 faces (27.5% area) of pressure-outlet 19.

 Reversed flow on 178 faces (35.4% area) of pressure-outlet 18.
   258  3.8982e-05  2.7209e-07  2.4311e-07  1.8314e-07  1:26:55 3242

 Reversed flow on 53 faces (27.5% area) of pressure-outlet 19.

 Reversed flow on 178 faces (35.4% area) of pressure-outlet 18.
   259  3.7726e-05  2.6299e-07  2.3276e-07  1.7645e-07  1:26:52 3241

 Reversed flow on 53 faces (27.5% area) of pressure-outlet 19.

 Reversed flow on 178 faces (35.4% area) of pressure-outlet 18.
   260  3.6309e-05  2.5392e-07  2.2335e-07  1.6985e-07  1:26:49 3240

 Reversed flow on 53 faces (27.5% area) of pressure-outlet 19.

 Reversed flow on 178 faces (35.4% area) of pressure-outlet 18.
   261  3.4892e-05  2.4487e-07  2.1464e-07  1.6315e-07  1:26:48 3239

 Reversed flow on 53 faces (27.5% area) of pressure-outlet 19.

 Reversed flow on 178 faces (35.4% area) of pressure-outlet 18.
   262  3.3613e-05  2.3584e-07  2.0689e-07  1.5703e-07  1:26:51 3238

 Reversed flow on 53 faces (27.5% area) of pressure-outlet 19.

 Reversed flow on 178 faces (35.4% area) of pressure-outlet 18.
   263  3.2511e-05  2.2699e-07  1.9973e-07  1.5136e-07  1:26:48 3237

 Reversed flow on 53 faces (27.5% area) of pressure-outlet 19.

 Reversed flow on 178 faces (35.4% area) of pressure-outlet 18.
   264  3.1253e-05  2.1824e-07  1.9341e-07  1.4592e-07  1:26:49 3236

 Reversed flow on 53 faces (27.5% area) of pressure-outlet 19.

 Reversed flow on 178 faces (35.4% area) of pressure-outlet 18.

  iter  continuity  x-velocity  y-velocity  z-velocity     time/iter
   265  3.0121e-05  2.1008e-07  1.8872e-07  1.4071e-07  1:26:48 3235

 Reversed flow on 53 faces (27.5% area) of pressure-outlet 19.

 Reversed flow on 178 faces (35.4% area) of pressure-outlet 18.
   266  2.9164e-05  2.0301e-07  1.8547e-07  1.3615e-07  1:26:48 3234

 Reversed flow on 53 faces (27.5% area) of pressure-outlet 19.

 Reversed flow on 178 faces (35.4% area) of pressure-outlet 18.
   267  2.8462e-05  1.9679e-07  1.8295e-07  1.3226e-07  1:26:45 3233

 Reversed flow on 53 faces (27.5% area) of pressure-outlet 19.

 Reversed flow on 178 faces (35.4% area) of pressure-outlet 18.
   268  2.7565e-05  1.9110e-07  1.8078e-07  1.2866e-07  1:30:23 3232

 Reversed flow on 53 faces (27.5% area) of pressure-outlet 19.

 Reversed flow on 178 faces (35.4% area) of pressure-outlet 18.
   269  2.6960e-05  1.8679e-07  1.7895e-07  1.2560e-07  1:29:39 3231

 Reversed flow on 53 faces (27.5% area) of pressure-outlet 19.

 Reversed flow on 178 faces (35.4% area) of pressure-outlet 18.
   270  2.6474e-05  1.8361e-07  1.7772e-07  1.2338e-07  1:29:07 3230

 Reversed flow on 53 faces (27.5% area) of pressure-outlet 19.

 Reversed flow on 178 faces (35.4% area) of pressure-outlet 18.
   271  2.6114e-05  1.8126e-07  1.7673e-07  1.2178e-07  1:28:38 3229

 Reversed flow on 53 faces (27.5% area) of pressure-outlet 19.

 Reversed flow on 178 faces (35.4% area) of pressure-outlet 18.
   272  2.5583e-05  1.7914e-07  1.7537e-07  1.2066e-07  1:28:12 3228

 Reversed flow on 53 faces (27.5% area) of pressure-outlet 19.

 Reversed flow on 178 faces (35.4% area) of pressure-outlet 18.
   273  2.5311e-05  1.7792e-07  1.7478e-07  1.1985e-07  1:27:54 3227

 Reversed flow on 53 faces (27.5% area) of pressure-outlet 19.

 Reversed flow on 178 faces (35.4% area) of pressure-outlet 18.
   274  2.5020e-05  1.7733e-07  1.7422e-07  1.1913e-07  1:27:39 3226

 Reversed flow on 53 faces (27.5% area) of pressure-outlet 19.

 Reversed flow on 178 faces (35.4% area) of pressure-outlet 18.
   275  2.4874e-05  1.7728e-07  1.7323e-07  1.1864e-07  1:27:24 3225

 Reversed flow on 53 faces (27.5% area) of pressure-outlet 19.

 Reversed flow on 178 faces (35.4% area) of pressure-outlet 18.

  iter  continuity  x-velocity  y-velocity  z-velocity     time/iter
   276  2.4421e-05  1.7689e-07  1.7077e-07  1.1791e-07  1:27:12 3224

 Reversed flow on 53 faces (27.5% area) of pressure-outlet 19.

 Reversed flow on 178 faces (35.4% area) of pressure-outlet 18.
   277  2.4060e-05  1.7625e-07  1.7040e-07  1.1662e-07  1:27:00 3223

 Reversed flow on 53 faces (27.5% area) of pressure-outlet 19.

 Reversed flow on 178 faces (35.4% area) of pressure-outlet 18.
   278  2.3801e-05  1.7605e-07  1.7126e-07  1.1516e-07  1:26:51 3222

 Reversed flow on 53 faces (27.5% area) of pressure-outlet 19.

 Reversed flow on 178 faces (35.4% area) of pressure-outlet 18.
   279  2.3630e-05  1.7539e-07  1.7152e-07  1.1373e-07  1:26:43 3221

 Reversed flow on 53 faces (27.5% area) of pressure-outlet 19.

 Reversed flow on 178 faces (35.4% area) of pressure-outlet 18.
   280  2.3085e-05  1.7372e-07  1.7070e-07  1.1191e-07  1:26:38 3220

 Reversed flow on 53 faces (27.5% area) of pressure-outlet 19.

 Reversed flow on 178 faces (35.4% area) of pressure-outlet 18.
   281  2.2799e-05  1.7169e-07  1.7012e-07  1.1030e-07  1:26:41 3219

 Reversed flow on 53 faces (27.5% area) of pressure-outlet 19.

 Reversed flow on 178 faces (35.4% area) of pressure-outlet 18.
   282  2.2878e-05  1.7185e-07  1.7302e-07  1.0912e-07  1:26:36 3218

 Reversed flow on 53 faces (27.5% area) of pressure-outlet 19.

 Reversed flow on 178 faces (35.4% area) of pressure-outlet 18.
   283  2.3319e-05  1.7264e-07  1.7622e-07  1.0892e-07  1:26:32 3217

 Reversed flow on 53 faces (27.5% area) of pressure-outlet 19.

 Reversed flow on 178 faces (35.4% area) of pressure-outlet 18.
   284  2.3332e-05  1.7381e-07  1.7310e-07  1.1016e-07  1:26:26 3216

 Reversed flow on 53 faces (27.5% area) of pressure-outlet 19.

 Reversed flow on 178 faces (35.4% area) of pressure-outlet 18.
   285  2.3237e-05  1.7364e-07  1.7071e-07  1.1160e-07  1:26:21 3215

 Reversed flow on 53 faces (27.5% area) of pressure-outlet 19.

 Reversed flow on 178 faces (35.4% area) of pressure-outlet 18.
   286  2.2799e-05  1.7147e-07  1.6679e-07  1.1163e-07  1:26:17 3214

 Reversed flow on 53 faces (27.5% area) of pressure-outlet 19.

 Reversed flow on 178 faces (35.4% area) of pressure-outlet 18.

  iter  continuity  x-velocity  y-velocity  z-velocity     time/iter
   287  2.2262e-05  1.6750e-07  1.6318e-07  1.1041e-07  1:26:14 3213

 Reversed flow on 53 faces (27.5% area) of pressure-outlet 19.

 Reversed flow on 178 faces (35.4% area) of pressure-outlet 18.
   288  2.1430e-05  1.6210e-07  1.5885e-07  1.0796e-07  1:26:13 3212

 Reversed flow on 53 faces (27.5% area) of pressure-outlet 19.

 Reversed flow on 178 faces (35.4% area) of pressure-outlet 18.
   289  2.0690e-05  1.5603e-07  1.5410e-07  1.0450e-07  1:26:15 3211

 Reversed flow on 53 faces (27.5% area) of pressure-outlet 19.

 Reversed flow on 178 faces (35.4% area) of pressure-outlet 18.
   290  2.0028e-05  1.4959e-07  1.4784e-07  1.0049e-07  1:26:11 3210

 Reversed flow on 53 faces (27.5% area) of pressure-outlet 19.

 Reversed flow on 178 faces (35.4% area) of pressure-outlet 18.
   291  1.9569e-05  1.4339e-07  1.4084e-07  9.6722e-08  1:26:08 3209

 Reversed flow on 53 faces (27.5% area) of pressure-outlet 19.

 Reversed flow on 178 faces (35.4% area) of pressure-outlet 18.
   292  1.8725e-05  1.3830e-07  1.3349e-07  9.2661e-08  1:26:07 3208

 Reversed flow on 53 faces (27.5% area) of pressure-outlet 19.

 Reversed flow on 178 faces (35.4% area) of pressure-outlet 18.
   293  1.8020e-05  1.3411e-07  1.2692e-07  8.8791e-08  1:26:08 3207

 Reversed flow on 53 faces (27.5% area) of pressure-outlet 19.

 Reversed flow on 178 faces (35.4% area) of pressure-outlet 18.
   294  1.7405e-05  1.3042e-07  1.2150e-07  8.5442e-08  1:26:05 3206

 Reversed flow on 53 faces (27.5% area) of pressure-outlet 19.

 Reversed flow on 178 faces (35.4% area) of pressure-outlet 18.
   295  1.6875e-05  1.2707e-07  1.1615e-07  8.2212e-08  1:26:03 3205

 Reversed flow on 53 faces (27.5% area) of pressure-outlet 19.

 Reversed flow on 178 faces (35.4% area) of pressure-outlet 18.
   296  1.6159e-05  1.2328e-07  1.1133e-07  7.8910e-08  1:26:02 3204

 Reversed flow on 53 faces (27.5% area) of pressure-outlet 19.

 Reversed flow on 178 faces (35.4% area) of pressure-outlet 18.
   297  1.5672e-05  1.2000e-07  1.0735e-07  7.6018e-08  1:25:59 3203

 Reversed flow on 53 faces (27.5% area) of pressure-outlet 19.

 Reversed flow on 178 faces (35.4% area) of pressure-outlet 18.

  iter  continuity  x-velocity  y-velocity  z-velocity     time/iter
   298  1.5243e-05  1.1714e-07  1.0403e-07  7.3488e-08  1:25:56 3202

 Reversed flow on 53 faces (27.5% area) of pressure-outlet 19.

 Reversed flow on 178 faces (35.4% area) of pressure-outlet 18.
   299  1.5032e-05  1.1514e-07  1.0140e-07  7.1382e-08  1:25:54 3201

 Reversed flow on 53 faces (27.5% area) of pressure-outlet 19.

 Reversed flow on 178 faces (35.4% area) of pressure-outlet 18.
   300  1.4647e-05  1.1279e-07  9.9091e-08  6.9429e-08  1:25:52 3200

 Reversed flow on 53 faces (27.5% area) of pressure-outlet 19.

 Reversed flow on 178 faces (35.4% area) of pressure-outlet 18.
   301  1.4380e-05  1.1037e-07  9.7434e-08  6.7695e-08  1:25:50 3199

 Reversed flow on 53 faces (27.5% area) of pressure-outlet 19.

 Reversed flow on 178 faces (35.4% area) of pressure-outlet 18.
   302  1.4184e-05  1.0838e-07  9.7075e-08  6.6281e-08  1:25:47 3198

 Reversed flow on 53 faces (27.5% area) of pressure-outlet 19.

 Reversed flow on 178 faces (35.4% area) of pressure-outlet 18.
   303  1.4179e-05  1.0710e-07  9.7700e-08  6.5514e-08  1:25:44 3197

 Reversed flow on 53 faces (27.5% area) of pressure-outlet 19.

 Reversed flow on 178 faces (35.4% area) of pressure-outlet 18.
   304  1.3931e-05  1.0560e-07  9.8591e-08  6.4859e-08  1:25:43 3196

 Reversed flow on 53 faces (27.5% area) of pressure-outlet 19.

 Reversed flow on 178 faces (35.4% area) of pressure-outlet 18.
   305  1.3933e-05  1.0486e-07  9.9487e-08  6.4284e-08  1:25:42 3195

 Reversed flow on 53 faces (27.5% area) of pressure-outlet 19.

 Reversed flow on 178 faces (35.4% area) of pressure-outlet 18.
   306  1.3937e-05  1.0390e-07  1.0046e-07  6.4252e-08  1:25:42 3194

 Reversed flow on 53 faces (27.5% area) of pressure-outlet 19.

 Reversed flow on 178 faces (35.4% area) of pressure-outlet 18.
   307  1.3994e-05  1.0298e-07  1.0188e-07  6.4680e-08  1:25:42 3193

 Reversed flow on 53 faces (27.5% area) of pressure-outlet 19.

 Reversed flow on 178 faces (35.4% area) of pressure-outlet 18.
   308  1.3791e-05  1.0194e-07  1.0309e-07  6.5264e-08  1:25:41 3192

 Reversed flow on 53 faces (27.5% area) of pressure-outlet 19.

 Reversed flow on 178 faces (35.4% area) of pressure-outlet 18.

  iter  continuity  x-velocity  y-velocity  z-velocity     time/iter
   309  1.3798e-05  1.0150e-07  1.0339e-07  6.5962e-08  1:25:46 3191

 Reversed flow on 53 faces (27.5% area) of pressure-outlet 19.

 Reversed flow on 178 faces (35.4% area) of pressure-outlet 18.
   310  1.3785e-05  1.0151e-07  1.0483e-07  6.6833e-08  1:25:43 3190

 Reversed flow on 53 faces (27.5% area) of pressure-outlet 19.

 Reversed flow on 178 faces (35.4% area) of pressure-outlet 18.
   311  1.3908e-05  1.0194e-07  1.0591e-07  6.7821e-08  1:25:41 3189

 Reversed flow on 53 faces (27.5% area) of pressure-outlet 19.

 Reversed flow on 178 faces (35.4% area) of pressure-outlet 18.
   312  1.3733e-05  1.0208e-07  1.0625e-07  6.8587e-08  1:25:35 3188

 Reversed flow on 53 faces (27.5% area) of pressure-outlet 19.

 Reversed flow on 178 faces (35.4% area) of pressure-outlet 18.
   313  1.3589e-05  1.0246e-07  1.0526e-07  6.8898e-08  1:26:58 3187

 Reversed flow on 53 faces (27.5% area) of pressure-outlet 19.

 Reversed flow on 178 faces (35.4% area) of pressure-outlet 18.
   314  1.3518e-05  1.0307e-07  1.0764e-07  6.8860e-08  1:26:40 3186

 Reversed flow on 53 faces (27.5% area) of pressure-outlet 19.

 Reversed flow on 178 faces (35.4% area) of pressure-outlet 18.
   315  1.3622e-05  1.0416e-07  1.1041e-07  6.8862e-08  1:26:26 3185

 Reversed flow on 53 faces (27.5% area) of pressure-outlet 19.

 Reversed flow on 178 faces (35.4% area) of pressure-outlet 18.
   316  1.3346e-05  1.0436e-07  1.1218e-07  6.8568e-08  1:26:14 3184

 Reversed flow on 53 faces (27.5% area) of pressure-outlet 19.

 Reversed flow on 178 faces (35.4% area) of pressure-outlet 18.
   317  1.3305e-05  1.0482e-07  1.1350e-07  6.8329e-08  1:26:06 3183

 Reversed flow on 53 faces (27.5% area) of pressure-outlet 19.

 Reversed flow on 178 faces (35.4% area) of pressure-outlet 18.
   318  1.3539e-05  1.0640e-07  1.1658e-07  6.8767e-08  1:26:03 3182

 Reversed flow on 53 faces (27.5% area) of pressure-outlet 19.

 Reversed flow on 178 faces (35.4% area) of pressure-outlet 18.
   319  1.4255e-05  1.1069e-07  1.2258e-07  6.9965e-08  1:25:53 3181

 Reversed flow on 53 faces (27.5% area) of pressure-outlet 19.

 Reversed flow on 178 faces (35.4% area) of pressure-outlet 18.

  iter  continuity  x-velocity  y-velocity  z-velocity     time/iter
   320  1.4949e-05  1.1525e-07  1.2706e-07  7.2198e-08  1:25:44 3180

 Reversed flow on 53 faces (27.5% area) of pressure-outlet 19.

 Reversed flow on 178 faces (35.4% area) of pressure-outlet 18.
   321  1.5601e-05  1.2076e-07  1.2710e-07  7.6025e-08  1:25:40 3179

 Reversed flow on 53 faces (27.5% area) of pressure-outlet 19.

 Reversed flow on 178 faces (35.4% area) of pressure-outlet 18.
   322  1.5946e-05  1.2462e-07  1.2811e-07  7.9874e-08  1:25:32 3178

 Reversed flow on 53 faces (27.5% area) of pressure-outlet 19.

 Reversed flow on 178 faces (35.4% area) of pressure-outlet 18.
   323  1.6148e-05  1.2663e-07  1.2719e-07  8.2147e-08  1:25:27 3177

 Reversed flow on 53 faces (27.5% area) of pressure-outlet 19.

 Reversed flow on 178 faces (35.4% area) of pressure-outlet 18.
   324  1.5879e-05  1.2593e-07  1.2652e-07  8.2707e-08  1:25:24 3176

 Reversed flow on 53 faces (27.5% area) of pressure-outlet 19.

 Reversed flow on 178 faces (35.4% area) of pressure-outlet 18.
   325  1.5640e-05  1.2414e-07  1.2468e-07  8.2063e-08  1:25:20 3175

 Reversed flow on 53 faces (27.5% area) of pressure-outlet 19.

 Reversed flow on 178 faces (35.4% area) of pressure-outlet 18.
   326  1.5402e-05  1.2121e-07  1.2246e-07  8.0452e-08  1:25:20 3174

 Reversed flow on 53 faces (27.5% area) of pressure-outlet 19.

 Reversed flow on 178 faces (35.4% area) of pressure-outlet 18.
   327  1.5341e-05  1.1787e-07  1.1837e-07  7.8388e-08  1:25:14 3173

 Reversed flow on 53 faces (27.5% area) of pressure-outlet 19.

 Reversed flow on 178 faces (35.4% area) of pressure-outlet 18.
   328  1.4884e-05  1.1363e-07  1.1299e-07  7.5903e-08  1:25:13 3172

 Reversed flow on 53 faces (27.5% area) of pressure-outlet 19.

 Reversed flow on 178 faces (35.4% area) of pressure-outlet 18.
   329  1.4473e-05  1.1108e-07  1.0736e-07  7.3055e-08  1:25:09 3171

 Reversed flow on 53 faces (27.5% area) of pressure-outlet 19.

 Reversed flow on 178 faces (35.4% area) of pressure-outlet 18.
   330  1.4061e-05  1.0875e-07  1.0292e-07  7.0499e-08  1:25:05 3170

 Reversed flow on 53 faces (27.5% area) of pressure-outlet 19.

 Reversed flow on 178 faces (35.4% area) of pressure-outlet 18.

  iter  continuity  x-velocity  y-velocity  z-velocity     time/iter
   331  1.3689e-05  1.0626e-07  9.8731e-08  6.8173e-08  1:25:03 3169

 Reversed flow on 53 faces (27.5% area) of pressure-outlet 19.

 Reversed flow on 178 faces (35.4% area) of pressure-outlet 18.
   332  1.3010e-05  1.0287e-07  9.4258e-08  6.5372e-08  1:25:01 3168

 Reversed flow on 53 faces (27.5% area) of pressure-outlet 19.

 Reversed flow on 178 faces (35.4% area) of pressure-outlet 18.
   333  1.2530e-05  9.9616e-08  9.0527e-08  6.2594e-08  1:25:01 3167

 Reversed flow on 53 faces (27.5% area) of pressure-outlet 19.

 Reversed flow on 178 faces (35.4% area) of pressure-outlet 18.
   334  1.2023e-05  9.6580e-08  8.7369e-08  6.0058e-08  1:24:56 3166

 Reversed flow on 53 faces (27.5% area) of pressure-outlet 19.

 Reversed flow on 178 faces (35.4% area) of pressure-outlet 18.
   335  1.1758e-05  9.3865e-08  8.4898e-08  5.7953e-08  1:24:53 3165

 Reversed flow on 53 faces (27.5% area) of pressure-outlet 19.

 Reversed flow on 178 faces (35.4% area) of pressure-outlet 18.
   336  1.1284e-05  9.0958e-08  8.2775e-08  5.5866e-08  1:24:50 3164

 Reversed flow on 53 faces (27.5% area) of pressure-outlet 19.

 Reversed flow on 178 faces (35.4% area) of pressure-outlet 18.
   337  1.0949e-05  8.8018e-08  8.0601e-08  5.3915e-08  1:24:49 3163

 Reversed flow on 53 faces (27.5% area) of pressure-outlet 19.

 Reversed flow on 178 faces (35.4% area) of pressure-outlet 18.
   338  1.0649e-05  8.5051e-08  7.9749e-08  5.2235e-08  1:24:48 3162

 Reversed flow on 53 faces (27.5% area) of pressure-outlet 19.

 Reversed flow on 178 faces (35.4% area) of pressure-outlet 18.
   339  1.0556e-05  8.2930e-08  8.0111e-08  5.1140e-08  1:24:48 3161

 Reversed flow on 53 faces (27.5% area) of pressure-outlet 19.

 Reversed flow on 178 faces (35.4% area) of pressure-outlet 18.
   340  1.0230e-05  8.0944e-08  8.1043e-08  5.0228e-08  1:24:47 3160

 Reversed flow on 53 faces (27.5% area) of pressure-outlet 19.

 Reversed flow on 178 faces (35.4% area) of pressure-outlet 18.
   341  1.0199e-05  7.9622e-08  8.1956e-08  4.9392e-08  1:24:43 3159

 Reversed flow on 53 faces (27.5% area) of pressure-outlet 19.

 Reversed flow on 178 faces (35.4% area) of pressure-outlet 18.

  iter  continuity  x-velocity  y-velocity  z-velocity     time/iter
   342  1.0314e-05  7.9043e-08  8.3129e-08  4.8986e-08  1:24:44 3158

 Reversed flow on 53 faces (27.5% area) of pressure-outlet 19.

 Reversed flow on 178 faces (35.4% area) of pressure-outlet 18.
   343  1.0540e-05  7.9340e-08  8.4568e-08  4.9369e-08  1:24:43 3157

 Reversed flow on 53 faces (27.5% area) of pressure-outlet 19.

 Reversed flow on 178 faces (35.4% area) of pressure-outlet 18.
   344  1.0574e-05  8.0135e-08  8.6585e-08  5.0059e-08  1:24:40 3156

 Reversed flow on 53 faces (27.5% area) of pressure-outlet 19.

 Reversed flow on 178 faces (35.4% area) of pressure-outlet 18.
   345  1.0825e-05  8.1642e-08  8.8076e-08  5.1053e-08  1:24:43 3155

 Reversed flow on 53 faces (27.5% area) of pressure-outlet 19.

 Reversed flow on 178 faces (35.4% area) of pressure-outlet 18.
   346  1.1064e-05  8.3280e-08  8.9371e-08  5.2381e-08  1:24:41 3154

 Reversed flow on 53 faces (27.5% area) of pressure-outlet 19.

 Reversed flow on 178 faces (35.4% area) of pressure-outlet 18.
   347  1.1437e-05  8.5943e-08  9.1544e-08  5.4053e-08  1:24:39 3153

 Reversed flow on 53 faces (27.5% area) of pressure-outlet 19.

 Reversed flow on 178 faces (35.4% area) of pressure-outlet 18.
   348  1.1537e-05  8.8199e-08  9.3280e-08  5.5510e-08  1:24:37 3152

 Reversed flow on 53 faces (27.5% area) of pressure-outlet 19.

 Reversed flow on 178 faces (35.4% area) of pressure-outlet 18.
   349  1.1652e-05  9.0304e-08  9.3581e-08  5.6627e-08  1:24:35 3151

 Reversed flow on 53 faces (27.5% area) of pressure-outlet 19.

 Reversed flow on 178 faces (35.4% area) of pressure-outlet 18.
   350  1.1715e-05  9.2482e-08  9.3957e-08  5.7483e-08  1:24:32 3150

 Reversed flow on 53 faces (27.5% area) of pressure-outlet 19.

 Reversed flow on 178 faces (35.4% area) of pressure-outlet 18.
   351  1.1900e-05  9.4091e-08  9.7328e-08  5.8168e-08  1:24:31 3149

 Reversed flow on 53 faces (27.5% area) of pressure-outlet 19.

 Reversed flow on 178 faces (35.4% area) of pressure-outlet 18.
   352  1.1679e-05  9.4124e-08  9.9839e-08  5.8149e-08  1:24:29 3148

 Reversed flow on 53 faces (27.5% area) of pressure-outlet 19.

 Reversed flow on 178 faces (35.4% area) of pressure-outlet 18.

  iter  continuity  x-velocity  y-velocity  z-velocity     time/iter
   353  1.1548e-05  9.3811e-08  1.0132e-07  5.7794e-08  1:24:27 3147

 Reversed flow on 53 faces (27.5% area) of pressure-outlet 19.

 Reversed flow on 178 faces (35.4% area) of pressure-outlet 18.
   354  1.1493e-05  9.3517e-08  1.0277e-07  5.7779e-08  1:24:27 3146

 Reversed flow on 53 faces (27.5% area) of pressure-outlet 19.

 Reversed flow on 178 faces (35.4% area) of pressure-outlet 18.
   355  1.1808e-05  9.4792e-08  1.0678e-07  5.8324e-08  1:24:27 3145

 Reversed flow on 53 faces (27.5% area) of pressure-outlet 19.

 Reversed flow on 178 faces (35.4% area) of pressure-outlet 18.
   356  1.2244e-05  9.7065e-08  1.1200e-07  5.9172e-08  1:24:24 3144

 Reversed flow on 53 faces (27.5% area) of pressure-outlet 19.

 Reversed flow on 178 faces (35.4% area) of pressure-outlet 18.
   357  1.2899e-05  1.0047e-07  1.1433e-07  6.1448e-08  1:24:19 3143

 Reversed flow on 53 faces (27.5% area) of pressure-outlet 19.

 Reversed flow on 178 faces (35.4% area) of pressure-outlet 18.
   358  1.3327e-05  1.0436e-07  1.1493e-07  6.5274e-08  1:24:17 3142

 Reversed flow on 53 faces (27.5% area) of pressure-outlet 19.

 Reversed flow on 178 faces (35.4% area) of pressure-outlet 18.
   359  1.3641e-05  1.0706e-07  1.1531e-07  6.8630e-08  1:24:15 3141

 Reversed flow on 53 faces (27.5% area) of pressure-outlet 19.

 Reversed flow on 178 faces (35.4% area) of pressure-outlet 18.
   360  1.3385e-05  1.0707e-07  1.1341e-07  6.9912e-08  1:24:12 3140

 Reversed flow on 53 faces (27.5% area) of pressure-outlet 19.

 Reversed flow on 178 faces (35.4% area) of pressure-outlet 18.
   361  1.3102e-05  1.0559e-07  1.1273e-07  6.9949e-08  1:24:09 3139

 Reversed flow on 53 faces (27.5% area) of pressure-outlet 19.

 Reversed flow on 178 faces (35.4% area) of pressure-outlet 18.
   362  1.2913e-05  1.0384e-07  1.1129e-07  6.9336e-08  1:24:08 3138

 Reversed flow on 53 faces (27.5% area) of pressure-outlet 19.

 Reversed flow on 178 faces (35.4% area) of pressure-outlet 18.
   363  1.2901e-05  1.0160e-07  1.0894e-07  6.7999e-08  1:24:08 3137

 Reversed flow on 53 faces (27.5% area) of pressure-outlet 19.

 Reversed flow on 178 faces (35.4% area) of pressure-outlet 18.

  iter  continuity  x-velocity  y-velocity  z-velocity     time/iter
   364  1.2610e-05  9.8569e-08  1.0426e-07  6.5896e-08  1:24:10 3136

 Reversed flow on 53 faces (27.5% area) of pressure-outlet 19.

 Reversed flow on 178 faces (35.4% area) of pressure-outlet 18.
   365  1.2422e-05  9.6230e-08  9.9273e-08  6.3715e-08  1:24:10 3135

 Reversed flow on 53 faces (27.5% area) of pressure-outlet 19.

 Reversed flow on 178 faces (35.4% area) of pressure-outlet 18.
   366  1.2190e-05  9.5562e-08  9.4748e-08  6.1646e-08  1:24:09 3134

 Reversed flow on 53 faces (27.5% area) of pressure-outlet 19.

 Reversed flow on 178 faces (35.4% area) of pressure-outlet 18.
   367  1.2051e-05  9.5153e-08  9.1192e-08  5.9963e-08  1:24:09 3133

 Reversed flow on 53 faces (27.5% area) of pressure-outlet 19.

 Reversed flow on 178 faces (35.4% area) of pressure-outlet 18.
   368  1.1623e-05  9.3779e-08  8.7115e-08  5.7949e-08  1:24:10 3132

 Reversed flow on 53 faces (27.5% area) of pressure-outlet 19.

 Reversed flow on 178 faces (35.4% area) of pressure-outlet 18.
   369  1.1310e-05  9.2181e-08  8.3333e-08  5.5772e-08  1:24:11 3131

 Reversed flow on 53 faces (27.5% area) of pressure-outlet 19.

 Reversed flow on 178 faces (35.4% area) of pressure-outlet 18.
   370  1.0966e-05  9.0206e-08  8.0543e-08  5.3867e-08  1:24:07 3130

 Reversed flow on 53 faces (27.5% area) of pressure-outlet 19.

 Reversed flow on 178 faces (35.4% area) of pressure-outlet 18.
   371  1.0806e-05  8.8451e-08  7.8273e-08  5.2309e-08  1:24:04 3129

 Reversed flow on 53 faces (27.5% area) of pressure-outlet 19.

 Reversed flow on 178 faces (35.4% area) of pressure-outlet 18.
   372  1.0441e-05  8.6138e-08  7.6327e-08  5.0692e-08  1:24:02 3128

 Reversed flow on 53 faces (27.5% area) of pressure-outlet 19.

 Reversed flow on 178 faces (35.4% area) of pressure-outlet 18.
   373  1.0164e-05  8.3690e-08  7.4158e-08  4.8907e-08  1:24:00 3127

 Reversed flow on 53 faces (27.5% area) of pressure-outlet 19.

 Reversed flow on 178 faces (35.4% area) of pressure-outlet 18.
   374  9.9173e-06  8.0926e-08  7.2322e-08  4.7418e-08  1:23:58 3126

 Reversed flow on 53 faces (27.5% area) of pressure-outlet 19.

 Reversed flow on 178 faces (35.4% area) of pressure-outlet 18.

  iter  continuity  x-velocity  y-velocity  z-velocity     time/iter
   375  9.7912e-06  7.8517e-08  7.2200e-08  4.6306e-08  1:23:54 3125

 Reversed flow on 53 faces (27.5% area) of pressure-outlet 19.

 Reversed flow on 178 faces (35.4% area) of pressure-outlet 18.
   376  9.3694e-06  7.5830e-08  7.2711e-08  4.5225e-08  1:23:54 3124

 Reversed flow on 53 faces (27.5% area) of pressure-outlet 19.

 Reversed flow on 178 faces (35.4% area) of pressure-outlet 18.
   377  9.2006e-06  7.3385e-08  7.3405e-08  4.4248e-08  1:23:51 3123

 Reversed flow on 53 faces (27.5% area) of pressure-outlet 19.

 Reversed flow on 178 faces (35.4% area) of pressure-outlet 18.
   378  9.1563e-06  7.1761e-08  7.4455e-08  4.3574e-08  1:23:52 3122

 Reversed flow on 53 faces (27.5% area) of pressure-outlet 19.

 Reversed flow on 178 faces (35.4% area) of pressure-outlet 18.
   379  9.2520e-06  7.1144e-08  7.5750e-08  4.3331e-08  1:23:48 3121

 Reversed flow on 53 faces (27.5% area) of pressure-outlet 19.

 Reversed flow on 178 faces (35.4% area) of pressure-outlet 18.
   380  9.1465e-06  7.0691e-08  7.7396e-08  4.3310e-08  1:23:46 3120

 Reversed flow on 53 faces (27.5% area) of pressure-outlet 19.

 Reversed flow on 178 faces (35.4% area) of pressure-outlet 18.
   381  9.2583e-06  7.0894e-08  7.9294e-08  4.3668e-08  1:23:43 3119

 Reversed flow on 53 faces (27.5% area) of pressure-outlet 19.

 Reversed flow on 178 faces (35.4% area) of pressure-outlet 18.
   382  9.3413e-06  7.1505e-08  8.0729e-08  4.4538e-08  1:23:38 3118

 Reversed flow on 53 faces (27.5% area) of pressure-outlet 19.

 Reversed flow on 178 faces (35.4% area) of pressure-outlet 18.
   383  9.6279e-06  7.2941e-08  8.2726e-08  4.5939e-08  1:23:39 3117

 Reversed flow on 53 faces (27.5% area) of pressure-outlet 19.

 Reversed flow on 178 faces (35.4% area) of pressure-outlet 18.
   384  9.6788e-06  7.4688e-08  8.5069e-08  4.7368e-08  1:23:35 3116

 Reversed flow on 53 faces (27.5% area) of pressure-outlet 19.

 Reversed flow on 178 faces (35.4% area) of pressure-outlet 18.
   385  9.8213e-06  7.6531e-08  8.6487e-08  4.8500e-08  1:23:33 3115

 Reversed flow on 53 faces (27.5% area) of pressure-outlet 19.

 Reversed flow on 178 faces (35.4% area) of pressure-outlet 18.

  iter  continuity  x-velocity  y-velocity  z-velocity     time/iter
   386  9.9485e-06  7.8588e-08  8.6690e-08  4.9667e-08  1:23:31 3114

 Reversed flow on 53 faces (27.5% area) of pressure-outlet 19.

 Reversed flow on 178 faces (35.4% area) of pressure-outlet 18.
   387  1.0240e-05  8.1150e-08  8.8429e-08  5.0831e-08  1:23:31 3113

 Reversed flow on 53 faces (27.5% area) of pressure-outlet 19.

 Reversed flow on 178 faces (35.4% area) of pressure-outlet 18.
   388  1.0255e-05  8.3325e-08  9.1847e-08  5.1349e-08  1:23:31 3112

 Reversed flow on 53 faces (27.5% area) of pressure-outlet 19.

 Reversed flow on 178 faces (35.4% area) of pressure-outlet 18.
   389  1.0420e-05  8.5283e-08  9.4496e-08  5.1564e-08  1:23:30 3111

 Reversed flow on 53 faces (27.5% area) of pressure-outlet 19.

 Reversed flow on 178 faces (35.4% area) of pressure-outlet 18.
   390  1.0591e-05  8.7347e-08  9.6775e-08  5.1962e-08  1:23:27 3110

 Reversed flow on 53 faces (27.5% area) of pressure-outlet 19.

 Reversed flow on 178 faces (35.4% area) of pressure-outlet 18.
   391  1.0909e-05  8.9468e-08  9.9268e-08  5.2930e-08  1:23:26 3109

 Reversed flow on 53 faces (27.5% area) of pressure-outlet 19.

 Reversed flow on 178 faces (35.4% area) of pressure-outlet 18.
   392  1.1272e-05  9.2796e-08  1.0425e-07  5.3784e-08  1:23:25 3108

 Reversed flow on 53 faces (27.5% area) of pressure-outlet 19.

 Reversed flow on 178 faces (35.4% area) of pressure-outlet 18.
   393  1.2155e-05  9.7468e-08  1.1015e-07  5.5451e-08  1:23:26 3107

 Reversed flow on 53 faces (27.5% area) of pressure-outlet 19.

 Reversed flow on 178 faces (35.4% area) of pressure-outlet 18.
   394  1.2912e-05  1.0340e-07  1.1205e-07  5.8991e-08  1:23:24 3106

 Reversed flow on 53 faces (27.5% area) of pressure-outlet 19.

 Reversed flow on 178 faces (35.4% area) of pressure-outlet 18.
   395  1.3621e-05  1.0905e-07  1.1361e-07  6.3718e-08  1:23:23 3105

 Reversed flow on 53 faces (27.5% area) of pressure-outlet 19.

 Reversed flow on 178 faces (35.4% area) of pressure-outlet 18.
   396  1.3657e-05  1.1089e-07  1.1341e-07  6.6789e-08  1:23:21 3104

 Reversed flow on 53 faces (27.5% area) of pressure-outlet 19.

 Reversed flow on 178 faces (35.4% area) of pressure-outlet 18.

  iter  continuity  x-velocity  y-velocity  z-velocity     time/iter
   397  1.3421e-05  1.1013e-07  1.1180e-07  6.7886e-08  1:23:18 3103

 Reversed flow on 53 faces (27.5% area) of pressure-outlet 19.

 Reversed flow on 178 faces (35.4% area) of pressure-outlet 18.
   398  1.3148e-05  1.0814e-07  1.1114e-07  6.8019e-08  1:23:19 3102

 Reversed flow on 53 faces (27.5% area) of pressure-outlet 19.

 Reversed flow on 178 faces (35.4% area) of pressure-outlet 18.
   399  1.3029e-05  1.0557e-07  1.0973e-07  6.7325e-08  1:23:47 3101

 Reversed flow on 53 faces (27.5% area) of pressure-outlet 19.

 Reversed flow on 178 faces (35.4% area) of pressure-outlet 18.
   400  1.2571e-05  1.0117e-07  1.0603e-07  6.5267e-08  1:23:38 3100

 Reversed flow on 53 faces (27.5% area) of pressure-outlet 19.

 Reversed flow on 178 faces (35.4% area) of pressure-outlet 18.
   401  1.2313e-05  9.6584e-08  1.0079e-07  6.2799e-08  1:23:34 3099

 Reversed flow on 53 faces (27.5% area) of pressure-outlet 19.

 Reversed flow on 178 faces (35.4% area) of pressure-outlet 18.
   402  1.2003e-05  9.3295e-08  9.5874e-08  6.0422e-08  1:23:30 3098

 Reversed flow on 53 faces (27.5% area) of pressure-outlet 19.

 Reversed flow on 178 faces (35.4% area) of pressure-outlet 18.
   403  1.1695e-05  9.1278e-08  9.1140e-08  5.8184e-08  1:23:23 3097

 Reversed flow on 53 faces (27.5% area) of pressure-outlet 19.

 Reversed flow on 178 faces (35.4% area) of pressure-outlet 18.
   404  1.1146e-05  8.8959e-08  8.6836e-08  5.5756e-08  1:23:18 3096

 Reversed flow on 53 faces (27.5% area) of pressure-outlet 19.

 Reversed flow on 178 faces (35.4% area) of pressure-outlet 18.
   405  1.0719e-05  8.6743e-08  8.2309e-08  5.3159e-08  1:23:14 3095

 Reversed flow on 53 faces (27.5% area) of pressure-outlet 19.

 Reversed flow on 178 faces (35.4% area) of pressure-outlet 18.
   406  1.0253e-05  8.4274e-08  7.8544e-08  5.0711e-08  1:23:09 3094

 Reversed flow on 53 faces (27.5% area) of pressure-outlet 19.

 Reversed flow on 178 faces (35.4% area) of pressure-outlet 18.
   407  1.0033e-05  8.2389e-08  7.5875e-08  4.8774e-08  1:23:06 3093

 Reversed flow on 53 faces (27.5% area) of pressure-outlet 19.

 Reversed flow on 178 faces (35.4% area) of pressure-outlet 18.

  iter  continuity  x-velocity  y-velocity  z-velocity     time/iter
   408  9.6682e-06  8.0540e-08  7.3483e-08  4.6901e-08  1:23:01 3092

 Reversed flow on 53 faces (27.5% area) of pressure-outlet 19.

 Reversed flow on 178 faces (35.4% area) of pressure-outlet 18.
   409  9.4439e-06  7.9076e-08  7.1256e-08  4.4974e-08  1:22:59 3091

 Reversed flow on 53 faces (27.5% area) of pressure-outlet 19.

 Reversed flow on 178 faces (35.4% area) of pressure-outlet 18.
   410  9.2824e-06  7.7623e-08  6.9446e-08  4.3392e-08  1:22:56 3090

 Reversed flow on 53 faces (27.5% area) of pressure-outlet 19.

 Reversed flow on 178 faces (35.4% area) of pressure-outlet 18.
   411  9.2924e-06  7.6526e-08  6.8523e-08  4.2441e-08  1:22:56 3089

 Reversed flow on 53 faces (27.5% area) of pressure-outlet 19.

 Reversed flow on 178 faces (35.4% area) of pressure-outlet 18.
   412  9.0045e-06  7.5180e-08  6.8744e-08  4.1466e-08  1:22:52 3088

 Reversed flow on 53 faces (27.5% area) of pressure-outlet 19.

 Reversed flow on 178 faces (35.4% area) of pressure-outlet 18.
   413  8.9383e-06  7.4153e-08  6.9524e-08  4.0646e-08  1:22:53 3087

 Reversed flow on 53 faces (27.5% area) of pressure-outlet 19.

 Reversed flow on 178 faces (35.4% area) of pressure-outlet 18.
   414  8.9749e-06  7.3334e-08  7.0790e-08  4.0231e-08  1:22:51 3086

 Reversed flow on 53 faces (27.5% area) of pressure-outlet 19.

 Reversed flow on 178 faces (35.4% area) of pressure-outlet 18.
   415  9.1396e-06  7.3084e-08  7.2309e-08  4.0185e-08  1:22:49 3085

 Reversed flow on 53 faces (27.5% area) of pressure-outlet 19.

 Reversed flow on 178 faces (35.4% area) of pressure-outlet 18.
   416  9.1275e-06  7.2893e-08  7.4030e-08  4.0413e-08  1:22:48 3084

 Reversed flow on 53 faces (27.5% area) of pressure-outlet 19.

 Reversed flow on 178 faces (35.4% area) of pressure-outlet 18.
   417  9.3078e-06  7.3132e-08  7.5919e-08  4.1010e-08  1:22:49 3083

 Reversed flow on 53 faces (27.5% area) of pressure-outlet 19.

 Reversed flow on 178 faces (35.4% area) of pressure-outlet 18.
   418  9.4233e-06  7.3659e-08  7.7667e-08  4.1867e-08  1:22:46 3082

 Reversed flow on 53 faces (27.5% area) of pressure-outlet 19.

 Reversed flow on 178 faces (35.4% area) of pressure-outlet 18.

  iter  continuity  x-velocity  y-velocity  z-velocity     time/iter
   419  9.6868e-06  7.4860e-08  7.9131e-08  4.3329e-08  1:22:44 3081

 Reversed flow on 53 faces (27.5% area) of pressure-outlet 19.

 Reversed flow on 178 faces (35.4% area) of pressure-outlet 18.
   420  9.7249e-06  7.6222e-08  8.1481e-08  4.4893e-08  1:22:41 3080

 Reversed flow on 53 faces (27.5% area) of pressure-outlet 19.

 Reversed flow on 178 faces (35.4% area) of pressure-outlet 18.
   421  9.8072e-06  7.7475e-08  8.3200e-08  4.6121e-08  1:22:39 3079

 Reversed flow on 53 faces (27.5% area) of pressure-outlet 19.

 Reversed flow on 178 faces (35.4% area) of pressure-outlet 18.
   422  9.8921e-06  7.8742e-08  8.4338e-08  4.7288e-08  1:22:36 3078

 Reversed flow on 53 faces (27.5% area) of pressure-outlet 19.

 Reversed flow on 178 faces (35.4% area) of pressure-outlet 18.
   423  1.0072e-05  8.0759e-08  8.4448e-08  4.8600e-08  1:22:35 3077

 Reversed flow on 53 faces (27.5% area) of pressure-outlet 19.

 Reversed flow on 178 faces (35.4% area) of pressure-outlet 18.
   424  9.8675e-06  8.1499e-08  8.6676e-08  4.9209e-08  1:22:33 3076

 Reversed flow on 53 faces (27.5% area) of pressure-outlet 19.

 Reversed flow on 178 faces (35.4% area) of pressure-outlet 18.
   425  9.9053e-06  8.2418e-08  8.9519e-08  4.9004e-08  1:22:31 3075

 Reversed flow on 53 faces (27.5% area) of pressure-outlet 19.

 Reversed flow on 178 faces (35.4% area) of pressure-outlet 18.
   426  9.9441e-06  8.2988e-08  9.2096e-08  4.9019e-08  1:22:31 3074

 Reversed flow on 53 faces (27.5% area) of pressure-outlet 19.

 Reversed flow on 178 faces (35.4% area) of pressure-outlet 18.
   427  1.0035e-05  8.3831e-08  9.4293e-08  4.9429e-08  1:26:06 3073

 Reversed flow on 53 faces (27.5% area) of pressure-outlet 19.

 Reversed flow on 178 faces (35.4% area) of pressure-outlet 18.
   428  1.0004e-05  8.4143e-08  9.6605e-08  5.0059e-08  1:25:22 3072

 Reversed flow on 53 faces (27.5% area) of pressure-outlet 19.

 Reversed flow on 178 faces (35.4% area) of pressure-outlet 18.
   429  1.0516e-05  8.7182e-08  1.0215e-07  5.0868e-08  1:24:43 3071

 Reversed flow on 53 faces (27.5% area) of pressure-outlet 19.

 Reversed flow on 178 faces (35.4% area) of pressure-outlet 18.

  iter  continuity  x-velocity  y-velocity  z-velocity     time/iter
   430  1.1317e-05  9.1418e-08  1.0837e-07  5.2936e-08  1:24:17 3070

 Reversed flow on 53 faces (27.5% area) of pressure-outlet 19.

 Reversed flow on 178 faces (35.4% area) of pressure-outlet 18.
   431  1.2176e-05  9.7430e-08  1.0908e-07  5.7219e-08  1:23:53 3069

 Reversed flow on 53 faces (27.5% area) of pressure-outlet 19.

 Reversed flow on 178 faces (35.4% area) of pressure-outlet 18.
   432  1.2569e-05  1.0162e-07  1.1029e-07  6.1455e-08  1:23:34 3068

 Reversed flow on 53 faces (27.5% area) of pressure-outlet 19.

 Reversed flow on 178 faces (35.4% area) of pressure-outlet 18.
   433  1.2720e-05  1.0379e-07  1.0939e-07  6.4037e-08  1:23:17 3067

 Reversed flow on 53 faces (27.5% area) of pressure-outlet 19.

 Reversed flow on 178 faces (35.4% area) of pressure-outlet 18.
   434  1.2684e-05  1.0443e-07  1.0887e-07  6.5345e-08  1:23:06 3066

 Reversed flow on 53 faces (27.5% area) of pressure-outlet 19.

 Reversed flow on 178 faces (35.4% area) of pressure-outlet 18.
   435  1.2794e-05  1.0446e-07  1.0815e-07  6.5870e-08  1:22:57 3065

 Reversed flow on 53 faces (27.5% area) of pressure-outlet 19.

 Reversed flow on 178 faces (35.4% area) of pressure-outlet 18.
   436  1.2526e-05  1.0260e-07  1.0641e-07  6.4971e-08  1:22:47 3064

 Reversed flow on 53 faces (27.5% area) of pressure-outlet 19.

 Reversed flow on 178 faces (35.4% area) of pressure-outlet 18.
   437  1.2425e-05  1.0037e-07  1.0239e-07  6.3106e-08  1:22:40 3063

 Reversed flow on 53 faces (27.5% area) of pressure-outlet 19.

 Reversed flow on 178 faces (35.4% area) of pressure-outlet 18.
   438  1.2372e-05  9.8006e-08  9.7842e-08  6.1380e-08  1:22:33 3062

 Reversed flow on 53 faces (27.5% area) of pressure-outlet 19.

 Reversed flow on 178 faces (35.4% area) of pressure-outlet 18.
   439  1.2281e-05  9.7366e-08  9.3200e-08  5.9556e-08  1:22:25 3061

 Reversed flow on 53 faces (27.5% area) of pressure-outlet 19.

 Reversed flow on 178 faces (35.4% area) of pressure-outlet 18.
   440  1.1819e-05  9.6176e-08  8.8657e-08  5.7362e-08  1:22:20 3060

 Reversed flow on 53 faces (27.5% area) of pressure-outlet 19.

 Reversed flow on 178 faces (35.4% area) of pressure-outlet 18.

  iter  continuity  x-velocity  y-velocity  z-velocity     time/iter
   441  1.1447e-05  9.4167e-08  8.4658e-08  5.5152e-08  1:22:15 3059

 Reversed flow on 53 faces (27.5% area) of pressure-outlet 19.

 Reversed flow on 178 faces (35.4% area) of pressure-outlet 18.
   442  1.0941e-05  9.1386e-08  8.0603e-08  5.2764e-08  1:22:13 3058

 Reversed flow on 53 faces (27.5% area) of pressure-outlet 19.

 Reversed flow on 178 faces (35.4% area) of pressure-outlet 18.
   443  1.0600e-05  8.8547e-08  7.7219e-08  5.0488e-08  1:22:10 3057

 Reversed flow on 53 faces (27.5% area) of pressure-outlet 19.

 Reversed flow on 178 faces (35.4% area) of pressure-outlet 18.
   444  1.0048e-05  8.5306e-08  7.4346e-08  4.8205e-08  1:22:09 3056

 Reversed flow on 53 faces (27.5% area) of pressure-outlet 19.

 Reversed flow on 178 faces (35.4% area) of pressure-outlet 18.
   445  9.6806e-06  8.2220e-08  7.1639e-08  4.6002e-08  1:22:07 3055

 Reversed flow on 53 faces (27.5% area) of pressure-outlet 19.

 Reversed flow on 178 faces (35.4% area) of pressure-outlet 18.
   446  9.3488e-06  7.9182e-08  6.9409e-08  4.3907e-08  1:22:02 3054

 Reversed flow on 53 faces (27.5% area) of pressure-outlet 19.

 Reversed flow on 178 faces (35.4% area) of pressure-outlet 18.
   447  9.1996e-06  7.6488e-08  6.7747e-08  4.2424e-08  1:21:59 3053

 Reversed flow on 53 faces (27.5% area) of pressure-outlet 19.

 Reversed flow on 178 faces (35.4% area) of pressure-outlet 18.
   448  8.7265e-06  7.3449e-08  6.6821e-08  4.0928e-08  1:21:57 3052

 Reversed flow on 53 faces (27.5% area) of pressure-outlet 19.

 Reversed flow on 178 faces (35.4% area) of pressure-outlet 18.
   449  8.4730e-06  7.1057e-08  6.6774e-08  3.9502e-08  1:21:53 3051

 Reversed flow on 53 faces (27.5% area) of pressure-outlet 19.

 Reversed flow on 178 faces (35.4% area) of pressure-outlet 18.
   450  8.3165e-06  6.9142e-08  6.7665e-08  3.8555e-08  1:21:52 3050

 Reversed flow on 53 faces (27.5% area) of pressure-outlet 19.

 Reversed flow on 178 faces (35.4% area) of pressure-outlet 18.
   451  8.3422e-06  6.7986e-08  6.9063e-08  3.8158e-08  1:21:50 3049

 Reversed flow on 53 faces (27.5% area) of pressure-outlet 19.

 Reversed flow on 178 faces (35.4% area) of pressure-outlet 18.

  iter  continuity  x-velocity  y-velocity  z-velocity     time/iter
   452  8.2799e-06  6.7387e-08  7.0758e-08  3.7985e-08  1:21:47 3048

 Reversed flow on 53 faces (27.5% area) of pressure-outlet 19.

 Reversed flow on 178 faces (35.4% area) of pressure-outlet 18.
   453  8.5004e-06  6.7892e-08  7.2485e-08  3.8326e-08  1:21:45 3047

 Reversed flow on 53 faces (27.5% area) of pressure-outlet 19.

 Reversed flow on 178 faces (35.4% area) of pressure-outlet 18.
   454  8.7005e-06  6.8964e-08  7.4606e-08  3.9084e-08  1:21:44 3046

 Reversed flow on 53 faces (27.5% area) of pressure-outlet 19.

 Reversed flow on 178 faces (35.4% area) of pressure-outlet 18.
   455  9.0602e-06  7.0930e-08  7.6772e-08  4.0583e-08  1:21:43 3045

 Reversed flow on 53 faces (27.5% area) of pressure-outlet 19.

 Reversed flow on 178 faces (35.4% area) of pressure-outlet 18.
   456  9.2229e-06  7.3047e-08  7.8683e-08  4.2387e-08  1:21:43 3044

 Reversed flow on 53 faces (27.5% area) of pressure-outlet 19.

 Reversed flow on 178 faces (35.4% area) of pressure-outlet 18.
   457  9.4933e-06  7.5604e-08  8.1259e-08  4.4084e-08  1:21:40 3043

 Reversed flow on 53 faces (27.5% area) of pressure-outlet 19.

 Reversed flow on 178 faces (35.4% area) of pressure-outlet 18.
   458  9.7627e-06  7.8015e-08  8.3232e-08  4.5732e-08  1:21:36 3042

 Reversed flow on 53 faces (27.5% area) of pressure-outlet 19.

 Reversed flow on 178 faces (35.4% area) of pressure-outlet 18.
   459  1.0122e-05  8.0727e-08  8.4622e-08  4.7603e-08  1:21:35 3041

 Reversed flow on 53 faces (27.5% area) of pressure-outlet 19.

 Reversed flow on 178 faces (35.4% area) of pressure-outlet 18.
   460  1.0068e-05  8.2779e-08  8.4846e-08  4.8897e-08  1:21:34 3040

 Reversed flow on 53 faces (27.5% area) of pressure-outlet 19.

 Reversed flow on 178 faces (35.4% area) of pressure-outlet 18.
   461  1.0202e-05  8.4493e-08  8.7942e-08  4.9556e-08  1:21:31 3039

 Reversed flow on 53 faces (27.5% area) of pressure-outlet 19.

 Reversed flow on 178 faces (35.4% area) of pressure-outlet 18.
   462  1.0354e-05  8.5852e-08  9.1161e-08  4.9966e-08  1:21:41 3038

 Reversed flow on 53 faces (27.5% area) of pressure-outlet 19.

 Reversed flow on 178 faces (35.4% area) of pressure-outlet 18.

  iter  continuity  x-velocity  y-velocity  z-velocity     time/iter
   463  1.0474e-05  8.7044e-08  9.3540e-08  5.0376e-08  1:21:40 3037

 Reversed flow on 53 faces (27.5% area) of pressure-outlet 19.

 Reversed flow on 178 faces (35.4% area) of pressure-outlet 18.
   464  1.0328e-05  8.7339e-08  9.5202e-08  5.0539e-08  1:21:36 3036

 Reversed flow on 53 faces (27.5% area) of pressure-outlet 19.

 Reversed flow on 178 faces (35.4% area) of pressure-outlet 18.
   465  1.0523e-05  8.8263e-08  9.8238e-08  5.0968e-08  1:21:34 3035

 Reversed flow on 53 faces (27.5% area) of pressure-outlet 19.

 Reversed flow on 178 faces (35.4% area) of pressure-outlet 18.
   466  1.1035e-05  9.1084e-08  1.0395e-07  5.1936e-08  1:21:32 3034

 Reversed flow on 53 faces (27.5% area) of pressure-outlet 19.

 Reversed flow on 178 faces (35.4% area) of pressure-outlet 18.
   467  1.1908e-05  9.5110e-08  1.0840e-07  5.4383e-08  1:21:33 3033

 Reversed flow on 53 faces (27.5% area) of pressure-outlet 19.

 Reversed flow on 178 faces (35.4% area) of pressure-outlet 18.
   468  1.2337e-05  9.9528e-08  1.0844e-07  5.8144e-08  1:21:29 3032

 Reversed flow on 53 faces (27.5% area) of pressure-outlet 19.

 Reversed flow on 178 faces (35.4% area) of pressure-outlet 18.
   469  1.2524e-05  1.0217e-07  1.0869e-07  6.1462e-08  1:21:24 3031

 Reversed flow on 53 faces (27.5% area) of pressure-outlet 19.

 Reversed flow on 178 faces (35.4% area) of pressure-outlet 18.
   470  1.2477e-05  1.0301e-07  1.0749e-07  6.3275e-08  1:21:23 3030

 Reversed flow on 53 faces (27.5% area) of pressure-outlet 19.

 Reversed flow on 178 faces (35.4% area) of pressure-outlet 18.
   471  1.2441e-05  1.0252e-07  1.0739e-07  6.4094e-08  1:21:20 3029

 Reversed flow on 53 faces (27.5% area) of pressure-outlet 19.

 Reversed flow on 178 faces (35.4% area) of pressure-outlet 18.
   472  1.2031e-05  1.0033e-07  1.0571e-07  6.3522e-08  1:21:18 3028

 Reversed flow on 53 faces (27.5% area) of pressure-outlet 19.

 Reversed flow on 178 faces (35.4% area) of pressure-outlet 18.
   473  1.1769e-05  9.7132e-08  1.0324e-07  6.1882e-08  1:21:14 3027

 Reversed flow on 53 faces (27.5% area) of pressure-outlet 19.

 Reversed flow on 178 faces (35.4% area) of pressure-outlet 18.

  iter  continuity  x-velocity  y-velocity  z-velocity     time/iter
   474  1.1629e-05  9.4075e-08  9.9364e-08  5.9975e-08  1:21:13 3026

 Reversed flow on 53 faces (27.5% area) of pressure-outlet 19.

 Reversed flow on 178 faces (35.4% area) of pressure-outlet 18.
   475  1.1550e-05  9.1412e-08  9.4938e-08  5.8224e-08  1:21:14 3025

 Reversed flow on 53 faces (27.5% area) of pressure-outlet 19.

 Reversed flow on 178 faces (35.4% area) of pressure-outlet 18.
   476  1.1156e-05  8.9806e-08  8.9941e-08  5.5963e-08  1:21:12 3024

 Reversed flow on 53 faces (27.5% area) of pressure-outlet 19.

 Reversed flow on 178 faces (35.4% area) of pressure-outlet 18.
   477  1.0927e-05  8.8649e-08  8.5839e-08  5.3882e-08  1:21:12 3023

 Reversed flow on 53 faces (27.5% area) of pressure-outlet 19.

 Reversed flow on 178 faces (35.4% area) of pressure-outlet 18.
   478  1.0643e-05  8.7432e-08  8.2093e-08  5.1919e-08  1:21:08 3022

 Reversed flow on 53 faces (27.5% area) of pressure-outlet 19.

 Reversed flow on 178 faces (35.4% area) of pressure-outlet 18.
   479  1.0488e-05  8.6488e-08  7.8584e-08  5.0081e-08  1:21:06 3021

 Reversed flow on 53 faces (27.5% area) of pressure-outlet 19.

 Reversed flow on 178 faces (35.4% area) of pressure-outlet 18.
   480  1.0143e-05  8.4972e-08  7.5734e-08  4.8273e-08  1:21:05 3020

 Reversed flow on 53 faces (27.5% area) of pressure-outlet 19.

 Reversed flow on 178 faces (35.4% area) of pressure-outlet 18.
   481  9.8881e-06  8.3491e-08  7.2921e-08  4.6410e-08  1:21:01 3019

 Reversed flow on 53 faces (27.5% area) of pressure-outlet 19.

 Reversed flow on 178 faces (35.4% area) of pressure-outlet 18.
   482  9.7404e-06  8.2207e-08  7.0918e-08  4.4873e-08  1:21:02 3018

 Reversed flow on 53 faces (27.5% area) of pressure-outlet 19.

 Reversed flow on 178 faces (35.4% area) of pressure-outlet 18.
   483  9.7496e-06  8.1270e-08  6.9468e-08  4.3685e-08  1:20:59 3017

 Reversed flow on 53 faces (27.5% area) of pressure-outlet 19.

 Reversed flow on 178 faces (35.4% area) of pressure-outlet 18.
   484  9.4364e-06  7.9693e-08  6.8005e-08  4.2496e-08  1:20:57 3016

 Reversed flow on 53 faces (27.5% area) of pressure-outlet 19.

 Reversed flow on 178 faces (35.4% area) of pressure-outlet 18.

  iter  continuity  x-velocity  y-velocity  z-velocity     time/iter
   485  9.2208e-06  7.7769e-08  6.7592e-08  4.1295e-08  1:20:58 3015

 Reversed flow on 53 faces (27.5% area) of pressure-outlet 19.

 Reversed flow on 178 faces (35.4% area) of pressure-outlet 18.
   486  9.0316e-06  7.5332e-08  6.8135e-08  4.0328e-08  1:20:58 3014

 Reversed flow on 53 faces (27.5% area) of pressure-outlet 19.

 Reversed flow on 178 faces (35.4% area) of pressure-outlet 18.
   487  8.9196e-06  7.2979e-08  6.9130e-08  3.9710e-08  1:20:56 3013

 Reversed flow on 53 faces (27.5% area) of pressure-outlet 19.

 Reversed flow on 178 faces (35.4% area) of pressure-outlet 18.
   488  8.6693e-06  7.0819e-08  7.0411e-08  3.9142e-08  1:20:55 3012

 Reversed flow on 53 faces (27.5% area) of pressure-outlet 19.

 Reversed flow on 178 faces (35.4% area) of pressure-outlet 18.
   489  8.7049e-06  6.9349e-08  7.1709e-08  3.8771e-08  1:20:51 3011

 Reversed flow on 53 faces (27.5% area) of pressure-outlet 19.

 Reversed flow on 178 faces (35.4% area) of pressure-outlet 18.
   490  8.7434e-06  6.8391e-08  7.2996e-08  3.8946e-08  1:20:49 3010

 Reversed flow on 53 faces (27.5% area) of pressure-outlet 19.

 Reversed flow on 178 faces (35.4% area) of pressure-outlet 18.
   491  8.9402e-06  6.8247e-08  7.4995e-08  3.9734e-08  1:20:48 3009

 Reversed flow on 53 faces (27.5% area) of pressure-outlet 19.

 Reversed flow on 178 faces (35.4% area) of pressure-outlet 18.
   492  8.9121e-06  6.8383e-08  7.6822e-08  4.0904e-08  1:20:46 3008

 Reversed flow on 53 faces (27.5% area) of pressure-outlet 19.

 Reversed flow on 178 faces (35.4% area) of pressure-outlet 18.
   493  9.0192e-06  6.9078e-08  7.8244e-08  4.2059e-08  1:20:43 3007

 Reversed flow on 53 faces (27.5% area) of pressure-outlet 19.

 Reversed flow on 178 faces (35.4% area) of pressure-outlet 18.
   494  9.1465e-06  7.0544e-08  8.0216e-08  4.3353e-08  1:20:41 3006

 Reversed flow on 53 faces (27.5% area) of pressure-outlet 19.

 Reversed flow on 178 faces (35.4% area) of pressure-outlet 18.
   495  9.4218e-06  7.2521e-08  8.2071e-08  4.4887e-08  1:20:42 3005

 Reversed flow on 53 faces (27.5% area) of pressure-outlet 19.

 Reversed flow on 178 faces (35.4% area) of pressure-outlet 18.

  iter  continuity  x-velocity  y-velocity  z-velocity     time/iter
   496  9.3357e-06  7.4193e-08  8.2637e-08  4.6196e-08  1:20:40 3004

 Reversed flow on 53 faces (27.5% area) of pressure-outlet 19.

 Reversed flow on 178 faces (35.4% area) of pressure-outlet 18.
   497  9.4312e-06  7.6167e-08  8.3300e-08  4.7057e-08  1:20:45 3003

 Reversed flow on 53 faces (27.5% area) of pressure-outlet 19.

 Reversed flow on 178 faces (35.4% area) of pressure-outlet 18.
   498  9.6600e-06  7.8683e-08  8.6875e-08  4.7671e-08  1:20:43 3002

 Reversed flow on 53 faces (27.5% area) of pressure-outlet 19.

 Reversed flow on 178 faces (35.4% area) of pressure-outlet 18.
   499  9.9273e-06  8.1163e-08  9.0170e-08  4.8289e-08  1:20:40 3001

 Reversed flow on 53 faces (27.5% area) of pressure-outlet 19.

 Reversed flow on 178 faces (35.4% area) of pressure-outlet 18.
   500  9.8817e-06  8.2995e-08  9.2481e-08  4.8680e-08  1:20:37 3000

 Reversed flow on 53 faces (27.5% area) of pressure-outlet 19.

 Reversed flow on 178 faces (35.4% area) of pressure-outlet 18.
   501  1.0056e-05  8.4703e-08  9.4509e-08  4.9281e-08  1:20:35 2999

 Reversed flow on 53 faces (27.5% area) of pressure-outlet 19.

 Reversed flow on 178 faces (35.4% area) of pressure-outlet 18.
   502  1.0465e-05  8.7907e-08  9.9327e-08  5.0244e-08  1:20:34 2998

 Reversed flow on 53 faces (27.5% area) of pressure-outlet 19.

 Reversed flow on 178 faces (35.4% area) of pressure-outlet 18.
   503  1.1417e-05  9.2870e-08  1.0573e-07  5.2183e-08  1:20:28 2997

 Reversed flow on 53 faces (27.5% area) of pressure-outlet 19.

 Reversed flow on 178 faces (35.4% area) of pressure-outlet 18.
   504  1.2128e-05  9.8063e-08  1.0842e-07  5.5371e-08  1:20:29 2996

 Reversed flow on 53 faces (27.5% area) of pressure-outlet 19.

 Reversed flow on 178 faces (35.4% area) of pressure-outlet 18.
   505  1.2690e-05  1.0291e-07  1.0913e-07  5.9596e-08  1:20:26 2995

 Reversed flow on 53 faces (27.5% area) of pressure-outlet 19.

 Reversed flow on 178 faces (35.4% area) of pressure-outlet 18.
   506  1.2978e-05  1.0580e-07  1.0962e-07  6.3130e-08  1:20:30 2994

 Reversed flow on 53 faces (27.5% area) of pressure-outlet 19.

 Reversed flow on 178 faces (35.4% area) of pressure-outlet 18.

  iter  continuity  x-velocity  y-velocity  z-velocity     time/iter
   507  1.3096e-05  1.0669e-07  1.0854e-07  6.5107e-08  1:20:28 2993

 Reversed flow on 53 faces (27.5% area) of pressure-outlet 19.

 Reversed flow on 178 faces (35.4% area) of pressure-outlet 18.
   508  1.2731e-05  1.0518e-07  1.0795e-07  6.5381e-08  1:20:27 2992

 Reversed flow on 53 faces (27.5% area) of pressure-outlet 19.

 Reversed flow on 178 faces (35.4% area) of pressure-outlet 18.
   509  1.2465e-05  1.0269e-07  1.0602e-07  6.4507e-08  1:20:25 2991

 Reversed flow on 53 faces (27.5% area) of pressure-outlet 19.

 Reversed flow on 178 faces (35.4% area) of pressure-outlet 18.
   510  1.2208e-05  9.9218e-08  1.0327e-07  6.2820e-08  1:20:31 2990

 Reversed flow on 53 faces (27.5% area) of pressure-outlet 19.

 Reversed flow on 178 faces (35.4% area) of pressure-outlet 18.
   511  1.2070e-05  9.5487e-08  9.8758e-08  6.0837e-08  1:20:27 2989

 Reversed flow on 53 faces (27.5% area) of pressure-outlet 19.

 Reversed flow on 178 faces (35.4% area) of pressure-outlet 18.
   512  1.1601e-05  9.1719e-08  9.3534e-08  5.8324e-08  1:20:21 2988

 Reversed flow on 53 faces (27.5% area) of pressure-outlet 19.

 Reversed flow on 178 faces (35.4% area) of pressure-outlet 18.
   513  1.1220e-05  8.9552e-08  8.8365e-08  5.5729e-08  1:20:18 2987

 Reversed flow on 53 faces (27.5% area) of pressure-outlet 19.

 Reversed flow on 178 faces (35.4% area) of pressure-outlet 18.
   514  1.0788e-05  8.7442e-08  8.4343e-08  5.3414e-08  1:20:14 2986

 Reversed flow on 53 faces (27.5% area) of pressure-outlet 19.

 Reversed flow on 178 faces (35.4% area) of pressure-outlet 18.
   515  1.0496e-05  8.5273e-08  8.0364e-08  5.1179e-08  1:20:12 2985

 Reversed flow on 53 faces (27.5% area) of pressure-outlet 19.

 Reversed flow on 178 faces (35.4% area) of pressure-outlet 18.
   516  9.9544e-06  8.2670e-08  7.6670e-08  4.8824e-08  1:20:12 2984

 Reversed flow on 53 faces (27.5% area) of pressure-outlet 19.

 Reversed flow on 178 faces (35.4% area) of pressure-outlet 18.
   517  9.5250e-06  7.9989e-08  7.3626e-08  4.6498e-08  1:20:07 2983

 Reversed flow on 53 faces (27.5% area) of pressure-outlet 19.

 Reversed flow on 178 faces (35.4% area) of pressure-outlet 18.

  iter  continuity  x-velocity  y-velocity  z-velocity     time/iter
   518  9.1909e-06  7.7561e-08  7.1121e-08  4.4539e-08  1:20:03 2982

 Reversed flow on 53 faces (27.5% area) of pressure-outlet 19.

 Reversed flow on 178 faces (35.4% area) of pressure-outlet 18.
   519  9.1013e-06  7.5925e-08  6.9451e-08  4.3111e-08  1:20:02 2981

 Reversed flow on 53 faces (27.5% area) of pressure-outlet 19.

 Reversed flow on 178 faces (35.4% area) of pressure-outlet 18.
   520  8.7253e-06  7.4014e-08  6.7692e-08  4.1572e-08  1:19:59 2980

 Reversed flow on 53 faces (27.5% area) of pressure-outlet 19.

 Reversed flow on 178 faces (35.4% area) of pressure-outlet 18.
   521  8.5778e-06  7.2166e-08  6.6170e-08  4.0231e-08  1:19:56 2979

 Reversed flow on 53 faces (27.5% area) of pressure-outlet 19.

 Reversed flow on 178 faces (35.4% area) of pressure-outlet 18.
   522  8.4794e-06  7.0635e-08  6.6268e-08  3.9180e-08  1:19:56 2978

 Reversed flow on 53 faces (27.5% area) of pressure-outlet 19.

 Reversed flow on 178 faces (35.4% area) of pressure-outlet 18.
   523  8.4987e-06  6.9828e-08  6.7193e-08  3.8598e-08  1:19:53 2977

 Reversed flow on 53 faces (27.5% area) of pressure-outlet 19.

 Reversed flow on 178 faces (35.4% area) of pressure-outlet 18.
   524  8.3902e-06  6.9208e-08  6.8603e-08  3.8266e-08  1:19:50 2976

 Reversed flow on 53 faces (27.5% area) of pressure-outlet 19.

 Reversed flow on 178 faces (35.4% area) of pressure-outlet 18.
   525  8.5709e-06  6.9192e-08  7.0202e-08  3.8108e-08  1:19:52 2975

 Reversed flow on 53 faces (27.5% area) of pressure-outlet 19.

 Reversed flow on 178 faces (35.4% area) of pressure-outlet 18.
   526  8.7714e-06  6.9628e-08  7.1750e-08  3.8310e-08  1:19:49 2974

 Reversed flow on 53 faces (27.5% area) of pressure-outlet 19.

 Reversed flow on 178 faces (35.4% area) of pressure-outlet 18.
   527  9.1403e-06  7.0955e-08  7.3746e-08  3.9307e-08  1:19:48 2973

 Reversed flow on 53 faces (27.5% area) of pressure-outlet 19.

 Reversed flow on 178 faces (35.4% area) of pressure-outlet 18.
   528  9.2763e-06  7.2351e-08  7.6227e-08  4.0595e-08  1:19:46 2972

 Reversed flow on 53 faces (27.5% area) of pressure-outlet 19.

 Reversed flow on 178 faces (35.4% area) of pressure-outlet 18.

  iter  continuity  x-velocity  y-velocity  z-velocity     time/iter
   529  9.4949e-06  7.4169e-08  7.7838e-08  4.2011e-08  1:19:43 2971

 Reversed flow on 53 faces (27.5% area) of pressure-outlet 19.

 Reversed flow on 178 faces (35.4% area) of pressure-outlet 18.
   530  9.6956e-06  7.5734e-08  7.9848e-08  4.3645e-08  1:19:42 2970

 Reversed flow on 53 faces (27.5% area) of pressure-outlet 19.

 Reversed flow on 178 faces (35.4% area) of pressure-outlet 18.
   531  9.9697e-06  7.7261e-08  8.2110e-08  4.5460e-08  1:19:40 2969

 Reversed flow on 53 faces (27.5% area) of pressure-outlet 19.

 Reversed flow on 178 faces (35.4% area) of pressure-outlet 18.
   532  9.8482e-06  7.7858e-08  8.3481e-08  4.6786e-08  1:19:35 2968

 Reversed flow on 53 faces (27.5% area) of pressure-outlet 19.

 Reversed flow on 178 faces (35.4% area) of pressure-outlet 18.
   533  9.8431e-06  7.8695e-08  8.3229e-08  4.7725e-08  1:19:37 2967

 Reversed flow on 53 faces (27.5% area) of pressure-outlet 19.

 Reversed flow on 178 faces (35.4% area) of pressure-outlet 18.
   534  9.8723e-06  7.9412e-08  8.4719e-08  4.8402e-08  1:19:37 2966

 Reversed flow on 53 faces (27.5% area) of pressure-outlet 19.

 Reversed flow on 178 faces (35.4% area) of pressure-outlet 18.
   535  1.0021e-05  8.0661e-08  8.7996e-08  4.8837e-08  1:19:34 2965

 Reversed flow on 53 faces (27.5% area) of pressure-outlet 19.

 Reversed flow on 178 faces (35.4% area) of pressure-outlet 18.
   536  9.8641e-06  8.0751e-08  9.0469e-08  4.8850e-08  1:20:59 2964

 Reversed flow on 53 faces (27.5% area) of pressure-outlet 19.

 Reversed flow on 178 faces (35.4% area) of pressure-outlet 18.
   537  9.8270e-06  8.0935e-08  9.2157e-08  4.8761e-08  1:20:41 2963

 Reversed flow on 53 faces (27.5% area) of pressure-outlet 19.

 Reversed flow on 178 faces (35.4% area) of pressure-outlet 18.
   538  9.8360e-06  8.1329e-08  9.4230e-08  4.9090e-08  1:20:24 2962

 Reversed flow on 53 faces (27.5% area) of pressure-outlet 19.

 Reversed flow on 178 faces (35.4% area) of pressure-outlet 18.
   539  1.0339e-05  8.4344e-08  9.9573e-08  4.9905e-08  1:20:11 2961

 Reversed flow on 53 faces (27.5% area) of pressure-outlet 19.

 Reversed flow on 178 faces (35.4% area) of pressure-outlet 18.

  iter  continuity  x-velocity  y-velocity  z-velocity     time/iter
   540  1.0962e-05  8.7965e-08  1.0543e-07  5.1422e-08  1:19:59 2960

 Reversed flow on 53 faces (27.5% area) of pressure-outlet 19.

 Reversed flow on 178 faces (35.4% area) of pressure-outlet 18.
   541  1.1595e-05  9.2945e-08  1.0621e-07  5.4645e-08  1:19:54 2959

 Reversed flow on 53 faces (27.5% area) of pressure-outlet 19.

 Reversed flow on 178 faces (35.4% area) of pressure-outlet 18.
   542  1.2144e-05  9.7755e-08  1.0765e-07  5.8953e-08  1:19:50 2958

 Reversed flow on 53 faces (27.5% area) of pressure-outlet 19.

 Reversed flow on 178 faces (35.4% area) of pressure-outlet 18.
   543  1.2572e-05  1.0122e-07  1.0790e-07  6.2251e-08  1:19:41 2957

 Reversed flow on 53 faces (27.5% area) of pressure-outlet 19.

 Reversed flow on 178 faces (35.4% area) of pressure-outlet 18.
   544  1.2367e-05  1.0187e-07  1.0683e-07  6.3546e-08  1:19:36 2956

 Reversed flow on 53 faces (27.5% area) of pressure-outlet 19.

 Reversed flow on 178 faces (35.4% area) of pressure-outlet 18.
   545  1.2243e-05  1.0144e-07  1.0597e-07  6.3748e-08  1:19:30 2955

 Reversed flow on 53 faces (27.5% area) of pressure-outlet 19.

 Reversed flow on 178 faces (35.4% area) of pressure-outlet 18.
   546  1.2162e-05  1.0039e-07  1.0497e-07  6.3274e-08  1:19:27 2954

 Reversed flow on 53 faces (27.5% area) of pressure-outlet 19.

 Reversed flow on 178 faces (35.4% area) of pressure-outlet 18.
   547  1.2161e-05  9.8519e-08  1.0218e-07  6.1998e-08  1:19:23 2953

 Reversed flow on 53 faces (27.5% area) of pressure-outlet 19.

 Reversed flow on 178 faces (35.4% area) of pressure-outlet 18.
   548  1.1937e-05  9.5498e-08  9.7487e-08  6.0145e-08  1:19:20 2952

 Reversed flow on 53 faces (27.5% area) of pressure-outlet 19.

 Reversed flow on 178 faces (35.4% area) of pressure-outlet 18.
   549  1.1758e-05  9.3662e-08  9.2705e-08  5.8058e-08  1:19:22 2951

 Reversed flow on 53 faces (27.5% area) of pressure-outlet 19.

 Reversed flow on 178 faces (35.4% area) of pressure-outlet 18.
   550  1.1461e-05  9.2362e-08  8.8392e-08  5.6081e-08  1:20:09 2950

 Reversed flow on 53 faces (27.5% area) of pressure-outlet 19.

 Reversed flow on 178 faces (35.4% area) of pressure-outlet 18.

  iter  continuity  x-velocity  y-velocity  z-velocity     time/iter
   551  1.1302e-05  9.0990e-08  8.4908e-08  5.4370e-08  1:24:14 2949

 Reversed flow on 53 faces (27.5% area) of pressure-outlet 19.

 Reversed flow on 178 faces (35.4% area) of pressure-outlet 18.
   552  1.0822e-05  8.8637e-08  8.0883e-08  5.2246e-08  1:24:31 2948

 Reversed flow on 53 faces (27.5% area) of pressure-outlet 19.

 Reversed flow on 178 faces (35.4% area) of pressure-outlet 18.
   553  1.0392e-05  8.5970e-08  7.7037e-08  4.9823e-08  1:23:53 2947

 Reversed flow on 53 faces (27.5% area) of pressure-outlet 19.

 Reversed flow on 178 faces (35.4% area) of pressure-outlet 18.
   554  9.9907e-06  8.3147e-08  7.4156e-08  4.7651e-08  1:23:39 2946

 Reversed flow on 53 faces (27.5% area) of pressure-outlet 19.

 Reversed flow on 178 faces (35.4% area) of pressure-outlet 18.
   555  9.7927e-06  8.0669e-08  7.1929e-08  4.5920e-08  1:23:53 2945

 Reversed flow on 53 faces (27.5% area) of pressure-outlet 19.

 Reversed flow on 178 faces (35.4% area) of pressure-outlet 18.
   556  9.2876e-06  7.7660e-08  6.9710e-08  4.3951e-08  1:24:26 2944

 Reversed flow on 53 faces (27.5% area) of pressure-outlet 19.

 Reversed flow on 178 faces (35.4% area) of pressure-outlet 18.
   557  8.9848e-06  7.4804e-08  6.7523e-08  4.2021e-08  1:24:30 2943

 Reversed flow on 53 faces (27.5% area) of pressure-outlet 19.

 Reversed flow on 178 faces (35.4% area) of pressure-outlet 18.
   558  8.7287e-06  7.2104e-08  6.6224e-08  4.0466e-08  1:24:28 2942

 Reversed flow on 53 faces (27.5% area) of pressure-outlet 19.

 Reversed flow on 178 faces (35.4% area) of pressure-outlet 18.
   559  8.5381e-06  6.9801e-08  6.6132e-08  3.9207e-08  1:23:51 2941

 Reversed flow on 53 faces (27.5% area) of pressure-outlet 19.

 Reversed flow on 178 faces (35.4% area) of pressure-outlet 18.
   560  8.1777e-06  6.7537e-08  6.6968e-08  3.8157e-08  1:23:23 2940

 Reversed flow on 53 faces (27.5% area) of pressure-outlet 19.

 Reversed flow on 178 faces (35.4% area) of pressure-outlet 18.
   561  8.1136e-06  6.5958e-08  6.8129e-08  3.7438e-08  1:22:57 2939

 Reversed flow on 53 faces (27.5% area) of pressure-outlet 19.

 Reversed flow on 178 faces (35.4% area) of pressure-outlet 18.

  iter  continuity  x-velocity  y-velocity  z-velocity     time/iter
   562  8.0886e-06  6.4742e-08  6.9393e-08  3.6949e-08  1:22:35 2938

 Reversed flow on 53 faces (27.5% area) of pressure-outlet 19.

 Reversed flow on 178 faces (35.4% area) of pressure-outlet 18.
   563  8.3019e-06  6.4594e-08  7.1022e-08  3.7265e-08  1:22:18 2937

 Reversed flow on 53 faces (27.5% area) of pressure-outlet 19.

 Reversed flow on 178 faces (35.4% area) of pressure-outlet 18.
   564  8.3394e-06  6.5016e-08  7.3310e-08  3.8104e-08  1:22:02 2936

 Reversed flow on 53 faces (27.5% area) of pressure-outlet 19.

 Reversed flow on 178 faces (35.4% area) of pressure-outlet 18.
   565  8.5012e-06  6.6068e-08  7.5161e-08  3.9087e-08  1:21:49 2935

 Reversed flow on 53 faces (27.5% area) of pressure-outlet 19.

 Reversed flow on 178 faces (35.4% area) of pressure-outlet 18.
   566  8.7509e-06  6.7561e-08  7.6527e-08  4.0546e-08  1:21:38 2934

 Reversed flow on 53 faces (27.5% area) of pressure-outlet 19.

 Reversed flow on 178 faces (35.4% area) of pressure-outlet 18.
   567  9.1862e-06  7.0134e-08  7.9240e-08  4.2503e-08  1:21:29 2933

 Reversed flow on 53 faces (27.5% area) of pressure-outlet 19.

 Reversed flow on 178 faces (35.4% area) of pressure-outlet 18.
   568  9.2787e-06  7.2563e-08  8.1405e-08  4.4218e-08  1:21:26 2932

 Reversed flow on 53 faces (27.5% area) of pressure-outlet 19.

 Reversed flow on 178 faces (35.4% area) of pressure-outlet 18.
   569  9.5484e-06  7.5272e-08  8.2607e-08  4.5717e-08  1:21:25 2931

 Reversed flow on 53 faces (27.5% area) of pressure-outlet 19.

 Reversed flow on 178 faces (35.4% area) of pressure-outlet 18.
   570  9.7906e-06  7.8038e-08  8.2544e-08  4.7165e-08  1:21:38 2930

 Reversed flow on 53 faces (27.5% area) of pressure-outlet 19.

 Reversed flow on 178 faces (35.4% area) of pressure-outlet 18.
   571  1.0102e-05  8.0978e-08  8.5753e-08  4.8371e-08  1:21:27 2929

 Reversed flow on 53 faces (27.5% area) of pressure-outlet 19.

 Reversed flow on 178 faces (35.4% area) of pressure-outlet 18.
   572  1.0184e-05  8.3387e-08  8.9126e-08  4.8994e-08  1:22:20 2928

 Reversed flow on 53 faces (27.5% area) of pressure-outlet 19.

 Reversed flow on 178 faces (35.4% area) of pressure-outlet 18.

  iter  continuity  x-velocity  y-velocity  z-velocity     time/iter
   573  1.0351e-05  8.5198e-08  9.1628e-08  4.9368e-08  1:24:08 2927

 Reversed flow on 53 faces (27.5% area) of pressure-outlet 19.

 Reversed flow on 178 faces (35.4% area) of pressure-outlet 18.
   574  1.0416e-05  8.7060e-08  9.3727e-08  4.9776e-08  1:24:34 2926

 Reversed flow on 53 faces (27.5% area) of pressure-outlet 19.

 Reversed flow on 178 faces (35.4% area) of pressure-outlet 18.
   575  1.0698e-05  8.8636e-08  9.6683e-08  5.0836e-08  1:25:46 2925

 Reversed flow on 53 faces (27.5% area) of pressure-outlet 19.

 Reversed flow on 178 faces (35.4% area) of pressure-outlet 18.
   576  1.1058e-05  9.1181e-08  1.0245e-07  5.1765e-08  1:28:05 2924

 Reversed flow on 53 faces (27.5% area) of pressure-outlet 19.

 Reversed flow on 178 faces (35.4% area) of pressure-outlet 18.
   577  1.1741e-05  9.4154e-08  1.0783e-07  5.3517e-08  1:27:22 2923

 Reversed flow on 53 faces (27.5% area) of pressure-outlet 19.

 Reversed flow on 178 faces (35.4% area) of pressure-outlet 18.
   578  1.2308e-05  9.8677e-08  1.0771e-07  5.7385e-08  1:26:03 2922

 Reversed flow on 53 faces (27.5% area) of pressure-outlet 19.

 Reversed flow on 178 faces (35.4% area) of pressure-outlet 18.
   579  1.2798e-05  1.0208e-07  1.0894e-07  6.1543e-08  1:24:52 2921

 Reversed flow on 53 faces (27.5% area) of pressure-outlet 19.

 Reversed flow on 178 faces (35.4% area) of pressure-outlet 18.
   580  1.2635e-05  1.0256e-07  1.0756e-07  6.3618e-08  1:24:00 2920

 Reversed flow on 53 faces (27.5% area) of pressure-outlet 19.

 Reversed flow on 178 faces (35.4% area) of pressure-outlet 18.
   581  1.2382e-05  1.0109e-07  1.0651e-07  6.4092e-08  1:23:17 2919

 Reversed flow on 53 faces (27.5% area) of pressure-outlet 19.

 Reversed flow on 178 faces (35.4% area) of pressure-outlet 18.
   582  1.2151e-05  9.9162e-08  1.0533e-07  6.3862e-08  1:22:42 2918

 Reversed flow on 53 faces (27.5% area) of pressure-outlet 19.

 Reversed flow on 178 faces (35.4% area) of pressure-outlet 18.
   583  1.1988e-05  9.6588e-08  1.0367e-07  6.2759e-08  1:22:14 2917

 Reversed flow on 53 faces (27.5% area) of pressure-outlet 19.

 Reversed flow on 178 faces (35.4% area) of pressure-outlet 18.

  iter  continuity  x-velocity  y-velocity  z-velocity     time/iter
   584  1.1590e-05  9.2753e-08  9.9351e-08  6.0461e-08  1:21:52 2916

 Reversed flow on 53 faces (27.5% area) of pressure-outlet 19.

 Reversed flow on 178 faces (35.4% area) of pressure-outlet 18.
   585  1.1360e-05  8.8963e-08  9.4360e-08  5.8177e-08  1:25:09 2915

 Reversed flow on 53 faces (27.5% area) of pressure-outlet 19.

 Reversed flow on 178 faces (35.4% area) of pressure-outlet 18.
   586  1.1052e-05  8.7421e-08  8.9654e-08  5.5926e-08  1:24:19 2914

 Reversed flow on 53 faces (27.5% area) of pressure-outlet 19.

 Reversed flow on 178 faces (35.4% area) of pressure-outlet 18.
   587  1.0914e-05  8.6499e-08  8.5693e-08  5.4006e-08  1:23:30 2913

 Reversed flow on 53 faces (27.5% area) of pressure-outlet 19.

 Reversed flow on 178 faces (35.4% area) of pressure-outlet 18.
   588  1.0539e-05  8.5322e-08  8.1934e-08  5.2000e-08  1:22:52 2912

 Reversed flow on 53 faces (27.5% area) of pressure-outlet 19.

 Reversed flow on 178 faces (35.4% area) of pressure-outlet 18.
   589  1.0200e-05  8.3978e-08  7.7971e-08  4.9788e-08  1:22:20 2911

 Reversed flow on 53 faces (27.5% area) of pressure-outlet 19.

 Reversed flow on 178 faces (35.4% area) of pressure-outlet 18.
   590  9.9115e-06  8.2510e-08  7.4987e-08  4.7747e-08  1:21:55 2910

 Reversed flow on 53 faces (27.5% area) of pressure-outlet 19.

 Reversed flow on 178 faces (35.4% area) of pressure-outlet 18.
   591  9.8178e-06  8.1500e-08  7.2882e-08  4.6276e-08  1:21:36 2909

 Reversed flow on 53 faces (27.5% area) of pressure-outlet 19.

 Reversed flow on 178 faces (35.4% area) of pressure-outlet 18.
   592  9.4815e-06  7.9990e-08  7.0916e-08  4.4740e-08  1:21:20 2908

 Reversed flow on 53 faces (27.5% area) of pressure-outlet 19.

 Reversed flow on 178 faces (35.4% area) of pressure-outlet 18.
   593  9.3220e-06  7.8486e-08  6.8989e-08  4.3122e-08  1:21:29 2907

 Reversed flow on 53 faces (27.5% area) of pressure-outlet 19.

 Reversed flow on 178 faces (35.4% area) of pressure-outlet 18.
   594  9.1990e-06  7.6728e-08  6.7540e-08  4.1894e-08  1:21:56 2906

 Reversed flow on 53 faces (27.5% area) of pressure-outlet 19.

 Reversed flow on 178 faces (35.4% area) of pressure-outlet 18.

  iter  continuity  x-velocity  y-velocity  z-velocity     time/iter
   595  9.1198e-06  7.4904e-08  6.7181e-08  4.0970e-08  1:22:06 2905

 Reversed flow on 53 faces (27.5% area) of pressure-outlet 19.

 Reversed flow on 178 faces (35.4% area) of pressure-outlet 18.
   596  8.8188e-06  7.2766e-08  6.7716e-08  4.0039e-08  1:21:45 2904

 Reversed flow on 53 faces (27.5% area) of pressure-outlet 19.

 Reversed flow on 178 faces (35.4% area) of pressure-outlet 18.
   597  8.7325e-06  7.0954e-08  6.8693e-08  3.9306e-08  1:22:06 2903

 Reversed flow on 53 faces (27.5% area) of pressure-outlet 19.

 Reversed flow on 178 faces (35.4% area) of pressure-outlet 18.
   598  8.6528e-06  6.9312e-08  6.9709e-08  3.8697e-08  1:22:33 2902

 Reversed flow on 53 faces (27.5% area) of pressure-outlet 19.

 Reversed flow on 178 faces (35.4% area) of pressure-outlet 18.
   599  8.7826e-06  6.8415e-08  7.1042e-08  3.8557e-08  1:22:46 2901

 Reversed flow on 53 faces (27.5% area) of pressure-outlet 19.

 Reversed flow on 178 faces (35.4% area) of pressure-outlet 18.
   600  8.7175e-06  6.7771e-08  7.2706e-08  3.8907e-08  1:22:53 2900

 Reversed flow on 53 faces (27.5% area) of pressure-outlet 19.

 Reversed flow on 178 faces (35.4% area) of pressure-outlet 18.
   601  8.7576e-06  6.7376e-08  7.4452e-08  3.9336e-08  1:22:52 2899

 Reversed flow on 53 faces (27.5% area) of pressure-outlet 19.

 Reversed flow on 178 faces (35.4% area) of pressure-outlet 18.
   602  8.8379e-06  6.7612e-08  7.5843e-08  4.0187e-08  1:22:24 2898

 Reversed flow on 53 faces (27.5% area) of pressure-outlet 19.

 Reversed flow on 178 faces (35.4% area) of pressure-outlet 18.
   603  9.1078e-06  6.8735e-08  7.7355e-08  4.1660e-08  1:22:05 2897

 Reversed flow on 53 faces (27.5% area) of pressure-outlet 19.

 Reversed flow on 178 faces (35.4% area) of pressure-outlet 18.
   604  9.0393e-06  6.9977e-08  7.9576e-08  4.2994e-08  1:21:36 2896

 Reversed flow on 53 faces (27.5% area) of pressure-outlet 19.

 Reversed flow on 178 faces (35.4% area) of pressure-outlet 18.
   605  9.1519e-06  7.1253e-08  8.1076e-08  4.4115e-08  1:21:12 2895

 Reversed flow on 53 faces (27.5% area) of pressure-outlet 19.

 Reversed flow on 178 faces (35.4% area) of pressure-outlet 18.

  iter  continuity  x-velocity  y-velocity  z-velocity     time/iter
   606  9.2628e-06  7.2813e-08  8.1827e-08  4.5362e-08  1:20:49 2894

 Reversed flow on 53 faces (27.5% area) of pressure-outlet 19.

 Reversed flow on 178 faces (35.4% area) of pressure-outlet 18.
   607  9.3927e-06  7.4677e-08  8.2453e-08  4.6506e-08  1:20:36 2893

 Reversed flow on 53 faces (27.5% area) of pressure-outlet 19.

 Reversed flow on 178 faces (35.4% area) of pressure-outlet 18.
   608  9.3561e-06  7.6238e-08  8.5838e-08  4.7118e-08  1:20:22 2892

 Reversed flow on 53 faces (27.5% area) of pressure-outlet 19.

 Reversed flow on 178 faces (35.4% area) of pressure-outlet 18.
   609  9.5041e-06  7.7810e-08  8.8859e-08  4.7412e-08  1:20:14 2891

 Reversed flow on 53 faces (27.5% area) of pressure-outlet 19.

 Reversed flow on 178 faces (35.4% area) of pressure-outlet 18.
   610  9.5420e-06  7.9300e-08  9.1111e-08  4.7680e-08  1:20:02 2890

 Reversed flow on 53 faces (27.5% area) of pressure-outlet 19.

 Reversed flow on 178 faces (35.4% area) of pressure-outlet 18.
   611  9.7894e-06  8.1106e-08  9.3346e-08  4.8427e-08  1:19:57 2889

 Reversed flow on 53 faces (27.5% area) of pressure-outlet 19.

 Reversed flow on 178 faces (35.4% area) of pressure-outlet 18.
   612  1.0062e-05  8.3543e-08  9.7556e-08  4.9287e-08  1:19:53 2888

 Reversed flow on 53 faces (27.5% area) of pressure-outlet 19.

 Reversed flow on 178 faces (35.4% area) of pressure-outlet 18.
   613  1.0794e-05  8.7929e-08  1.0322e-07  5.0565e-08  1:19:49 2887

 Reversed flow on 53 faces (27.5% area) of pressure-outlet 19.

 Reversed flow on 178 faces (35.4% area) of pressure-outlet 18.
   614  1.1700e-05  9.3646e-08  1.0685e-07  5.3538e-08  1:19:42 2886

 Reversed flow on 53 faces (27.5% area) of pressure-outlet 19.

 Reversed flow on 178 faces (35.4% area) of pressure-outlet 18.
   615  1.2591e-05  1.0002e-07  1.0821e-07  5.8270e-08  1:19:33 2885

 Reversed flow on 53 faces (27.5% area) of pressure-outlet 19.

 Reversed flow on 178 faces (35.4% area) of pressure-outlet 18.
   616  1.2834e-05  1.0375e-07  1.0873e-07  6.2035e-08  1:19:29 2884

 Reversed flow on 53 faces (27.5% area) of pressure-outlet 19.

 Reversed flow on 178 faces (35.4% area) of pressure-outlet 18.

  iter  continuity  x-velocity  y-velocity  z-velocity     time/iter
   617  1.2900e-05  1.0535e-07  1.0722e-07  6.3904e-08  1:19:27 2883

 Reversed flow on 53 faces (27.5% area) of pressure-outlet 19.

 Reversed flow on 178 faces (35.4% area) of pressure-outlet 18.
   618  1.2865e-05  1.0552e-07  1.0746e-07  6.4803e-08  1:19:25 2882

 Reversed flow on 53 faces (27.5% area) of pressure-outlet 19.

 Reversed flow on 178 faces (35.4% area) of pressure-outlet 18.
   619  1.2847e-05  1.0510e-07  1.0651e-07  6.4834e-08  1:19:21 2881

 Reversed flow on 53 faces (27.5% area) of pressure-outlet 19.

 Reversed flow on 178 faces (35.4% area) of pressure-outlet 18.
   620  1.2447e-05  1.0166e-07  1.0374e-07  6.3321e-08  1:19:22 2880

 Reversed flow on 53 faces (27.5% area) of pressure-outlet 19.

 Reversed flow on 178 faces (35.4% area) of pressure-outlet 18.
   621  1.2192e-05  9.7429e-08  9.9070e-08  6.1138e-08  1:19:19 2879

 Reversed flow on 53 faces (27.5% area) of pressure-outlet 19.

 Reversed flow on 178 faces (35.4% area) of pressure-outlet 18.
   622  1.1837e-05  9.3543e-08  9.4221e-08  5.8974e-08  1:19:31 2878

 Reversed flow on 53 faces (27.5% area) of pressure-outlet 19.

 Reversed flow on 178 faces (35.4% area) of pressure-outlet 18.
   623  1.1565e-05  9.1324e-08  8.9329e-08  5.6715e-08  1:19:23 2877

 Reversed flow on 53 faces (27.5% area) of pressure-outlet 19.

 Reversed flow on 178 faces (35.4% area) of pressure-outlet 18.
   624  1.1058e-05  8.8617e-08  8.5089e-08  5.4403e-08  1:19:20 2876

 Reversed flow on 53 faces (27.5% area) of pressure-outlet 19.

 Reversed flow on 178 faces (35.4% area) of pressure-outlet 18.
   625  1.0600e-05  8.5693e-08  8.0626e-08  5.1889e-08  1:19:20 2875

 Reversed flow on 53 faces (27.5% area) of pressure-outlet 19.

 Reversed flow on 178 faces (35.4% area) of pressure-outlet 18.
   626  1.0133e-05  8.2598e-08  7.6667e-08  4.9358e-08  1:19:18 2874

 Reversed flow on 53 faces (27.5% area) of pressure-outlet 19.

 Reversed flow on 178 faces (35.4% area) of pressure-outlet 18.
   627  9.8500e-06  7.9898e-08  7.3888e-08  4.7310e-08  1:19:16 2873

 Reversed flow on 53 faces (27.5% area) of pressure-outlet 19.

 Reversed flow on 178 faces (35.4% area) of pressure-outlet 18.

  iter  continuity  x-velocity  y-velocity  z-velocity     time/iter
   628  9.2880e-06  7.7092e-08  7.1123e-08  4.5141e-08  1:19:12 2872

 Reversed flow on 53 faces (27.5% area) of pressure-outlet 19.

 Reversed flow on 178 faces (35.4% area) of pressure-outlet 18.
   629  8.9714e-06  7.4627e-08  6.8704e-08  4.3023e-08  1:19:10 2871

 Reversed flow on 53 faces (27.5% area) of pressure-outlet 19.

 Reversed flow on 178 faces (35.4% area) of pressure-outlet 18.
   630  8.7188e-06  7.2324e-08  6.6829e-08  4.1229e-08  1:19:35 2870

 Reversed flow on 53 faces (27.5% area) of pressure-outlet 19.

 Reversed flow on 178 faces (35.4% area) of pressure-outlet 18.
   631  8.6070e-06  7.0451e-08  6.5332e-08  3.9992e-08  1:19:26 2869

 Reversed flow on 53 faces (27.5% area) of pressure-outlet 19.

 Reversed flow on 178 faces (35.4% area) of pressure-outlet 18.
   632  8.2999e-06  6.8562e-08  6.5344e-08  3.8817e-08  1:19:20 2868

 Reversed flow on 53 faces (27.5% area) of pressure-outlet 19.

 Reversed flow on 178 faces (35.4% area) of pressure-outlet 18.
   633  8.2460e-06  6.7483e-08  6.6067e-08  3.7876e-08  1:19:13 2867

 Reversed flow on 53 faces (27.5% area) of pressure-outlet 19.

 Reversed flow on 178 faces (35.4% area) of pressure-outlet 18.
   634  8.2027e-06  6.6631e-08  6.7178e-08  3.7306e-08  1:19:07 2866

 Reversed flow on 53 faces (27.5% area) of pressure-outlet 19.

 Reversed flow on 178 faces (35.4% area) of pressure-outlet 18.
   635  8.3929e-06  6.6692e-08  6.8792e-08  3.7249e-08  1:18:59 2865

 Reversed flow on 53 faces (27.5% area) of pressure-outlet 19.

 Reversed flow on 178 faces (35.4% area) of pressure-outlet 18.
   636  8.4661e-06  6.7128e-08  7.0829e-08  3.7576e-08  1:19:12 2864

 Reversed flow on 53 faces (27.5% area) of pressure-outlet 19.

 Reversed flow on 178 faces (35.4% area) of pressure-outlet 18.
   637  8.6642e-06  6.7996e-08  7.2634e-08  3.8200e-08  1:19:12 2863

 Reversed flow on 53 faces (27.5% area) of pressure-outlet 19.

 Reversed flow on 178 faces (35.4% area) of pressure-outlet 18.
   638  8.9015e-06  6.9106e-08  7.4762e-08  3.9249e-08  1:19:05 2862

 Reversed flow on 53 faces (27.5% area) of pressure-outlet 19.

 Reversed flow on 178 faces (35.4% area) of pressure-outlet 18.

  iter  continuity  x-velocity  y-velocity  z-velocity     time/iter
   639  9.2730e-06  7.0899e-08  7.6791e-08  4.1005e-08  1:18:58 2861

 Reversed flow on 53 faces (27.5% area) of pressure-outlet 19.

 Reversed flow on 178 faces (35.4% area) of pressure-outlet 18.
   640  9.3421e-06  7.2357e-08  7.8880e-08  4.2734e-08  1:18:53 2860

 Reversed flow on 53 faces (27.5% area) of pressure-outlet 19.

 Reversed flow on 178 faces (35.4% area) of pressure-outlet 18.
   641  9.5505e-06  7.4037e-08  8.0988e-08  4.4274e-08  1:18:47 2859

 Reversed flow on 53 faces (27.5% area) of pressure-outlet 19.

 Reversed flow on 178 faces (35.4% area) of pressure-outlet 18.
   642  9.7481e-06  7.5596e-08  8.2636e-08  4.5759e-08  1:18:43 2858

 Reversed flow on 53 faces (27.5% area) of pressure-outlet 19.

 Reversed flow on 178 faces (35.4% area) of pressure-outlet 18.
   643  9.9110e-06  7.7339e-08  8.3040e-08  4.7207e-08  1:18:41 2857

 Reversed flow on 53 faces (27.5% area) of pressure-outlet 19.

 Reversed flow on 178 faces (35.4% area) of pressure-outlet 18.
   644  9.7805e-06  7.8425e-08  8.4145e-08  4.8060e-08  1:18:39 2856

 Reversed flow on 53 faces (27.5% area) of pressure-outlet 19.

 Reversed flow on 178 faces (35.4% area) of pressure-outlet 18.
   645  9.8681e-06  7.9598e-08  8.7347e-08  4.8359e-08  1:18:38 2855

 Reversed flow on 53 faces (27.5% area) of pressure-outlet 19.

 Reversed flow on 178 faces (35.4% area) of pressure-outlet 18.
   646  9.8422e-06  8.0029e-08  8.9910e-08  4.8354e-08  1:18:34 2854

 Reversed flow on 53 faces (27.5% area) of pressure-outlet 19.

 Reversed flow on 178 faces (35.4% area) of pressure-outlet 18.
   647  9.9214e-06  8.0982e-08  9.2004e-08  4.8553e-08  1:18:32 2853

 Reversed flow on 53 faces (27.5% area) of pressure-outlet 19.

 Reversed flow on 178 faces (35.4% area) of pressure-outlet 18.
   648  9.8239e-06  8.1362e-08  9.3870e-08  4.8869e-08  1:18:28 2852

 Reversed flow on 53 faces (27.5% area) of pressure-outlet 19.

 Reversed flow on 178 faces (35.4% area) of pressure-outlet 18.
   649  1.0085e-05  8.3273e-08  9.8242e-08  4.9135e-08  1:18:29 2851

 Reversed flow on 53 faces (27.5% area) of pressure-outlet 19.

 Reversed flow on 178 faces (35.4% area) of pressure-outlet 18.

  iter  continuity  x-velocity  y-velocity  z-velocity     time/iter
   650  1.0789e-05  8.6911e-08  1.0413e-07  5.0494e-08  1:18:27 2850

 Reversed flow on 53 faces (27.5% area) of pressure-outlet 19.

 Reversed flow on 178 faces (35.4% area) of pressure-outlet 18.
   651  1.1650e-05  9.2223e-08  1.0646e-07  5.3955e-08  1:18:27 2849

 Reversed flow on 53 faces (27.5% area) of pressure-outlet 19.

 Reversed flow on 178 faces (35.4% area) of pressure-outlet 18.
   652  1.1989e-05  9.6348e-08  1.0734e-07  5.8055e-08  1:18:23 2848

 Reversed flow on 53 faces (27.5% area) of pressure-outlet 19.

 Reversed flow on 178 faces (35.4% area) of pressure-outlet 18.
   653  1.2193e-05  9.8636e-08  1.0710e-07  6.1001e-08  1:18:19 2847

 Reversed flow on 53 faces (27.5% area) of pressure-outlet 19.

 Reversed flow on 178 faces (35.4% area) of pressure-outlet 18.
   654  1.2166e-05  9.9455e-08  1.0618e-07  6.2641e-08  1:18:19 2846

 Reversed flow on 53 faces (27.5% area) of pressure-outlet 19.

 Reversed flow on 178 faces (35.4% area) of pressure-outlet 18.
   655  1.2153e-05  9.9244e-08  1.0613e-07  6.3313e-08  1:18:18 2845

 Reversed flow on 53 faces (27.5% area) of pressure-outlet 19.

 Reversed flow on 178 faces (35.4% area) of pressure-outlet 18.
   656  1.1879e-05  9.7420e-08  1.0446e-07  6.2559e-08  1:18:16 2844

 Reversed flow on 53 faces (27.5% area) of pressure-outlet 19.

 Reversed flow on 178 faces (35.4% area) of pressure-outlet 18.
   657  1.1736e-05  9.4743e-08  1.0131e-07  6.0821e-08  1:18:13 2843

 Reversed flow on 53 faces (27.5% area) of pressure-outlet 19.

 Reversed flow on 178 faces (35.4% area) of pressure-outlet 18.
   658  1.1645e-05  9.2325e-08  9.6985e-08  5.9063e-08  1:18:21 2842

 Reversed flow on 53 faces (27.5% area) of pressure-outlet 19.

 Reversed flow on 178 faces (35.4% area) of pressure-outlet 18.
   659  1.1656e-05  9.1086e-08  9.2546e-08  5.7320e-08  1:18:21 2841

 Reversed flow on 53 faces (27.5% area) of pressure-outlet 19.

 Reversed flow on 178 faces (35.4% area) of pressure-outlet 18.
   660  1.1335e-05  9.0165e-08  8.7897e-08  5.5322e-08  1:18:18 2840

 Reversed flow on 53 faces (27.5% area) of pressure-outlet 19.

 Reversed flow on 178 faces (35.4% area) of pressure-outlet 18.

  iter  continuity  x-velocity  y-velocity  z-velocity     time/iter
   661  1.1094e-05  8.9431e-08  8.4060e-08  5.3389e-08  1:18:19 2839

 Reversed flow on 53 faces (27.5% area) of pressure-outlet 19.

 Reversed flow on 178 faces (35.4% area) of pressure-outlet 18.
   662  1.0844e-05  8.8308e-08  8.0201e-08  5.1430e-08  1:18:18 2838

 Reversed flow on 53 faces (27.5% area) of pressure-outlet 19.

 Reversed flow on 178 faces (35.4% area) of pressure-outlet 18.
   663  1.0708e-05  8.7281e-08  7.7063e-08  4.9680e-08  1:18:15 2837

 Reversed flow on 53 faces (27.5% area) of pressure-outlet 19.

 Reversed flow on 178 faces (35.4% area) of pressure-outlet 18.
   664  1.0230e-05  8.5577e-08  7.4421e-08  4.7826e-08  1:18:10 2836

 Reversed flow on 53 faces (27.5% area) of pressure-outlet 19.

 Reversed flow on 178 faces (35.4% area) of pressure-outlet 18.
   665  9.8878e-06  8.3001e-08  7.1853e-08  4.5929e-08  1:18:11 2835

 Reversed flow on 53 faces (27.5% area) of pressure-outlet 19.

 Reversed flow on 178 faces (35.4% area) of pressure-outlet 18.
   666  9.5686e-06  8.0077e-08  6.9743e-08  4.4118e-08  1:18:10 2834

 Reversed flow on 53 faces (27.5% area) of pressure-outlet 19.

 Reversed flow on 178 faces (35.4% area) of pressure-outlet 18.
   667  9.3222e-06  7.7256e-08  6.7830e-08  4.2552e-08  1:18:06 2833

 Reversed flow on 53 faces (27.5% area) of pressure-outlet 19.

 Reversed flow on 178 faces (35.4% area) of pressure-outlet 18.
   668  8.8740e-06  7.3910e-08  6.6316e-08  4.1010e-08  1:18:03 2832

 Reversed flow on 53 faces (27.5% area) of pressure-outlet 19.

 Reversed flow on 178 faces (35.4% area) of pressure-outlet 18.
   669  8.6436e-06  7.0961e-08  6.6076e-08  3.9589e-08  1:18:03 2831

 Reversed flow on 53 faces (27.5% area) of pressure-outlet 19.

 Reversed flow on 178 faces (35.4% area) of pressure-outlet 18.
   670  8.3847e-06  6.8146e-08  6.6474e-08  3.8385e-08  1:17:59 2830

 Reversed flow on 53 faces (27.5% area) of pressure-outlet 19.

 Reversed flow on 178 faces (35.4% area) of pressure-outlet 18.
   671  8.3462e-06  6.5985e-08  6.7453e-08  3.7742e-08  1:17:57 2829

 Reversed flow on 53 faces (27.5% area) of pressure-outlet 19.

 Reversed flow on 178 faces (35.4% area) of pressure-outlet 18.

  iter  continuity  x-velocity  y-velocity  z-velocity     time/iter
   672  8.1718e-06  6.4387e-08  6.8948e-08  3.7319e-08  1:17:57 2828

 Reversed flow on 53 faces (27.5% area) of pressure-outlet 19.

 Reversed flow on 178 faces (35.4% area) of pressure-outlet 18.
   673  8.1874e-06  6.3625e-08  7.0154e-08  3.7029e-08  1:17:56 2827

 Reversed flow on 53 faces (27.5% area) of pressure-outlet 19.

 Reversed flow on 178 faces (35.4% area) of pressure-outlet 18.
   674  8.2656e-06  6.3474e-08  7.1677e-08  3.7353e-08  1:17:58 2826

 Reversed flow on 53 faces (27.5% area) of pressure-outlet 19.

 Reversed flow on 178 faces (35.4% area) of pressure-outlet 18.
   675  8.5319e-06  6.4345e-08  7.3812e-08  3.8444e-08  1:17:54 2825

 Reversed flow on 53 faces (27.5% area) of pressure-outlet 19.

 Reversed flow on 178 faces (35.4% area) of pressure-outlet 18.
   676  8.5405e-06  6.5484e-08  7.5440e-08  3.9835e-08  1:17:55 2824

 Reversed flow on 53 faces (27.5% area) of pressure-outlet 19.

 Reversed flow on 178 faces (35.4% area) of pressure-outlet 18.
   677  8.8113e-06  6.7478e-08  7.7549e-08  4.1310e-08  1:17:48 2823

 Reversed flow on 53 faces (27.5% area) of pressure-outlet 19.

 Reversed flow on 178 faces (35.4% area) of pressure-outlet 18.
   678  9.1051e-06  7.0020e-08  7.9751e-08  4.2934e-08  1:17:45 2822

 Reversed flow on 53 faces (27.5% area) of pressure-outlet 19.

 Reversed flow on 178 faces (35.4% area) of pressure-outlet 18.
   679  9.4290e-06  7.2898e-08  8.1467e-08  4.4699e-08  1:17:46 2821

 Reversed flow on 53 faces (27.5% area) of pressure-outlet 19.

 Reversed flow on 178 faces (35.4% area) of pressure-outlet 18.
   680  9.4468e-06  7.5518e-08  8.1827e-08  4.6211e-08  1:17:43 2820

 Reversed flow on 53 faces (27.5% area) of pressure-outlet 19.

 Reversed flow on 178 faces (35.4% area) of pressure-outlet 18.
   681  9.6619e-06  7.8021e-08  8.4209e-08  4.7251e-08  1:17:39 2819

 Reversed flow on 53 faces (27.5% area) of pressure-outlet 19.

 Reversed flow on 178 faces (35.4% area) of pressure-outlet 18.
   682  9.8450e-06  8.0522e-08  8.7659e-08  4.7872e-08  1:17:38 2818

 Reversed flow on 53 faces (27.5% area) of pressure-outlet 19.

 Reversed flow on 178 faces (35.4% area) of pressure-outlet 18.

  iter  continuity  x-velocity  y-velocity  z-velocity     time/iter
   683  1.0115e-05  8.2620e-08  9.0695e-08  4.8581e-08  1:17:34 2817

 Reversed flow on 53 faces (27.5% area) of pressure-outlet 19.

 Reversed flow on 178 faces (35.4% area) of pressure-outlet 18.
   684  1.0086e-05  8.4005e-08  9.2918e-08  4.9082e-08  1:17:36 2816

 Reversed flow on 53 faces (27.5% area) of pressure-outlet 19.

 Reversed flow on 178 faces (35.4% area) of pressure-outlet 18.
   685  1.0221e-05  8.4844e-08  9.5074e-08  4.9678e-08  1:17:36 2815

 Reversed flow on 53 faces (27.5% area) of pressure-outlet 19.

 Reversed flow on 178 faces (35.4% area) of pressure-outlet 18.
   686  1.0714e-05  8.7926e-08  1.0066e-07  5.0599e-08  1:17:34 2814

 Reversed flow on 53 faces (27.5% area) of pressure-outlet 19.

 Reversed flow on 178 faces (35.4% area) of pressure-outlet 18.
   687  1.1691e-05  9.2271e-08  1.0709e-07  5.2798e-08  1:17:32 2813

 Reversed flow on 53 faces (27.5% area) of pressure-outlet 19.

 Reversed flow on 178 faces (35.4% area) of pressure-outlet 18.
   688  1.2166e-05  9.6898e-08  1.0731e-07  5.6392e-08  1:17:35 2812

 Reversed flow on 53 faces (27.5% area) of pressure-outlet 19.

 Reversed flow on 178 faces (35.4% area) of pressure-outlet 18.
   689  1.2555e-05  1.0037e-07  1.0811e-07  6.0210e-08  1:17:34 2811

 Reversed flow on 53 faces (27.5% area) of pressure-outlet 19.

 Reversed flow on 178 faces (35.4% area) of pressure-outlet 18.
   690  1.2668e-05  1.0191e-07  1.0763e-07  6.2863e-08  1:17:28 2810

 Reversed flow on 53 faces (27.5% area) of pressure-outlet 19.

 Reversed flow on 178 faces (35.4% area) of pressure-outlet 18.
   691  1.2581e-05  1.0148e-07  1.0689e-07  6.4006e-08  1:17:24 2809

 Reversed flow on 53 faces (27.5% area) of pressure-outlet 19.

 Reversed flow on 178 faces (35.4% area) of pressure-outlet 18.
   692  1.2179e-05  9.9397e-08  1.0532e-07  6.3615e-08  1:17:23 2808

 Reversed flow on 53 faces (27.5% area) of pressure-outlet 19.

 Reversed flow on 178 faces (35.4% area) of pressure-outlet 18.
   693  1.1887e-05  9.6514e-08  1.0332e-07  6.2233e-08  1:17:22 2807

 Reversed flow on 53 faces (27.5% area) of pressure-outlet 19.

 Reversed flow on 178 faces (35.4% area) of pressure-outlet 18.

  iter  continuity  x-velocity  y-velocity  z-velocity     time/iter
   694  1.1580e-05  9.2936e-08  9.9711e-08  6.0131e-08  1:17:17 2806

 Reversed flow on 53 faces (27.5% area) of pressure-outlet 19.

 Reversed flow on 178 faces (35.4% area) of pressure-outlet 18.
   695  1.1483e-05  8.9431e-08  9.5100e-08  5.8114e-08  1:17:22 2805

 Reversed flow on 53 faces (27.5% area) of pressure-outlet 19.

 Reversed flow on 178 faces (35.4% area) of pressure-outlet 18.
   696  1.1044e-05  8.6901e-08  9.0150e-08  5.5723e-08  1:17:19 2804

 Reversed flow on 53 faces (27.5% area) of pressure-outlet 19.

 Reversed flow on 178 faces (35.4% area) of pressure-outlet 18.
   697  1.0642e-05  8.5015e-08  8.5545e-08  5.3344e-08  1:17:13 2803

 Reversed flow on 53 faces (27.5% area) of pressure-outlet 19.

 Reversed flow on 178 faces (35.4% area) of pressure-outlet 18.
   698  1.0324e-05  8.3398e-08  8.1878e-08  5.1310e-08  1:17:11 2802

 Reversed flow on 53 faces (27.5% area) of pressure-outlet 19.

 Reversed flow on 178 faces (35.4% area) of pressure-outlet 18.
   699  1.0133e-05  8.2102e-08  7.8309e-08  4.9481e-08  1:17:09 2801

 Reversed flow on 53 faces (27.5% area) of pressure-outlet 19.

 Reversed flow on 178 faces (35.4% area) of pressure-outlet 18.
   700  9.6441e-06  8.0107e-08  7.4953e-08  4.7380e-08  1:17:20 2800

 Reversed flow on 53 faces (27.5% area) of pressure-outlet 19.

 Reversed flow on 178 faces (35.4% area) of pressure-outlet 18.
   701  9.3709e-06  7.8378e-08  7.2258e-08  4.5394e-08  1:17:15 2799

 Reversed flow on 53 faces (27.5% area) of pressure-outlet 19.

 Reversed flow on 178 faces (35.4% area) of pressure-outlet 18.
   702  9.2142e-06  7.6968e-08  7.0211e-08  4.3794e-08  1:17:11 2798

 Reversed flow on 53 faces (27.5% area) of pressure-outlet 19.

 Reversed flow on 178 faces (35.4% area) of pressure-outlet 18.
   703  9.1636e-06  7.6202e-08  6.8537e-08  4.2479e-08  1:17:10 2797

 Reversed flow on 53 faces (27.5% area) of pressure-outlet 19.

 Reversed flow on 178 faces (35.4% area) of pressure-outlet 18.
   704  8.9314e-06  7.4973e-08  6.7078e-08  4.1260e-08  1:17:07 2796

 Reversed flow on 53 faces (27.5% area) of pressure-outlet 19.

 Reversed flow on 178 faces (35.4% area) of pressure-outlet 18.

  iter  continuity  x-velocity  y-velocity  z-velocity     time/iter
   705  8.8924e-06  7.3760e-08  6.6383e-08  4.0227e-08  1:17:00 2795

 Reversed flow on 53 faces (27.5% area) of pressure-outlet 19.

 Reversed flow on 178 faces (35.4% area) of pressure-outlet 18.
   706  8.8020e-06  7.2706e-08  6.6629e-08  3.9310e-08  1:16:58 2794

 Reversed flow on 53 faces (27.5% area) of pressure-outlet 19.

 Reversed flow on 178 faces (35.4% area) of pressure-outlet 18.
   707  8.8890e-06  7.2127e-08  6.7804e-08  3.8962e-08  1:16:56 2793

 Reversed flow on 53 faces (27.5% area) of pressure-outlet 19.

 Reversed flow on 178 faces (35.4% area) of pressure-outlet 18.
   708  8.8182e-06  7.1698e-08  6.9522e-08  3.8838e-08  1:16:54 2792

 Reversed flow on 53 faces (27.5% area) of pressure-outlet 19.

 Reversed flow on 178 faces (35.4% area) of pressure-outlet 18.
   709  8.8797e-06  7.1487e-08  7.0957e-08  3.8647e-08  1:16:50 2791

 Reversed flow on 53 faces (27.5% area) of pressure-outlet 19.

 Reversed flow on 178 faces (35.4% area) of pressure-outlet 18.
   710  8.9534e-06  7.0809e-08  7.2356e-08  3.8941e-08  1:16:56 2790

 Reversed flow on 53 faces (27.5% area) of pressure-outlet 19.

 Reversed flow on 178 faces (35.4% area) of pressure-outlet 18.
   711  9.1538e-06  7.0542e-08  7.4406e-08  3.9829e-08  1:16:53 2789

 Reversed flow on 53 faces (27.5% area) of pressure-outlet 19.

 Reversed flow on 178 faces (35.4% area) of pressure-outlet 18.
   712  9.0246e-06  7.0253e-08  7.6131e-08  4.0775e-08  1:16:48 2788

 Reversed flow on 53 faces (27.5% area) of pressure-outlet 19.

 Reversed flow on 178 faces (35.4% area) of pressure-outlet 18.
   713  9.1244e-06  7.0344e-08  7.7007e-08  4.1840e-08  1:16:44 2787

 Reversed flow on 53 faces (27.5% area) of pressure-outlet 19.

 Reversed flow on 178 faces (35.4% area) of pressure-outlet 18.
   714  9.2986e-06  7.1143e-08  7.9302e-08  4.3225e-08  1:16:45 2786

 Reversed flow on 53 faces (27.5% area) of pressure-outlet 19.

 Reversed flow on 178 faces (35.4% area) of pressure-outlet 18.
   715  9.4883e-06  7.2142e-08  8.1035e-08  4.4636e-08  1:16:41 2785

 Reversed flow on 53 faces (27.5% area) of pressure-outlet 19.

 Reversed flow on 178 faces (35.4% area) of pressure-outlet 18.

  iter  continuity  x-velocity  y-velocity  z-velocity     time/iter
   716  9.3898e-06  7.2828e-08  8.1954e-08  4.5823e-08  1:16:39 2784

 Reversed flow on 53 faces (27.5% area) of pressure-outlet 19.

 Reversed flow on 178 faces (35.4% area) of pressure-outlet 18.
   717  9.4183e-06  7.4043e-08  8.1683e-08  4.6671e-08  1:16:36 2783

 Reversed flow on 53 faces (27.5% area) of pressure-outlet 19.

 Reversed flow on 178 faces (35.4% area) of pressure-outlet 18.
   718  9.4174e-06  7.5254e-08  8.4576e-08  4.7067e-08  1:16:40 2782

 Reversed flow on 53 faces (27.5% area) of pressure-outlet 19.

 Reversed flow on 178 faces (35.4% area) of pressure-outlet 18.
   719  9.5970e-06  7.6878e-08  8.7790e-08  4.7407e-08  1:16:48 2781

 Reversed flow on 53 faces (27.5% area) of pressure-outlet 19.

 Reversed flow on 178 faces (35.4% area) of pressure-outlet 18.
   720  9.4899e-06  7.7776e-08  9.0179e-08  4.7615e-08  1:16:45 2780

 Reversed flow on 53 faces (27.5% area) of pressure-outlet 19.

 Reversed flow on 178 faces (35.4% area) of pressure-outlet 18.
   721  9.5133e-06  7.8803e-08  9.1889e-08  4.7694e-08  1:16:42 2779

 Reversed flow on 53 faces (27.5% area) of pressure-outlet 19.

 Reversed flow on 178 faces (35.4% area) of pressure-outlet 18.
   722  9.7928e-06  8.0864e-08  9.5116e-08  4.8423e-08  1:16:41 2778

 Reversed flow on 53 faces (27.5% area) of pressure-outlet 19.

 Reversed flow on 178 faces (35.4% area) of pressure-outlet 18.
   723  1.0643e-05  8.5713e-08  1.0161e-07  4.9987e-08  1:16:40 2777

 Reversed flow on 53 faces (27.5% area) of pressure-outlet 19.

 Reversed flow on 178 faces (35.4% area) of pressure-outlet 18.
   724  1.1366e-05  9.0656e-08  1.0651e-07  5.2428e-08  1:16:35 2776

 Reversed flow on 53 faces (27.5% area) of pressure-outlet 19.

 Reversed flow on 178 faces (35.4% area) of pressure-outlet 18.
   725  1.2061e-05  9.6586e-08  1.0667e-07  5.6523e-08  1:16:33 2775

 Reversed flow on 53 faces (27.5% area) of pressure-outlet 19.

 Reversed flow on 178 faces (35.4% area) of pressure-outlet 18.
   726  1.2549e-05  1.0118e-07  1.0816e-07  6.0779e-08  1:16:31 2774

 Reversed flow on 53 faces (27.5% area) of pressure-outlet 19.

 Reversed flow on 178 faces (35.4% area) of pressure-outlet 18.

  iter  continuity  x-velocity  y-velocity  z-velocity     time/iter
   727  1.2807e-05  1.0378e-07  1.0762e-07  6.3498e-08  1:16:30 2773

 Reversed flow on 53 faces (27.5% area) of pressure-outlet 19.

 Reversed flow on 178 faces (35.4% area) of pressure-outlet 18.
   728  1.2587e-05  1.0351e-07  1.0717e-07  6.4361e-08  1:16:30 2772

 Reversed flow on 53 faces (27.5% area) of pressure-outlet 19.

 Reversed flow on 178 faces (35.4% area) of pressure-outlet 18.
   729  1.2456e-05  1.0226e-07  1.0581e-07  6.4120e-08  1:16:29 2771

 Reversed flow on 53 faces (27.5% area) of pressure-outlet 19.

 Reversed flow on 178 faces (35.4% area) of pressure-outlet 18.
   730  1.2258e-05  9.9799e-08  1.0402e-07  6.3054e-08  1:16:27 2770

 Reversed flow on 53 faces (27.5% area) of pressure-outlet 19.

 Reversed flow on 178 faces (35.4% area) of pressure-outlet 18.
   731  1.2228e-05  9.6753e-08  1.0018e-07  6.1377e-08  1:16:33 2769

 Reversed flow on 53 faces (27.5% area) of pressure-outlet 19.

 Reversed flow on 178 faces (35.4% area) of pressure-outlet 18.
   732  1.1889e-05  9.3044e-08  9.5251e-08  5.9327e-08  1:16:31 2768

 Reversed flow on 53 faces (27.5% area) of pressure-outlet 19.

 Reversed flow on 178 faces (35.4% area) of pressure-outlet 18.
   733  1.1512e-05  9.0936e-08  9.0058e-08  5.6871e-08  1:16:32 2767

 Reversed flow on 53 faces (27.5% area) of pressure-outlet 19.

 Reversed flow on 178 faces (35.4% area) of pressure-outlet 18.
   734  1.1136e-05  8.8881e-08  8.5863e-08  5.4613e-08  1:16:32 2766

 Reversed flow on 53 faces (27.5% area) of pressure-outlet 19.

 Reversed flow on 178 faces (35.4% area) of pressure-outlet 18.
   735  1.0888e-05  8.6797e-08  8.2123e-08  5.2601e-08  1:16:22 2765

 Reversed flow on 53 faces (27.5% area) of pressure-outlet 19.

 Reversed flow on 178 faces (35.4% area) of pressure-outlet 18.
   736  1.0255e-05  8.3811e-08  7.7993e-08  5.0135e-08  1:16:17 2764

 Reversed flow on 53 faces (27.5% area) of pressure-outlet 19.

 Reversed flow on 178 faces (35.4% area) of pressure-outlet 18.
   737  9.8186e-06  8.0964e-08  7.4477e-08  4.7589e-08  1:16:11 2763

 Reversed flow on 53 faces (27.5% area) of pressure-outlet 19.

 Reversed flow on 178 faces (35.4% area) of pressure-outlet 18.

  iter  continuity  x-velocity  y-velocity  z-velocity     time/iter
   738  9.4287e-06  7.8387e-08  7.1753e-08  4.5434e-08  1:16:08 2762

 Reversed flow on 53 faces (27.5% area) of pressure-outlet 19.

 Reversed flow on 178 faces (35.4% area) of pressure-outlet 18.
   739  9.2035e-06  7.6158e-08  6.9594e-08  4.3616e-08  1:16:05 2761

 Reversed flow on 53 faces (27.5% area) of pressure-outlet 19.

 Reversed flow on 178 faces (35.4% area) of pressure-outlet 18.
   740  8.7682e-06  7.3680e-08  6.7653e-08  4.1772e-08  1:16:03 2760

 Reversed flow on 53 faces (27.5% area) of pressure-outlet 19.

 Reversed flow on 178 faces (35.4% area) of pressure-outlet 18.
   741  8.5563e-06  7.1352e-08  6.6033e-08  4.0238e-08  1:16:01 2759

 Reversed flow on 53 faces (27.5% area) of pressure-outlet 19.

 Reversed flow on 178 faces (35.4% area) of pressure-outlet 18.
   742  8.2924e-06  6.8938e-08  6.5554e-08  3.8891e-08  1:15:58 2758

 Reversed flow on 53 faces (27.5% area) of pressure-outlet 19.

 Reversed flow on 178 faces (35.4% area) of pressure-outlet 18.
   743  8.2486e-06  6.7340e-08  6.6157e-08  3.8063e-08  1:19:11 2757

 Reversed flow on 53 faces (27.5% area) of pressure-outlet 19.

 Reversed flow on 178 faces (35.4% area) of pressure-outlet 18.
   744  8.0528e-06  6.6150e-08  6.7549e-08  3.7618e-08  1:18:30 2756

 Reversed flow on 53 faces (27.5% area) of pressure-outlet 19.

 Reversed flow on 178 faces (35.4% area) of pressure-outlet 18.
   745  8.0695e-06  6.5382e-08  6.8834e-08  3.7161e-08  1:17:57 2755

 Reversed flow on 53 faces (27.5% area) of pressure-outlet 19.

 Reversed flow on 178 faces (35.4% area) of pressure-outlet 18.
   746  8.2300e-06  6.5294e-08  7.0304e-08  3.7101e-08  1:17:29 2754

 Reversed flow on 53 faces (27.5% area) of pressure-outlet 19.

 Reversed flow on 178 faces (35.4% area) of pressure-outlet 18.
   747  8.5948e-06  6.6364e-08  7.2241e-08  3.7982e-08  1:17:13 2753

 Reversed flow on 53 faces (27.5% area) of pressure-outlet 19.

 Reversed flow on 178 faces (35.4% area) of pressure-outlet 18.
   748  8.6747e-06  6.7676e-08  7.4598e-08  3.9050e-08  1:17:50 2752

 Reversed flow on 53 faces (27.5% area) of pressure-outlet 19.

 Reversed flow on 178 faces (35.4% area) of pressure-outlet 18.

  iter  continuity  x-velocity  y-velocity  z-velocity     time/iter
   749  8.9656e-06  6.9501e-08  7.6372e-08  4.0397e-08  1:17:37 2751

 Reversed flow on 53 faces (27.5% area) of pressure-outlet 19.

 Reversed flow on 178 faces (35.4% area) of pressure-outlet 18.
   750  9.3348e-06  7.1703e-08  7.8208e-08  4.2176e-08  1:17:30 2750

 Reversed flow on 53 faces (27.5% area) of pressure-outlet 19.

 Reversed flow on 178 faces (35.4% area) of pressure-outlet 18.
   751  9.7348e-06  7.4708e-08  8.0703e-08  4.4147e-08  1:17:06 2749

 Reversed flow on 53 faces (27.5% area) of pressure-outlet 19.

 Reversed flow on 178 faces (35.4% area) of pressure-outlet 18.
   752  9.8588e-06  7.7106e-08  8.2688e-08  4.5872e-08  1:16:48 2748

 Reversed flow on 53 faces (27.5% area) of pressure-outlet 19.

 Reversed flow on 178 faces (35.4% area) of pressure-outlet 18.
   753  1.0085e-05  7.9706e-08  8.3478e-08  4.7383e-08  1:16:32 2747

 Reversed flow on 53 faces (27.5% area) of pressure-outlet 19.

 Reversed flow on 178 faces (35.4% area) of pressure-outlet 18.
   754  1.0127e-05  8.1719e-08  8.4198e-08  4.8461e-08  1:16:18 2746

 Reversed flow on 53 faces (27.5% area) of pressure-outlet 19.

 Reversed flow on 178 faces (35.4% area) of pressure-outlet 18.
   755  1.0320e-05  8.3214e-08  8.7718e-08  4.9272e-08  1:16:09 2745

 Reversed flow on 53 faces (27.5% area) of pressure-outlet 19.

 Reversed flow on 178 faces (35.4% area) of pressure-outlet 18.
   756  1.0196e-05  8.3447e-08  9.0606e-08  4.9526e-08  1:16:00 2744

 Reversed flow on 53 faces (27.5% area) of pressure-outlet 19.

 Reversed flow on 178 faces (35.4% area) of pressure-outlet 18.
   757  1.0080e-05  8.3427e-08  9.2268e-08  4.9351e-08  1:15:55 2743

 Reversed flow on 53 faces (27.5% area) of pressure-outlet 19.

 Reversed flow on 178 faces (35.4% area) of pressure-outlet 18.
   758  1.0046e-05  8.3306e-08  9.3898e-08  4.9535e-08  1:17:05 2742

 Reversed flow on 53 faces (27.5% area) of pressure-outlet 19.

 Reversed flow on 178 faces (35.4% area) of pressure-outlet 18.
   759  1.0479e-05  8.5128e-08  9.8428e-08  5.0357e-08  1:16:47 2741

 Reversed flow on 53 faces (27.5% area) of pressure-outlet 19.

 Reversed flow on 178 faces (35.4% area) of pressure-outlet 18.

  iter  continuity  x-velocity  y-velocity  z-velocity     time/iter
   760  1.0930e-05  8.7719e-08  1.0392e-07  5.1404e-08  1:16:44 2740

 Reversed flow on 53 faces (27.5% area) of pressure-outlet 19.

 Reversed flow on 178 faces (35.4% area) of pressure-outlet 18.
   761  1.1587e-05  9.1436e-08  1.0622e-07  5.3881e-08  1:17:46 2739

 Reversed flow on 53 faces (27.5% area) of pressure-outlet 19.

 Reversed flow on 178 faces (35.4% area) of pressure-outlet 18.
   762  1.2116e-05  9.5889e-08  1.0718e-07  5.8005e-08  1:18:14 2738

 Reversed flow on 53 faces (27.5% area) of pressure-outlet 19.

 Reversed flow on 178 faces (35.4% area) of pressure-outlet 18.
   763  1.2441e-05  9.8923e-08  1.0772e-07  6.1549e-08  1:17:46 2737

 Reversed flow on 53 faces (27.5% area) of pressure-outlet 19.

 Reversed flow on 178 faces (35.4% area) of pressure-outlet 18.
   764  1.2200e-05  9.9119e-08  1.0590e-07  6.2921e-08  1:17:19 2736

 Reversed flow on 53 faces (27.5% area) of pressure-outlet 19.

 Reversed flow on 178 faces (35.4% area) of pressure-outlet 18.
   765  1.2023e-05  9.8059e-08  1.0556e-07  6.3153e-08  1:16:54 2735

 Reversed flow on 53 faces (27.5% area) of pressure-outlet 19.

 Reversed flow on 178 faces (35.4% area) of pressure-outlet 18.
   766  1.1844e-05  9.6715e-08  1.0439e-07  6.2714e-08  1:16:35 2734

 Reversed flow on 53 faces (27.5% area) of pressure-outlet 19.

 Reversed flow on 178 faces (35.4% area) of pressure-outlet 18.
   767  1.1837e-05  9.4776e-08  1.0202e-07  6.1433e-08  1:16:24 2733

 Reversed flow on 53 faces (27.5% area) of pressure-outlet 19.

 Reversed flow on 178 faces (35.4% area) of pressure-outlet 18.
   768  1.1629e-05  9.2031e-08  9.7591e-08  5.9528e-08  1:16:10 2732

 Reversed flow on 53 faces (27.5% area) of pressure-outlet 19.

 Reversed flow on 178 faces (35.4% area) of pressure-outlet 18.
   769  1.1430e-05  9.0045e-08  9.2818e-08  5.7495e-08  1:16:00 2731

 Reversed flow on 53 faces (27.5% area) of pressure-outlet 19.

 Reversed flow on 178 faces (35.4% area) of pressure-outlet 18.
   770  1.1206e-05  8.9437e-08  8.8333e-08  5.5512e-08  1:15:46 2730

 Reversed flow on 53 faces (27.5% area) of pressure-outlet 19.

 Reversed flow on 178 faces (35.4% area) of pressure-outlet 18.

  iter  continuity  x-velocity  y-velocity  z-velocity     time/iter
   771  1.1151e-05  8.9166e-08  8.5084e-08  5.3960e-08  1:15:35 2729

 Reversed flow on 53 faces (27.5% area) of pressure-outlet 19.

 Reversed flow on 178 faces (35.4% area) of pressure-outlet 18.
   772  1.0726e-05  8.7809e-08  8.1219e-08  5.2057e-08  1:15:26 2728

 Reversed flow on 53 faces (27.5% area) of pressure-outlet 19.

 Reversed flow on 178 faces (35.4% area) of pressure-outlet 18.
   773  1.0410e-05  8.6111e-08  7.7487e-08  4.9891e-08  1:15:22 2727

 Reversed flow on 53 faces (27.5% area) of pressure-outlet 19.

 Reversed flow on 178 faces (35.4% area) of pressure-outlet 18.
   774  1.0140e-05  8.4187e-08  7.4959e-08  4.8052e-08  1:15:16 2726

 Reversed flow on 53 faces (27.5% area) of pressure-outlet 19.

 Reversed flow on 178 faces (35.4% area) of pressure-outlet 18.
   775  9.9628e-06  8.2354e-08  7.2773e-08  4.6505e-08  1:15:12 2725

 Reversed flow on 53 faces (27.5% area) of pressure-outlet 19.

 Reversed flow on 178 faces (35.4% area) of pressure-outlet 18.
   776  9.5717e-06  7.9919e-08  7.0739e-08  4.4824e-08  1:15:09 2724

 Reversed flow on 53 faces (27.5% area) of pressure-outlet 19.

 Reversed flow on 178 faces (35.4% area) of pressure-outlet 18.
   777  9.3611e-06  7.7669e-08  6.8800e-08  4.3142e-08  1:15:07 2723

 Reversed flow on 53 faces (27.5% area) of pressure-outlet 19.

 Reversed flow on 178 faces (35.4% area) of pressure-outlet 18.
   778  9.0819e-06  7.4910e-08  6.7064e-08  4.1621e-08  1:15:06 2722

 Reversed flow on 53 faces (27.5% area) of pressure-outlet 19.

 Reversed flow on 178 faces (35.4% area) of pressure-outlet 18.
   779  8.9230e-06  7.2444e-08  6.6832e-08  4.0412e-08  1:15:06 2721

 Reversed flow on 53 faces (27.5% area) of pressure-outlet 19.

 Reversed flow on 178 faces (35.4% area) of pressure-outlet 18.
   780  8.5698e-06  6.9962e-08  6.7551e-08  3.9412e-08  1:15:04 2720

 Reversed flow on 53 faces (27.5% area) of pressure-outlet 19.

 Reversed flow on 178 faces (35.4% area) of pressure-outlet 18.
   781  8.3769e-06  6.7690e-08  6.8270e-08  3.8408e-08  1:15:00 2719

 Reversed flow on 53 faces (27.5% area) of pressure-outlet 19.

 Reversed flow on 178 faces (35.4% area) of pressure-outlet 18.

  iter  continuity  x-velocity  y-velocity  z-velocity     time/iter
   782  8.3098e-06  6.6113e-08  6.9223e-08  3.7661e-08  1:14:58 2718

 Reversed flow on 53 faces (27.5% area) of pressure-outlet 19.

 Reversed flow on 178 faces (35.4% area) of pressure-outlet 18.
   783  8.4701e-06  6.5577e-08  7.0628e-08  3.7645e-08  1:14:59 2717

 Reversed flow on 53 faces (27.5% area) of pressure-outlet 19.

 Reversed flow on 178 faces (35.4% area) of pressure-outlet 18.
   784  8.3491e-06  6.5164e-08  7.2304e-08  3.7952e-08  1:14:56 2716

 Reversed flow on 53 faces (27.5% area) of pressure-outlet 19.

 Reversed flow on 178 faces (35.4% area) of pressure-outlet 18.
   785  8.4537e-06  6.5424e-08  7.4137e-08  3.8570e-08  1:14:58 2715

 Reversed flow on 53 faces (27.5% area) of pressure-outlet 19.

 Reversed flow on 178 faces (35.4% area) of pressure-outlet 18.
   786  8.6167e-06  6.6205e-08  7.5736e-08  3.9811e-08  1:14:56 2714

 Reversed flow on 53 faces (27.5% area) of pressure-outlet 19.

 Reversed flow on 178 faces (35.4% area) of pressure-outlet 18.
   787  8.8948e-06  6.7715e-08  7.7781e-08  4.1467e-08  1:14:52 2713

 Reversed flow on 53 faces (27.5% area) of pressure-outlet 19.

 Reversed flow on 178 faces (35.4% area) of pressure-outlet 18.
   788  8.9398e-06  6.9467e-08  8.0065e-08  4.3078e-08  1:14:48 2712

 Reversed flow on 53 faces (27.5% area) of pressure-outlet 19.

 Reversed flow on 178 faces (35.4% area) of pressure-outlet 18.
   789  9.1678e-06  7.1628e-08  8.1723e-08  4.4561e-08  1:14:43 2711

 Reversed flow on 53 faces (27.5% area) of pressure-outlet 19.

 Reversed flow on 178 faces (35.4% area) of pressure-outlet 18.
   790  9.2929e-06  7.3734e-08  8.1974e-08  4.5885e-08  1:14:39 2710

 Reversed flow on 53 faces (27.5% area) of pressure-outlet 19.

 Reversed flow on 178 faces (35.4% area) of pressure-outlet 18.
   791  9.5704e-06  7.6218e-08  8.3817e-08  4.7110e-08  1:14:34 2709

 Reversed flow on 53 faces (27.5% area) of pressure-outlet 19.

 Reversed flow on 178 faces (35.4% area) of pressure-outlet 18.
   792  9.6695e-06  7.8677e-08  8.7490e-08  4.7858e-08  1:14:32 2708

 Reversed flow on 53 faces (27.5% area) of pressure-outlet 19.

 Reversed flow on 178 faces (35.4% area) of pressure-outlet 18.

  iter  continuity  x-velocity  y-velocity  z-velocity     time/iter
   793  9.8234e-06  8.0642e-08  9.0153e-08  4.8157e-08  1:14:33 2707

 Reversed flow on 53 faces (27.5% area) of pressure-outlet 19.

 Reversed flow on 178 faces (35.4% area) of pressure-outlet 18.
   794  9.9714e-06  8.2594e-08  9.2309e-08  4.8589e-08  1:14:33 2706

 Reversed flow on 53 faces (27.5% area) of pressure-outlet 19.

 Reversed flow on 178 faces (35.4% area) of pressure-outlet 18.
   795  1.0372e-05  8.4911e-08  9.5037e-08  4.9719e-08  1:14:31 2705

 Reversed flow on 53 faces (27.5% area) of pressure-outlet 19.

 Reversed flow on 178 faces (35.4% area) of pressure-outlet 18.
   796  1.0725e-05  8.8357e-08  1.0015e-07  5.0622e-08  1:14:29 2704

 Reversed flow on 53 faces (27.5% area) of pressure-outlet 19.

 Reversed flow on 178 faces (35.4% area) of pressure-outlet 18.
   797  1.1584e-05  9.2877e-08  1.0598e-07  5.2308e-08  1:14:29 2703

 Reversed flow on 53 faces (27.5% area) of pressure-outlet 19.

 Reversed flow on 178 faces (35.4% area) of pressure-outlet 18.
   798  1.2390e-05  9.9010e-08  1.0773e-07  5.6038e-08  1:14:28 2702

 Reversed flow on 53 faces (27.5% area) of pressure-outlet 19.

 Reversed flow on 178 faces (35.4% area) of pressure-outlet 18.
   799  1.3018e-05  1.0420e-07  1.0931e-07  6.0761e-08  1:14:18 2701

 Reversed flow on 53 faces (27.5% area) of pressure-outlet 19.

 Reversed flow on 178 faces (35.4% area) of pressure-outlet 18.
   800  1.3012e-05  1.0564e-07  1.0884e-07  6.3644e-08  1:14:16 2700

 Reversed flow on 53 faces (27.5% area) of pressure-outlet 19.

 Reversed flow on 178 faces (35.4% area) of pressure-outlet 18.
   801  1.2815e-05  1.0470e-07  1.0741e-07  6.4698e-08  1:14:17 2699

 Reversed flow on 53 faces (27.5% area) of pressure-outlet 19.

 Reversed flow on 178 faces (35.4% area) of pressure-outlet 18.
   802  1.2523e-05  1.0287e-07  1.0670e-07  6.4808e-08  1:14:14 2698

 Reversed flow on 53 faces (27.5% area) of pressure-outlet 19.

 Reversed flow on 178 faces (35.4% area) of pressure-outlet 18.
   803  1.2386e-05  1.0023e-07  1.0522e-07  6.4069e-08  1:14:16 2697

 Reversed flow on 53 faces (27.5% area) of pressure-outlet 19.

 Reversed flow on 178 faces (35.4% area) of pressure-outlet 18.

  iter  continuity  x-velocity  y-velocity  z-velocity     time/iter
   804  1.1984e-05  9.5966e-08  1.0159e-07  6.2010e-08  1:14:15 2696

 Reversed flow on 53 faces (27.5% area) of pressure-outlet 19.

 Reversed flow on 178 faces (35.4% area) of pressure-outlet 18.
   805  1.1696e-05  9.1528e-08  9.6476e-08  5.9631e-08  1:14:15 2695

 Reversed flow on 53 faces (27.5% area) of pressure-outlet 19.

 Reversed flow on 178 faces (35.4% area) of pressure-outlet 18.
   806  1.1366e-05  8.8421e-08  9.1551e-08  5.7260e-08  1:14:16 2694

 Reversed flow on 53 faces (27.5% area) of pressure-outlet 19.

 Reversed flow on 178 faces (35.4% area) of pressure-outlet 18.
   807  1.1132e-05  8.6709e-08  8.7099e-08  5.5099e-08  1:14:10 2693

 Reversed flow on 53 faces (27.5% area) of pressure-outlet 19.

 Reversed flow on 178 faces (35.4% area) of pressure-outlet 18.
   808  1.0575e-05  8.4596e-08  8.3036e-08  5.2808e-08  1:14:07 2692

 Reversed flow on 53 faces (27.5% area) of pressure-outlet 19.

 Reversed flow on 178 faces (35.4% area) of pressure-outlet 18.
   809  1.0150e-05  8.2314e-08  7.8648e-08  5.0276e-08  1:14:05 2691

 Reversed flow on 53 faces (27.5% area) of pressure-outlet 19.

 Reversed flow on 178 faces (35.4% area) of pressure-outlet 18.
   810  9.7920e-06  8.0137e-08  7.5237e-08  4.8010e-08  1:14:00 2690

 Reversed flow on 53 faces (27.5% area) of pressure-outlet 19.

 Reversed flow on 178 faces (35.4% area) of pressure-outlet 18.
   811  9.5745e-06  7.8476e-08  7.2817e-08  4.6212e-08  1:14:00 2689

 Reversed flow on 53 faces (27.5% area) of pressure-outlet 19.

 Reversed flow on 178 faces (35.4% area) of pressure-outlet 18.
   812  9.2144e-06  7.6790e-08  7.0517e-08  4.4392e-08  1:13:59 2688

 Reversed flow on 53 faces (27.5% area) of pressure-outlet 19.

 Reversed flow on 178 faces (35.4% area) of pressure-outlet 18.
   813  9.0716e-06  7.5607e-08  6.8637e-08  4.2721e-08  1:13:58 2687

 Reversed flow on 53 faces (27.5% area) of pressure-outlet 19.

 Reversed flow on 178 faces (35.4% area) of pressure-outlet 18.
   814  8.8931e-06  7.4278e-08  6.7003e-08  4.1275e-08  1:13:56 2686

 Reversed flow on 53 faces (27.5% area) of pressure-outlet 19.

 Reversed flow on 178 faces (35.4% area) of pressure-outlet 18.

  iter  continuity  x-velocity  y-velocity  z-velocity     time/iter
   815  8.8908e-06  7.3122e-08  6.6152e-08  4.0358e-08  1:13:53 2685

 Reversed flow on 53 faces (27.5% area) of pressure-outlet 19.

 Reversed flow on 178 faces (35.4% area) of pressure-outlet 18.
   816  8.6794e-06  7.1963e-08  6.6698e-08  3.9569e-08  1:13:48 2684

 Reversed flow on 53 faces (27.5% area) of pressure-outlet 19.

 Reversed flow on 178 faces (35.4% area) of pressure-outlet 18.
   817  8.5959e-06  7.0876e-08  6.7607e-08  3.8832e-08  1:13:46 2683

 Reversed flow on 53 faces (27.5% area) of pressure-outlet 19.

 Reversed flow on 178 faces (35.4% area) of pressure-outlet 18.
   818  8.6010e-06  6.9829e-08  6.8804e-08  3.8407e-08  1:13:46 2682

 Reversed flow on 53 faces (27.5% area) of pressure-outlet 19.

 Reversed flow on 178 faces (35.4% area) of pressure-outlet 18.
   819  8.8272e-06  6.9518e-08  7.0503e-08  3.8504e-08  1:13:47 2681

 Reversed flow on 53 faces (27.5% area) of pressure-outlet 19.

 Reversed flow on 178 faces (35.4% area) of pressure-outlet 18.
   820  8.7793e-06  6.9136e-08  7.2210e-08  3.8787e-08  1:13:50 2680

 Reversed flow on 53 faces (27.5% area) of pressure-outlet 19.

 Reversed flow on 178 faces (35.4% area) of pressure-outlet 18.
   821  8.9144e-06  6.9083e-08  7.3953e-08  3.9348e-08  1:13:50 2679

 Reversed flow on 53 faces (27.5% area) of pressure-outlet 19.

 Reversed flow on 178 faces (35.4% area) of pressure-outlet 18.
   822  9.0852e-06  6.9567e-08  7.5773e-08  4.0330e-08  1:13:46 2678

 Reversed flow on 53 faces (27.5% area) of pressure-outlet 19.

 Reversed flow on 178 faces (35.4% area) of pressure-outlet 18.
   823  9.2999e-06  7.0415e-08  7.7059e-08  4.1767e-08  1:13:46 2677

 Reversed flow on 53 faces (27.5% area) of pressure-outlet 19.

 Reversed flow on 178 faces (35.4% area) of pressure-outlet 18.
   824  9.2849e-06  7.1326e-08  7.9256e-08  4.3194e-08  1:13:42 2676

 Reversed flow on 53 faces (27.5% area) of pressure-outlet 19.

 Reversed flow on 178 faces (35.4% area) of pressure-outlet 18.
   825  9.4218e-06  7.2388e-08  8.1041e-08  4.4476e-08  1:13:38 2675

 Reversed flow on 53 faces (27.5% area) of pressure-outlet 19.

 Reversed flow on 178 faces (35.4% area) of pressure-outlet 18.

  iter  continuity  x-velocity  y-velocity  z-velocity     time/iter
   826  9.4589e-06  7.3401e-08  8.1964e-08  4.5536e-08  1:13:37 2674

 Reversed flow on 53 faces (27.5% area) of pressure-outlet 19.

 Reversed flow on 178 faces (35.4% area) of pressure-outlet 18.
   827  9.5887e-06  7.5052e-08  8.1692e-08  4.6665e-08  1:13:35 2673

 Reversed flow on 53 faces (27.5% area) of pressure-outlet 19.

 Reversed flow on 178 faces (35.4% area) of pressure-outlet 18.
   828  9.4801e-06  7.6187e-08  8.4301e-08  4.7312e-08  1:13:33 2672

 Reversed flow on 53 faces (27.5% area) of pressure-outlet 19.

 Reversed flow on 178 faces (35.4% area) of pressure-outlet 18.
   829  9.4984e-06  7.7283e-08  8.7173e-08  4.7305e-08  1:13:29 2671

 Reversed flow on 53 faces (27.5% area) of pressure-outlet 19.

 Reversed flow on 178 faces (35.4% area) of pressure-outlet 18.
   830  9.5040e-06  7.8073e-08  8.9558e-08  4.7363e-08  1:13:32 2670

 Reversed flow on 53 faces (27.5% area) of pressure-outlet 19.

 Reversed flow on 178 faces (35.4% area) of pressure-outlet 18.
   831  9.6631e-06  7.9322e-08  9.1934e-08  4.7820e-08  1:13:30 2669

 Reversed flow on 53 faces (27.5% area) of pressure-outlet 19.

 Reversed flow on 178 faces (35.4% area) of pressure-outlet 18.
   832  9.6337e-06  8.0015e-08  9.4374e-08  4.8391e-08  1:13:28 2668

 Reversed flow on 53 faces (27.5% area) of pressure-outlet 19.

 Reversed flow on 178 faces (35.4% area) of pressure-outlet 18.
   833  1.0163e-05  8.3306e-08  9.9915e-08  4.9163e-08  1:13:29 2667

 Reversed flow on 53 faces (27.5% area) of pressure-outlet 19.

 Reversed flow on 178 faces (35.4% area) of pressure-outlet 18.
   834  1.1066e-05  8.8008e-08  1.0633e-07  5.1376e-08  1:13:28 2666

 Reversed flow on 53 faces (27.5% area) of pressure-outlet 19.

 Reversed flow on 178 faces (35.4% area) of pressure-outlet 18.
   835  1.1921e-05  9.4274e-08  1.0680e-07  5.5770e-08  1:13:25 2665

 Reversed flow on 53 faces (27.5% area) of pressure-outlet 19.

 Reversed flow on 178 faces (35.4% area) of pressure-outlet 18.
   836  1.2267e-05  9.8464e-08  1.0781e-07  5.9841e-08  1:13:20 2664

 Reversed flow on 53 faces (27.5% area) of pressure-outlet 19.

 Reversed flow on 178 faces (35.4% area) of pressure-outlet 18.

  iter  continuity  x-velocity  y-velocity  z-velocity     time/iter
   837  1.2473e-05  1.0087e-07  1.0692e-07  6.2344e-08  1:13:17 2663

 Reversed flow on 53 faces (27.5% area) of pressure-outlet 19.

 Reversed flow on 178 faces (35.4% area) of pressure-outlet 18.
   838  1.2421e-05  1.0165e-07  1.0665e-07  6.3599e-08  1:13:16 2662

 Reversed flow on 53 faces (27.5% area) of pressure-outlet 19.

 Reversed flow on 178 faces (35.4% area) of pressure-outlet 18.
   839  1.2511e-05  1.0162e-07  1.0587e-07  6.3984e-08  1:13:20 2661

 Reversed flow on 53 faces (27.5% area) of pressure-outlet 19.

 Reversed flow on 178 faces (35.4% area) of pressure-outlet 18.
   840  1.2301e-05  9.9794e-08  1.0419e-07  6.3037e-08  1:13:19 2660

 Reversed flow on 53 faces (27.5% area) of pressure-outlet 19.

 Reversed flow on 178 faces (35.4% area) of pressure-outlet 18.
   841  1.2173e-05  9.7313e-08  1.0026e-07  6.1168e-08  1:13:18 2659

 Reversed flow on 53 faces (27.5% area) of pressure-outlet 19.

 Reversed flow on 178 faces (35.4% area) of pressure-outlet 18.
   842  1.2083e-05  9.4593e-08  9.5792e-08  5.9414e-08  1:13:14 2658

 Reversed flow on 53 faces (27.5% area) of pressure-outlet 19.

 Reversed flow on 178 faces (35.4% area) of pressure-outlet 18.
   843  1.2030e-05  9.4086e-08  9.1398e-08  5.7655e-08  1:13:13 2657

 Reversed flow on 53 faces (27.5% area) of pressure-outlet 19.

 Reversed flow on 178 faces (35.4% area) of pressure-outlet 18.
   844  1.1512e-05  9.2348e-08  8.7052e-08  5.5591e-08  1:13:09 2656

 Reversed flow on 53 faces (27.5% area) of pressure-outlet 19.

 Reversed flow on 178 faces (35.4% area) of pressure-outlet 18.
   845  1.1106e-05  8.9886e-08  8.2906e-08  5.3363e-08  1:13:07 2655

 Reversed flow on 53 faces (27.5% area) of pressure-outlet 19.

 Reversed flow on 178 faces (35.4% area) of pressure-outlet 18.
   846  1.0651e-05  8.6934e-08  7.8934e-08  5.1082e-08  1:13:07 2654

 Reversed flow on 53 faces (27.5% area) of pressure-outlet 19.

 Reversed flow on 178 faces (35.4% area) of pressure-outlet 18.
   847  1.0289e-05  8.4080e-08  7.5627e-08  4.8910e-08  1:13:05 2653

 Reversed flow on 53 faces (27.5% area) of pressure-outlet 19.

 Reversed flow on 178 faces (35.4% area) of pressure-outlet 18.

  iter  continuity  x-velocity  y-velocity  z-velocity     time/iter
   848  9.7266e-06  8.0718e-08  7.2691e-08  4.6715e-08  1:13:02 2652

 Reversed flow on 53 faces (27.5% area) of pressure-outlet 19.

 Reversed flow on 178 faces (35.4% area) of pressure-outlet 18.
   849  9.4248e-06  7.7794e-08  7.0177e-08  4.4640e-08  1:12:59 2651

 Reversed flow on 53 faces (27.5% area) of pressure-outlet 19.

 Reversed flow on 178 faces (35.4% area) of pressure-outlet 18.
   850  9.0671e-06  7.4766e-08  6.7938e-08  4.2621e-08  1:12:59 2650

 Reversed flow on 53 faces (27.5% area) of pressure-outlet 19.

 Reversed flow on 178 faces (35.4% area) of pressure-outlet 18.
   851  8.8875e-06  7.2060e-08  6.6176e-08  4.1127e-08  1:12:55 2649

 Reversed flow on 53 faces (27.5% area) of pressure-outlet 19.

 Reversed flow on 178 faces (35.4% area) of pressure-outlet 18.
   852  8.4963e-06  6.9379e-08  6.5602e-08  3.9773e-08  1:12:54 2648

 Reversed flow on 53 faces (27.5% area) of pressure-outlet 19.

 Reversed flow on 178 faces (35.4% area) of pressure-outlet 18.
   853  8.2321e-06  6.7124e-08  6.5601e-08  3.8354e-08  1:12:52 2647

 Reversed flow on 53 faces (27.5% area) of pressure-outlet 19.

 Reversed flow on 178 faces (35.4% area) of pressure-outlet 18.
   854  8.0635e-06  6.5185e-08  6.6374e-08  3.7367e-08  1:12:48 2646

 Reversed flow on 53 faces (27.5% area) of pressure-outlet 19.

 Reversed flow on 178 faces (35.4% area) of pressure-outlet 18.
   855  8.1777e-06  6.4288e-08  6.7861e-08  3.7099e-08  1:12:50 2645

 Reversed flow on 53 faces (27.5% area) of pressure-outlet 19.

 Reversed flow on 178 faces (35.4% area) of pressure-outlet 18.
   856  8.1056e-06  6.3881e-08  6.9505e-08  3.6967e-08  1:12:48 2644

 Reversed flow on 53 faces (27.5% area) of pressure-outlet 19.

 Reversed flow on 178 faces (35.4% area) of pressure-outlet 18.
   857  8.3036e-06  6.4459e-08  7.1041e-08  3.7272e-08  1:12:46 2643

 Reversed flow on 53 faces (27.5% area) of pressure-outlet 19.

 Reversed flow on 178 faces (35.4% area) of pressure-outlet 18.
   858  8.5674e-06  6.5693e-08  7.3317e-08  3.8211e-08  1:12:46 2642

 Reversed flow on 53 faces (27.5% area) of pressure-outlet 19.

 Reversed flow on 178 faces (35.4% area) of pressure-outlet 18.

  iter  continuity  x-velocity  y-velocity  z-velocity     time/iter
   859  8.8851e-06  6.7706e-08  7.5373e-08  3.9736e-08  1:12:43 2641

 Reversed flow on 53 faces (27.5% area) of pressure-outlet 19.

 Reversed flow on 178 faces (35.4% area) of pressure-outlet 18.
   860  9.0197e-06  6.9639e-08  7.7210e-08  4.1484e-08  1:12:44 2640

 Reversed flow on 53 faces (27.5% area) of pressure-outlet 19.

 Reversed flow on 178 faces (35.4% area) of pressure-outlet 18.
   861  9.3495e-06  7.2389e-08  7.9887e-08  4.3281e-08  1:12:44 2639

 Reversed flow on 53 faces (27.5% area) of pressure-outlet 19.

 Reversed flow on 178 faces (35.4% area) of pressure-outlet 18.
   862  9.5877e-06  7.4698e-08  8.1785e-08  4.4918e-08  1:12:46 2638

 Reversed flow on 53 faces (27.5% area) of pressure-outlet 19.

 Reversed flow on 178 faces (35.4% area) of pressure-outlet 18.
   863  9.8942e-06  7.7195e-08  8.2909e-08  4.6665e-08  1:12:43 2637

 Reversed flow on 53 faces (27.5% area) of pressure-outlet 19.

 Reversed flow on 178 faces (35.4% area) of pressure-outlet 18.
   864  9.8939e-06  7.9223e-08  8.3622e-08  4.8033e-08  1:12:38 2636

 Reversed flow on 53 faces (27.5% area) of pressure-outlet 19.

 Reversed flow on 178 faces (35.4% area) of pressure-outlet 18.
   865  1.0000e-05  8.0767e-08  8.6762e-08  4.8624e-08  1:12:33 2635

 Reversed flow on 53 faces (27.5% area) of pressure-outlet 19.

 Reversed flow on 178 faces (35.4% area) of pressure-outlet 18.
   866  1.0097e-05  8.1857e-08  8.9723e-08  4.8913e-08  1:12:37 2634

 Reversed flow on 53 faces (27.5% area) of pressure-outlet 19.

 Reversed flow on 178 faces (35.4% area) of pressure-outlet 18.
   867  1.0272e-05  8.3139e-08  9.2225e-08  4.9405e-08  1:12:39 2633

 Reversed flow on 53 faces (27.5% area) of pressure-outlet 19.

 Reversed flow on 178 faces (35.4% area) of pressure-outlet 18.
   868  1.0088e-05  8.3349e-08  9.3863e-08  4.9616e-08  1:12:36 2632

 Reversed flow on 53 faces (27.5% area) of pressure-outlet 19.

 Reversed flow on 178 faces (35.4% area) of pressure-outlet 18.
   869  1.0291e-05  8.4421e-08  9.7235e-08  4.9991e-08  1:12:35 2631

 Reversed flow on 53 faces (27.5% area) of pressure-outlet 19.

 Reversed flow on 178 faces (35.4% area) of pressure-outlet 18.

  iter  continuity  x-velocity  y-velocity  z-velocity     time/iter
   870  1.0911e-05  8.7504e-08  1.0306e-07  5.1148e-08  1:12:35 2630

 Reversed flow on 53 faces (27.5% area) of pressure-outlet 19.

 Reversed flow on 178 faces (35.4% area) of pressure-outlet 18.
   871  1.1738e-05  9.1923e-08  1.0688e-07  5.3792e-08  1:12:32 2629

 Reversed flow on 53 faces (27.5% area) of pressure-outlet 19.

 Reversed flow on 178 faces (35.4% area) of pressure-outlet 18.
   872  1.2121e-05  9.6200e-08  1.0707e-07  5.7550e-08  1:12:27 2628

 Reversed flow on 53 faces (27.5% area) of pressure-outlet 19.

 Reversed flow on 178 faces (35.4% area) of pressure-outlet 18.
   873  1.2361e-05  9.8781e-08  1.0731e-07  6.0844e-08  1:12:27 2627

 Reversed flow on 53 faces (27.5% area) of pressure-outlet 19.

 Reversed flow on 178 faces (35.4% area) of pressure-outlet 18.
   874  1.2267e-05  9.9499e-08  1.0602e-07  6.2581e-08  1:12:26 2626

 Reversed flow on 53 faces (27.5% area) of pressure-outlet 19.

 Reversed flow on 178 faces (35.4% area) of pressure-outlet 18.
   875  1.2217e-05  9.8903e-08  1.0603e-07  6.3275e-08  1:12:20 2625

 Reversed flow on 53 faces (27.5% area) of pressure-outlet 19.

 Reversed flow on 178 faces (35.4% area) of pressure-outlet 18.
   876  1.1867e-05  9.6716e-08  1.0448e-07  6.2621e-08  1:12:22 2624

 Reversed flow on 53 faces (27.5% area) of pressure-outlet 19.

 Reversed flow on 178 faces (35.4% area) of pressure-outlet 18.
   877  1.1584e-05  9.3548e-08  1.0179e-07  6.0946e-08  1:12:19 2623

 Reversed flow on 53 faces (27.5% area) of pressure-outlet 19.

 Reversed flow on 178 faces (35.4% area) of pressure-outlet 18.
   878  1.1420e-05  9.0451e-08  9.7659e-08  5.9034e-08  1:12:19 2622

 Reversed flow on 53 faces (27.5% area) of pressure-outlet 19.

 Reversed flow on 178 faces (35.4% area) of pressure-outlet 18.
   879  1.1395e-05  8.8192e-08  9.3279e-08  5.7322e-08  1:12:16 2621

 Reversed flow on 53 faces (27.5% area) of pressure-outlet 19.

 Reversed flow on 178 faces (35.4% area) of pressure-outlet 18.
   880  1.0976e-05  8.6811e-08  8.8367e-08  5.5130e-08  1:12:11 2620

 Reversed flow on 53 faces (27.5% area) of pressure-outlet 19.

 Reversed flow on 178 faces (35.4% area) of pressure-outlet 18.

  iter  continuity  x-velocity  y-velocity  z-velocity     time/iter
   881  1.0723e-05  8.5726e-08  8.4311e-08  5.3015e-08  1:12:08 2619

 Reversed flow on 53 faces (27.5% area) of pressure-outlet 19.

 Reversed flow on 178 faces (35.4% area) of pressure-outlet 18.
   882  1.0506e-05  8.4800e-08  8.0685e-08  5.1142e-08  1:12:06 2618

 Reversed flow on 53 faces (27.5% area) of pressure-outlet 19.

 Reversed flow on 178 faces (35.4% area) of pressure-outlet 18.
   883  1.0345e-05  8.4053e-08  7.7291e-08  4.9375e-08  1:12:03 2617

 Reversed flow on 53 faces (27.5% area) of pressure-outlet 19.

 Reversed flow on 178 faces (35.4% area) of pressure-outlet 18.
   884  9.9754e-06  8.2494e-08  7.4495e-08  4.7525e-08  1:12:00 2616

 Reversed flow on 53 faces (27.5% area) of pressure-outlet 19.

 Reversed flow on 178 faces (35.4% area) of pressure-outlet 18.
   885  9.8108e-06  8.1385e-08  7.2072e-08  4.5803e-08  1:11:58 2615

 Reversed flow on 53 faces (27.5% area) of pressure-outlet 19.

 Reversed flow on 178 faces (35.4% area) of pressure-outlet 18.
   886  9.6408e-06  8.0225e-08  7.0097e-08  4.4268e-08  1:11:59 2614

 Reversed flow on 53 faces (27.5% area) of pressure-outlet 19.

 Reversed flow on 178 faces (35.4% area) of pressure-outlet 18.
   887  9.6175e-06  7.9215e-08  6.8527e-08  4.3046e-08  1:11:59 2613

 Reversed flow on 53 faces (27.5% area) of pressure-outlet 19.

 Reversed flow on 178 faces (35.4% area) of pressure-outlet 18.
   888  9.3581e-06  7.7917e-08  6.7318e-08  4.2012e-08  1:11:57 2612

 Reversed flow on 53 faces (27.5% area) of pressure-outlet 19.

 Reversed flow on 178 faces (35.4% area) of pressure-outlet 18.
   889  9.0975e-06  7.5682e-08  6.7036e-08  4.0811e-08  1:11:54 2611

 Reversed flow on 53 faces (27.5% area) of pressure-outlet 19.

 Reversed flow on 178 faces (35.4% area) of pressure-outlet 18.
   890  8.8579e-06  7.3005e-08  6.7364e-08  3.9726e-08  1:11:54 2610

 Reversed flow on 53 faces (27.5% area) of pressure-outlet 19.

 Reversed flow on 178 faces (35.4% area) of pressure-outlet 18.
   891  8.8005e-06  7.0780e-08  6.8424e-08  3.9202e-08  1:11:56 2609

 Reversed flow on 53 faces (27.5% area) of pressure-outlet 19.

 Reversed flow on 178 faces (35.4% area) of pressure-outlet 18.

  iter  continuity  x-velocity  y-velocity  z-velocity     time/iter
   892  8.5251e-06  6.8647e-08  6.9632e-08  3.8607e-08  1:11:53 2608

 Reversed flow on 53 faces (27.5% area) of pressure-outlet 19.

 Reversed flow on 178 faces (35.4% area) of pressure-outlet 18.
   893  8.5522e-06  6.7155e-08  7.0782e-08  3.8223e-08  1:11:55 2607

 Reversed flow on 53 faces (27.5% area) of pressure-outlet 19.

 Reversed flow on 178 faces (35.4% area) of pressure-outlet 18.
   894  8.6500e-06  6.6347e-08  7.2221e-08  3.8522e-08  1:11:52 2606

 Reversed flow on 53 faces (27.5% area) of pressure-outlet 19.

 Reversed flow on 178 faces (35.4% area) of pressure-outlet 18.
   895  8.8105e-06  6.6172e-08  7.4130e-08  3.9337e-08  1:11:47 2605

 Reversed flow on 53 faces (27.5% area) of pressure-outlet 19.

 Reversed flow on 178 faces (35.4% area) of pressure-outlet 18.
   896  8.7348e-06  6.6273e-08  7.5739e-08  4.0446e-08  1:11:42 2604

 Reversed flow on 53 faces (27.5% area) of pressure-outlet 19.

 Reversed flow on 178 faces (35.4% area) of pressure-outlet 18.
   897  8.9158e-06  6.7249e-08  7.7404e-08  4.1721e-08  1:11:38 2603

 Reversed flow on 53 faces (27.5% area) of pressure-outlet 19.

 Reversed flow on 178 faces (35.4% area) of pressure-outlet 18.
   898  9.0189e-06  6.8704e-08  7.9312e-08  4.2983e-08  1:11:34 2602

 Reversed flow on 53 faces (27.5% area) of pressure-outlet 19.

 Reversed flow on 178 faces (35.4% area) of pressure-outlet 18.
   899  9.2641e-06  7.0527e-08  8.1022e-08  4.4462e-08  1:11:32 2601

 Reversed flow on 53 faces (27.5% area) of pressure-outlet 19.

 Reversed flow on 178 faces (35.4% area) of pressure-outlet 18.
   900  9.2577e-06  7.2423e-08  8.1760e-08  4.5889e-08  1:11:27 2600

 Reversed flow on 53 faces (27.5% area) of pressure-outlet 19.

 Reversed flow on 178 faces (35.4% area) of pressure-outlet 18.
   901  9.3462e-06  7.4419e-08  8.2717e-08  4.6720e-08  1:11:28 2599

 Reversed flow on 53 faces (27.5% area) of pressure-outlet 19.

 Reversed flow on 178 faces (35.4% area) of pressure-outlet 18.
   902  9.5458e-06  7.6829e-08  8.6200e-08  4.7254e-08  1:14:39 2598

 Reversed flow on 53 faces (27.5% area) of pressure-outlet 19.

 Reversed flow on 178 faces (35.4% area) of pressure-outlet 18.

  iter  continuity  x-velocity  y-velocity  z-velocity     time/iter
   903  9.8731e-06  7.9358e-08  8.9624e-08  4.8002e-08  1:14:07 2597

 Reversed flow on 53 faces (27.5% area) of pressure-outlet 19.

 Reversed flow on 178 faces (35.4% area) of pressure-outlet 18.
   904  9.7954e-06  8.1165e-08  9.1908e-08  4.8402e-08  1:13:35 2596

 Reversed flow on 53 faces (27.5% area) of pressure-outlet 19.

 Reversed flow on 178 faces (35.4% area) of pressure-outlet 18.
   905  9.9650e-06  8.2745e-08  9.3900e-08  4.8993e-08  1:13:09 2595

 Reversed flow on 53 faces (27.5% area) of pressure-outlet 19.

 Reversed flow on 178 faces (35.4% area) of pressure-outlet 18.
   906  1.0460e-05  8.6199e-08  9.9083e-08  5.0047e-08  1:12:44 2594

 Reversed flow on 53 faces (27.5% area) of pressure-outlet 19.

 Reversed flow on 178 faces (35.4% area) of pressure-outlet 18.
   907  1.1408e-05  9.1179e-08  1.0550e-07  5.2050e-08  1:12:27 2593

 Reversed flow on 53 faces (27.5% area) of pressure-outlet 19.

 Reversed flow on 178 faces (35.4% area) of pressure-outlet 18.
   908  1.2057e-05  9.6278e-08  1.0763e-07  5.5327e-08  1:12:12 2592

 Reversed flow on 53 faces (27.5% area) of pressure-outlet 19.

 Reversed flow on 178 faces (35.4% area) of pressure-outlet 18.
   909  1.2662e-05  1.0103e-07  1.0857e-07  5.9648e-08  1:12:01 2591

 Reversed flow on 53 faces (27.5% area) of pressure-outlet 19.

 Reversed flow on 178 faces (35.4% area) of pressure-outlet 18.
   910  1.2900e-05  1.0367e-07  1.0890e-07  6.3054e-08  1:11:54 2590

 Reversed flow on 53 faces (27.5% area) of pressure-outlet 19.

 Reversed flow on 178 faces (35.4% area) of pressure-outlet 18.
   911  1.2973e-05  1.0436e-07  1.0783e-07  6.4854e-08  1:11:49 2589

 Reversed flow on 53 faces (27.5% area) of pressure-outlet 19.

 Reversed flow on 178 faces (35.4% area) of pressure-outlet 18.
   912  1.2659e-05  1.0275e-07  1.0723e-07  6.5047e-08  1:11:54 2588

 Reversed flow on 53 faces (27.5% area) of pressure-outlet 19.

 Reversed flow on 178 faces (35.4% area) of pressure-outlet 18.
   913  1.2358e-05  1.0012e-07  1.0531e-07  6.4082e-08  1:11:49 2587

 Reversed flow on 53 faces (27.5% area) of pressure-outlet 19.

 Reversed flow on 178 faces (35.4% area) of pressure-outlet 18.

  iter  continuity  x-velocity  y-velocity  z-velocity     time/iter
   914  1.2066e-05  9.6476e-08  1.0226e-07  6.2258e-08  1:11:57 2586

 Reversed flow on 53 faces (27.5% area) of pressure-outlet 19.

 Reversed flow on 178 faces (35.4% area) of pressure-outlet 18.
   915  1.1986e-05  9.2738e-08  9.7800e-08  6.0295e-08  1:12:10 2585

 Reversed flow on 53 faces (27.5% area) of pressure-outlet 19.

 Reversed flow on 178 faces (35.4% area) of pressure-outlet 18.
   916  1.1485e-05  8.9333e-08  9.2574e-08  5.7809e-08  1:12:01 2584

 Reversed flow on 53 faces (27.5% area) of pressure-outlet 19.

 Reversed flow on 178 faces (35.4% area) of pressure-outlet 18.
   917  1.1067e-05  8.7182e-08  8.7307e-08  5.5167e-08  1:12:07 2583

 Reversed flow on 53 faces (27.5% area) of pressure-outlet 19.

 Reversed flow on 178 faces (35.4% area) of pressure-outlet 18.
   918  1.0699e-05  8.5246e-08  8.3547e-08  5.2920e-08  1:12:12 2582

 Reversed flow on 53 faces (27.5% area) of pressure-outlet 19.

 Reversed flow on 178 faces (35.4% area) of pressure-outlet 18.
   919  1.0384e-05  8.3296e-08  7.9626e-08  5.0783e-08  1:12:04 2581

 Reversed flow on 53 faces (27.5% area) of pressure-outlet 19.

 Reversed flow on 178 faces (35.4% area) of pressure-outlet 18.
   920  9.8231e-06  8.0717e-08  7.5908e-08  4.8395e-08  1:11:54 2580

 Reversed flow on 53 faces (27.5% area) of pressure-outlet 19.

 Reversed flow on 178 faces (35.4% area) of pressure-outlet 18.
   921  9.4688e-06  7.8363e-08  7.3171e-08  4.6238e-08  1:11:45 2579

 Reversed flow on 53 faces (27.5% area) of pressure-outlet 19.

 Reversed flow on 178 faces (35.4% area) of pressure-outlet 18.
   922  9.1412e-06  7.6198e-08  7.0782e-08  4.4351e-08  1:11:37 2578

 Reversed flow on 53 faces (27.5% area) of pressure-outlet 19.

 Reversed flow on 178 faces (35.4% area) of pressure-outlet 18.
   923  9.0321e-06  7.4700e-08  6.8971e-08  4.2898e-08  1:11:28 2577

 Reversed flow on 53 faces (27.5% area) of pressure-outlet 19.

 Reversed flow on 178 faces (35.4% area) of pressure-outlet 18.
   924  8.7382e-06  7.3085e-08  6.7487e-08  4.1530e-08  1:11:22 2576

 Reversed flow on 53 faces (27.5% area) of pressure-outlet 19.

 Reversed flow on 178 faces (35.4% area) of pressure-outlet 18.

  iter  continuity  x-velocity  y-velocity  z-velocity     time/iter
   925  8.5872e-06  7.1411e-08  6.6119e-08  4.0226e-08  1:11:15 2575

 Reversed flow on 53 faces (27.5% area) of pressure-outlet 19.

 Reversed flow on 178 faces (35.4% area) of pressure-outlet 18.
   926  8.4685e-06  6.9882e-08  6.6125e-08  3.9143e-08  1:11:13 2574

 Reversed flow on 53 faces (27.5% area) of pressure-outlet 19.

 Reversed flow on 178 faces (35.4% area) of pressure-outlet 18.
   927  8.5627e-06  6.9377e-08  6.7229e-08  3.8716e-08  1:11:16 2573

 Reversed flow on 53 faces (27.5% area) of pressure-outlet 19.

 Reversed flow on 178 faces (35.4% area) of pressure-outlet 18.
   928  8.4370e-06  6.8832e-08  6.8663e-08  3.8415e-08  1:11:10 2572

 Reversed flow on 53 faces (27.5% area) of pressure-outlet 19.

 Reversed flow on 178 faces (35.4% area) of pressure-outlet 18.
   929  8.5905e-06  6.8752e-08  7.0114e-08  3.8205e-08  1:11:06 2571

 Reversed flow on 53 faces (27.5% area) of pressure-outlet 19.

 Reversed flow on 178 faces (35.4% area) of pressure-outlet 18.
   930  8.8583e-06  6.9390e-08  7.1775e-08  3.8548e-08  1:11:03 2570

 Reversed flow on 53 faces (27.5% area) of pressure-outlet 19.

 Reversed flow on 178 faces (35.4% area) of pressure-outlet 18.
   931  9.1890e-06  7.0672e-08  7.3755e-08  3.9568e-08  1:11:01 2569

 Reversed flow on 53 faces (27.5% area) of pressure-outlet 19.

 Reversed flow on 178 faces (35.4% area) of pressure-outlet 18.
   932  9.2786e-06  7.1968e-08  7.6031e-08  4.0761e-08  1:10:57 2568

 Reversed flow on 53 faces (27.5% area) of pressure-outlet 19.

 Reversed flow on 178 faces (35.4% area) of pressure-outlet 18.
   933  9.5380e-06  7.3825e-08  7.7704e-08  4.2276e-08  1:10:55 2567

 Reversed flow on 53 faces (27.5% area) of pressure-outlet 19.

 Reversed flow on 178 faces (35.4% area) of pressure-outlet 18.
   934  9.6855e-06  7.4934e-08  7.9703e-08  4.3864e-08  1:10:52 2566

 Reversed flow on 53 faces (27.5% area) of pressure-outlet 19.

 Reversed flow on 178 faces (35.4% area) of pressure-outlet 18.
   935  9.8973e-06  7.6032e-08  8.1679e-08  4.5487e-08  1:10:51 2565

 Reversed flow on 53 faces (27.5% area) of pressure-outlet 19.

 Reversed flow on 178 faces (35.4% area) of pressure-outlet 18.

  iter  continuity  x-velocity  y-velocity  z-velocity     time/iter
   936  9.8280e-06  7.6742e-08  8.3149e-08  4.6852e-08  1:10:54 2564

 Reversed flow on 53 faces (27.5% area) of pressure-outlet 19.

 Reversed flow on 178 faces (35.4% area) of pressure-outlet 18.
   937  9.7918e-06  7.7393e-08  8.2787e-08  4.7702e-08  1:10:53 2563

 Reversed flow on 53 faces (27.5% area) of pressure-outlet 19.

 Reversed flow on 178 faces (35.4% area) of pressure-outlet 18.
   938  9.8012e-06  7.7911e-08  8.4443e-08  4.8274e-08  1:11:02 2562

 Reversed flow on 53 faces (27.5% area) of pressure-outlet 19.

 Reversed flow on 178 faces (35.4% area) of pressure-outlet 18.
   939  1.0004e-05  7.9137e-08  8.7832e-08  4.8772e-08  1:11:03 2561

 Reversed flow on 53 faces (27.5% area) of pressure-outlet 19.

 Reversed flow on 178 faces (35.4% area) of pressure-outlet 18.
   940  9.8044e-06  7.9080e-08  9.0226e-08  4.8763e-08  1:10:56 2560

 Reversed flow on 53 faces (27.5% area) of pressure-outlet 19.

 Reversed flow on 178 faces (35.4% area) of pressure-outlet 18.
   941  9.7322e-06  7.9209e-08  9.1766e-08  4.8597e-08  1:10:53 2559

 Reversed flow on 53 faces (27.5% area) of pressure-outlet 19.

 Reversed flow on 178 faces (35.4% area) of pressure-outlet 18.
   942  9.8261e-06  7.9807e-08  9.4034e-08  4.9044e-08  1:10:51 2558

 Reversed flow on 53 faces (27.5% area) of pressure-outlet 19.

 Reversed flow on 178 faces (35.4% area) of pressure-outlet 18.
   943  1.0335e-05  8.3004e-08  9.9552e-08  4.9870e-08  1:10:47 2557

 Reversed flow on 53 faces (27.5% area) of pressure-outlet 19.

 Reversed flow on 178 faces (35.4% area) of pressure-outlet 18.
   944  1.0948e-05  8.6526e-08  1.0538e-07  5.1457e-08  1:10:44 2556

 Reversed flow on 53 faces (27.5% area) of pressure-outlet 19.

 Reversed flow on 178 faces (35.4% area) of pressure-outlet 18.
   945  1.1656e-05  9.1735e-08  1.0589e-07  5.4961e-08  1:10:40 2555

 Reversed flow on 53 faces (27.5% area) of pressure-outlet 19.

 Reversed flow on 178 faces (35.4% area) of pressure-outlet 18.
   946  1.2165e-05  9.6546e-08  1.0740e-07  5.9243e-08  1:10:34 2554

 Reversed flow on 53 faces (27.5% area) of pressure-outlet 19.

 Reversed flow on 178 faces (35.4% area) of pressure-outlet 18.

  iter  continuity  x-velocity  y-velocity  z-velocity     time/iter
   947  1.2554e-05  9.9846e-08  1.0739e-07  6.2382e-08  1:10:33 2553

 Reversed flow on 53 faces (27.5% area) of pressure-outlet 19.

 Reversed flow on 178 faces (35.4% area) of pressure-outlet 18.
   948  1.2393e-05  1.0044e-07  1.0659e-07  6.3634e-08  1:10:33 2552

 Reversed flow on 53 faces (27.5% area) of pressure-outlet 19.

 Reversed flow on 178 faces (35.4% area) of pressure-outlet 18.
   949  1.2244e-05  1.0001e-07  1.0563e-07  6.3759e-08  1:10:30 2551

 Reversed flow on 53 faces (27.5% area) of pressure-outlet 19.

 Reversed flow on 178 faces (35.4% area) of pressure-outlet 18.
   950  1.2145e-05  9.8822e-08  1.0451e-07  6.3162e-08  1:10:28 2550

 Reversed flow on 53 faces (27.5% area) of pressure-outlet 19.

 Reversed flow on 178 faces (35.4% area) of pressure-outlet 18.
   951  1.2205e-05  9.6985e-08  1.0167e-07  6.1865e-08  1:10:34 2549

 Reversed flow on 53 faces (27.5% area) of pressure-outlet 19.

 Reversed flow on 178 faces (35.4% area) of pressure-outlet 18.
   952  1.1947e-05  9.3984e-08  9.6993e-08  6.0049e-08  1:10:36 2548

 Reversed flow on 53 faces (27.5% area) of pressure-outlet 19.

 Reversed flow on 178 faces (35.4% area) of pressure-outlet 18.
   953  1.1726e-05  9.2216e-08  9.2056e-08  5.7894e-08  1:10:34 2547

 Reversed flow on 53 faces (27.5% area) of pressure-outlet 19.

 Reversed flow on 178 faces (35.4% area) of pressure-outlet 18.
   954  1.1476e-05  9.0964e-08  8.7934e-08  5.5959e-08  1:10:29 2546

 Reversed flow on 53 faces (27.5% area) of pressure-outlet 19.

 Reversed flow on 178 faces (35.4% area) of pressure-outlet 18.
   955  1.1280e-05  8.9618e-08  8.4454e-08  5.4270e-08  1:10:27 2545

 Reversed flow on 53 faces (27.5% area) of pressure-outlet 19.

 Reversed flow on 178 faces (35.4% area) of pressure-outlet 18.
   956  1.0762e-05  8.7300e-08  8.0315e-08  5.2041e-08  1:10:23 2544

 Reversed flow on 53 faces (27.5% area) of pressure-outlet 19.

 Reversed flow on 178 faces (35.4% area) of pressure-outlet 18.
   957  1.0384e-05  8.4784e-08  7.6708e-08  4.9689e-08  1:10:21 2543

 Reversed flow on 53 faces (27.5% area) of pressure-outlet 19.

 Reversed flow on 178 faces (35.4% area) of pressure-outlet 18.

  iter  continuity  x-velocity  y-velocity  z-velocity     time/iter
   958  9.9498e-06  8.2097e-08  7.3907e-08  4.7534e-08  1:10:20 2542

 Reversed flow on 53 faces (27.5% area) of pressure-outlet 19.

 Reversed flow on 178 faces (35.4% area) of pressure-outlet 18.
   959  9.7266e-06  7.9627e-08  7.1566e-08  4.5728e-08  1:10:22 2541

 Reversed flow on 53 faces (27.5% area) of pressure-outlet 19.

 Reversed flow on 178 faces (35.4% area) of pressure-outlet 18.
   960  9.2822e-06  7.6803e-08  6.9564e-08  4.3845e-08  1:10:24 2540

 Reversed flow on 53 faces (27.5% area) of pressure-outlet 19.

 Reversed flow on 178 faces (35.4% area) of pressure-outlet 18.
   961  8.9619e-06  7.4175e-08  6.7416e-08  4.1919e-08  1:10:17 2539

 Reversed flow on 53 faces (27.5% area) of pressure-outlet 19.

 Reversed flow on 178 faces (35.4% area) of pressure-outlet 18.
   962  8.6677e-06  7.1443e-08  6.6094e-08  4.0296e-08  1:10:13 2538

 Reversed flow on 53 faces (27.5% area) of pressure-outlet 19.

 Reversed flow on 178 faces (35.4% area) of pressure-outlet 18.
   963  8.5469e-06  6.9347e-08  6.6231e-08  3.9128e-08  1:10:10 2537

 Reversed flow on 53 faces (27.5% area) of pressure-outlet 19.

 Reversed flow on 178 faces (35.4% area) of pressure-outlet 18.
   964  8.1692e-06  6.7185e-08  6.7109e-08  3.8145e-08  1:10:08 2536

 Reversed flow on 53 faces (27.5% area) of pressure-outlet 19.

 Reversed flow on 178 faces (35.4% area) of pressure-outlet 18.
   965  8.0820e-06  6.5563e-08  6.8213e-08  3.7367e-08  1:10:10 2535

 Reversed flow on 53 faces (27.5% area) of pressure-outlet 19.

 Reversed flow on 178 faces (35.4% area) of pressure-outlet 18.
   966  8.1309e-06  6.4573e-08  6.9628e-08  3.7018e-08  1:10:04 2534

 Reversed flow on 53 faces (27.5% area) of pressure-outlet 19.

 Reversed flow on 178 faces (35.4% area) of pressure-outlet 18.
   967  8.3274e-06  6.4560e-08  7.1199e-08  3.7404e-08  1:10:04 2533

 Reversed flow on 53 faces (27.5% area) of pressure-outlet 19.

 Reversed flow on 178 faces (35.4% area) of pressure-outlet 18.
   968  8.3315e-06  6.5005e-08  7.3344e-08  3.8187e-08  1:10:00 2532

 Reversed flow on 53 faces (27.5% area) of pressure-outlet 19.

 Reversed flow on 178 faces (35.4% area) of pressure-outlet 18.

  iter  continuity  x-velocity  y-velocity  z-velocity     time/iter
   969  8.5641e-06  6.6239e-08  7.5315e-08  3.9296e-08  1:10:02 2531

 Reversed flow on 53 faces (27.5% area) of pressure-outlet 19.

 Reversed flow on 178 faces (35.4% area) of pressure-outlet 18.
   970  8.7958e-06  6.7742e-08  7.6556e-08  4.0743e-08  1:10:02 2530

 Reversed flow on 53 faces (27.5% area) of pressure-outlet 19.

 Reversed flow on 178 faces (35.4% area) of pressure-outlet 18.
   971  9.1968e-06  7.0252e-08  7.9194e-08  4.2615e-08  1:10:00 2529

 Reversed flow on 53 faces (27.5% area) of pressure-outlet 19.

 Reversed flow on 178 faces (35.4% area) of pressure-outlet 18.
   972  9.3564e-06  7.2830e-08  8.1495e-08  4.4415e-08  1:09:56 2528

 Reversed flow on 53 faces (27.5% area) of pressure-outlet 19.

 Reversed flow on 178 faces (35.4% area) of pressure-outlet 18.
   973  9.5913e-06  7.5411e-08  8.2573e-08  4.5854e-08  1:09:54 2527

 Reversed flow on 53 faces (27.5% area) of pressure-outlet 19.

 Reversed flow on 178 faces (35.4% area) of pressure-outlet 18.
   974  9.7903e-06  7.8013e-08  8.2411e-08  4.7173e-08  1:09:55 2526

 Reversed flow on 53 faces (27.5% area) of pressure-outlet 19.

 Reversed flow on 178 faces (35.4% area) of pressure-outlet 18.
   975  1.0161e-05  8.0981e-08  8.5996e-08  4.8412e-08  1:09:50 2525

 Reversed flow on 53 faces (27.5% area) of pressure-outlet 19.

 Reversed flow on 178 faces (35.4% area) of pressure-outlet 18.
   976  1.0199e-05  8.3127e-08  8.9301e-08  4.8983e-08  1:09:54 2524

 Reversed flow on 53 faces (27.5% area) of pressure-outlet 19.

 Reversed flow on 178 faces (35.4% area) of pressure-outlet 18.
   977  1.0314e-05  8.4803e-08  9.1591e-08  4.9279e-08  1:09:52 2523

 Reversed flow on 53 faces (27.5% area) of pressure-outlet 19.

 Reversed flow on 178 faces (35.4% area) of pressure-outlet 18.
   978  1.0415e-05  8.6484e-08  9.3790e-08  4.9768e-08  1:09:44 2522

 Reversed flow on 53 faces (27.5% area) of pressure-outlet 19.

 Reversed flow on 178 faces (35.4% area) of pressure-outlet 18.
   979  1.0675e-05  8.7800e-08  9.6958e-08  5.0771e-08  1:09:44 2521

 Reversed flow on 53 faces (27.5% area) of pressure-outlet 19.

 Reversed flow on 178 faces (35.4% area) of pressure-outlet 18.

  iter  continuity  x-velocity  y-velocity  z-velocity     time/iter
   980  1.1012e-05  9.0032e-08  1.0258e-07  5.1654e-08  1:09:41 2520

 Reversed flow on 53 faces (27.5% area) of pressure-outlet 19.

 Reversed flow on 178 faces (35.4% area) of pressure-outlet 18.
   981  1.1741e-05  9.3191e-08  1.0736e-07  5.3583e-08  1:10:47 2519

 Reversed flow on 53 faces (27.5% area) of pressure-outlet 19.

 Reversed flow on 178 faces (35.4% area) of pressure-outlet 18.
   982  1.2259e-05  9.7490e-08  1.0733e-07  5.7444e-08  1:10:37 2518

 Reversed flow on 53 faces (27.5% area) of pressure-outlet 19.

 Reversed flow on 178 faces (35.4% area) of pressure-outlet 18.
   983  1.2702e-05  1.0060e-07  1.0838e-07  6.1442e-08  1:10:26 2517

 Reversed flow on 53 faces (27.5% area) of pressure-outlet 19.

 Reversed flow on 178 faces (35.4% area) of pressure-outlet 18.
   984  1.2566e-05  1.0087e-07  1.0699e-07  6.3361e-08  1:10:12 2516

 Reversed flow on 53 faces (27.5% area) of pressure-outlet 19.

 Reversed flow on 178 faces (35.4% area) of pressure-outlet 18.
   985  1.2279e-05  9.9327e-08  1.0611e-07  6.3767e-08  1:10:03 2515

 Reversed flow on 53 faces (27.5% area) of pressure-outlet 19.

 Reversed flow on 178 faces (35.4% area) of pressure-outlet 18.
   986  1.2020e-05  9.7371e-08  1.0479e-07  6.3357e-08  1:09:58 2514

 Reversed flow on 53 faces (27.5% area) of pressure-outlet 19.

 Reversed flow on 178 faces (35.4% area) of pressure-outlet 18.
   987  1.1917e-05  9.4877e-08  1.0305e-07  6.2188e-08  1:09:49 2513

 Reversed flow on 53 faces (27.5% area) of pressure-outlet 19.

 Reversed flow on 178 faces (35.4% area) of pressure-outlet 18.
   988  1.1509e-05  9.1198e-08  9.8703e-08  5.9945e-08  1:09:39 2512

 Reversed flow on 53 faces (27.5% area) of pressure-outlet 19.

 Reversed flow on 178 faces (35.4% area) of pressure-outlet 18.
   989  1.1264e-05  8.7617e-08  9.3652e-08  5.7676e-08  1:09:37 2511

 Reversed flow on 53 faces (27.5% area) of pressure-outlet 19.

 Reversed flow on 178 faces (35.4% area) of pressure-outlet 18.
   990  1.1025e-05  8.6334e-08  8.9033e-08  5.5481e-08  1:09:37 2510

 Reversed flow on 53 faces (27.5% area) of pressure-outlet 19.

 Reversed flow on 178 faces (35.4% area) of pressure-outlet 18.

  iter  continuity  x-velocity  y-velocity  z-velocity     time/iter
   991  1.0875e-05  8.5720e-08  8.5216e-08  5.3635e-08  1:09:32 2509

 Reversed flow on 53 faces (27.5% area) of pressure-outlet 19.

 Reversed flow on 178 faces (35.4% area) of pressure-outlet 18.
   992  1.0478e-05  8.4539e-08  8.1368e-08  5.1603e-08  1:09:28 2508

 Reversed flow on 53 faces (27.5% area) of pressure-outlet 19.

 Reversed flow on 178 faces (35.4% area) of pressure-outlet 18.
   993  1.0190e-05  8.3409e-08  7.7593e-08  4.9487e-08  1:09:27 2507

 Reversed flow on 53 faces (27.5% area) of pressure-outlet 19.

 Reversed flow on 178 faces (35.4% area) of pressure-outlet 18.
   994  9.8812e-06  8.2100e-08  7.4749e-08  4.7531e-08  1:09:28 2506

 Reversed flow on 53 faces (27.5% area) of pressure-outlet 19.

 Reversed flow on 178 faces (35.4% area) of pressure-outlet 18.
   995  9.7704e-06  8.1121e-08  7.2560e-08  4.6034e-08  1:09:21 2505

 Reversed flow on 53 faces (27.5% area) of pressure-outlet 19.

 Reversed flow on 178 faces (35.4% area) of pressure-outlet 18.
   996  9.5017e-06  7.9804e-08  7.0808e-08  4.4612e-08  1:09:16 2504

 Reversed flow on 53 faces (27.5% area) of pressure-outlet 19.

 Reversed flow on 178 faces (35.4% area) of pressure-outlet 18.
   997  9.3148e-06  7.8285e-08  6.8932e-08  4.3016e-08  1:09:17 2503

 Reversed flow on 53 faces (27.5% area) of pressure-outlet 19.

 Reversed flow on 178 faces (35.4% area) of pressure-outlet 18.
   998  9.1557e-06  7.6398e-08  6.7345e-08  4.1712e-08  1:09:12 2502

 Reversed flow on 53 faces (27.5% area) of pressure-outlet 19.

 Reversed flow on 178 faces (35.4% area) of pressure-outlet 18.
   999  9.1295e-06  7.4641e-08  6.7220e-08  4.0875e-08  1:09:10 2501

 Reversed flow on 53 faces (27.5% area) of pressure-outlet 19.

 Reversed flow on 178 faces (35.4% area) of pressure-outlet 18.
  1000  8.7893e-06  7.2440e-08  6.7741e-08  3.9946e-08  1:09:09 2500

 Reversed flow on 53 faces (27.5% area) of pressure-outlet 19.

 Reversed flow on 178 faces (35.4% area) of pressure-outlet 18.
  1001  8.6716e-06  7.0577e-08  6.8545e-08  3.9120e-08  1:09:09 2499

 Reversed flow on 53 faces (27.5% area) of pressure-outlet 19.

 Reversed flow on 178 faces (35.4% area) of pressure-outlet 18.

  iter  continuity  x-velocity  y-velocity  z-velocity     time/iter
  1002  8.6474e-06  6.8987e-08  6.9712e-08  3.8596e-08  1:09:07 2498

 Reversed flow on 53 faces (27.5% area) of pressure-outlet 19.

 Reversed flow on 178 faces (35.4% area) of pressure-outlet 18.
  1003  8.7414e-06  6.8056e-08  7.1004e-08  3.8439e-08  1:09:05 2497

 Reversed flow on 53 faces (27.5% area) of pressure-outlet 19.

 Reversed flow on 178 faces (35.4% area) of pressure-outlet 18.
  1004  8.6352e-06  6.7261e-08  7.2502e-08  3.8705e-08  1:09:07 2496

 Reversed flow on 53 faces (27.5% area) of pressure-outlet 19.

 Reversed flow on 178 faces (35.4% area) of pressure-outlet 18.
  1005  8.7376e-06  6.7017e-08  7.4380e-08  3.9231e-08  1:09:09 2495

 Reversed flow on 53 faces (27.5% area) of pressure-outlet 19.

 Reversed flow on 178 faces (35.4% area) of pressure-outlet 18.
  1006  8.7895e-06  6.7344e-08  7.5685e-08  4.0070e-08  1:09:05 2494

 Reversed flow on 53 faces (27.5% area) of pressure-outlet 19.

 Reversed flow on 178 faces (35.4% area) of pressure-outlet 18.
  1007  9.0205e-06  6.8357e-08  7.7075e-08  4.1471e-08  1:09:01 2493

 Reversed flow on 53 faces (27.5% area) of pressure-outlet 19.

 Reversed flow on 178 faces (35.4% area) of pressure-outlet 18.
  1008  9.0214e-06  6.9724e-08  7.9460e-08  4.2886e-08  1:08:58 2492

 Reversed flow on 53 faces (27.5% area) of pressure-outlet 19.

 Reversed flow on 178 faces (35.4% area) of pressure-outlet 18.
  1009  9.1125e-06  7.1014e-08  8.0947e-08  4.4017e-08  1:08:58 2491

 Reversed flow on 53 faces (27.5% area) of pressure-outlet 19.

 Reversed flow on 178 faces (35.4% area) of pressure-outlet 18.
  1010  9.1875e-06  7.2422e-08  8.1520e-08  4.5177e-08  1:08:51 2490

 Reversed flow on 53 faces (27.5% area) of pressure-outlet 19.

 Reversed flow on 178 faces (35.4% area) of pressure-outlet 18.
  1011  9.3818e-06  7.4369e-08  8.2481e-08  4.6413e-08  1:08:53 2489

 Reversed flow on 53 faces (27.5% area) of pressure-outlet 19.

 Reversed flow on 178 faces (35.4% area) of pressure-outlet 18.
  1012  9.3343e-06  7.5923e-08  8.5900e-08  4.7016e-08  1:08:47 2488

 Reversed flow on 53 faces (27.5% area) of pressure-outlet 19.

 Reversed flow on 178 faces (35.4% area) of pressure-outlet 18.

  iter  continuity  x-velocity  y-velocity  z-velocity     time/iter
  1013  9.4496e-06  7.7388e-08  8.8731e-08  4.7266e-08  1:08:44 2487

 Reversed flow on 53 faces (27.5% area) of pressure-outlet 19.

 Reversed flow on 178 faces (35.4% area) of pressure-outlet 18.
  1014  9.5641e-06  7.8968e-08  9.1140e-08  4.7646e-08  1:08:43 2486

 Reversed flow on 53 faces (27.5% area) of pressure-outlet 19.

 Reversed flow on 178 faces (35.4% area) of pressure-outlet 18.
  1015  9.7993e-06  8.0728e-08  9.3385e-08  4.8427e-08  1:08:41 2485

 Reversed flow on 53 faces (27.5% area) of pressure-outlet 19.

 Reversed flow on 178 faces (35.4% area) of pressure-outlet 18.
  1016  1.0062e-05  8.3245e-08  9.7682e-08  4.9209e-08  1:08:45 2484

 Reversed flow on 53 faces (27.5% area) of pressure-outlet 19.

 Reversed flow on 178 faces (35.4% area) of pressure-outlet 18.
  1017  1.0883e-05  8.7765e-08  1.0351e-07  5.0627e-08  1:08:44 2483

 Reversed flow on 53 faces (27.5% area) of pressure-outlet 19.

 Reversed flow on 178 faces (35.4% area) of pressure-outlet 18.
  1018  1.1747e-05  9.3487e-08  1.0676e-07  5.3719e-08  1:08:42 2482

 Reversed flow on 53 faces (27.5% area) of pressure-outlet 19.

 Reversed flow on 178 faces (35.4% area) of pressure-outlet 18.
  1019  1.2595e-05  9.9655e-08  1.0805e-07  5.8437e-08  1:08:40 2481

 Reversed flow on 53 faces (27.5% area) of pressure-outlet 19.

 Reversed flow on 178 faces (35.4% area) of pressure-outlet 18.
  1020  1.2875e-05  1.0326e-07  1.0852e-07  6.2105e-08  1:08:37 2480

 Reversed flow on 53 faces (27.5% area) of pressure-outlet 19.

 Reversed flow on 178 faces (35.4% area) of pressure-outlet 18.
  1021  1.2886e-05  1.0464e-07  1.0698e-07  6.3880e-08  1:08:33 2479

 Reversed flow on 53 faces (27.5% area) of pressure-outlet 19.

 Reversed flow on 178 faces (35.4% area) of pressure-outlet 18.
  1022  1.2808e-05  1.0469e-07  1.0715e-07  6.4629e-08  1:08:31 2478

 Reversed flow on 53 faces (27.5% area) of pressure-outlet 19.

 Reversed flow on 178 faces (35.4% area) of pressure-outlet 18.
  1023  1.2804e-05  1.0392e-07  1.0623e-07  6.4578e-08  1:08:27 2477

 Reversed flow on 53 faces (27.5% area) of pressure-outlet 19.

 Reversed flow on 178 faces (35.4% area) of pressure-outlet 18.

  iter  continuity  x-velocity  y-velocity  z-velocity     time/iter
  1024  1.2362e-05  1.0025e-07  1.0337e-07  6.3009e-08  1:08:22 2476

 Reversed flow on 53 faces (27.5% area) of pressure-outlet 19.

 Reversed flow on 178 faces (35.4% area) of pressure-outlet 18.
  1025  1.2077e-05  9.5814e-08  9.8495e-08  6.0748e-08  1:08:24 2475

 Reversed flow on 53 faces (27.5% area) of pressure-outlet 19.

 Reversed flow on 178 faces (35.4% area) of pressure-outlet 18.
  1026  1.1774e-05  9.2218e-08  9.3683e-08  5.8544e-08  1:08:21 2474

 Reversed flow on 53 faces (27.5% area) of pressure-outlet 19.

 Reversed flow on 178 faces (35.4% area) of pressure-outlet 18.
  1027  1.1478e-05  9.0048e-08  8.8809e-08  5.6325e-08  1:08:18 2473

 Reversed flow on 53 faces (27.5% area) of pressure-outlet 19.

 Reversed flow on 178 faces (35.4% area) of pressure-outlet 18.
  1028  1.0955e-05  8.7372e-08  8.4534e-08  5.3960e-08  1:08:16 2472

 Reversed flow on 53 faces (27.5% area) of pressure-outlet 19.

 Reversed flow on 178 faces (35.4% area) of pressure-outlet 18.
  1029  1.0546e-05  8.4561e-08  8.0187e-08  5.1500e-08  1:08:14 2471

 Reversed flow on 53 faces (27.5% area) of pressure-outlet 19.

 Reversed flow on 178 faces (35.4% area) of pressure-outlet 18.
  1030  1.0046e-05  8.1590e-08  7.6286e-08  4.9013e-08  1:08:11 2470

 Reversed flow on 53 faces (27.5% area) of pressure-outlet 19.

 Reversed flow on 178 faces (35.4% area) of pressure-outlet 18.
  1031  9.7416e-06  7.9101e-08  7.3471e-08  4.6939e-08  1:08:08 2469

 Reversed flow on 53 faces (27.5% area) of pressure-outlet 19.

 Reversed flow on 178 faces (35.4% area) of pressure-outlet 18.
  1032  9.2524e-06  7.6583e-08  7.0917e-08  4.4886e-08  1:08:11 2468

 Reversed flow on 53 faces (27.5% area) of pressure-outlet 19.

 Reversed flow on 178 faces (35.4% area) of pressure-outlet 18.
  1033  8.9190e-06  7.4269e-08  6.8564e-08  4.2790e-08  1:08:10 2467

 Reversed flow on 53 faces (27.5% area) of pressure-outlet 19.

 Reversed flow on 178 faces (35.4% area) of pressure-outlet 18.
  1034  8.6604e-06  7.2017e-08  6.6612e-08  4.0986e-08  1:08:02 2466

 Reversed flow on 53 faces (27.5% area) of pressure-outlet 19.

 Reversed flow on 178 faces (35.4% area) of pressure-outlet 18.

  iter  continuity  x-velocity  y-velocity  z-velocity     time/iter
  1035  8.6289e-06  7.0379e-08  6.5347e-08  3.9882e-08  1:08:06 2465

 Reversed flow on 53 faces (27.5% area) of pressure-outlet 19.

 Reversed flow on 178 faces (35.4% area) of pressure-outlet 18.
  1036  8.3055e-06  6.8715e-08  6.5418e-08  3.8744e-08  1:08:04 2464

 Reversed flow on 53 faces (27.5% area) of pressure-outlet 19.

 Reversed flow on 178 faces (35.4% area) of pressure-outlet 18.
  1037  8.2272e-06  6.7621e-08  6.6049e-08  3.7789e-08  1:08:01 2463

 Reversed flow on 53 faces (27.5% area) of pressure-outlet 19.

 Reversed flow on 178 faces (35.4% area) of pressure-outlet 18.
  1038  8.2483e-06  6.6960e-08  6.7356e-08  3.7342e-08  1:08:04 2462

 Reversed flow on 53 faces (27.5% area) of pressure-outlet 19.

 Reversed flow on 178 faces (35.4% area) of pressure-outlet 18.
  1039  8.4171e-06  6.7000e-08  6.8970e-08  3.7309e-08  1:08:01 2461

 Reversed flow on 53 faces (27.5% area) of pressure-outlet 19.

 Reversed flow on 178 faces (35.4% area) of pressure-outlet 18.
  1040  8.4593e-06  6.7316e-08  7.0816e-08  3.7566e-08  1:08:03 2460

 Reversed flow on 53 faces (27.5% area) of pressure-outlet 19.

 Reversed flow on 178 faces (35.4% area) of pressure-outlet 18.
  1041  8.7176e-06  6.8264e-08  7.2788e-08  3.8314e-08  1:08:04 2459

 Reversed flow on 53 faces (27.5% area) of pressure-outlet 19.

 Reversed flow on 178 faces (35.4% area) of pressure-outlet 18.
  1042  8.9154e-06  6.9273e-08  7.4841e-08  3.9339e-08  1:08:04 2458

 Reversed flow on 53 faces (27.5% area) of pressure-outlet 19.

 Reversed flow on 178 faces (35.4% area) of pressure-outlet 18.
  1043  9.2405e-06  7.0821e-08  7.6639e-08  4.1005e-08  1:08:06 2457

 Reversed flow on 53 faces (27.5% area) of pressure-outlet 19.

 Reversed flow on 178 faces (35.4% area) of pressure-outlet 18.
  1044  9.3650e-06  7.2316e-08  7.8933e-08  4.2812e-08  1:08:07 2456

 Reversed flow on 53 faces (27.5% area) of pressure-outlet 19.

 Reversed flow on 178 faces (35.4% area) of pressure-outlet 18.
  1045  9.5291e-06  7.3821e-08  8.0914e-08  4.4283e-08  1:08:05 2455

 Reversed flow on 53 faces (27.5% area) of pressure-outlet 19.

 Reversed flow on 178 faces (35.4% area) of pressure-outlet 18.

  iter  continuity  x-velocity  y-velocity  z-velocity     time/iter
  1046  9.6845e-06  7.5267e-08  8.2342e-08  4.5637e-08  1:08:01 2454

 Reversed flow on 53 faces (27.5% area) of pressure-outlet 19.

 Reversed flow on 178 faces (35.4% area) of pressure-outlet 18.
  1047  9.8957e-06  7.7028e-08  8.2806e-08  4.7118e-08  1:08:02 2453

 Reversed flow on 53 faces (27.5% area) of pressure-outlet 19.

 Reversed flow on 178 faces (35.4% area) of pressure-outlet 18.
  1048  9.7259e-06  7.7948e-08  8.4105e-08  4.7888e-08  1:07:57 2452

 Reversed flow on 53 faces (27.5% area) of pressure-outlet 19.

 Reversed flow on 178 faces (35.4% area) of pressure-outlet 18.
  1049  9.7742e-06  7.8919e-08  8.7125e-08  4.8097e-08  1:08:01 2451

 Reversed flow on 53 faces (27.5% area) of pressure-outlet 19.

 Reversed flow on 178 faces (35.4% area) of pressure-outlet 18.
  1050  9.8076e-06  7.9445e-08  8.9792e-08  4.8176e-08  1:07:59 2450

 Reversed flow on 53 faces (27.5% area) of pressure-outlet 19.

 Reversed flow on 178 faces (35.4% area) of pressure-outlet 18.
  1051  9.8607e-06  8.0391e-08  9.1821e-08  4.8365e-08  1:07:55 2449

 Reversed flow on 53 faces (27.5% area) of pressure-outlet 19.

 Reversed flow on 178 faces (35.4% area) of pressure-outlet 18.
  1052  9.7350e-06  8.0558e-08  9.3606e-08  4.8622e-08  1:07:51 2448

 Reversed flow on 53 faces (27.5% area) of pressure-outlet 19.

 Reversed flow on 178 faces (35.4% area) of pressure-outlet 18.
  1053  1.0088e-05  8.2678e-08  9.8326e-08  4.8978e-08  1:07:50 2447

 Reversed flow on 53 faces (27.5% area) of pressure-outlet 19.

 Reversed flow on 178 faces (35.4% area) of pressure-outlet 18.
  1054  1.0786e-05  8.6342e-08  1.0426e-07  5.0449e-08  1:07:46 2446

 Reversed flow on 53 faces (27.5% area) of pressure-outlet 19.

 Reversed flow on 178 faces (35.4% area) of pressure-outlet 18.
  1055  1.1601e-05  9.1579e-08  1.0614e-07  5.3960e-08  1:07:43 2445

 Reversed flow on 53 faces (27.5% area) of pressure-outlet 19.

 Reversed flow on 178 faces (35.4% area) of pressure-outlet 18.
  1056  1.1992e-05  9.5659e-08  1.0718e-07  5.8119e-08  1:07:38 2444

 Reversed flow on 53 faces (27.5% area) of pressure-outlet 19.

 Reversed flow on 178 faces (35.4% area) of pressure-outlet 18.

  iter  continuity  x-velocity  y-velocity  z-velocity     time/iter
  1057  1.2157e-05  9.7874e-08  1.0681e-07  6.0984e-08  1:07:35 2443

 Reversed flow on 53 faces (27.5% area) of pressure-outlet 19.

 Reversed flow on 178 faces (35.4% area) of pressure-outlet 18.
  1058  1.2092e-05  9.8582e-08  1.0588e-07  6.2467e-08  1:07:35 2442

 Reversed flow on 53 faces (27.5% area) of pressure-outlet 19.

 Reversed flow on 178 faces (35.4% area) of pressure-outlet 18.
  1059  1.2144e-05  9.8344e-08  1.0579e-07  6.3078e-08  1:07:30 2441

 Reversed flow on 53 faces (27.5% area) of pressure-outlet 19.

 Reversed flow on 178 faces (35.4% area) of pressure-outlet 18.
  1060  1.1847e-05  9.6558e-08  1.0418e-07  6.2322e-08  1:10:17 2440

 Reversed flow on 53 faces (27.5% area) of pressure-outlet 19.

 Reversed flow on 178 faces (35.4% area) of pressure-outlet 18.
  1061  1.1690e-05  9.3958e-08  1.0086e-07  6.0522e-08  1:09:43 2439

 Reversed flow on 53 faces (27.5% area) of pressure-outlet 19.

 Reversed flow on 178 faces (35.4% area) of pressure-outlet 18.
  1062  1.1666e-05  9.1650e-08  9.6598e-08  5.8791e-08  1:09:13 2438

 Reversed flow on 53 faces (27.5% area) of pressure-outlet 19.

 Reversed flow on 178 faces (35.4% area) of pressure-outlet 18.
  1063  1.1646e-05  9.0577e-08  9.2156e-08  5.7090e-08  1:08:44 2437

 Reversed flow on 53 faces (27.5% area) of pressure-outlet 19.

 Reversed flow on 178 faces (35.4% area) of pressure-outlet 18.
  1064  1.1306e-05  8.9702e-08  8.7495e-08  5.5074e-08  1:08:25 2436

 Reversed flow on 53 faces (27.5% area) of pressure-outlet 19.

 Reversed flow on 178 faces (35.4% area) of pressure-outlet 18.
  1065  1.1118e-05  8.9044e-08  8.3752e-08  5.3178e-08  1:10:01 2435

 Reversed flow on 53 faces (27.5% area) of pressure-outlet 19.

 Reversed flow on 178 faces (35.4% area) of pressure-outlet 18.
  1066  1.0825e-05  8.7949e-08  7.9919e-08  5.1241e-08  1:09:49 2434

 Reversed flow on 53 faces (27.5% area) of pressure-outlet 19.

 Reversed flow on 178 faces (35.4% area) of pressure-outlet 18.
  1067  1.0654e-05  8.6959e-08  7.6714e-08  4.9457e-08  1:09:14 2433

 Reversed flow on 53 faces (27.5% area) of pressure-outlet 19.

 Reversed flow on 178 faces (35.4% area) of pressure-outlet 18.

  iter  continuity  x-velocity  y-velocity  z-velocity     time/iter
  1068  1.0186e-05  8.5064e-08  7.4235e-08  4.7676e-08  1:08:47 2432

 Reversed flow on 53 faces (27.5% area) of pressure-outlet 19.

 Reversed flow on 178 faces (35.4% area) of pressure-outlet 18.
  1069  9.8164e-06  8.2366e-08  7.1644e-08  4.5715e-08  1:08:28 2431

 Reversed flow on 53 faces (27.5% area) of pressure-outlet 19.

 Reversed flow on 178 faces (35.4% area) of pressure-outlet 18.
  1070  9.4574e-06  7.9270e-08  6.9399e-08  4.3804e-08  1:08:11 2430

 Reversed flow on 53 faces (27.5% area) of pressure-outlet 19.

 Reversed flow on 178 faces (35.4% area) of pressure-outlet 18.
  1071  9.2816e-06  7.6652e-08  6.7599e-08  4.2300e-08  1:08:01 2429

 Reversed flow on 53 faces (27.5% area) of pressure-outlet 19.

 Reversed flow on 178 faces (35.4% area) of pressure-outlet 18.
  1072  8.8146e-06  7.3343e-08  6.6225e-08  4.0805e-08  1:07:51 2428

 Reversed flow on 53 faces (27.5% area) of pressure-outlet 19.

 Reversed flow on 178 faces (35.4% area) of pressure-outlet 18.
  1073  8.5596e-06  7.0384e-08  6.5878e-08  3.9315e-08  1:07:39 2427

 Reversed flow on 53 faces (27.5% area) of pressure-outlet 19.

 Reversed flow on 178 faces (35.4% area) of pressure-outlet 18.
  1074  8.3657e-06  6.7707e-08  6.6472e-08  3.8227e-08  1:07:36 2426

 Reversed flow on 53 faces (27.5% area) of pressure-outlet 19.

 Reversed flow on 178 faces (35.4% area) of pressure-outlet 18.
  1075  8.2997e-06  6.5640e-08  6.7494e-08  3.7621e-08  1:07:29 2425

 Reversed flow on 53 faces (27.5% area) of pressure-outlet 19.

 Reversed flow on 178 faces (35.4% area) of pressure-outlet 18.
  1076  8.1032e-06  6.4076e-08  6.8833e-08  3.7106e-08  1:07:21 2424

 Reversed flow on 53 faces (27.5% area) of pressure-outlet 19.

 Reversed flow on 178 faces (35.4% area) of pressure-outlet 18.
  1077  8.1848e-06  6.3513e-08  7.0195e-08  3.6967e-08  1:07:16 2423

 Reversed flow on 53 faces (27.5% area) of pressure-outlet 19.

 Reversed flow on 178 faces (35.4% area) of pressure-outlet 18.
  1078  8.2423e-06  6.3417e-08  7.1759e-08  3.7316e-08  1:07:08 2422

 Reversed flow on 53 faces (27.5% area) of pressure-outlet 19.

 Reversed flow on 178 faces (35.4% area) of pressure-outlet 18.

  iter  continuity  x-velocity  y-velocity  z-velocity     time/iter
  1079  8.4950e-06  6.4285e-08  7.3735e-08  3.8396e-08  1:07:04 2421

 Reversed flow on 53 faces (27.5% area) of pressure-outlet 19.

 Reversed flow on 178 faces (35.4% area) of pressure-outlet 18.
  1080  8.5811e-06  6.5646e-08  7.5496e-08  3.9929e-08  1:07:08 2420

 Reversed flow on 53 faces (27.5% area) of pressure-outlet 19.

 Reversed flow on 178 faces (35.4% area) of pressure-outlet 18.
  1081  8.8305e-06  6.7774e-08  7.7679e-08  4.1389e-08  1:07:03 2419

 Reversed flow on 53 faces (27.5% area) of pressure-outlet 19.

 Reversed flow on 178 faces (35.4% area) of pressure-outlet 18.
  1082  9.0930e-06  7.0194e-08  7.9722e-08  4.2962e-08  1:07:01 2418

 Reversed flow on 53 faces (27.5% area) of pressure-outlet 19.

 Reversed flow on 178 faces (35.4% area) of pressure-outlet 18.
  1083  9.4727e-06  7.3241e-08  8.1536e-08  4.4815e-08  1:07:00 2417

 Reversed flow on 53 faces (27.5% area) of pressure-outlet 19.

 Reversed flow on 178 faces (35.4% area) of pressure-outlet 18.
  1084  9.4625e-06  7.5781e-08  8.1752e-08  4.6281e-08  1:07:01 2416

 Reversed flow on 53 faces (27.5% area) of pressure-outlet 19.

 Reversed flow on 178 faces (35.4% area) of pressure-outlet 18.
  1085  9.6458e-06  7.8160e-08  8.4309e-08  4.7210e-08  1:06:57 2415

 Reversed flow on 53 faces (27.5% area) of pressure-outlet 19.

 Reversed flow on 178 faces (35.4% area) of pressure-outlet 18.
  1086  9.8907e-06  8.0639e-08  8.7887e-08  4.7928e-08  1:06:53 2414

 Reversed flow on 53 faces (27.5% area) of pressure-outlet 19.

 Reversed flow on 178 faces (35.4% area) of pressure-outlet 18.
  1087  1.0118e-05  8.2572e-08  9.0821e-08  4.8607e-08  1:06:52 2413

 Reversed flow on 53 faces (27.5% area) of pressure-outlet 19.

 Reversed flow on 178 faces (35.4% area) of pressure-outlet 18.
  1088  1.0046e-05  8.3637e-08  9.2861e-08  4.9008e-08  1:06:44 2412

 Reversed flow on 53 faces (27.5% area) of pressure-outlet 19.

 Reversed flow on 178 faces (35.4% area) of pressure-outlet 18.
  1089  1.0250e-05  8.4517e-08  9.5254e-08  4.9703e-08  1:06:44 2411

 Reversed flow on 53 faces (27.5% area) of pressure-outlet 19.

 Reversed flow on 178 faces (35.4% area) of pressure-outlet 18.

  iter  continuity  x-velocity  y-velocity  z-velocity     time/iter
  1090  1.0733e-05  8.7563e-08  1.0096e-07  5.0634e-08  1:06:48 2410

 Reversed flow on 53 faces (27.5% area) of pressure-outlet 19.

 Reversed flow on 178 faces (35.4% area) of pressure-outlet 18.
  1091  1.1691e-05  9.1838e-08  1.0727e-07  5.2834e-08  1:07:06 2409

 Reversed flow on 53 faces (27.5% area) of pressure-outlet 19.

 Reversed flow on 178 faces (35.4% area) of pressure-outlet 18.
  1092  1.2209e-05  9.6468e-08  1.0728e-07  5.6611e-08  1:06:58 2408

 Reversed flow on 53 faces (27.5% area) of pressure-outlet 19.

 Reversed flow on 178 faces (35.4% area) of pressure-outlet 18.
  1093  1.2520e-05  9.9655e-08  1.0795e-07  6.0344e-08  1:06:52 2407

 Reversed flow on 53 faces (27.5% area) of pressure-outlet 19.

 Reversed flow on 178 faces (35.4% area) of pressure-outlet 18.
  1094  1.2570e-05  1.0087e-07  1.0713e-07  6.2756e-08  1:06:47 2406

 Reversed flow on 53 faces (27.5% area) of pressure-outlet 19.

 Reversed flow on 178 faces (35.4% area) of pressure-outlet 18.
  1095  1.2520e-05  1.0040e-07  1.0662e-07  6.3779e-08  1:06:39 2405

 Reversed flow on 53 faces (27.5% area) of pressure-outlet 19.

 Reversed flow on 178 faces (35.4% area) of pressure-outlet 18.
  1096  1.2091e-05  9.8349e-08  1.0495e-07  6.3322e-08  1:06:38 2404

 Reversed flow on 53 faces (27.5% area) of pressure-outlet 19.

 Reversed flow on 178 faces (35.4% area) of pressure-outlet 18.
  1097  1.1769e-05  9.5241e-08  1.0278e-07  6.1786e-08  1:06:37 2403

 Reversed flow on 53 faces (27.5% area) of pressure-outlet 19.

 Reversed flow on 178 faces (35.4% area) of pressure-outlet 18.
  1098  1.1531e-05  9.1736e-08  9.9151e-08  5.9661e-08  1:06:34 2402

 Reversed flow on 53 faces (27.5% area) of pressure-outlet 19.

 Reversed flow on 178 faces (35.4% area) of pressure-outlet 18.
  1099  1.1409e-05  8.8369e-08  9.4586e-08  5.7726e-08  1:06:30 2401

 Reversed flow on 53 faces (27.5% area) of pressure-outlet 19.

 Reversed flow on 178 faces (35.4% area) of pressure-outlet 18.
  1100  1.0946e-05  8.6019e-08  8.9561e-08  5.5305e-08  1:06:26 2400

 Reversed flow on 53 faces (27.5% area) of pressure-outlet 19.

 Reversed flow on 178 faces (35.4% area) of pressure-outlet 18.

  iter  continuity  x-velocity  y-velocity  z-velocity     time/iter
  1101  1.0617e-05  8.4314e-08  8.5182e-08  5.3016e-08  1:06:23 2399

 Reversed flow on 53 faces (27.5% area) of pressure-outlet 19.

 Reversed flow on 178 faces (35.4% area) of pressure-outlet 18.
  1102  1.0278e-05  8.2825e-08  8.1504e-08  5.1036e-08  1:06:24 2398

 Reversed flow on 53 faces (27.5% area) of pressure-outlet 19.

 Reversed flow on 178 faces (35.4% area) of pressure-outlet 18.
  1103  1.0062e-05  8.1631e-08  7.7842e-08  4.9172e-08  1:06:17 2397

 Reversed flow on 53 faces (27.5% area) of pressure-outlet 19.

 Reversed flow on 178 faces (35.4% area) of pressure-outlet 18.
  1104  9.6473e-06  7.9848e-08  7.4746e-08  4.7172e-08  1:06:20 2396

 Reversed flow on 53 faces (27.5% area) of pressure-outlet 19.

 Reversed flow on 178 faces (35.4% area) of pressure-outlet 18.
  1105  9.3568e-06  7.8273e-08  7.2091e-08  4.5231e-08  1:06:17 2395

 Reversed flow on 53 faces (27.5% area) of pressure-outlet 19.

 Reversed flow on 178 faces (35.4% area) of pressure-outlet 18.
  1106  9.1857e-06  7.6975e-08  6.9975e-08  4.3592e-08  1:06:14 2394

 Reversed flow on 53 faces (27.5% area) of pressure-outlet 19.

 Reversed flow on 178 faces (35.4% area) of pressure-outlet 18.
  1107  9.2071e-06  7.6349e-08  6.8461e-08  4.2377e-08  1:06:15 2393

 Reversed flow on 53 faces (27.5% area) of pressure-outlet 19.

 Reversed flow on 178 faces (35.4% area) of pressure-outlet 18.
  1108  8.9500e-06  7.5113e-08  6.7028e-08  4.1201e-08  1:06:17 2392

 Reversed flow on 53 faces (27.5% area) of pressure-outlet 19.

 Reversed flow on 178 faces (35.4% area) of pressure-outlet 18.
  1109  8.8812e-06  7.3890e-08  6.6367e-08  4.0115e-08  1:06:13 2391

 Reversed flow on 53 faces (27.5% area) of pressure-outlet 19.

 Reversed flow on 178 faces (35.4% area) of pressure-outlet 18.
  1110  8.8516e-06  7.2942e-08  6.6807e-08  3.9314e-08  1:06:09 2390

 Reversed flow on 53 faces (27.5% area) of pressure-outlet 19.

 Reversed flow on 178 faces (35.4% area) of pressure-outlet 18.
  1111  8.9089e-06  7.2301e-08  6.8010e-08  3.8995e-08  1:06:09 2389

 Reversed flow on 53 faces (27.5% area) of pressure-outlet 19.

 Reversed flow on 178 faces (35.4% area) of pressure-outlet 18.

  iter  continuity  x-velocity  y-velocity  z-velocity     time/iter
  1112  8.7994e-06  7.1831e-08  6.9597e-08  3.8787e-08  1:06:10 2388

 Reversed flow on 53 faces (27.5% area) of pressure-outlet 19.

 Reversed flow on 178 faces (35.4% area) of pressure-outlet 18.
  1113  8.8878e-06  7.1373e-08  7.1177e-08  3.8688e-08  1:06:10 2387

 Reversed flow on 53 faces (27.5% area) of pressure-outlet 19.

 Reversed flow on 178 faces (35.4% area) of pressure-outlet 18.
  1114  8.9211e-06  7.0505e-08  7.2470e-08  3.8953e-08  1:06:05 2386

 Reversed flow on 53 faces (27.5% area) of pressure-outlet 19.

 Reversed flow on 178 faces (35.4% area) of pressure-outlet 18.
  1115  9.0785e-06  7.0033e-08  7.4372e-08  3.9749e-08  1:06:05 2385

 Reversed flow on 53 faces (27.5% area) of pressure-outlet 19.

 Reversed flow on 178 faces (35.4% area) of pressure-outlet 18.
  1116  9.0136e-06  6.9961e-08  7.6183e-08  4.0799e-08  1:06:01 2384

 Reversed flow on 53 faces (27.5% area) of pressure-outlet 19.

 Reversed flow on 178 faces (35.4% area) of pressure-outlet 18.
  1117  9.1005e-06  7.0011e-08  7.7166e-08  4.1889e-08  1:06:03 2383

 Reversed flow on 53 faces (27.5% area) of pressure-outlet 19.

 Reversed flow on 178 faces (35.4% area) of pressure-outlet 18.
  1118  9.2357e-06  7.0756e-08  7.9238e-08  4.3163e-08  1:06:06 2382

 Reversed flow on 53 faces (27.5% area) of pressure-outlet 19.

 Reversed flow on 178 faces (35.4% area) of pressure-outlet 18.
  1119  9.4842e-06  7.1857e-08  8.1100e-08  4.4656e-08  1:06:16 2381

 Reversed flow on 53 faces (27.5% area) of pressure-outlet 19.

 Reversed flow on 178 faces (35.4% area) of pressure-outlet 18.
  1120  9.3445e-06  7.2599e-08  8.1879e-08  4.5799e-08  1:06:06 2380

 Reversed flow on 53 faces (27.5% area) of pressure-outlet 19.

 Reversed flow on 178 faces (35.4% area) of pressure-outlet 18.
  1121  9.3419e-06  7.3795e-08  8.1739e-08  4.6523e-08  1:06:00 2379

 Reversed flow on 53 faces (27.5% area) of pressure-outlet 19.

 Reversed flow on 178 faces (35.4% area) of pressure-outlet 18.
  1122  9.4194e-06  7.5213e-08  8.4871e-08  4.6999e-08  1:05:59 2378

 Reversed flow on 53 faces (27.5% area) of pressure-outlet 19.

 Reversed flow on 178 faces (35.4% area) of pressure-outlet 18.

  iter  continuity  x-velocity  y-velocity  z-velocity     time/iter
  1123  9.5731e-06  7.6748e-08  8.8042e-08  4.7342e-08  1:05:54 2377

 Reversed flow on 53 faces (27.5% area) of pressure-outlet 19.

 Reversed flow on 178 faces (35.4% area) of pressure-outlet 18.
  1124  9.4495e-06  7.7607e-08  9.0265e-08  4.7494e-08  1:05:51 2376

 Reversed flow on 53 faces (27.5% area) of pressure-outlet 19.

 Reversed flow on 178 faces (35.4% area) of pressure-outlet 18.
  1125  9.5489e-06  7.8770e-08  9.2103e-08  4.7747e-08  1:05:51 2375

 Reversed flow on 53 faces (27.5% area) of pressure-outlet 19.

 Reversed flow on 178 faces (35.4% area) of pressure-outlet 18.
  1126  9.8505e-06  8.1162e-08  9.5815e-08  4.8493e-08  1:05:46 2374

 Reversed flow on 53 faces (27.5% area) of pressure-outlet 19.

 Reversed flow on 178 faces (35.4% area) of pressure-outlet 18.
  1127  1.0712e-05  8.5961e-08  1.0213e-07  5.0118e-08  1:05:47 2373

 Reversed flow on 53 faces (27.5% area) of pressure-outlet 19.

 Reversed flow on 178 faces (35.4% area) of pressure-outlet 18.
  1128  1.1472e-05  9.1103e-08  1.0645e-07  5.2787e-08  1:05:41 2372

 Reversed flow on 53 faces (27.5% area) of pressure-outlet 19.

 Reversed flow on 178 faces (35.4% area) of pressure-outlet 18.
  1129  1.2120e-05  9.6805e-08  1.0685e-07  5.6925e-08  1:05:48 2371

 Reversed flow on 53 faces (27.5% area) of pressure-outlet 19.

 Reversed flow on 178 faces (35.4% area) of pressure-outlet 18.
  1130  1.2545e-05  1.0105e-07  1.0800e-07  6.1001e-08  1:05:46 2370

 Reversed flow on 53 faces (27.5% area) of pressure-outlet 19.

 Reversed flow on 178 faces (35.4% area) of pressure-outlet 18.
  1131  1.2821e-05  1.0338e-07  1.0741e-07  6.3556e-08  1:05:44 2369

 Reversed flow on 53 faces (27.5% area) of pressure-outlet 19.

 Reversed flow on 178 faces (35.4% area) of pressure-outlet 18.
  1132  1.2562e-05  1.0293e-07  1.0710e-07  6.4323e-08  1:05:38 2368

 Reversed flow on 53 faces (27.5% area) of pressure-outlet 19.

 Reversed flow on 178 faces (35.4% area) of pressure-outlet 18.
  1133  1.2396e-05  1.0142e-07  1.0558e-07  6.3918e-08  1:05:37 2367

 Reversed flow on 53 faces (27.5% area) of pressure-outlet 19.

 Reversed flow on 178 faces (35.4% area) of pressure-outlet 18.

  iter  continuity  x-velocity  y-velocity  z-velocity     time/iter
  1134  1.2239e-05  9.8787e-08  1.0362e-07  6.2730e-08  1:05:33 2366

 Reversed flow on 53 faces (27.5% area) of pressure-outlet 19.

 Reversed flow on 178 faces (35.4% area) of pressure-outlet 18.
  1135  1.2172e-05  9.5744e-08  9.9662e-08  6.1068e-08  1:05:32 2365

 Reversed flow on 53 faces (27.5% area) of pressure-outlet 19.

 Reversed flow on 178 faces (35.4% area) of pressure-outlet 18.
  1136  1.1801e-05  9.2181e-08  9.4616e-08  5.8937e-08  1:05:26 2364

 Reversed flow on 53 faces (27.5% area) of pressure-outlet 19.

 Reversed flow on 178 faces (35.4% area) of pressure-outlet 18.
  1137  1.1465e-05  9.0125e-08  8.9512e-08  5.6486e-08  1:05:28 2363

 Reversed flow on 53 faces (27.5% area) of pressure-outlet 19.

 Reversed flow on 178 faces (35.4% area) of pressure-outlet 18.
  1138  1.1056e-05  8.8048e-08  8.5399e-08  5.4240e-08  1:05:26 2362

 Reversed flow on 53 faces (27.5% area) of pressure-outlet 19.

 Reversed flow on 178 faces (35.4% area) of pressure-outlet 18.
  1139  1.0773e-05  8.5853e-08  8.1495e-08  5.2162e-08  1:05:22 2361

 Reversed flow on 53 faces (27.5% area) of pressure-outlet 19.

 Reversed flow on 178 faces (35.4% area) of pressure-outlet 18.
  1140  1.0193e-05  8.3122e-08  7.7514e-08  4.9721e-08  1:05:23 2360

 Reversed flow on 53 faces (27.5% area) of pressure-outlet 19.

 Reversed flow on 178 faces (35.4% area) of pressure-outlet 18.
  1141  9.7329e-06  8.0442e-08  7.4135e-08  4.7245e-08  1:05:21 2359

 Reversed flow on 53 faces (27.5% area) of pressure-outlet 19.

 Reversed flow on 178 faces (35.4% area) of pressure-outlet 18.
  1142  9.3257e-06  7.7805e-08  7.1310e-08  4.5029e-08  1:05:17 2358

 Reversed flow on 53 faces (27.5% area) of pressure-outlet 19.

 Reversed flow on 178 faces (35.4% area) of pressure-outlet 18.
  1143  9.1635e-06  7.5754e-08  6.9361e-08  4.3314e-08  1:05:10 2357

 Reversed flow on 53 faces (27.5% area) of pressure-outlet 19.

 Reversed flow on 178 faces (35.4% area) of pressure-outlet 18.
  1144  8.7137e-06  7.3361e-08  6.7521e-08  4.1545e-08  1:05:15 2356

 Reversed flow on 53 faces (27.5% area) of pressure-outlet 19.

 Reversed flow on 178 faces (35.4% area) of pressure-outlet 18.

  iter  continuity  x-velocity  y-velocity  z-velocity     time/iter
  1145  8.4813e-06  7.0987e-08  6.5811e-08  3.9966e-08  1:05:16 2355

 Reversed flow on 53 faces (27.5% area) of pressure-outlet 19.

 Reversed flow on 178 faces (35.4% area) of pressure-outlet 18.
  1146  8.2926e-06  6.8789e-08  6.5625e-08  3.8756e-08  1:05:16 2354

 Reversed flow on 53 faces (27.5% area) of pressure-outlet 19.

 Reversed flow on 178 faces (35.4% area) of pressure-outlet 18.
  1147  8.2258e-06  6.7317e-08  6.6256e-08  3.8001e-08  1:05:15 2353

 Reversed flow on 53 faces (27.5% area) of pressure-outlet 19.

 Reversed flow on 178 faces (35.4% area) of pressure-outlet 18.
  1148  8.0126e-06  6.6091e-08  6.7515e-08  3.7487e-08  1:05:11 2352

 Reversed flow on 53 faces (27.5% area) of pressure-outlet 19.

 Reversed flow on 178 faces (35.4% area) of pressure-outlet 18.
  1149  8.1131e-06  6.5535e-08  6.8996e-08  3.7151e-08  1:05:06 2351

 Reversed flow on 53 faces (27.5% area) of pressure-outlet 19.

 Reversed flow on 178 faces (35.4% area) of pressure-outlet 18.
  1150  8.2544e-06  6.5485e-08  7.0454e-08  3.7126e-08  1:05:02 2350

 Reversed flow on 53 faces (27.5% area) of pressure-outlet 19.

 Reversed flow on 178 faces (35.4% area) of pressure-outlet 18.
  1151  8.5942e-06  6.6580e-08  7.2278e-08  3.7967e-08  1:04:57 2349

 Reversed flow on 53 faces (27.5% area) of pressure-outlet 19.

 Reversed flow on 178 faces (35.4% area) of pressure-outlet 18.
  1152  8.7448e-06  6.8083e-08  7.4775e-08  3.9166e-08  1:04:56 2348

 Reversed flow on 53 faces (27.5% area) of pressure-outlet 19.

 Reversed flow on 178 faces (35.4% area) of pressure-outlet 18.
  1153  9.0025e-06  6.9850e-08  7.6487e-08  4.0526e-08  1:05:02 2347

 Reversed flow on 53 faces (27.5% area) of pressure-outlet 19.

 Reversed flow on 178 faces (35.4% area) of pressure-outlet 18.
  1154  9.3431e-06  7.2008e-08  7.8243e-08  4.2235e-08  1:04:59 2346

 Reversed flow on 53 faces (27.5% area) of pressure-outlet 19.

 Reversed flow on 178 faces (35.4% area) of pressure-outlet 18.
  1155  9.7968e-06  7.5059e-08  8.0836e-08  4.4285e-08  1:05:03 2345

 Reversed flow on 53 faces (27.5% area) of pressure-outlet 19.

 Reversed flow on 178 faces (35.4% area) of pressure-outlet 18.

  iter  continuity  x-velocity  y-velocity  z-velocity     time/iter
  1156  9.8787e-06  7.7356e-08  8.2780e-08  4.5973e-08  1:04:59 2344

 Reversed flow on 53 faces (27.5% area) of pressure-outlet 19.

 Reversed flow on 178 faces (35.4% area) of pressure-outlet 18.
  1157  1.0049e-05  7.9870e-08  8.3307e-08  4.7368e-08  1:04:56 2343

 Reversed flow on 53 faces (27.5% area) of pressure-outlet 19.

 Reversed flow on 178 faces (35.4% area) of pressure-outlet 18.
  1158  1.0121e-05  8.1541e-08  8.4355e-08  4.8487e-08  1:04:51 2342

 Reversed flow on 53 faces (27.5% area) of pressure-outlet 19.

 Reversed flow on 178 faces (35.4% area) of pressure-outlet 18.
  1159  1.0272e-05  8.2827e-08  8.7851e-08  4.9197e-08  1:04:47 2341

 Reversed flow on 53 faces (27.5% area) of pressure-outlet 19.

 Reversed flow on 178 faces (35.4% area) of pressure-outlet 18.
  1160  1.0100e-05  8.2810e-08  9.0503e-08  4.9322e-08  1:04:41 2340

 Reversed flow on 53 faces (27.5% area) of pressure-outlet 19.

 Reversed flow on 178 faces (35.4% area) of pressure-outlet 18.
  1161  1.0049e-05  8.2880e-08  9.2262e-08  4.9225e-08  1:04:41 2339

 Reversed flow on 53 faces (27.5% area) of pressure-outlet 19.

 Reversed flow on 178 faces (35.4% area) of pressure-outlet 18.
  1162  1.0017e-05  8.2730e-08  9.3945e-08  4.9471e-08  1:04:40 2338

 Reversed flow on 53 faces (27.5% area) of pressure-outlet 19.

 Reversed flow on 178 faces (35.4% area) of pressure-outlet 18.
  1163  1.0437e-05  8.4578e-08  9.8608e-08  5.0208e-08  1:04:42 2337

 Reversed flow on 53 faces (27.5% area) of pressure-outlet 19.

 Reversed flow on 178 faces (35.4% area) of pressure-outlet 18.
  1164  1.0970e-05  8.7234e-08  1.0427e-07  5.1374e-08  1:04:43 2336

 Reversed flow on 53 faces (27.5% area) of pressure-outlet 19.

 Reversed flow on 178 faces (35.4% area) of pressure-outlet 18.
  1165  1.1572e-05  9.1117e-08  1.0614e-07  5.4004e-08  1:04:42 2335

 Reversed flow on 53 faces (27.5% area) of pressure-outlet 19.

 Reversed flow on 178 faces (35.4% area) of pressure-outlet 18.
  1166  1.2064e-05  9.5461e-08  1.0704e-07  5.8101e-08  1:04:40 2334

 Reversed flow on 53 faces (27.5% area) of pressure-outlet 19.

 Reversed flow on 178 faces (35.4% area) of pressure-outlet 18.

  iter  continuity  x-velocity  y-velocity  z-velocity     time/iter
  1167  1.2427e-05  9.8388e-08  1.0750e-07  6.1524e-08  1:04:38 2333

 Reversed flow on 53 faces (27.5% area) of pressure-outlet 19.

 Reversed flow on 178 faces (35.4% area) of pressure-outlet 18.
  1168  1.2147e-05  9.8506e-08  1.0583e-07  6.2849e-08  1:04:35 2332

 Reversed flow on 53 faces (27.5% area) of pressure-outlet 19.

 Reversed flow on 178 faces (35.4% area) of pressure-outlet 18.
  1169  1.1961e-05  9.7405e-08  1.0533e-07  6.2983e-08  1:04:38 2331

 Reversed flow on 53 faces (27.5% area) of pressure-outlet 19.

 Reversed flow on 178 faces (35.4% area) of pressure-outlet 18.
  1170  1.1849e-05  9.6161e-08  1.0423e-07  6.2500e-08  1:04:41 2330

 Reversed flow on 53 faces (27.5% area) of pressure-outlet 19.

 Reversed flow on 178 faces (35.4% area) of pressure-outlet 18.
  1171  1.1822e-05  9.4358e-08  1.0180e-07  6.1225e-08  1:04:33 2329

 Reversed flow on 53 faces (27.5% area) of pressure-outlet 19.

 Reversed flow on 178 faces (35.4% area) of pressure-outlet 18.
  1172  1.1601e-05  9.1609e-08  9.7252e-08  5.9333e-08  1:04:27 2328

 Reversed flow on 53 faces (27.5% area) of pressure-outlet 19.

 Reversed flow on 178 faces (35.4% area) of pressure-outlet 18.
  1173  1.1451e-05  8.9896e-08  9.2575e-08  5.7305e-08  1:04:24 2327

 Reversed flow on 53 faces (27.5% area) of pressure-outlet 19.

 Reversed flow on 178 faces (35.4% area) of pressure-outlet 18.
  1174  1.1206e-05  8.9304e-08  8.8111e-08  5.5375e-08  1:04:20 2326

 Reversed flow on 53 faces (27.5% area) of pressure-outlet 19.

 Reversed flow on 178 faces (35.4% area) of pressure-outlet 18.
  1175  1.1124e-05  8.8964e-08  8.4797e-08  5.3779e-08  1:04:18 2325

 Reversed flow on 53 faces (27.5% area) of pressure-outlet 19.

 Reversed flow on 178 faces (35.4% area) of pressure-outlet 18.
  1176  1.0744e-05  8.7647e-08  8.1005e-08  5.1914e-08  1:04:15 2324

 Reversed flow on 53 faces (27.5% area) of pressure-outlet 19.

 Reversed flow on 178 faces (35.4% area) of pressure-outlet 18.
  1177  1.0390e-05  8.5910e-08  7.7313e-08  4.9740e-08  1:04:17 2323

 Reversed flow on 53 faces (27.5% area) of pressure-outlet 19.

 Reversed flow on 178 faces (35.4% area) of pressure-outlet 18.

  iter  continuity  x-velocity  y-velocity  z-velocity     time/iter
  1178  1.0083e-05  8.3893e-08  7.4698e-08  4.7843e-08  1:04:18 2322

 Reversed flow on 53 faces (27.5% area) of pressure-outlet 19.

 Reversed flow on 178 faces (35.4% area) of pressure-outlet 18.
  1179  9.9599e-06  8.2073e-08  7.2630e-08  4.6349e-08  1:04:26 2321

 Reversed flow on 53 faces (27.5% area) of pressure-outlet 19.

 Reversed flow on 178 faces (35.4% area) of pressure-outlet 18.
  1180  9.5312e-06  7.9669e-08  7.0604e-08  4.4653e-08  1:04:21 2320

 Reversed flow on 53 faces (27.5% area) of pressure-outlet 19.

 Reversed flow on 178 faces (35.4% area) of pressure-outlet 18.
  1181  9.2866e-06  7.7266e-08  6.8521e-08  4.2879e-08  1:04:14 2319

 Reversed flow on 53 faces (27.5% area) of pressure-outlet 19.

 Reversed flow on 178 faces (35.4% area) of pressure-outlet 18.
  1182  9.0588e-06  7.4579e-08  6.6997e-08  4.1430e-08  1:04:10 2318

 Reversed flow on 53 faces (27.5% area) of pressure-outlet 19.

 Reversed flow on 178 faces (35.4% area) of pressure-outlet 18.
  1183  8.8639e-06  7.2080e-08  6.6805e-08  4.0223e-08  1:04:05 2317

 Reversed flow on 53 faces (27.5% area) of pressure-outlet 19.

 Reversed flow on 178 faces (35.4% area) of pressure-outlet 18.
  1184  8.4784e-06  6.9416e-08  6.7377e-08  3.9141e-08  1:04:04 2316

 Reversed flow on 53 faces (27.5% area) of pressure-outlet 19.

 Reversed flow on 178 faces (35.4% area) of pressure-outlet 18.
  1185  8.3582e-06  6.7456e-08  6.8277e-08  3.8235e-08  1:04:10 2315

 Reversed flow on 53 faces (27.5% area) of pressure-outlet 19.

 Reversed flow on 178 faces (35.4% area) of pressure-outlet 18.
  1186  8.2631e-06  6.5912e-08  6.9217e-08  3.7502e-08  1:04:05 2314

 Reversed flow on 53 faces (27.5% area) of pressure-outlet 19.

 Reversed flow on 178 faces (35.4% area) of pressure-outlet 18.
  1187  8.3969e-06  6.5245e-08  7.0483e-08  3.7415e-08  1:03:57 2313

 Reversed flow on 53 faces (27.5% area) of pressure-outlet 19.

 Reversed flow on 178 faces (35.4% area) of pressure-outlet 18.
  1188  8.3419e-06  6.5019e-08  7.2370e-08  3.7879e-08  1:04:02 2312

 Reversed flow on 53 faces (27.5% area) of pressure-outlet 19.

 Reversed flow on 178 faces (35.4% area) of pressure-outlet 18.

  iter  continuity  x-velocity  y-velocity  z-velocity     time/iter
  1189  8.4221e-06  6.5309e-08  7.4191e-08  3.8510e-08  1:03:57 2311

 Reversed flow on 53 faces (27.5% area) of pressure-outlet 19.

 Reversed flow on 178 faces (35.4% area) of pressure-outlet 18.
  1190  8.5580e-06  6.6010e-08  7.5595e-08  3.9705e-08  1:03:55 2310

 Reversed flow on 53 faces (27.5% area) of pressure-outlet 19.

 Reversed flow on 178 faces (35.4% area) of pressure-outlet 18.
  1191  8.9123e-06  6.7743e-08  7.7878e-08  4.1482e-08  1:03:52 2309

 Reversed flow on 53 faces (27.5% area) of pressure-outlet 19.

 Reversed flow on 178 faces (35.4% area) of pressure-outlet 18.
  1192  8.9282e-06  6.9544e-08  8.0102e-08  4.3098e-08  1:03:49 2308

 Reversed flow on 53 faces (27.5% area) of pressure-outlet 19.

 Reversed flow on 178 faces (35.4% area) of pressure-outlet 18.
  1193  9.1297e-06  7.1632e-08  8.1545e-08  4.4486e-08  1:03:45 2307

 Reversed flow on 53 faces (27.5% area) of pressure-outlet 19.

 Reversed flow on 178 faces (35.4% area) of pressure-outlet 18.
  1194  9.3301e-06  7.3927e-08  8.1868e-08  4.5885e-08  1:03:43 2306

 Reversed flow on 53 faces (27.5% area) of pressure-outlet 19.

 Reversed flow on 178 faces (35.4% area) of pressure-outlet 18.
  1195  9.5820e-06  7.6360e-08  8.3974e-08  4.7076e-08  1:03:42 2305

 Reversed flow on 53 faces (27.5% area) of pressure-outlet 19.

 Reversed flow on 178 faces (35.4% area) of pressure-outlet 18.
  1196  9.6523e-06  7.8808e-08  8.7467e-08  4.7748e-08  1:03:40 2304

 Reversed flow on 53 faces (27.5% area) of pressure-outlet 19.

 Reversed flow on 178 faces (35.4% area) of pressure-outlet 18.
  1197  9.8726e-06  8.0868e-08  9.0237e-08  4.8160e-08  1:03:40 2303

 Reversed flow on 53 faces (27.5% area) of pressure-outlet 19.

 Reversed flow on 178 faces (35.4% area) of pressure-outlet 18.
  1198  9.9927e-06  8.2757e-08  9.2351e-08  4.8600e-08  1:03:40 2302

 Reversed flow on 53 faces (27.5% area) of pressure-outlet 19.

 Reversed flow on 178 faces (35.4% area) of pressure-outlet 18.
  1199  1.0377e-05  8.4956e-08  9.5022e-08  4.9695e-08  1:03:36 2301

 Reversed flow on 53 faces (27.5% area) of pressure-outlet 19.

 Reversed flow on 178 faces (35.4% area) of pressure-outlet 18.

  iter  continuity  x-velocity  y-velocity  z-velocity     time/iter
  1200  1.0813e-05  8.8566e-08  1.0046e-07  5.0681e-08  1:03:31 2300

 Reversed flow on 53 faces (27.5% area) of pressure-outlet 19.

 Reversed flow on 178 faces (35.4% area) of pressure-outlet 18.
  1201  1.1644e-05  9.3050e-08  1.0633e-07  5.2436e-08  1:03:31 2299

 Reversed flow on 53 faces (27.5% area) of pressure-outlet 19.

 Reversed flow on 178 faces (35.4% area) of pressure-outlet 18.
  1202  1.2385e-05  9.9078e-08  1.0747e-07  5.6248e-08  1:03:33 2298

 Reversed flow on 53 faces (27.5% area) of pressure-outlet 19.

 Reversed flow on 178 faces (35.4% area) of pressure-outlet 18.
  1203  1.3022e-05  1.0369e-07  1.0923e-07  6.0912e-08  1:03:30 2297

 Reversed flow on 53 faces (27.5% area) of pressure-outlet 19.

 Reversed flow on 178 faces (35.4% area) of pressure-outlet 18.
  1204  1.2937e-05  1.0477e-07  1.0853e-07  6.3607e-08  1:04:37 2296

 Reversed flow on 53 faces (27.5% area) of pressure-outlet 19.

 Reversed flow on 178 faces (35.4% area) of pressure-outlet 18.
  1205  1.2690e-05  1.0364e-07  1.0706e-07  6.4444e-08  1:04:26 2295

 Reversed flow on 53 faces (27.5% area) of pressure-outlet 19.

 Reversed flow on 178 faces (35.4% area) of pressure-outlet 18.
  1206  1.2450e-05  1.0169e-07  1.0623e-07  6.4452e-08  1:04:12 2294

 Reversed flow on 53 faces (27.5% area) of pressure-outlet 19.

 Reversed flow on 178 faces (35.4% area) of pressure-outlet 18.
  1207  1.2298e-05  9.9068e-08  1.0478e-07  6.3690e-08  1:03:59 2293

 Reversed flow on 53 faces (27.5% area) of pressure-outlet 19.

 Reversed flow on 178 faces (35.4% area) of pressure-outlet 18.
  1208  1.1877e-05  9.4725e-08  1.0097e-07  6.1541e-08  1:03:48 2292

 Reversed flow on 53 faces (27.5% area) of pressure-outlet 19.

 Reversed flow on 178 faces (35.4% area) of pressure-outlet 18.
  1209  1.1641e-05  9.0345e-08  9.5939e-08  5.9187e-08  1:03:43 2291

 Reversed flow on 53 faces (27.5% area) of pressure-outlet 19.

 Reversed flow on 178 faces (35.4% area) of pressure-outlet 18.
  1210  1.1273e-05  8.7569e-08  9.1022e-08  5.6821e-08  1:03:34 2290

 Reversed flow on 53 faces (27.5% area) of pressure-outlet 19.

 Reversed flow on 178 faces (35.4% area) of pressure-outlet 18.

  iter  continuity  x-velocity  y-velocity  z-velocity     time/iter
  1211  1.1020e-05  8.5977e-08  8.6536e-08  5.4634e-08  1:03:31 2289

 Reversed flow on 53 faces (27.5% area) of pressure-outlet 19.

 Reversed flow on 178 faces (35.4% area) of pressure-outlet 18.
  1212  1.0525e-05  8.3980e-08  8.2584e-08  5.2381e-08  1:03:28 2288

 Reversed flow on 53 faces (27.5% area) of pressure-outlet 19.

 Reversed flow on 178 faces (35.4% area) of pressure-outlet 18.
  1213  1.0075e-05  8.1798e-08  7.8267e-08  4.9912e-08  1:03:20 2287

 Reversed flow on 53 faces (27.5% area) of pressure-outlet 19.

 Reversed flow on 178 faces (35.4% area) of pressure-outlet 18.
  1214  9.7104e-06  7.9704e-08  7.4826e-08  4.7625e-08  1:03:16 2286

 Reversed flow on 53 faces (27.5% area) of pressure-outlet 19.

 Reversed flow on 178 faces (35.4% area) of pressure-outlet 18.
  1215  9.5683e-06  7.8385e-08  7.2563e-08  4.5934e-08  1:03:15 2285

 Reversed flow on 53 faces (27.5% area) of pressure-outlet 19.

 Reversed flow on 178 faces (35.4% area) of pressure-outlet 18.
  1216  9.1968e-06  7.6860e-08  7.0368e-08  4.4183e-08  1:03:16 2284

 Reversed flow on 53 faces (27.5% area) of pressure-outlet 19.

 Reversed flow on 178 faces (35.4% area) of pressure-outlet 18.
  1217  9.0293e-06  7.5629e-08  6.8426e-08  4.2484e-08  1:03:19 2283

 Reversed flow on 53 faces (27.5% area) of pressure-outlet 19.

 Reversed flow on 178 faces (35.4% area) of pressure-outlet 18.
  1218  8.9147e-06  7.4453e-08  6.6950e-08  4.1144e-08  1:06:01 2282

 Reversed flow on 53 faces (27.5% area) of pressure-outlet 19.

 Reversed flow on 178 faces (35.4% area) of pressure-outlet 18.
  1219  8.8904e-06  7.3313e-08  6.6237e-08  4.0274e-08  1:05:26 2281

 Reversed flow on 53 faces (27.5% area) of pressure-outlet 19.

 Reversed flow on 178 faces (35.4% area) of pressure-outlet 18.
  1220  8.6489e-06  7.2024e-08  6.6693e-08  3.9424e-08  1:04:55 2280

 Reversed flow on 53 faces (27.5% area) of pressure-outlet 19.

 Reversed flow on 178 faces (35.4% area) of pressure-outlet 18.
  1221  8.6292e-06  7.0994e-08  6.7778e-08  3.8806e-08  1:04:30 2279

 Reversed flow on 53 faces (27.5% area) of pressure-outlet 19.

 Reversed flow on 178 faces (35.4% area) of pressure-outlet 18.

  iter  continuity  x-velocity  y-velocity  z-velocity     time/iter
  1222  8.6031e-06  6.9909e-08  6.8993e-08  3.8380e-08  1:04:14 2278

 Reversed flow on 53 faces (27.5% area) of pressure-outlet 19.

 Reversed flow on 178 faces (35.4% area) of pressure-outlet 18.
  1223  8.7938e-06  6.9405e-08  7.0528e-08  3.8394e-08  1:03:58 2277

 Reversed flow on 53 faces (27.5% area) of pressure-outlet 19.

 Reversed flow on 178 faces (35.4% area) of pressure-outlet 18.
  1224  8.7991e-06  6.9058e-08  7.2345e-08  3.8796e-08  1:03:50 2276

 Reversed flow on 53 faces (27.5% area) of pressure-outlet 19.

 Reversed flow on 178 faces (35.4% area) of pressure-outlet 18.
  1225  8.9012e-06  6.9037e-08  7.4073e-08  3.9335e-08  1:03:46 2275

 Reversed flow on 53 faces (27.5% area) of pressure-outlet 19.

 Reversed flow on 178 faces (35.4% area) of pressure-outlet 18.
  1226  9.0260e-06  6.9341e-08  7.5678e-08  4.0238e-08  1:03:37 2274

 Reversed flow on 53 faces (27.5% area) of pressure-outlet 19.

 Reversed flow on 178 faces (35.4% area) of pressure-outlet 18.
  1227  9.2954e-06  7.0266e-08  7.7033e-08  4.1748e-08  1:03:30 2273

 Reversed flow on 53 faces (27.5% area) of pressure-outlet 19.

 Reversed flow on 178 faces (35.4% area) of pressure-outlet 18.
  1228  9.2404e-06  7.1126e-08  7.9313e-08  4.3154e-08  1:03:23 2272

 Reversed flow on 53 faces (27.5% area) of pressure-outlet 19.

 Reversed flow on 178 faces (35.4% area) of pressure-outlet 18.
  1229  9.3400e-06  7.1971e-08  8.0906e-08  4.4317e-08  1:03:17 2271

 Reversed flow on 53 faces (27.5% area) of pressure-outlet 19.

 Reversed flow on 178 faces (35.4% area) of pressure-outlet 18.
  1230  9.4423e-06  7.3260e-08  8.1877e-08  4.5444e-08  1:03:10 2270

 Reversed flow on 53 faces (27.5% area) of pressure-outlet 19.

 Reversed flow on 178 faces (35.4% area) of pressure-outlet 18.
  1231  9.5289e-06  7.4909e-08  8.1455e-08  4.6529e-08  1:03:06 2269

 Reversed flow on 53 faces (27.5% area) of pressure-outlet 19.

 Reversed flow on 178 faces (35.4% area) of pressure-outlet 18.
  1232  9.3963e-06  7.5922e-08  8.4326e-08  4.7034e-08  1:03:06 2268

 Reversed flow on 53 faces (27.5% area) of pressure-outlet 19.

 Reversed flow on 178 faces (35.4% area) of pressure-outlet 18.

  iter  continuity  x-velocity  y-velocity  z-velocity     time/iter
  1233  9.4850e-06  7.7120e-08  8.7363e-08  4.7163e-08  1:03:05 2267

 Reversed flow on 53 faces (27.5% area) of pressure-outlet 19.

 Reversed flow on 178 faces (35.4% area) of pressure-outlet 18.
  1234  9.4622e-06  7.7877e-08  8.9705e-08  4.7236e-08  1:02:59 2266

 Reversed flow on 53 faces (27.5% area) of pressure-outlet 19.

 Reversed flow on 178 faces (35.4% area) of pressure-outlet 18.
  1235  9.6010e-06  7.9042e-08  9.1950e-08  4.7670e-08  1:03:03 2265

 Reversed flow on 53 faces (27.5% area) of pressure-outlet 19.

 Reversed flow on 178 faces (35.4% area) of pressure-outlet 18.
  1236  9.6736e-06  8.0061e-08  9.4733e-08  4.8349e-08  1:02:56 2264

 Reversed flow on 53 faces (27.5% area) of pressure-outlet 19.

 Reversed flow on 178 faces (35.4% area) of pressure-outlet 18.
  1237  1.0212e-05  8.3478e-08  1.0042e-07  4.9235e-08  1:02:53 2263

 Reversed flow on 53 faces (27.5% area) of pressure-outlet 19.

 Reversed flow on 178 faces (35.4% area) of pressure-outlet 18.
  1238  1.1094e-05  8.8181e-08  1.0621e-07  5.1533e-08  1:02:51 2262

 Reversed flow on 53 faces (27.5% area) of pressure-outlet 19.

 Reversed flow on 178 faces (35.4% area) of pressure-outlet 18.
  1239  1.2003e-05  9.4466e-08  1.0682e-07  5.6038e-08  1:02:49 2261

 Reversed flow on 53 faces (27.5% area) of pressure-outlet 19.

 Reversed flow on 178 faces (35.4% area) of pressure-outlet 18.
  1240  1.2289e-05  9.8480e-08  1.0777e-07  6.0034e-08  1:02:44 2260

 Reversed flow on 53 faces (27.5% area) of pressure-outlet 19.

 Reversed flow on 178 faces (35.4% area) of pressure-outlet 18.
  1241  1.2440e-05  1.0069e-07  1.0663e-07  6.2328e-08  1:02:40 2259

 Reversed flow on 53 faces (27.5% area) of pressure-outlet 19.

 Reversed flow on 178 faces (35.4% area) of pressure-outlet 18.
  1242  1.2439e-05  1.0140e-07  1.0655e-07  6.3494e-08  1:02:34 2258

 Reversed flow on 53 faces (27.5% area) of pressure-outlet 19.

 Reversed flow on 178 faces (35.4% area) of pressure-outlet 18.
  1243  1.2497e-05  1.0134e-07  1.0575e-07  6.3824e-08  1:02:29 2257

 Reversed flow on 53 faces (27.5% area) of pressure-outlet 19.

 Reversed flow on 178 faces (35.4% area) of pressure-outlet 18.

  iter  continuity  x-velocity  y-velocity  z-velocity     time/iter
  1244  1.2265e-05  9.9348e-08  1.0380e-07  6.2736e-08  1:02:26 2256

 Reversed flow on 53 faces (27.5% area) of pressure-outlet 19.

 Reversed flow on 178 faces (35.4% area) of pressure-outlet 18.
  1245  1.2188e-05  9.6853e-08  9.9851e-08  6.0853e-08  1:02:28 2255

 Reversed flow on 53 faces (27.5% area) of pressure-outlet 19.

 Reversed flow on 178 faces (35.4% area) of pressure-outlet 18.
  1246  1.2053e-05  9.4341e-08  9.5380e-08  5.9123e-08  1:02:28 2254

 Reversed flow on 53 faces (27.5% area) of pressure-outlet 19.

 Reversed flow on 178 faces (35.4% area) of pressure-outlet 18.
  1247  1.1939e-05  9.3736e-08  9.0838e-08  5.7276e-08  1:02:23 2253

 Reversed flow on 53 faces (27.5% area) of pressure-outlet 19.

 Reversed flow on 178 faces (35.4% area) of pressure-outlet 18.
  1248  1.1463e-05  9.1732e-08  8.6660e-08  5.5251e-08  1:02:18 2252

 Reversed flow on 53 faces (27.5% area) of pressure-outlet 19.

 Reversed flow on 178 faces (35.4% area) of pressure-outlet 18.
  1249  1.1001e-05  8.9037e-08  8.2419e-08  5.2952e-08  1:02:22 2251

 Reversed flow on 53 faces (27.5% area) of pressure-outlet 19.

 Reversed flow on 178 faces (35.4% area) of pressure-outlet 18.
  1250  1.0508e-05  8.6089e-08  7.8308e-08  5.0548e-08  1:02:20 2250

 Reversed flow on 53 faces (27.5% area) of pressure-outlet 19.

 Reversed flow on 178 faces (35.4% area) of pressure-outlet 18.
  1251  1.0207e-05  8.3314e-08  7.5195e-08  4.8434e-08  1:02:18 2249

 Reversed flow on 53 faces (27.5% area) of pressure-outlet 19.

 Reversed flow on 178 faces (35.4% area) of pressure-outlet 18.
  1252  9.6318e-06  8.0089e-08  7.2295e-08  4.6279e-08  1:02:21 2248

 Reversed flow on 53 faces (27.5% area) of pressure-outlet 19.

 Reversed flow on 178 faces (35.4% area) of pressure-outlet 18.
  1253  9.3033e-06  7.7055e-08  6.9723e-08  4.4130e-08  1:02:15 2247

 Reversed flow on 53 faces (27.5% area) of pressure-outlet 19.

 Reversed flow on 178 faces (35.4% area) of pressure-outlet 18.
  1254  9.0042e-06  7.4111e-08  6.7663e-08  4.2201e-08  1:02:13 2246

 Reversed flow on 53 faces (27.5% area) of pressure-outlet 19.

 Reversed flow on 178 faces (35.4% area) of pressure-outlet 18.

  iter  continuity  x-velocity  y-velocity  z-velocity     time/iter
  1255  8.7953e-06  7.1580e-08  6.5915e-08  4.0727e-08  1:02:13 2245

 Reversed flow on 53 faces (27.5% area) of pressure-outlet 19.

 Reversed flow on 178 faces (35.4% area) of pressure-outlet 18.
  1256  8.3762e-06  6.8934e-08  6.5327e-08  3.9309e-08  1:02:08 2244

 Reversed flow on 53 faces (27.5% area) of pressure-outlet 19.

 Reversed flow on 178 faces (35.4% area) of pressure-outlet 18.
  1257  8.1838e-06  6.6844e-08  6.5559e-08  3.8013e-08  1:02:06 2243

 Reversed flow on 53 faces (27.5% area) of pressure-outlet 19.

 Reversed flow on 178 faces (35.4% area) of pressure-outlet 18.
  1258  8.0059e-06  6.4965e-08  6.6380e-08  3.7093e-08  1:02:02 2242

 Reversed flow on 53 faces (27.5% area) of pressure-outlet 19.

 Reversed flow on 178 faces (35.4% area) of pressure-outlet 18.
  1259  8.1116e-06  6.4117e-08  6.7750e-08  3.6783e-08  1:01:57 2241

 Reversed flow on 53 faces (27.5% area) of pressure-outlet 19.

 Reversed flow on 178 faces (35.4% area) of pressure-outlet 18.
  1260  8.1212e-06  6.4030e-08  6.9574e-08  3.6786e-08  1:01:58 2240

 Reversed flow on 53 faces (27.5% area) of pressure-outlet 19.

 Reversed flow on 178 faces (35.4% area) of pressure-outlet 18.
  1261  8.2972e-06  6.4678e-08  7.1149e-08  3.7141e-08  1:01:57 2239

 Reversed flow on 53 faces (27.5% area) of pressure-outlet 19.

 Reversed flow on 178 faces (35.4% area) of pressure-outlet 18.
  1262  8.5264e-06  6.5865e-08  7.3280e-08  3.8038e-08  1:02:15 2238

 Reversed flow on 53 faces (27.5% area) of pressure-outlet 19.

 Reversed flow on 178 faces (35.4% area) of pressure-outlet 18.
  1263  8.9062e-06  6.8018e-08  7.5450e-08  3.9684e-08  1:02:11 2237

 Reversed flow on 53 faces (27.5% area) of pressure-outlet 19.

 Reversed flow on 178 faces (35.4% area) of pressure-outlet 18.
  1264  9.0185e-06  6.9975e-08  7.7365e-08  4.1455e-08  1:02:13 2236

 Reversed flow on 53 faces (27.5% area) of pressure-outlet 19.

 Reversed flow on 178 faces (35.4% area) of pressure-outlet 18.
  1265  9.3109e-06  7.2548e-08  7.9826e-08  4.3166e-08  1:02:05 2235

 Reversed flow on 53 faces (27.5% area) of pressure-outlet 19.

 Reversed flow on 178 faces (35.4% area) of pressure-outlet 18.

  iter  continuity  x-velocity  y-velocity  z-velocity     time/iter
  1266  9.6046e-06  7.4895e-08  8.1841e-08  4.4879e-08  1:01:57 2234

 Reversed flow on 53 faces (27.5% area) of pressure-outlet 19.

 Reversed flow on 178 faces (35.4% area) of pressure-outlet 18.
  1267  9.8650e-06  7.7294e-08  8.2831e-08  4.6570e-08  1:01:55 2233

 Reversed flow on 53 faces (27.5% area) of pressure-outlet 19.

 Reversed flow on 178 faces (35.4% area) of pressure-outlet 18.
  1268  9.8183e-06  7.9034e-08  8.3572e-08  4.7793e-08  1:01:53 2232

 Reversed flow on 53 faces (27.5% area) of pressure-outlet 19.

 Reversed flow on 178 faces (35.4% area) of pressure-outlet 18.
  1269  9.9842e-06  8.0609e-08  8.6887e-08  4.8440e-08  1:01:52 2231

 Reversed flow on 53 faces (27.5% area) of pressure-outlet 19.

 Reversed flow on 178 faces (35.4% area) of pressure-outlet 18.
  1270  1.0045e-05  8.1630e-08  8.9737e-08  4.8683e-08  1:01:48 2230

 Reversed flow on 53 faces (27.5% area) of pressure-outlet 19.

 Reversed flow on 178 faces (35.4% area) of pressure-outlet 18.
  1271  1.0174e-05  8.2691e-08  9.2067e-08  4.9081e-08  1:01:47 2229

 Reversed flow on 53 faces (27.5% area) of pressure-outlet 19.

 Reversed flow on 178 faces (35.4% area) of pressure-outlet 18.
  1272  1.0045e-05  8.2879e-08  9.3813e-08  4.9377e-08  1:01:45 2228

 Reversed flow on 53 faces (27.5% area) of pressure-outlet 19.

 Reversed flow on 178 faces (35.4% area) of pressure-outlet 18.
  1273  1.0240e-05  8.4022e-08  9.7480e-08  4.9728e-08  1:01:41 2227

 Reversed flow on 53 faces (27.5% area) of pressure-outlet 19.

 Reversed flow on 178 faces (35.4% area) of pressure-outlet 18.
  1274  1.0854e-05  8.6978e-08  1.0318e-07  5.0849e-08  1:01:39 2226

 Reversed flow on 53 faces (27.5% area) of pressure-outlet 19.

 Reversed flow on 178 faces (35.4% area) of pressure-outlet 18.
  1275  1.1729e-05  9.1690e-08  1.0658e-07  5.3666e-08  1:01:36 2225

 Reversed flow on 53 faces (27.5% area) of pressure-outlet 19.

 Reversed flow on 178 faces (35.4% area) of pressure-outlet 18.
  1276  1.2057e-05  9.5806e-08  1.0691e-07  5.7469e-08  1:01:33 2224

 Reversed flow on 53 faces (27.5% area) of pressure-outlet 19.

 Reversed flow on 178 faces (35.4% area) of pressure-outlet 18.

  iter  continuity  x-velocity  y-velocity  z-velocity     time/iter
  1277  1.2249e-05  9.8106e-08  1.0691e-07  6.0557e-08  1:01:30 2223

 Reversed flow on 53 faces (27.5% area) of pressure-outlet 19.

 Reversed flow on 178 faces (35.4% area) of pressure-outlet 18.
  1278  1.2197e-05  9.8750e-08  1.0563e-07  6.2230e-08  1:01:29 2222

 Reversed flow on 53 faces (27.5% area) of pressure-outlet 19.

 Reversed flow on 178 faces (35.4% area) of pressure-outlet 18.
  1279  1.2113e-05  9.8095e-08  1.0577e-07  6.2887e-08  1:01:28 2221

 Reversed flow on 53 faces (27.5% area) of pressure-outlet 19.

 Reversed flow on 178 faces (35.4% area) of pressure-outlet 18.
  1280  1.1745e-05  9.5832e-08  1.0411e-07  6.2148e-08  1:01:25 2220

 Reversed flow on 53 faces (27.5% area) of pressure-outlet 19.

 Reversed flow on 178 faces (35.4% area) of pressure-outlet 18.
  1281  1.1529e-05  9.2751e-08  1.0139e-07  6.0461e-08  1:01:21 2219

 Reversed flow on 53 faces (27.5% area) of pressure-outlet 19.

 Reversed flow on 178 faces (35.4% area) of pressure-outlet 18.
  1282  1.1346e-05  8.9802e-08  9.7200e-08  5.8604e-08  1:01:19 2218

 Reversed flow on 53 faces (27.5% area) of pressure-outlet 19.

 Reversed flow on 178 faces (35.4% area) of pressure-outlet 18.
  1283  1.1303e-05  8.7693e-08  9.2701e-08  5.6819e-08  1:01:15 2217

 Reversed flow on 53 faces (27.5% area) of pressure-outlet 19.

 Reversed flow on 178 faces (35.4% area) of pressure-outlet 18.
  1284  1.0947e-05  8.6489e-08  8.7938e-08  5.4692e-08  1:01:10 2216

 Reversed flow on 53 faces (27.5% area) of pressure-outlet 19.

 Reversed flow on 178 faces (35.4% area) of pressure-outlet 18.
  1285  1.0676e-05  8.5519e-08  8.3961e-08  5.2614e-08  1:01:08 2215

 Reversed flow on 53 faces (27.5% area) of pressure-outlet 19.

 Reversed flow on 178 faces (35.4% area) of pressure-outlet 18.
  1286  1.0433e-05  8.4618e-08  8.0177e-08  5.0696e-08  1:01:06 2214

 Reversed flow on 53 faces (27.5% area) of pressure-outlet 19.

 Reversed flow on 178 faces (35.4% area) of pressure-outlet 18.
  1287  1.0328e-05  8.3963e-08  7.6922e-08  4.8981e-08  1:01:09 2213

 Reversed flow on 53 faces (27.5% area) of pressure-outlet 19.

 Reversed flow on 178 faces (35.4% area) of pressure-outlet 18.

  iter  continuity  x-velocity  y-velocity  z-velocity     time/iter
  1288  9.9353e-06  8.2556e-08  7.4215e-08  4.7189e-08  1:01:07 2212

 Reversed flow on 53 faces (27.5% area) of pressure-outlet 19.

 Reversed flow on 178 faces (35.4% area) of pressure-outlet 18.
  1289  9.7466e-06  8.1381e-08  7.1690e-08  4.5404e-08  1:01:10 2211

 Reversed flow on 53 faces (27.5% area) of pressure-outlet 19.

 Reversed flow on 178 faces (35.4% area) of pressure-outlet 18.
  1290  9.6257e-06  8.0231e-08  6.9892e-08  4.3932e-08  1:01:07 2210

 Reversed flow on 53 faces (27.5% area) of pressure-outlet 19.

 Reversed flow on 178 faces (35.4% area) of pressure-outlet 18.
  1291  9.5656e-06  7.9313e-08  6.8337e-08  4.2730e-08  1:01:08 2209

 Reversed flow on 53 faces (27.5% area) of pressure-outlet 19.

 Reversed flow on 178 faces (35.4% area) of pressure-outlet 18.
  1292  9.2423e-06  7.7630e-08  6.6998e-08  4.1600e-08  1:01:04 2208

 Reversed flow on 53 faces (27.5% area) of pressure-outlet 19.

 Reversed flow on 178 faces (35.4% area) of pressure-outlet 18.
  1293  9.0252e-06  7.5189e-08  6.6899e-08  4.0442e-08  1:01:02 2207

 Reversed flow on 53 faces (27.5% area) of pressure-outlet 19.

 Reversed flow on 178 faces (35.4% area) of pressure-outlet 18.
  1294  8.7395e-06  7.2316e-08  6.7197e-08  3.9331e-08  1:01:03 2206

 Reversed flow on 53 faces (27.5% area) of pressure-outlet 19.

 Reversed flow on 178 faces (35.4% area) of pressure-outlet 18.
  1295  8.6570e-06  7.0050e-08  6.8095e-08  3.8694e-08  1:01:00 2205

 Reversed flow on 53 faces (27.5% area) of pressure-outlet 19.

 Reversed flow on 178 faces (35.4% area) of pressure-outlet 18.
  1296  8.4500e-06  6.8023e-08  6.9459e-08  3.8187e-08  1:00:58 2204

 Reversed flow on 53 faces (27.5% area) of pressure-outlet 19.

 Reversed flow on 178 faces (35.4% area) of pressure-outlet 18.
  1297  8.4614e-06  6.6573e-08  7.0585e-08  3.7811e-08  1:00:53 2203

 Reversed flow on 53 faces (27.5% area) of pressure-outlet 19.

 Reversed flow on 178 faces (35.4% area) of pressure-outlet 18.
  1298  8.5228e-06  6.5645e-08  7.1919e-08  3.8039e-08  1:00:52 2202

 Reversed flow on 53 faces (27.5% area) of pressure-outlet 19.

 Reversed flow on 178 faces (35.4% area) of pressure-outlet 18.

  iter  continuity  x-velocity  y-velocity  z-velocity     time/iter
  1299  8.7409e-06  6.5626e-08  7.3959e-08  3.8956e-08  1:00:54 2201

 Reversed flow on 53 faces (27.5% area) of pressure-outlet 19.

 Reversed flow on 178 faces (35.4% area) of pressure-outlet 18.
  1300  8.6353e-06  6.5883e-08  7.5522e-08  4.0075e-08  1:00:53 2200

 Reversed flow on 53 faces (27.5% area) of pressure-outlet 19.

 Reversed flow on 178 faces (35.4% area) of pressure-outlet 18.
  1301  8.7878e-06  6.6878e-08  7.7114e-08  4.1285e-08  1:00:53 2199

 Reversed flow on 53 faces (27.5% area) of pressure-outlet 19.

 Reversed flow on 178 faces (35.4% area) of pressure-outlet 18.
  1302  8.9615e-06  6.8482e-08  7.9155e-08  4.2648e-08  1:00:49 2198

 Reversed flow on 53 faces (27.5% area) of pressure-outlet 19.

 Reversed flow on 178 faces (35.4% area) of pressure-outlet 18.
  1303  9.1919e-06  7.0372e-08  8.0873e-08  4.4160e-08  1:00:48 2197

 Reversed flow on 53 faces (27.5% area) of pressure-outlet 19.

 Reversed flow on 178 faces (35.4% area) of pressure-outlet 18.
  1304  9.1644e-06  7.2244e-08  8.1383e-08  4.5495e-08  1:00:50 2196

 Reversed flow on 53 faces (27.5% area) of pressure-outlet 19.

 Reversed flow on 178 faces (35.4% area) of pressure-outlet 18.
  1305  9.3326e-06  7.4485e-08  8.2778e-08  4.6422e-08  1:01:52 2195

 Reversed flow on 53 faces (27.5% area) of pressure-outlet 19.

 Reversed flow on 178 faces (35.4% area) of pressure-outlet 18.
  1306  9.5091e-06  7.6953e-08  8.6260e-08  4.6979e-08  1:02:06 2194

 Reversed flow on 53 faces (27.5% area) of pressure-outlet 19.

 Reversed flow on 178 faces (35.4% area) of pressure-outlet 18.
  1307  9.7959e-06  7.9370e-08  8.9522e-08  4.7668e-08  1:01:45 2193

 Reversed flow on 53 faces (27.5% area) of pressure-outlet 19.

 Reversed flow on 178 faces (35.4% area) of pressure-outlet 18.
  1308  9.7832e-06  8.1215e-08  9.1900e-08  4.8166e-08  1:01:28 2192

 Reversed flow on 53 faces (27.5% area) of pressure-outlet 19.

 Reversed flow on 178 faces (35.4% area) of pressure-outlet 18.
  1309  9.9387e-06  8.2755e-08  9.3946e-08  4.8782e-08  1:01:15 2191

 Reversed flow on 53 faces (27.5% area) of pressure-outlet 19.

 Reversed flow on 178 faces (35.4% area) of pressure-outlet 18.

  iter  continuity  x-velocity  y-velocity  z-velocity     time/iter
  1310  1.0422e-05  8.6134e-08  9.9177e-08  4.9781e-08  1:01:02 2190

 Reversed flow on 53 faces (27.5% area) of pressure-outlet 19.

 Reversed flow on 178 faces (35.4% area) of pressure-outlet 18.
  1311  1.1443e-05  9.1108e-08  1.0574e-07  5.1901e-08  1:00:55 2189

 Reversed flow on 53 faces (27.5% area) of pressure-outlet 19.

 Reversed flow on 178 faces (35.4% area) of pressure-outlet 18.
  1312  1.2033e-05  9.6151e-08  1.0745e-07  5.5276e-08  1:00:49 2188

 Reversed flow on 53 faces (27.5% area) of pressure-outlet 19.

 Reversed flow on 178 faces (35.4% area) of pressure-outlet 18.
  1313  1.2583e-05  1.0055e-07  1.0832e-07  5.9504e-08  1:00:40 2187

 Reversed flow on 53 faces (27.5% area) of pressure-outlet 19.

 Reversed flow on 178 faces (35.4% area) of pressure-outlet 18.
  1314  1.2843e-05  1.0297e-07  1.0851e-07  6.2781e-08  1:00:35 2186

 Reversed flow on 53 faces (27.5% area) of pressure-outlet 19.

 Reversed flow on 178 faces (35.4% area) of pressure-outlet 18.
  1315  1.2865e-05  1.0358e-07  1.0757e-07  6.4470e-08  1:00:27 2185

 Reversed flow on 53 faces (27.5% area) of pressure-outlet 19.

 Reversed flow on 178 faces (35.4% area) of pressure-outlet 18.
  1316  1.2511e-05  1.0176e-07  1.0670e-07  6.4513e-08  1:00:24 2184

 Reversed flow on 53 faces (27.5% area) of pressure-outlet 19.

 Reversed flow on 178 faces (35.4% area) of pressure-outlet 18.
  1317  1.2250e-05  9.9079e-08  1.0484e-07  6.3469e-08  1:00:24 2183

 Reversed flow on 53 faces (27.5% area) of pressure-outlet 19.

 Reversed flow on 178 faces (35.4% area) of pressure-outlet 18.
  1318  1.1925e-05  9.5423e-08  1.0171e-07  6.1622e-08  1:00:21 2182

 Reversed flow on 53 faces (27.5% area) of pressure-outlet 19.

 Reversed flow on 178 faces (35.4% area) of pressure-outlet 18.
  1319  1.1824e-05  9.1676e-08  9.7098e-08  5.9585e-08  1:00:21 2181

 Reversed flow on 53 faces (27.5% area) of pressure-outlet 19.

 Reversed flow on 178 faces (35.4% area) of pressure-outlet 18.
  1320  1.1380e-05  8.8619e-08  9.1957e-08  5.7120e-08  1:00:21 2180

 Reversed flow on 53 faces (27.5% area) of pressure-outlet 19.

 Reversed flow on 178 faces (35.4% area) of pressure-outlet 18.

  iter  continuity  x-velocity  y-velocity  z-velocity     time/iter
  1321  1.0930e-05  8.6516e-08  8.6785e-08  5.4533e-08  1:00:20 2179

 Reversed flow on 53 faces (27.5% area) of pressure-outlet 19.

 Reversed flow on 178 faces (35.4% area) of pressure-outlet 18.
  1322  1.0543e-05  8.4525e-08  8.2918e-08  5.2219e-08  1:00:17 2178

 Reversed flow on 53 faces (27.5% area) of pressure-outlet 19.

 Reversed flow on 178 faces (35.4% area) of pressure-outlet 18.
  1323  1.0288e-05  8.2753e-08  7.9115e-08  5.0158e-08  1:00:17 2177

 Reversed flow on 53 faces (27.5% area) of pressure-outlet 19.

 Reversed flow on 178 faces (35.4% area) of pressure-outlet 18.
  1324  9.7026e-06  8.0220e-08  7.5506e-08  4.7823e-08  1:00:18 2176

 Reversed flow on 53 faces (27.5% area) of pressure-outlet 19.

 Reversed flow on 178 faces (35.4% area) of pressure-outlet 18.
  1325  9.3285e-06  7.7885e-08  7.2694e-08  4.5645e-08  1:00:15 2175

 Reversed flow on 53 faces (27.5% area) of pressure-outlet 19.

 Reversed flow on 178 faces (35.4% area) of pressure-outlet 18.
  1326  9.0789e-06  7.5875e-08  7.0484e-08  4.3868e-08  1:00:12 2174

 Reversed flow on 53 faces (27.5% area) of pressure-outlet 19.

 Reversed flow on 178 faces (35.4% area) of pressure-outlet 18.
  1327  8.9442e-06  7.4519e-08  6.8697e-08  4.2436e-08  1:00:06 2173

 Reversed flow on 53 faces (27.5% area) of pressure-outlet 19.

 Reversed flow on 178 faces (35.4% area) of pressure-outlet 18.
  1328  8.6366e-06  7.2828e-08  6.7083e-08  4.1013e-08  1:00:03 2172

 Reversed flow on 53 faces (27.5% area) of pressure-outlet 19.

 Reversed flow on 178 faces (35.4% area) of pressure-outlet 18.
  1329  8.5532e-06  7.1305e-08  6.5986e-08  3.9817e-08  1:00:04 2171

 Reversed flow on 53 faces (27.5% area) of pressure-outlet 19.

 Reversed flow on 178 faces (35.4% area) of pressure-outlet 18.
  1330  8.4144e-06  6.9907e-08  6.6028e-08  3.8760e-08  1:00:02 2170

 Reversed flow on 53 faces (27.5% area) of pressure-outlet 19.

 Reversed flow on 178 faces (35.4% area) of pressure-outlet 18.
  1331  8.4882e-06  6.9336e-08  6.7012e-08  3.8295e-08  0:59:57 2169

 Reversed flow on 53 faces (27.5% area) of pressure-outlet 19.

 Reversed flow on 178 faces (35.4% area) of pressure-outlet 18.

  iter  continuity  x-velocity  y-velocity  z-velocity     time/iter
  1332  8.4311e-06  6.8916e-08  6.8623e-08  3.8110e-08  0:59:52 2168

 Reversed flow on 53 faces (27.5% area) of pressure-outlet 19.

 Reversed flow on 178 faces (35.4% area) of pressure-outlet 18.
  1333  8.5624e-06  6.8874e-08  7.0049e-08  3.7899e-08  0:59:51 2167

 Reversed flow on 53 faces (27.5% area) of pressure-outlet 19.

 Reversed flow on 178 faces (35.4% area) of pressure-outlet 18.
  1334  8.7942e-06  6.9394e-08  7.1548e-08  3.8182e-08  0:59:58 2166

 Reversed flow on 53 faces (27.5% area) of pressure-outlet 19.

 Reversed flow on 178 faces (35.4% area) of pressure-outlet 18.
  1335  9.1784e-06  7.0702e-08  7.3703e-08  3.9288e-08  0:59:54 2165

 Reversed flow on 53 faces (27.5% area) of pressure-outlet 19.

 Reversed flow on 178 faces (35.4% area) of pressure-outlet 18.
  1336  9.2270e-06  7.2071e-08  7.5925e-08  4.0491e-08  0:59:48 2164

 Reversed flow on 53 faces (27.5% area) of pressure-outlet 19.

 Reversed flow on 178 faces (35.4% area) of pressure-outlet 18.
  1337  9.4070e-06  7.3439e-08  7.7382e-08  4.1907e-08  0:59:52 2163

 Reversed flow on 53 faces (27.5% area) of pressure-outlet 19.

 Reversed flow on 178 faces (35.4% area) of pressure-outlet 18.
  1338  9.6036e-06  7.4451e-08  7.9535e-08  4.3513e-08  0:59:53 2162

 Reversed flow on 53 faces (27.5% area) of pressure-outlet 19.

 Reversed flow on 178 faces (35.4% area) of pressure-outlet 18.
  1339  9.7688e-06  7.5366e-08  8.1427e-08  4.5082e-08  0:59:52 2161

 Reversed flow on 53 faces (27.5% area) of pressure-outlet 19.

 Reversed flow on 178 faces (35.4% area) of pressure-outlet 18.
  1340  9.6667e-06  7.6044e-08  8.2640e-08  4.6304e-08  0:59:54 2160

 Reversed flow on 53 faces (27.5% area) of pressure-outlet 19.

 Reversed flow on 178 faces (35.4% area) of pressure-outlet 18.
  1341  9.6979e-06  7.6821e-08  8.2335e-08  4.7239e-08  0:59:52 2159

 Reversed flow on 53 faces (27.5% area) of pressure-outlet 19.

 Reversed flow on 178 faces (35.4% area) of pressure-outlet 18.
  1342  9.6856e-06  7.7383e-08  8.4254e-08  4.7755e-08  0:59:53 2158

 Reversed flow on 53 faces (27.5% area) of pressure-outlet 19.

 Reversed flow on 178 faces (35.4% area) of pressure-outlet 18.

  iter  continuity  x-velocity  y-velocity  z-velocity     time/iter
  1343  9.8526e-06  7.8475e-08  8.7513e-08  4.8170e-08  0:59:50 2157

 Reversed flow on 53 faces (27.5% area) of pressure-outlet 19.

 Reversed flow on 178 faces (35.4% area) of pressure-outlet 18.
  1344  9.7072e-06  7.8555e-08  8.9993e-08  4.8246e-08  0:59:45 2156

 Reversed flow on 53 faces (27.5% area) of pressure-outlet 19.

 Reversed flow on 178 faces (35.4% area) of pressure-outlet 18.
  1345  9.6122e-06  7.8818e-08  9.1509e-08  4.8070e-08  0:59:46 2155

 Reversed flow on 53 faces (27.5% area) of pressure-outlet 19.

 Reversed flow on 178 faces (35.4% area) of pressure-outlet 18.
  1346  9.6922e-06  7.9387e-08  9.3728e-08  4.8505e-08  0:59:40 2154

 Reversed flow on 53 faces (27.5% area) of pressure-outlet 19.

 Reversed flow on 178 faces (35.4% area) of pressure-outlet 18.
  1347  1.0303e-05  8.2904e-08  9.9603e-08  4.9465e-08  0:59:36 2153

 Reversed flow on 53 faces (27.5% area) of pressure-outlet 19.

 Reversed flow on 178 faces (35.4% area) of pressure-outlet 18.
  1348  1.0920e-05  8.6565e-08  1.0549e-07  5.1159e-08  0:59:39 2152

 Reversed flow on 53 faces (27.5% area) of pressure-outlet 19.

 Reversed flow on 178 faces (35.4% area) of pressure-outlet 18.
  1349  1.1606e-05  9.1838e-08  1.0562e-07  5.4787e-08  0:59:36 2151

 Reversed flow on 53 faces (27.5% area) of pressure-outlet 19.

 Reversed flow on 178 faces (35.4% area) of pressure-outlet 18.
  1350  1.2155e-05  9.6712e-08  1.0719e-07  5.9062e-08  0:59:38 2150

 Reversed flow on 53 faces (27.5% area) of pressure-outlet 19.

 Reversed flow on 178 faces (35.4% area) of pressure-outlet 18.
  1351  1.2492e-05  9.9950e-08  1.0707e-07  6.2146e-08  0:59:30 2149

 Reversed flow on 53 faces (27.5% area) of pressure-outlet 19.

 Reversed flow on 178 faces (35.4% area) of pressure-outlet 18.
  1352  1.2291e-05  1.0037e-07  1.0630e-07  6.3267e-08  0:59:25 2148

 Reversed flow on 53 faces (27.5% area) of pressure-outlet 19.

 Reversed flow on 178 faces (35.4% area) of pressure-outlet 18.
  1353  1.2200e-05  9.9901e-08  1.0525e-07  6.3338e-08  0:59:26 2147

 Reversed flow on 53 faces (27.5% area) of pressure-outlet 19.

 Reversed flow on 178 faces (35.4% area) of pressure-outlet 18.

  iter  continuity  x-velocity  y-velocity  z-velocity     time/iter
  1354  1.2070e-05  9.8639e-08  1.0415e-07  6.2705e-08  0:59:28 2146

 Reversed flow on 53 faces (27.5% area) of pressure-outlet 19.

 Reversed flow on 178 faces (35.4% area) of pressure-outlet 18.
  1355  1.2109e-05  9.6645e-08  1.0105e-07  6.1326e-08  0:59:25 2145

 Reversed flow on 53 faces (27.5% area) of pressure-outlet 19.

 Reversed flow on 178 faces (35.4% area) of pressure-outlet 18.
  1356  1.1895e-05  9.3602e-08  9.6450e-08  5.9538e-08  0:59:20 2144

 Reversed flow on 53 faces (27.5% area) of pressure-outlet 19.

 Reversed flow on 178 faces (35.4% area) of pressure-outlet 18.
  1357  1.1635e-05  9.1912e-08  9.1521e-08  5.7383e-08  0:59:19 2143

 Reversed flow on 53 faces (27.5% area) of pressure-outlet 19.

 Reversed flow on 178 faces (35.4% area) of pressure-outlet 18.
  1358  1.1349e-05  9.0458e-08  8.7339e-08  5.5368e-08  0:59:16 2142

 Reversed flow on 53 faces (27.5% area) of pressure-outlet 19.

 Reversed flow on 178 faces (35.4% area) of pressure-outlet 18.
  1359  1.1192e-05  8.9038e-08  8.3872e-08  5.3655e-08  0:59:14 2141

 Reversed flow on 53 faces (27.5% area) of pressure-outlet 19.

 Reversed flow on 178 faces (35.4% area) of pressure-outlet 18.
  1360  1.0638e-05  8.6749e-08  7.9751e-08  5.1439e-08  0:59:10 2140

 Reversed flow on 53 faces (27.5% area) of pressure-outlet 19.

 Reversed flow on 178 faces (35.4% area) of pressure-outlet 18.
  1361  1.0225e-05  8.4058e-08  7.6074e-08  4.9021e-08  0:59:09 2139

 Reversed flow on 53 faces (27.5% area) of pressure-outlet 19.

 Reversed flow on 178 faces (35.4% area) of pressure-outlet 18.
  1362  9.8438e-06  8.1386e-08  7.3390e-08  4.6934e-08  0:59:05 2138

 Reversed flow on 53 faces (27.5% area) of pressure-outlet 19.

 Reversed flow on 178 faces (35.4% area) of pressure-outlet 18.
  1363  9.5953e-06  7.8887e-08  7.1090e-08  4.5156e-08  0:59:00 2137

 Reversed flow on 53 faces (27.5% area) of pressure-outlet 19.

 Reversed flow on 178 faces (35.4% area) of pressure-outlet 18.
  1364  9.1231e-06  7.6064e-08  6.8959e-08  4.3197e-08  0:59:00 2136

 Reversed flow on 53 faces (27.5% area) of pressure-outlet 19.

 Reversed flow on 178 faces (35.4% area) of pressure-outlet 18.

  iter  continuity  x-velocity  y-velocity  z-velocity     time/iter
  1365  8.8735e-06  7.3615e-08  6.6995e-08  4.1406e-08  0:58:57 2135

 Reversed flow on 53 faces (27.5% area) of pressure-outlet 19.

 Reversed flow on 178 faces (35.4% area) of pressure-outlet 18.
  1366  8.5520e-06  7.0853e-08  6.5811e-08  3.9813e-08  0:58:58 2134

 Reversed flow on 53 faces (27.5% area) of pressure-outlet 19.

 Reversed flow on 178 faces (35.4% area) of pressure-outlet 18.
  1367  8.4125e-06  6.8686e-08  6.5916e-08  3.8618e-08  0:58:58 2133

 Reversed flow on 53 faces (27.5% area) of pressure-outlet 19.

 Reversed flow on 178 faces (35.4% area) of pressure-outlet 18.
  1368  8.1198e-06  6.6778e-08  6.7053e-08  3.7821e-08  0:58:58 2132

 Reversed flow on 53 faces (27.5% area) of pressure-outlet 19.

 Reversed flow on 178 faces (35.4% area) of pressure-outlet 18.
  1369  8.0190e-06  6.5207e-08  6.8208e-08  3.7086e-08  0:58:53 2131

 Reversed flow on 53 faces (27.5% area) of pressure-outlet 19.

 Reversed flow on 178 faces (35.4% area) of pressure-outlet 18.
  1370  8.0554e-06  6.4216e-08  6.9522e-08  3.6737e-08  0:58:53 2130

 Reversed flow on 53 faces (27.5% area) of pressure-outlet 19.

 Reversed flow on 178 faces (35.4% area) of pressure-outlet 18.
  1371  8.3304e-06  6.4439e-08  7.1259e-08  3.7319e-08  0:58:52 2129

 Reversed flow on 53 faces (27.5% area) of pressure-outlet 19.

 Reversed flow on 178 faces (35.4% area) of pressure-outlet 18.
  1372  8.3167e-06  6.5037e-08  7.3459e-08  3.8154e-08  0:58:50 2128

 Reversed flow on 53 faces (27.5% area) of pressure-outlet 19.

 Reversed flow on 178 faces (35.4% area) of pressure-outlet 18.
  1373  8.5332e-06  6.6240e-08  7.5270e-08  3.9250e-08  0:58:51 2127

 Reversed flow on 53 faces (27.5% area) of pressure-outlet 19.

 Reversed flow on 178 faces (35.4% area) of pressure-outlet 18.
  1374  8.8409e-06  6.7948e-08  7.6712e-08  4.0837e-08  0:58:46 2126

 Reversed flow on 53 faces (27.5% area) of pressure-outlet 19.

 Reversed flow on 178 faces (35.4% area) of pressure-outlet 18.
  1375  9.2189e-06  7.0631e-08  7.9395e-08  4.2733e-08  0:58:46 2125

 Reversed flow on 53 faces (27.5% area) of pressure-outlet 19.

 Reversed flow on 178 faces (35.4% area) of pressure-outlet 18.

  iter  continuity  x-velocity  y-velocity  z-velocity     time/iter
  1376  9.3561e-06  7.3129e-08  8.1513e-08  4.4458e-08  1:01:15 2124

 Reversed flow on 53 faces (27.5% area) of pressure-outlet 19.

 Reversed flow on 178 faces (35.4% area) of pressure-outlet 18.
  1377  9.6497e-06  7.5795e-08  8.2654e-08  4.5998e-08  1:00:49 2123

 Reversed flow on 53 faces (27.5% area) of pressure-outlet 19.

 Reversed flow on 178 faces (35.4% area) of pressure-outlet 18.
  1378  9.8206e-06  7.8435e-08  8.2712e-08  4.7275e-08  1:00:26 2122

 Reversed flow on 53 faces (27.5% area) of pressure-outlet 19.

 Reversed flow on 178 faces (35.4% area) of pressure-outlet 18.
  1379  1.0159e-05  8.1294e-08  8.6205e-08  4.8393e-08  1:00:02 2121

 Reversed flow on 53 faces (27.5% area) of pressure-outlet 19.

 Reversed flow on 178 faces (35.4% area) of pressure-outlet 18.
  1380  1.0248e-05  8.3406e-08  8.9630e-08  4.9035e-08  0:59:44 2120

 Reversed flow on 53 faces (27.5% area) of pressure-outlet 19.

 Reversed flow on 178 faces (35.4% area) of pressure-outlet 18.
  1381  1.0320e-05  8.5129e-08  9.1831e-08  4.9312e-08  0:59:31 2119

 Reversed flow on 53 faces (27.5% area) of pressure-outlet 19.

 Reversed flow on 178 faces (35.4% area) of pressure-outlet 18.
  1382  1.0347e-05  8.6276e-08  9.3859e-08  4.9738e-08  0:59:19 2118

 Reversed flow on 53 faces (27.5% area) of pressure-outlet 19.

 Reversed flow on 178 faces (35.4% area) of pressure-outlet 18.
  1383  1.0692e-05  8.7695e-08  9.7489e-08  5.0762e-08  0:59:03 2117

 Reversed flow on 53 faces (27.5% area) of pressure-outlet 19.

 Reversed flow on 178 faces (35.4% area) of pressure-outlet 18.
  1384  1.1021e-05  8.9849e-08  1.0303e-07  5.1690e-08  0:58:59 2116

 Reversed flow on 53 faces (27.5% area) of pressure-outlet 19.

 Reversed flow on 178 faces (35.4% area) of pressure-outlet 18.
  1385  1.1711e-05  9.3116e-08  1.0700e-07  5.3680e-08  0:58:49 2115

 Reversed flow on 53 faces (27.5% area) of pressure-outlet 19.

 Reversed flow on 178 faces (35.4% area) of pressure-outlet 18.
  1386  1.2283e-05  9.7397e-08  1.0728e-07  5.7648e-08  0:58:39 2114

 Reversed flow on 53 faces (27.5% area) of pressure-outlet 19.

 Reversed flow on 178 faces (35.4% area) of pressure-outlet 18.

  iter  continuity  x-velocity  y-velocity  z-velocity     time/iter
  1387  1.2672e-05  1.0039e-07  1.0827e-07  6.1562e-08  0:58:32 2113

 Reversed flow on 53 faces (27.5% area) of pressure-outlet 19.

 Reversed flow on 178 faces (35.4% area) of pressure-outlet 18.
  1388  1.2479e-05  1.0041e-07  1.0669e-07  6.3289e-08  0:58:30 2112

 Reversed flow on 53 faces (27.5% area) of pressure-outlet 19.

 Reversed flow on 178 faces (35.4% area) of pressure-outlet 18.
  1389  1.2244e-05  9.8868e-08  1.0599e-07  6.3632e-08  0:58:25 2111

 Reversed flow on 53 faces (27.5% area) of pressure-outlet 19.

 Reversed flow on 178 faces (35.4% area) of pressure-outlet 18.
  1390  1.1962e-05  9.7018e-08  1.0468e-07  6.3191e-08  0:58:21 2110

 Reversed flow on 53 faces (27.5% area) of pressure-outlet 19.

 Reversed flow on 178 faces (35.4% area) of pressure-outlet 18.
  1391  1.1838e-05  9.4407e-08  1.0264e-07  6.1894e-08  0:58:23 2109

 Reversed flow on 53 faces (27.5% area) of pressure-outlet 19.

 Reversed flow on 178 faces (35.4% area) of pressure-outlet 18.
  1392  1.1495e-05  9.0784e-08  9.8296e-08  5.9694e-08  0:58:21 2108

 Reversed flow on 53 faces (27.5% area) of pressure-outlet 19.

 Reversed flow on 178 faces (35.4% area) of pressure-outlet 18.
  1393  1.1238e-05  8.7516e-08  9.3309e-08  5.7492e-08  0:58:16 2107

 Reversed flow on 53 faces (27.5% area) of pressure-outlet 19.

 Reversed flow on 178 faces (35.4% area) of pressure-outlet 18.
  1394  1.0980e-05  8.6277e-08  8.8597e-08  5.5271e-08  0:58:15 2106

 Reversed flow on 53 faces (27.5% area) of pressure-outlet 19.

 Reversed flow on 178 faces (35.4% area) of pressure-outlet 18.
  1395  1.0894e-05  8.5834e-08  8.4954e-08  5.3462e-08  0:58:12 2105

 Reversed flow on 53 faces (27.5% area) of pressure-outlet 19.

 Reversed flow on 178 faces (35.4% area) of pressure-outlet 18.
  1396  1.0468e-05  8.4687e-08  8.1131e-08  5.1492e-08  0:58:12 2104

 Reversed flow on 53 faces (27.5% area) of pressure-outlet 19.

 Reversed flow on 178 faces (35.4% area) of pressure-outlet 18.
  1397  1.0148e-05  8.3499e-08  7.7282e-08  4.9301e-08  0:58:09 2103

 Reversed flow on 53 faces (27.5% area) of pressure-outlet 19.

 Reversed flow on 178 faces (35.4% area) of pressure-outlet 18.

  iter  continuity  x-velocity  y-velocity  z-velocity     time/iter
  1398  9.9080e-06  8.2232e-08  7.4648e-08  4.7452e-08  0:58:06 2102

 Reversed flow on 53 faces (27.5% area) of pressure-outlet 19.

 Reversed flow on 178 faces (35.4% area) of pressure-outlet 18.
  1399  9.7731e-06  8.1270e-08  7.2481e-08  4.5982e-08  0:58:03 2101

 Reversed flow on 53 faces (27.5% area) of pressure-outlet 19.

 Reversed flow on 178 faces (35.4% area) of pressure-outlet 18.
  1400  9.4753e-06  7.9775e-08  7.0623e-08  4.4489e-08  0:58:02 2100

 Reversed flow on 53 faces (27.5% area) of pressure-outlet 19.

 Reversed flow on 178 faces (35.4% area) of pressure-outlet 18.
  1401  9.3433e-06  7.8290e-08  6.8907e-08  4.2982e-08  0:57:58 2099

 Reversed flow on 53 faces (27.5% area) of pressure-outlet 19.

 Reversed flow on 178 faces (35.4% area) of pressure-outlet 18.
  1402  9.1489e-06  7.6286e-08  6.7320e-08  4.1682e-08  0:57:57 2098

 Reversed flow on 53 faces (27.5% area) of pressure-outlet 19.

 Reversed flow on 178 faces (35.4% area) of pressure-outlet 18.
  1403  9.0799e-06  7.4320e-08  6.7123e-08  4.0746e-08  0:57:57 2097

 Reversed flow on 53 faces (27.5% area) of pressure-outlet 19.

 Reversed flow on 178 faces (35.4% area) of pressure-outlet 18.
  1404  8.7929e-06  7.2195e-08  6.7816e-08  3.9910e-08  0:58:09 2096

 Reversed flow on 53 faces (27.5% area) of pressure-outlet 19.

 Reversed flow on 178 faces (35.4% area) of pressure-outlet 18.
  1405  8.6481e-06  7.0333e-08  6.8598e-08  3.9056e-08  0:58:03 2095

 Reversed flow on 53 faces (27.5% area) of pressure-outlet 19.

 Reversed flow on 178 faces (35.4% area) of pressure-outlet 18.
  1406  8.5859e-06  6.8592e-08  6.9609e-08  3.8430e-08  0:58:04 2094

 Reversed flow on 53 faces (27.5% area) of pressure-outlet 19.

 Reversed flow on 178 faces (35.4% area) of pressure-outlet 18.
  1407  8.7398e-06  6.7740e-08  7.1047e-08  3.8369e-08  0:58:07 2093

 Reversed flow on 53 faces (27.5% area) of pressure-outlet 19.

 Reversed flow on 178 faces (35.4% area) of pressure-outlet 18.
  1408  8.6034e-06  6.6918e-08  7.2559e-08  3.8651e-08  0:58:03 2092

 Reversed flow on 53 faces (27.5% area) of pressure-outlet 19.

 Reversed flow on 178 faces (35.4% area) of pressure-outlet 18.

  iter  continuity  x-velocity  y-velocity  z-velocity     time/iter
  1409  8.6724e-06  6.6727e-08  7.4282e-08  3.9100e-08  0:57:57 2091

 Reversed flow on 53 faces (27.5% area) of pressure-outlet 19.

 Reversed flow on 178 faces (35.4% area) of pressure-outlet 18.
  1410  8.7910e-06  6.7254e-08  7.5723e-08  4.0075e-08  0:57:51 2090

 Reversed flow on 53 faces (27.5% area) of pressure-outlet 19.

 Reversed flow on 178 faces (35.4% area) of pressure-outlet 18.
  1411  8.9972e-06  6.8265e-08  7.7188e-08  4.1478e-08  0:57:48 2089

 Reversed flow on 53 faces (27.5% area) of pressure-outlet 19.

 Reversed flow on 178 faces (35.4% area) of pressure-outlet 18.
  1412  8.9664e-06  6.9540e-08  7.9401e-08  4.2823e-08  0:57:45 2088

 Reversed flow on 53 faces (27.5% area) of pressure-outlet 19.

 Reversed flow on 178 faces (35.4% area) of pressure-outlet 18.
  1413  9.1299e-06  7.1052e-08  8.1079e-08  4.4095e-08  0:57:40 2087

 Reversed flow on 53 faces (27.5% area) of pressure-outlet 19.

 Reversed flow on 178 faces (35.4% area) of pressure-outlet 18.
  1414  9.1766e-06  7.2479e-08  8.1574e-08  4.5231e-08  0:57:38 2086

 Reversed flow on 53 faces (27.5% area) of pressure-outlet 19.

 Reversed flow on 178 faces (35.4% area) of pressure-outlet 18.
  1415  9.3483e-06  7.4346e-08  8.2567e-08  4.6393e-08  0:57:42 2085

 Reversed flow on 53 faces (27.5% area) of pressure-outlet 19.

 Reversed flow on 178 faces (35.4% area) of pressure-outlet 18.
  1416  9.3750e-06  7.6143e-08  8.6200e-08  4.7110e-08  0:57:45 2084

 Reversed flow on 53 faces (27.5% area) of pressure-outlet 19.

 Reversed flow on 178 faces (35.4% area) of pressure-outlet 18.
  1417  9.4655e-06  7.7630e-08  8.8963e-08  4.7333e-08  0:57:43 2083

 Reversed flow on 53 faces (27.5% area) of pressure-outlet 19.

 Reversed flow on 178 faces (35.4% area) of pressure-outlet 18.
  1418  9.5606e-06  7.9164e-08  9.1223e-08  4.7657e-08  0:57:39 2082

 Reversed flow on 53 faces (27.5% area) of pressure-outlet 19.

 Reversed flow on 178 faces (35.4% area) of pressure-outlet 18.
  1419  9.8764e-06  8.1048e-08  9.3665e-08  4.8569e-08  0:57:40 2081

 Reversed flow on 53 faces (27.5% area) of pressure-outlet 19.

 Reversed flow on 178 faces (35.4% area) of pressure-outlet 18.

  iter  continuity  x-velocity  y-velocity  z-velocity     time/iter
  1420  1.0135e-05  8.3815e-08  9.8164e-08  4.9356e-08  0:57:45 2080

 Reversed flow on 53 faces (27.5% area) of pressure-outlet 19.

 Reversed flow on 178 faces (35.4% area) of pressure-outlet 18.
  1421  1.0952e-05  8.8317e-08  1.0389e-07  5.0775e-08  0:57:41 2079

 Reversed flow on 53 faces (27.5% area) of pressure-outlet 19.

 Reversed flow on 178 faces (35.4% area) of pressure-outlet 18.
  1422  1.1861e-05  9.4178e-08  1.0692e-07  5.4065e-08  0:57:41 2078

 Reversed flow on 53 faces (27.5% area) of pressure-outlet 19.

 Reversed flow on 178 faces (35.4% area) of pressure-outlet 18.
  1423  1.2671e-05  1.0032e-07  1.0828e-07  5.8848e-08  0:57:36 2077

 Reversed flow on 53 faces (27.5% area) of pressure-outlet 19.

 Reversed flow on 178 faces (35.4% area) of pressure-outlet 18.
  1424  1.2898e-05  1.0368e-07  1.0851e-07  6.2342e-08  0:57:34 2076

 Reversed flow on 53 faces (27.5% area) of pressure-outlet 19.

 Reversed flow on 178 faces (35.4% area) of pressure-outlet 18.
  1425  1.2941e-05  1.0490e-07  1.0701e-07  6.4041e-08  0:57:29 2075

 Reversed flow on 53 faces (27.5% area) of pressure-outlet 19.

 Reversed flow on 178 faces (35.4% area) of pressure-outlet 18.
  1426  1.2816e-05  1.0498e-07  1.0722e-07  6.4760e-08  0:58:26 2074

 Reversed flow on 53 faces (27.5% area) of pressure-outlet 19.

 Reversed flow on 178 faces (35.4% area) of pressure-outlet 18.
  1427  1.2749e-05  1.0365e-07  1.0615e-07  6.4583e-08  0:58:09 2073

 Reversed flow on 53 faces (27.5% area) of pressure-outlet 19.

 Reversed flow on 178 faces (35.4% area) of pressure-outlet 18.
  1428  1.2343e-05  9.9742e-08  1.0315e-07  6.2892e-08  0:57:59 2072

 Reversed flow on 53 faces (27.5% area) of pressure-outlet 19.

 Reversed flow on 178 faces (35.4% area) of pressure-outlet 18.
  1429  1.2023e-05  9.5248e-08  9.8206e-08  6.0628e-08  0:57:50 2071

 Reversed flow on 53 faces (27.5% area) of pressure-outlet 19.

 Reversed flow on 178 faces (35.4% area) of pressure-outlet 18.
  1430  1.1692e-05  9.1718e-08  9.3246e-08  5.8314e-08  0:57:41 2070

 Reversed flow on 53 faces (27.5% area) of pressure-outlet 19.

 Reversed flow on 178 faces (35.4% area) of pressure-outlet 18.

  iter  continuity  x-velocity  y-velocity  z-velocity     time/iter
  1431  1.1462e-05  8.9598e-08  8.8485e-08  5.6156e-08  0:57:35 2069

 Reversed flow on 53 faces (27.5% area) of pressure-outlet 19.

 Reversed flow on 178 faces (35.4% area) of pressure-outlet 18.
  1432  1.0909e-05  8.6965e-08  8.4297e-08  5.3805e-08  0:57:28 2068

 Reversed flow on 53 faces (27.5% area) of pressure-outlet 19.

 Reversed flow on 178 faces (35.4% area) of pressure-outlet 18.
  1433  1.0465e-05  8.4043e-08  7.9825e-08  5.1266e-08  0:57:22 2067

 Reversed flow on 53 faces (27.5% area) of pressure-outlet 19.

 Reversed flow on 178 faces (35.4% area) of pressure-outlet 18.
  1434  1.0019e-05  8.1222e-08  7.6079e-08  4.8829e-08  0:57:17 2066

 Reversed flow on 53 faces (27.5% area) of pressure-outlet 19.

 Reversed flow on 178 faces (35.4% area) of pressure-outlet 18.
  1435  9.6945e-06  7.8898e-08  7.3314e-08  4.6785e-08  0:57:13 2065

 Reversed flow on 53 faces (27.5% area) of pressure-outlet 19.

 Reversed flow on 178 faces (35.4% area) of pressure-outlet 18.
  1436  9.1847e-06  7.6308e-08  7.0667e-08  4.4666e-08  0:57:09 2064

 Reversed flow on 53 faces (27.5% area) of pressure-outlet 19.

 Reversed flow on 178 faces (35.4% area) of pressure-outlet 18.
  1437  8.9190e-06  7.4127e-08  6.8504e-08  4.2688e-08  0:57:05 2063

 Reversed flow on 53 faces (27.5% area) of pressure-outlet 19.

 Reversed flow on 178 faces (35.4% area) of pressure-outlet 18.
  1438  8.6552e-06  7.2018e-08  6.6590e-08  4.0932e-08  0:57:03 2062

 Reversed flow on 53 faces (27.5% area) of pressure-outlet 19.

 Reversed flow on 178 faces (35.4% area) of pressure-outlet 18.
  1439  8.6073e-06  7.0391e-08  6.5279e-08  3.9786e-08  0:56:59 2061

 Reversed flow on 53 faces (27.5% area) of pressure-outlet 19.

 Reversed flow on 178 faces (35.4% area) of pressure-outlet 18.
  1440  8.3574e-06  6.8987e-08  6.5565e-08  3.8766e-08  0:57:01 2060

 Reversed flow on 53 faces (27.5% area) of pressure-outlet 19.

 Reversed flow on 178 faces (35.4% area) of pressure-outlet 18.
  1441  8.2567e-06  6.7921e-08  6.6256e-08  3.7861e-08  0:56:57 2059

 Reversed flow on 53 faces (27.5% area) of pressure-outlet 19.

 Reversed flow on 178 faces (35.4% area) of pressure-outlet 18.

  iter  continuity  x-velocity  y-velocity  z-velocity     time/iter
  1442  8.2486e-06  6.7206e-08  6.7441e-08  3.7350e-08  0:56:57 2058

 Reversed flow on 53 faces (27.5% area) of pressure-outlet 19.

 Reversed flow on 178 faces (35.4% area) of pressure-outlet 18.
  1443  8.4904e-06  6.7324e-08  6.9204e-08  3.7431e-08  0:57:02 2057

 Reversed flow on 53 faces (27.5% area) of pressure-outlet 19.

 Reversed flow on 178 faces (35.4% area) of pressure-outlet 18.
  1444  8.5032e-06  6.7658e-08  7.1039e-08  3.7713e-08  0:56:57 2056

 Reversed flow on 53 faces (27.5% area) of pressure-outlet 19.

 Reversed flow on 178 faces (35.4% area) of pressure-outlet 18.
  1445  8.7261e-06  6.8434e-08  7.2880e-08  3.8397e-08  0:56:57 2055

 Reversed flow on 53 faces (27.5% area) of pressure-outlet 19.

 Reversed flow on 178 faces (35.4% area) of pressure-outlet 18.
  1446  8.9780e-06  6.9514e-08  7.5060e-08  3.9518e-08  0:56:55 2054

 Reversed flow on 53 faces (27.5% area) of pressure-outlet 19.

 Reversed flow on 178 faces (35.4% area) of pressure-outlet 18.
  1447  9.2648e-06  7.0963e-08  7.6792e-08  4.1177e-08  0:56:49 2053

 Reversed flow on 53 faces (27.5% area) of pressure-outlet 19.

 Reversed flow on 178 faces (35.4% area) of pressure-outlet 18.
  1448  9.3435e-06  7.2245e-08  7.8955e-08  4.2868e-08  0:56:49 2052

 Reversed flow on 53 faces (27.5% area) of pressure-outlet 19.

 Reversed flow on 178 faces (35.4% area) of pressure-outlet 18.
  1449  9.5600e-06  7.3851e-08  8.1038e-08  4.4413e-08  0:56:47 2051

 Reversed flow on 53 faces (27.5% area) of pressure-outlet 19.

 Reversed flow on 178 faces (35.4% area) of pressure-outlet 18.
  1450  9.6762e-06  7.5235e-08  8.2356e-08  4.5705e-08  0:56:50 2050

 Reversed flow on 53 faces (27.5% area) of pressure-outlet 19.

 Reversed flow on 178 faces (35.4% area) of pressure-outlet 18.
  1451  9.8391e-06  7.6804e-08  8.2559e-08  4.7037e-08  0:56:45 2049

 Reversed flow on 53 faces (27.5% area) of pressure-outlet 19.

 Reversed flow on 178 faces (35.4% area) of pressure-outlet 18.
  1452  9.7280e-06  7.7768e-08  8.4253e-08  4.7873e-08  0:56:42 2048

 Reversed flow on 53 faces (27.5% area) of pressure-outlet 19.

 Reversed flow on 178 faces (35.4% area) of pressure-outlet 18.

  iter  continuity  x-velocity  y-velocity  z-velocity     time/iter
  1453  9.7416e-06  7.8651e-08  8.7192e-08  4.8022e-08  0:56:40 2047

 Reversed flow on 53 faces (27.5% area) of pressure-outlet 19.

 Reversed flow on 178 faces (35.4% area) of pressure-outlet 18.
  1454  9.7383e-06  7.9191e-08  8.9666e-08  4.7999e-08  0:56:40 2046

 Reversed flow on 53 faces (27.5% area) of pressure-outlet 19.

 Reversed flow on 178 faces (35.4% area) of pressure-outlet 18.
  1455  9.8536e-06  8.0266e-08  9.1795e-08  4.8286e-08  0:56:37 2045

 Reversed flow on 53 faces (27.5% area) of pressure-outlet 19.

 Reversed flow on 178 faces (35.4% area) of pressure-outlet 18.
  1456  9.7134e-06  8.0385e-08  9.3666e-08  4.8539e-08  0:56:37 2044

 Reversed flow on 53 faces (27.5% area) of pressure-outlet 19.

 Reversed flow on 178 faces (35.4% area) of pressure-outlet 18.
  1457  1.0061e-05  8.2610e-08  9.8424e-08  4.8889e-08  0:56:38 2043

 Reversed flow on 53 faces (27.5% area) of pressure-outlet 19.

 Reversed flow on 178 faces (35.4% area) of pressure-outlet 18.
  1458  1.0842e-05  8.6439e-08  1.0459e-07  5.0537e-08  0:56:37 2042

 Reversed flow on 53 faces (27.5% area) of pressure-outlet 19.

 Reversed flow on 178 faces (35.4% area) of pressure-outlet 18.
  1459  1.1617e-05  9.1774e-08  1.0610e-07  5.4194e-08  0:56:34 2041

 Reversed flow on 53 faces (27.5% area) of pressure-outlet 19.

 Reversed flow on 178 faces (35.4% area) of pressure-outlet 18.
  1460  1.1978e-05  9.5736e-08  1.0714e-07  5.8291e-08  0:56:31 2040

 Reversed flow on 53 faces (27.5% area) of pressure-outlet 19.

 Reversed flow on 178 faces (35.4% area) of pressure-outlet 18.
  1461  1.2187e-05  9.7997e-08  1.0672e-07  6.1118e-08  0:56:28 2039

 Reversed flow on 53 faces (27.5% area) of pressure-outlet 19.

 Reversed flow on 178 faces (35.4% area) of pressure-outlet 18.
  1462  1.2089e-05  9.8678e-08  1.0592e-07  6.2542e-08  0:56:23 2038

 Reversed flow on 53 faces (27.5% area) of pressure-outlet 19.

 Reversed flow on 178 faces (35.4% area) of pressure-outlet 18.
  1463  1.2130e-05  9.8400e-08  1.0559e-07  6.3063e-08  0:56:19 2037

 Reversed flow on 53 faces (27.5% area) of pressure-outlet 19.

 Reversed flow on 178 faces (35.4% area) of pressure-outlet 18.

  iter  continuity  x-velocity  y-velocity  z-velocity     time/iter
  1464  1.1887e-05  9.6574e-08  1.0405e-07  6.2269e-08  0:56:21 2036

 Reversed flow on 53 faces (27.5% area) of pressure-outlet 19.

 Reversed flow on 178 faces (35.4% area) of pressure-outlet 18.
  1465  1.1715e-05  9.4094e-08  1.0066e-07  6.0486e-08  0:56:19 2035

 Reversed flow on 53 faces (27.5% area) of pressure-outlet 19.

 Reversed flow on 178 faces (35.4% area) of pressure-outlet 18.
  1466  1.1670e-05  9.1736e-08  9.6255e-08  5.8710e-08  0:56:20 2034

 Reversed flow on 53 faces (27.5% area) of pressure-outlet 19.

 Reversed flow on 178 faces (35.4% area) of pressure-outlet 18.
  1467  1.1699e-05  9.0796e-08  9.1893e-08  5.7026e-08  0:56:19 2033

 Reversed flow on 53 faces (27.5% area) of pressure-outlet 19.

 Reversed flow on 178 faces (35.4% area) of pressure-outlet 18.
  1468  1.1331e-05  8.9987e-08  8.7338e-08  5.5056e-08  0:56:16 2032

 Reversed flow on 53 faces (27.5% area) of pressure-outlet 19.

 Reversed flow on 178 faces (35.4% area) of pressure-outlet 18.
  1469  1.1109e-05  8.9174e-08  8.3472e-08  5.3090e-08  0:56:13 2031

 Reversed flow on 53 faces (27.5% area) of pressure-outlet 19.

 Reversed flow on 178 faces (35.4% area) of pressure-outlet 18.
  1470  1.0857e-05  8.8115e-08  7.9757e-08  5.1177e-08  0:56:10 2030

 Reversed flow on 53 faces (27.5% area) of pressure-outlet 19.

 Reversed flow on 178 faces (35.4% area) of pressure-outlet 18.
  1471  1.0639e-05  8.7135e-08  7.6600e-08  4.9414e-08  0:56:08 2029

 Reversed flow on 53 faces (27.5% area) of pressure-outlet 19.

 Reversed flow on 178 faces (35.4% area) of pressure-outlet 18.
  1472  1.0118e-05  8.4696e-08  7.3973e-08  4.7534e-08  0:56:03 2028

 Reversed flow on 53 faces (27.5% area) of pressure-outlet 19.

 Reversed flow on 178 faces (35.4% area) of pressure-outlet 18.
  1473  9.7905e-06  8.1868e-08  7.1478e-08  4.5586e-08  0:56:03 2027

 Reversed flow on 53 faces (27.5% area) of pressure-outlet 19.

 Reversed flow on 178 faces (35.4% area) of pressure-outlet 18.
  1474  9.3944e-06  7.8786e-08  6.9211e-08  4.3637e-08  0:55:58 2026

 Reversed flow on 53 faces (27.5% area) of pressure-outlet 19.

 Reversed flow on 178 faces (35.4% area) of pressure-outlet 18.

  iter  continuity  x-velocity  y-velocity  z-velocity     time/iter
  1475  9.1936e-06  7.6031e-08  6.7265e-08  4.2051e-08  0:55:56 2025

 Reversed flow on 53 faces (27.5% area) of pressure-outlet 19.

 Reversed flow on 178 faces (35.4% area) of pressure-outlet 18.
  1476  8.8036e-06  7.2871e-08  6.6162e-08  4.0678e-08  0:55:53 2024

 Reversed flow on 53 faces (27.5% area) of pressure-outlet 19.

 Reversed flow on 178 faces (35.4% area) of pressure-outlet 18.
  1477  8.5203e-06  6.9916e-08  6.5864e-08  3.9179e-08  0:55:54 2023

 Reversed flow on 53 faces (27.5% area) of pressure-outlet 19.

 Reversed flow on 178 faces (35.4% area) of pressure-outlet 18.
  1478  8.2954e-06  6.7130e-08  6.6373e-08  3.8030e-08  0:55:48 2022

 Reversed flow on 53 faces (27.5% area) of pressure-outlet 19.

 Reversed flow on 178 faces (35.4% area) of pressure-outlet 18.
  1479  8.2942e-06  6.5316e-08  6.7569e-08  3.7521e-08  0:55:50 2021

 Reversed flow on 53 faces (27.5% area) of pressure-outlet 19.

 Reversed flow on 178 faces (35.4% area) of pressure-outlet 18.
  1480  8.0819e-06  6.3935e-08  6.8907e-08  3.7033e-08  0:55:47 2020

 Reversed flow on 53 faces (27.5% area) of pressure-outlet 19.

 Reversed flow on 178 faces (35.4% area) of pressure-outlet 18.
  1481  8.1387e-06  6.3337e-08  7.0149e-08  3.6861e-08  0:55:48 2019

 Reversed flow on 53 faces (27.5% area) of pressure-outlet 19.

 Reversed flow on 178 faces (35.4% area) of pressure-outlet 18.
  1482  8.2711e-06  6.3415e-08  7.1971e-08  3.7382e-08  0:55:43 2018

 Reversed flow on 53 faces (27.5% area) of pressure-outlet 19.

 Reversed flow on 178 faces (35.4% area) of pressure-outlet 18.
  1483  8.5158e-06  6.4470e-08  7.3937e-08  3.8527e-08  0:55:46 2017

 Reversed flow on 53 faces (27.5% area) of pressure-outlet 19.

 Reversed flow on 178 faces (35.4% area) of pressure-outlet 18.
  1484  8.5864e-06  6.5884e-08  7.5509e-08  4.0005e-08  0:55:45 2016

 Reversed flow on 53 faces (27.5% area) of pressure-outlet 19.

 Reversed flow on 178 faces (35.4% area) of pressure-outlet 18.
  1485  8.9062e-06  6.8297e-08  7.7986e-08  4.1611e-08  0:55:42 2015

 Reversed flow on 53 faces (27.5% area) of pressure-outlet 19.

 Reversed flow on 178 faces (35.4% area) of pressure-outlet 18.

  iter  continuity  x-velocity  y-velocity  z-velocity     time/iter
  1486  9.1415e-06  7.0719e-08  8.0009e-08  4.3198e-08  0:55:46 2014

 Reversed flow on 53 faces (27.5% area) of pressure-outlet 19.

 Reversed flow on 178 faces (35.4% area) of pressure-outlet 18.
  1487  9.4809e-06  7.3686e-08  8.1594e-08  4.4956e-08  0:55:43 2013

 Reversed flow on 53 faces (27.5% area) of pressure-outlet 19.

 Reversed flow on 178 faces (35.4% area) of pressure-outlet 18.
  1488  9.5389e-06  7.6350e-08  8.1849e-08  4.6515e-08  0:55:39 2012

 Reversed flow on 53 faces (27.5% area) of pressure-outlet 19.

 Reversed flow on 178 faces (35.4% area) of pressure-outlet 18.
  1489  9.6941e-06  7.8687e-08  8.4717e-08  4.7389e-08  0:55:36 2011

 Reversed flow on 53 faces (27.5% area) of pressure-outlet 19.

 Reversed flow on 178 faces (35.4% area) of pressure-outlet 18.
  1490  9.9002e-06  8.0906e-08  8.8115e-08  4.7993e-08  0:55:33 2010

 Reversed flow on 53 faces (27.5% area) of pressure-outlet 19.

 Reversed flow on 178 faces (35.4% area) of pressure-outlet 18.
  1491  1.0174e-05  8.2860e-08  9.1100e-08  4.8734e-08  0:55:31 2009

 Reversed flow on 53 faces (27.5% area) of pressure-outlet 19.

 Reversed flow on 178 faces (35.4% area) of pressure-outlet 18.
  1492  1.0066e-05  8.3790e-08  9.3108e-08  4.9109e-08  0:55:30 2008

 Reversed flow on 53 faces (27.5% area) of pressure-outlet 19.

 Reversed flow on 178 faces (35.4% area) of pressure-outlet 18.
  1493  1.0246e-05  8.4605e-08  9.5471e-08  4.9721e-08  0:55:30 2007

 Reversed flow on 53 faces (27.5% area) of pressure-outlet 19.

 Reversed flow on 178 faces (35.4% area) of pressure-outlet 18.
  1494  1.0818e-05  8.7839e-08  1.0143e-07  5.0778e-08  0:55:28 2006

 Reversed flow on 53 faces (27.5% area) of pressure-outlet 19.

 Reversed flow on 178 faces (35.4% area) of pressure-outlet 18.
  1495  1.1749e-05  9.2110e-08  1.0764e-07  5.3069e-08  0:55:25 2005

 Reversed flow on 53 faces (27.5% area) of pressure-outlet 19.

 Reversed flow on 178 faces (35.4% area) of pressure-outlet 18.
  1496  1.2219e-05  9.6609e-08  1.0728e-07  5.6892e-08  0:55:25 2004

 Reversed flow on 53 faces (27.5% area) of pressure-outlet 19.

 Reversed flow on 178 faces (35.4% area) of pressure-outlet 18.

  iter  continuity  x-velocity  y-velocity  z-velocity     time/iter
  1497  1.2549e-05  9.9647e-08  1.0796e-07  6.0598e-08  0:55:32 2003

 Reversed flow on 53 faces (27.5% area) of pressure-outlet 19.

 Reversed flow on 178 faces (35.4% area) of pressure-outlet 18.
  1498  1.2535e-05  1.0064e-07  1.0697e-07  6.2864e-08  0:55:28 2002

 Reversed flow on 53 faces (27.5% area) of pressure-outlet 19.

 Reversed flow on 178 faces (35.4% area) of pressure-outlet 18.
  1499  1.2453e-05  1.0014e-07  1.0648e-07  6.3729e-08  0:55:23 2001

 Reversed flow on 53 faces (27.5% area) of pressure-outlet 19.

 Reversed flow on 178 faces (35.4% area) of pressure-outlet 18.
  1500  1.2069e-05  9.8046e-08  1.0480e-07  6.3188e-08  0:55:22 2000

 Reversed flow on 53 faces (27.5% area) of pressure-outlet 19.

 Reversed flow on 178 faces (35.4% area) of pressure-outlet 18.
  1501  1.1724e-05  9.4829e-08  1.0255e-07  6.1576e-08  0:55:25 1999

 Reversed flow on 53 faces (27.5% area) of pressure-outlet 19.

 Reversed flow on 178 faces (35.4% area) of pressure-outlet 18.
  1502  1.1470e-05  9.1271e-08  9.8657e-08  5.9401e-08  0:55:22 1998

 Reversed flow on 53 faces (27.5% area) of pressure-outlet 19.

 Reversed flow on 178 faces (35.4% area) of pressure-outlet 18.
  1503  1.1399e-05  8.7966e-08  9.4205e-08  5.7508e-08  0:55:14 1997

 Reversed flow on 53 faces (27.5% area) of pressure-outlet 19.

 Reversed flow on 178 faces (35.4% area) of pressure-outlet 18.
  1504  1.0906e-05  8.5838e-08  8.9212e-08  5.5130e-08  0:55:16 1996

 Reversed flow on 53 faces (27.5% area) of pressure-outlet 19.

 Reversed flow on 178 faces (35.4% area) of pressure-outlet 18.
  1505  1.0568e-05  8.4160e-08  8.4811e-08  5.2815e-08  0:55:13 1995

 Reversed flow on 53 faces (27.5% area) of pressure-outlet 19.

 Reversed flow on 178 faces (35.4% area) of pressure-outlet 18.
  1506  1.0282e-05  8.2796e-08  8.1209e-08  5.0885e-08  0:55:08 1994

 Reversed flow on 53 faces (27.5% area) of pressure-outlet 19.

 Reversed flow on 178 faces (35.4% area) of pressure-outlet 18.
  1507  1.0044e-05  8.1653e-08  7.7601e-08  4.9037e-08  0:55:07 1993

 Reversed flow on 53 faces (27.5% area) of pressure-outlet 19.

 Reversed flow on 178 faces (35.4% area) of pressure-outlet 18.

  iter  continuity  x-velocity  y-velocity  z-velocity     time/iter
  1508  9.6191e-06  7.9851e-08  7.4478e-08  4.6991e-08  0:55:05 1992

 Reversed flow on 53 faces (27.5% area) of pressure-outlet 19.

 Reversed flow on 178 faces (35.4% area) of pressure-outlet 18.
  1509  9.3943e-06  7.8397e-08  7.1984e-08  4.5148e-08  0:55:04 1991

 Reversed flow on 53 faces (27.5% area) of pressure-outlet 19.

 Reversed flow on 178 faces (35.4% area) of pressure-outlet 18.
  1510  9.2071e-06  7.7213e-08  6.9910e-08  4.3542e-08  0:55:01 1990

 Reversed flow on 53 faces (27.5% area) of pressure-outlet 19.

 Reversed flow on 178 faces (35.4% area) of pressure-outlet 18.
  1511  9.2076e-06  7.6511e-08  6.8279e-08  4.2279e-08  0:54:56 1989

 Reversed flow on 53 faces (27.5% area) of pressure-outlet 19.

 Reversed flow on 178 faces (35.4% area) of pressure-outlet 18.
  1512  9.0125e-06  7.5381e-08  6.7024e-08  4.1220e-08  0:55:00 1988

 Reversed flow on 53 faces (27.5% area) of pressure-outlet 19.

 Reversed flow on 178 faces (35.4% area) of pressure-outlet 18.
  1513  8.9145e-06  7.4167e-08  6.6488e-08  4.0137e-08  0:54:57 1987

 Reversed flow on 53 faces (27.5% area) of pressure-outlet 19.

 Reversed flow on 178 faces (35.4% area) of pressure-outlet 18.
  1514  8.8491e-06  7.3048e-08  6.6876e-08  3.9275e-08  0:54:55 1986

 Reversed flow on 53 faces (27.5% area) of pressure-outlet 19.

 Reversed flow on 178 faces (35.4% area) of pressure-outlet 18.
  1515  8.9672e-06  7.2583e-08  6.8252e-08  3.9055e-08  0:54:57 1985

 Reversed flow on 53 faces (27.5% area) of pressure-outlet 19.

 Reversed flow on 178 faces (35.4% area) of pressure-outlet 18.
  1516  8.8137e-06  7.2075e-08  6.9831e-08  3.8850e-08  0:54:52 1984

 Reversed flow on 53 faces (27.5% area) of pressure-outlet 19.

 Reversed flow on 178 faces (35.4% area) of pressure-outlet 18.
  1517  8.8539e-06  7.1112e-08  7.1259e-08  3.8684e-08  0:54:47 1983

 Reversed flow on 53 faces (27.5% area) of pressure-outlet 19.

 Reversed flow on 178 faces (35.4% area) of pressure-outlet 18.
  1518  8.9307e-06  7.0182e-08  7.2680e-08  3.9029e-08  0:54:44 1982

 Reversed flow on 53 faces (27.5% area) of pressure-outlet 19.

 Reversed flow on 178 faces (35.4% area) of pressure-outlet 18.

  iter  continuity  x-velocity  y-velocity  z-velocity     time/iter
  1519  9.0548e-06  6.9807e-08  7.4557e-08  3.9814e-08  0:54:43 1981

 Reversed flow on 53 faces (27.5% area) of pressure-outlet 19.

 Reversed flow on 178 faces (35.4% area) of pressure-outlet 18.
  1520  8.9585e-06  6.9583e-08  7.6146e-08  4.0790e-08  0:54:41 1980

 Reversed flow on 53 faces (27.5% area) of pressure-outlet 19.

 Reversed flow on 178 faces (35.4% area) of pressure-outlet 18.
  1521  9.1284e-06  6.9845e-08  7.7452e-08  4.2031e-08  0:54:42 1979

 Reversed flow on 53 faces (27.5% area) of pressure-outlet 19.

 Reversed flow on 178 faces (35.4% area) of pressure-outlet 18.
  1522  9.2284e-06  7.0603e-08  7.9442e-08  4.3277e-08  0:54:42 1978

 Reversed flow on 53 faces (27.5% area) of pressure-outlet 19.

 Reversed flow on 178 faces (35.4% area) of pressure-outlet 18.
  1523  9.4383e-06  7.1592e-08  8.1118e-08  4.4677e-08  0:54:43 1977

 Reversed flow on 53 faces (27.5% area) of pressure-outlet 19.

 Reversed flow on 178 faces (35.4% area) of pressure-outlet 18.
  1524  9.3520e-06  7.2629e-08  8.1950e-08  4.5900e-08  0:54:39 1976

 Reversed flow on 53 faces (27.5% area) of pressure-outlet 19.

 Reversed flow on 178 faces (35.4% area) of pressure-outlet 18.
  1525  9.3231e-06  7.3903e-08  8.2039e-08  4.6564e-08  0:54:40 1975

 Reversed flow on 53 faces (27.5% area) of pressure-outlet 19.

 Reversed flow on 178 faces (35.4% area) of pressure-outlet 18.
  1526  9.3834e-06  7.5291e-08  8.5111e-08  4.6921e-08  0:54:39 1974

 Reversed flow on 53 faces (27.5% area) of pressure-outlet 19.

 Reversed flow on 178 faces (35.4% area) of pressure-outlet 18.
  1527  9.6052e-06  7.6891e-08  8.8414e-08  4.7384e-08  0:54:36 1973

 Reversed flow on 53 faces (27.5% area) of pressure-outlet 19.

 Reversed flow on 178 faces (35.4% area) of pressure-outlet 18.
  1528  9.4689e-06  7.7878e-08  9.0604e-08  4.7544e-08  0:54:31 1972

 Reversed flow on 53 faces (27.5% area) of pressure-outlet 19.

 Reversed flow on 178 faces (35.4% area) of pressure-outlet 18.
  1529  9.5521e-06  7.9081e-08  9.2295e-08  4.7808e-08  0:54:27 1971

 Reversed flow on 53 faces (27.5% area) of pressure-outlet 19.

 Reversed flow on 178 faces (35.4% area) of pressure-outlet 18.

  iter  continuity  x-velocity  y-velocity  z-velocity     time/iter
  1530  9.9647e-06  8.1898e-08  9.6632e-08  4.8683e-08  0:54:25 1970

 Reversed flow on 53 faces (27.5% area) of pressure-outlet 19.

 Reversed flow on 178 faces (35.4% area) of pressure-outlet 18.
  1531  1.0836e-05  8.6820e-08  1.0296e-07  5.0414e-08  0:54:24 1969

 Reversed flow on 53 faces (27.5% area) of pressure-outlet 19.

 Reversed flow on 178 faces (35.4% area) of pressure-outlet 18.
  1532  1.1543e-05  9.2048e-08  1.0645e-07  5.3210e-08  0:54:26 1968

 Reversed flow on 53 faces (27.5% area) of pressure-outlet 19.

 Reversed flow on 178 faces (35.4% area) of pressure-outlet 18.
  1533  1.2240e-05  9.7670e-08  1.0722e-07  5.7468e-08  0:54:22 1967

 Reversed flow on 53 faces (27.5% area) of pressure-outlet 19.

 Reversed flow on 178 faces (35.4% area) of pressure-outlet 18.
  1534  1.2607e-05  1.0168e-07  1.0817e-07  6.1431e-08  0:56:40 1966

 Reversed flow on 53 faces (27.5% area) of pressure-outlet 19.

 Reversed flow on 178 faces (35.4% area) of pressure-outlet 18.
  1535  1.2822e-05  1.0365e-07  1.0733e-07  6.3775e-08  0:56:14 1965

 Reversed flow on 53 faces (27.5% area) of pressure-outlet 19.

 Reversed flow on 178 faces (35.4% area) of pressure-outlet 18.
  1536  1.2602e-05  1.0301e-07  1.0716e-07  6.4430e-08  0:55:47 1964

 Reversed flow on 53 faces (27.5% area) of pressure-outlet 19.

 Reversed flow on 178 faces (35.4% area) of pressure-outlet 18.
  1537  1.2397e-05  1.0134e-07  1.0562e-07  6.3954e-08  0:55:25 1963

 Reversed flow on 53 faces (27.5% area) of pressure-outlet 19.

 Reversed flow on 178 faces (35.4% area) of pressure-outlet 18.
  1538  1.2199e-05  9.8430e-08  1.0330e-07  6.2604e-08  0:55:08 1962

 Reversed flow on 53 faces (27.5% area) of pressure-outlet 19.

 Reversed flow on 178 faces (35.4% area) of pressure-outlet 18.
  1539  1.2187e-05  9.5395e-08  9.9248e-08  6.0917e-08  0:54:55 1961

 Reversed flow on 53 faces (27.5% area) of pressure-outlet 19.

 Reversed flow on 178 faces (35.4% area) of pressure-outlet 18.
  1540  1.1766e-05  9.1934e-08  9.4196e-08  5.8753e-08  0:54:42 1960

 Reversed flow on 53 faces (27.5% area) of pressure-outlet 19.

 Reversed flow on 178 faces (35.4% area) of pressure-outlet 18.

  iter  continuity  x-velocity  y-velocity  z-velocity     time/iter
  1541  1.1385e-05  8.9740e-08  8.8961e-08  5.6220e-08  0:54:34 1959

 Reversed flow on 53 faces (27.5% area) of pressure-outlet 19.

 Reversed flow on 178 faces (35.4% area) of pressure-outlet 18.
  1542  1.1025e-05  8.7655e-08  8.5032e-08  5.4004e-08  0:54:27 1958

 Reversed flow on 53 faces (27.5% area) of pressure-outlet 19.

 Reversed flow on 178 faces (35.4% area) of pressure-outlet 18.
  1543  1.0705e-05  8.5398e-08  8.1089e-08  5.1907e-08  0:54:19 1957

 Reversed flow on 53 faces (27.5% area) of pressure-outlet 19.

 Reversed flow on 178 faces (35.4% area) of pressure-outlet 18.
  1544  1.0102e-05  8.2696e-08  7.7018e-08  4.9367e-08  0:54:14 1956

 Reversed flow on 53 faces (27.5% area) of pressure-outlet 19.

 Reversed flow on 178 faces (35.4% area) of pressure-outlet 18.
  1545  9.6954e-06  8.0123e-08  7.3845e-08  4.6996e-08  0:54:18 1955

 Reversed flow on 53 faces (27.5% area) of pressure-outlet 19.

 Reversed flow on 178 faces (35.4% area) of pressure-outlet 18.
  1546  9.2743e-06  7.7500e-08  7.1100e-08  4.4791e-08  0:54:16 1954

 Reversed flow on 53 faces (27.5% area) of pressure-outlet 19.

 Reversed flow on 178 faces (35.4% area) of pressure-outlet 18.
  1547  9.0890e-06  7.5399e-08  6.9071e-08  4.3054e-08  0:54:11 1953

 Reversed flow on 53 faces (27.5% area) of pressure-outlet 19.

 Reversed flow on 178 faces (35.4% area) of pressure-outlet 18.
  1548  8.7079e-06  7.3143e-08  6.7450e-08  4.1413e-08  0:54:12 1952

 Reversed flow on 53 faces (27.5% area) of pressure-outlet 19.

 Reversed flow on 178 faces (35.4% area) of pressure-outlet 18.
  1549  8.4553e-06  7.0787e-08  6.5764e-08  3.9872e-08  0:54:10 1951

 Reversed flow on 53 faces (27.5% area) of pressure-outlet 19.

 Reversed flow on 178 faces (35.4% area) of pressure-outlet 18.
  1550  8.2475e-06  6.8573e-08  6.5562e-08  3.8607e-08  0:54:04 1950

 Reversed flow on 53 faces (27.5% area) of pressure-outlet 19.

 Reversed flow on 178 faces (35.4% area) of pressure-outlet 18.
  1551  8.2513e-06  6.7345e-08  6.6392e-08  3.7994e-08  0:54:05 1949

 Reversed flow on 53 faces (27.5% area) of pressure-outlet 19.

 Reversed flow on 178 faces (35.4% area) of pressure-outlet 18.

  iter  continuity  x-velocity  y-velocity  z-velocity     time/iter
  1552  8.0285e-06  6.6184e-08  6.7678e-08  3.7503e-08  0:53:59 1948

 Reversed flow on 53 faces (27.5% area) of pressure-outlet 19.

 Reversed flow on 178 faces (35.4% area) of pressure-outlet 18.
  1553  8.1135e-06  6.5612e-08  6.9051e-08  3.7107e-08  0:53:58 1947

 Reversed flow on 53 faces (27.5% area) of pressure-outlet 19.

 Reversed flow on 178 faces (35.4% area) of pressure-outlet 18.
  1554  8.3301e-06  6.5791e-08  7.0691e-08  3.7236e-08  0:53:55 1946

 Reversed flow on 53 faces (27.5% area) of pressure-outlet 19.

 Reversed flow on 178 faces (35.4% area) of pressure-outlet 18.
  1555  8.6501e-06  6.7007e-08  7.2556e-08  3.8132e-08  0:53:54 1945

 Reversed flow on 53 faces (27.5% area) of pressure-outlet 19.

 Reversed flow on 178 faces (35.4% area) of pressure-outlet 18.
  1556  8.7739e-06  6.8440e-08  7.4889e-08  3.9276e-08  0:53:52 1944

 Reversed flow on 53 faces (27.5% area) of pressure-outlet 19.

 Reversed flow on 178 faces (35.4% area) of pressure-outlet 18.
  1557  9.0964e-06  7.0394e-08  7.6731e-08  4.0787e-08  0:53:51 1943

 Reversed flow on 53 faces (27.5% area) of pressure-outlet 19.

 Reversed flow on 178 faces (35.4% area) of pressure-outlet 18.
  1558  9.4091e-06  7.2589e-08  7.8562e-08  4.2491e-08  0:53:48 1942

 Reversed flow on 53 faces (27.5% area) of pressure-outlet 19.

 Reversed flow on 178 faces (35.4% area) of pressure-outlet 18.
  1559  9.8192e-06  7.5432e-08  8.0962e-08  4.4449e-08  0:53:45 1941

 Reversed flow on 53 faces (27.5% area) of pressure-outlet 19.

 Reversed flow on 178 faces (35.4% area) of pressure-outlet 18.
  1560  9.9530e-06  7.7959e-08  8.3046e-08  4.6237e-08  0:53:42 1940

 Reversed flow on 53 faces (27.5% area) of pressure-outlet 19.

 Reversed flow on 178 faces (35.4% area) of pressure-outlet 18.
  1561  1.0056e-05  8.0220e-08  8.3411e-08  4.7554e-08  0:53:40 1939

 Reversed flow on 53 faces (27.5% area) of pressure-outlet 19.

 Reversed flow on 178 faces (35.4% area) of pressure-outlet 18.
  1562  1.0081e-05  8.1376e-08  8.4528e-08  4.8511e-08  0:53:36 1938

 Reversed flow on 53 faces (27.5% area) of pressure-outlet 19.

 Reversed flow on 178 faces (35.4% area) of pressure-outlet 18.

  iter  continuity  x-velocity  y-velocity  z-velocity     time/iter
  1563  1.0271e-05  8.2594e-08  8.8116e-08  4.9242e-08  0:53:37 1937

 Reversed flow on 53 faces (27.5% area) of pressure-outlet 19.

 Reversed flow on 178 faces (35.4% area) of pressure-outlet 18.
  1564  1.0063e-05  8.2578e-08  9.0666e-08  4.9290e-08  0:53:36 1936

 Reversed flow on 53 faces (27.5% area) of pressure-outlet 19.

 Reversed flow on 178 faces (35.4% area) of pressure-outlet 18.
  1565  9.9813e-06  8.2500e-08  9.2234e-08  4.9116e-08  0:53:34 1935

 Reversed flow on 53 faces (27.5% area) of pressure-outlet 19.

 Reversed flow on 178 faces (35.4% area) of pressure-outlet 18.
  1566  1.0041e-05  8.2526e-08  9.4166e-08  4.9497e-08  0:53:29 1934

 Reversed flow on 53 faces (27.5% area) of pressure-outlet 19.

 Reversed flow on 178 faces (35.4% area) of pressure-outlet 18.
  1567  1.0452e-05  8.4494e-08  9.9059e-08  5.0221e-08  0:53:27 1933

 Reversed flow on 53 faces (27.5% area) of pressure-outlet 19.

 Reversed flow on 178 faces (35.4% area) of pressure-outlet 18.
  1568  1.0975e-05  8.7150e-08  1.0463e-07  5.1406e-08  0:53:24 1932

 Reversed flow on 53 faces (27.5% area) of pressure-outlet 19.

 Reversed flow on 178 faces (35.4% area) of pressure-outlet 18.
  1569  1.1621e-05  9.1354e-08  1.0621e-07  5.4271e-08  0:53:23 1931

 Reversed flow on 53 faces (27.5% area) of pressure-outlet 19.

 Reversed flow on 178 faces (35.4% area) of pressure-outlet 18.
  1570  1.2072e-05  9.5714e-08  1.0719e-07  5.8405e-08  0:53:20 1930

 Reversed flow on 53 faces (27.5% area) of pressure-outlet 19.

 Reversed flow on 178 faces (35.4% area) of pressure-outlet 18.
  1571  1.2394e-05  9.8467e-08  1.0740e-07  6.1652e-08  0:53:19 1929

 Reversed flow on 53 faces (27.5% area) of pressure-outlet 19.

 Reversed flow on 178 faces (35.4% area) of pressure-outlet 18.
  1572  1.2168e-05  9.8531e-08  1.0600e-07  6.2928e-08  0:53:19 1928

 Reversed flow on 53 faces (27.5% area) of pressure-outlet 19.

 Reversed flow on 178 faces (35.4% area) of pressure-outlet 18.
  1573  1.1968e-05  9.7526e-08  1.0538e-07  6.3064e-08  0:53:15 1927

 Reversed flow on 53 faces (27.5% area) of pressure-outlet 19.

 Reversed flow on 178 faces (35.4% area) of pressure-outlet 18.

  iter  continuity  x-velocity  y-velocity  z-velocity     time/iter
  1574  1.1841e-05  9.6277e-08  1.0417e-07  6.2482e-08  0:53:11 1926

 Reversed flow on 53 faces (27.5% area) of pressure-outlet 19.

 Reversed flow on 178 faces (35.4% area) of pressure-outlet 18.
  1575  1.1873e-05  9.4509e-08  1.0169e-07  6.1191e-08  0:53:09 1925

 Reversed flow on 53 faces (27.5% area) of pressure-outlet 19.

 Reversed flow on 178 faces (35.4% area) of pressure-outlet 18.
  1576  1.1625e-05  9.1820e-08  9.7144e-08  5.9343e-08  0:53:08 1924

 Reversed flow on 53 faces (27.5% area) of pressure-outlet 19.

 Reversed flow on 178 faces (35.4% area) of pressure-outlet 18.
  1577  1.1445e-05  9.0152e-08  9.2314e-08  5.7245e-08  0:53:06 1923

 Reversed flow on 53 faces (27.5% area) of pressure-outlet 19.

 Reversed flow on 178 faces (35.4% area) of pressure-outlet 18.
  1578  1.1256e-05  8.9608e-08  8.8007e-08  5.5370e-08  0:53:06 1922

 Reversed flow on 53 faces (27.5% area) of pressure-outlet 19.

 Reversed flow on 178 faces (35.4% area) of pressure-outlet 18.
  1579  1.1142e-05  8.9217e-08  8.4721e-08  5.3812e-08  0:53:04 1921

 Reversed flow on 53 faces (27.5% area) of pressure-outlet 19.

 Reversed flow on 178 faces (35.4% area) of pressure-outlet 18.
  1580  1.0723e-05  8.7719e-08  8.0777e-08  5.1845e-08  0:53:01 1920

 Reversed flow on 53 faces (27.5% area) of pressure-outlet 19.

 Reversed flow on 178 faces (35.4% area) of pressure-outlet 18.
  1581  1.0418e-05  8.5954e-08  7.7235e-08  4.9720e-08  0:52:59 1919

 Reversed flow on 53 faces (27.5% area) of pressure-outlet 19.

 Reversed flow on 178 faces (35.4% area) of pressure-outlet 18.
  1582  1.0074e-05  8.3838e-08  7.4653e-08  4.7817e-08  0:52:57 1918

 Reversed flow on 53 faces (27.5% area) of pressure-outlet 19.

 Reversed flow on 178 faces (35.4% area) of pressure-outlet 18.
  1583  9.9155e-06  8.1799e-08  7.2428e-08  4.6236e-08  0:52:55 1917

 Reversed flow on 53 faces (27.5% area) of pressure-outlet 19.

 Reversed flow on 178 faces (35.4% area) of pressure-outlet 18.
  1584  9.5415e-06  7.9525e-08  7.0527e-08  4.4587e-08  0:52:56 1916

 Reversed flow on 53 faces (27.5% area) of pressure-outlet 19.

 Reversed flow on 178 faces (35.4% area) of pressure-outlet 18.

  iter  continuity  x-velocity  y-velocity  z-velocity     time/iter
  1585  9.2583e-06  7.7019e-08  6.8426e-08  4.2789e-08  0:52:54 1915

 Reversed flow on 53 faces (27.5% area) of pressure-outlet 19.

 Reversed flow on 178 faces (35.4% area) of pressure-outlet 18.
  1586  8.9867e-06  7.4141e-08  6.6831e-08  4.1241e-08  0:52:53 1914

 Reversed flow on 53 faces (27.5% area) of pressure-outlet 19.

 Reversed flow on 178 faces (35.4% area) of pressure-outlet 18.
  1587  8.8527e-06  7.1718e-08  6.6809e-08  4.0118e-08  0:52:55 1913

 Reversed flow on 53 faces (27.5% area) of pressure-outlet 19.

 Reversed flow on 178 faces (35.4% area) of pressure-outlet 18.
  1588  8.4405e-06  6.9076e-08  6.7418e-08  3.9027e-08  0:52:56 1912

 Reversed flow on 53 faces (27.5% area) of pressure-outlet 19.

 Reversed flow on 178 faces (35.4% area) of pressure-outlet 18.
  1589  8.2973e-06  6.7154e-08  6.8181e-08  3.8043e-08  0:52:56 1911

 Reversed flow on 53 faces (27.5% area) of pressure-outlet 19.

 Reversed flow on 178 faces (35.4% area) of pressure-outlet 18.
  1590  8.2652e-06  6.5744e-08  6.9282e-08  3.7437e-08  0:52:53 1910

 Reversed flow on 53 faces (27.5% area) of pressure-outlet 19.

 Reversed flow on 178 faces (35.4% area) of pressure-outlet 18.
  1591  8.3775e-06  6.5107e-08  7.0587e-08  3.7373e-08  0:52:48 1909

 Reversed flow on 53 faces (27.5% area) of pressure-outlet 19.

 Reversed flow on 178 faces (35.4% area) of pressure-outlet 18.
  1592  8.3013e-06  6.4854e-08  7.2386e-08  3.7819e-08  0:52:49 1908

 Reversed flow on 53 faces (27.5% area) of pressure-outlet 19.

 Reversed flow on 178 faces (35.4% area) of pressure-outlet 18.
  1593  8.4497e-06  6.5322e-08  7.4384e-08  3.8601e-08  0:52:44 1907

 Reversed flow on 53 faces (27.5% area) of pressure-outlet 19.

 Reversed flow on 178 faces (35.4% area) of pressure-outlet 18.
  1594  8.5645e-06  6.6076e-08  7.5733e-08  3.9828e-08  0:52:42 1906

 Reversed flow on 53 faces (27.5% area) of pressure-outlet 19.

 Reversed flow on 178 faces (35.4% area) of pressure-outlet 18.
  1595  8.8967e-06  6.7809e-08  7.7962e-08  4.1556e-08  0:52:45 1905

 Reversed flow on 53 faces (27.5% area) of pressure-outlet 19.

 Reversed flow on 178 faces (35.4% area) of pressure-outlet 18.

  iter  continuity  x-velocity  y-velocity  z-velocity     time/iter
  1596  8.9793e-06  6.9846e-08  8.0314e-08  4.3290e-08  0:52:42 1904

 Reversed flow on 53 faces (27.5% area) of pressure-outlet 19.

 Reversed flow on 178 faces (35.4% area) of pressure-outlet 18.
  1597  9.1603e-06  7.1942e-08  8.1654e-08  4.4649e-08  0:52:41 1903

 Reversed flow on 53 faces (27.5% area) of pressure-outlet 19.

 Reversed flow on 178 faces (35.4% area) of pressure-outlet 18.
  1598  9.3305e-06  7.4162e-08  8.1727e-08  4.5930e-08  0:52:37 1902

 Reversed flow on 53 faces (27.5% area) of pressure-outlet 19.

 Reversed flow on 178 faces (35.4% area) of pressure-outlet 18.
  1599  9.6554e-06  7.6811e-08  8.4291e-08  4.7205e-08  0:52:40 1901

 Reversed flow on 53 faces (27.5% area) of pressure-outlet 19.

 Reversed flow on 178 faces (35.4% area) of pressure-outlet 18.
  1600  9.7032e-06  7.9262e-08  8.7717e-08  4.7852e-08  0:52:40 1900

 Reversed flow on 53 faces (27.5% area) of pressure-outlet 19.

 Reversed flow on 178 faces (35.4% area) of pressure-outlet 18.
  1601  9.8837e-06  8.1175e-08  9.0286e-08  4.8193e-08  0:52:38 1899

 Reversed flow on 53 faces (27.5% area) of pressure-outlet 19.

 Reversed flow on 178 faces (35.4% area) of pressure-outlet 18.
  1602  1.0070e-05  8.3203e-08  9.2530e-08  4.8727e-08  0:52:35 1898

 Reversed flow on 53 faces (27.5% area) of pressure-outlet 19.

 Reversed flow on 178 faces (35.4% area) of pressure-outlet 18.
  1603  1.0435e-05  8.5376e-08  9.5254e-08  4.9838e-08  0:52:29 1897

 Reversed flow on 53 faces (27.5% area) of pressure-outlet 19.

 Reversed flow on 178 faces (35.4% area) of pressure-outlet 18.
  1604  1.0861e-05  8.8996e-08  1.0077e-07  5.0791e-08  0:52:27 1896

 Reversed flow on 53 faces (27.5% area) of pressure-outlet 19.

 Reversed flow on 178 faces (35.4% area) of pressure-outlet 18.
  1605  1.1757e-05  9.3686e-08  1.0681e-07  5.2702e-08  0:52:22 1895

 Reversed flow on 53 faces (27.5% area) of pressure-outlet 19.

 Reversed flow on 178 faces (35.4% area) of pressure-outlet 18.
  1606  1.2421e-05  9.9424e-08  1.0757e-07  5.6644e-08  0:52:17 1894

 Reversed flow on 53 faces (27.5% area) of pressure-outlet 19.

 Reversed flow on 178 faces (35.4% area) of pressure-outlet 18.

  iter  continuity  x-velocity  y-velocity  z-velocity     time/iter
  1607  1.2983e-05  1.0355e-07  1.0914e-07  6.1131e-08  0:52:16 1893

 Reversed flow on 53 faces (27.5% area) of pressure-outlet 19.

 Reversed flow on 178 faces (35.4% area) of pressure-outlet 18.
  1608  1.2915e-05  1.0435e-07  1.0832e-07  6.3681e-08  0:52:17 1892

 Reversed flow on 53 faces (27.5% area) of pressure-outlet 19.

 Reversed flow on 178 faces (35.4% area) of pressure-outlet 18.
  1609  1.2628e-05  1.0318e-07  1.0697e-07  6.4417e-08  0:52:15 1891

 Reversed flow on 53 faces (27.5% area) of pressure-outlet 19.

 Reversed flow on 178 faces (35.4% area) of pressure-outlet 18.
  1610  1.2367e-05  1.0109e-07  1.0584e-07  6.4305e-08  0:52:13 1890

 Reversed flow on 53 faces (27.5% area) of pressure-outlet 19.

 Reversed flow on 178 faces (35.4% area) of pressure-outlet 18.
  1611  1.2273e-05  9.8428e-08  1.0447e-07  6.3461e-08  0:52:12 1889

 Reversed flow on 53 faces (27.5% area) of pressure-outlet 19.

 Reversed flow on 178 faces (35.4% area) of pressure-outlet 18.
  1612  1.1827e-05  9.4100e-08  1.0055e-07  6.1297e-08  0:52:12 1888

 Reversed flow on 53 faces (27.5% area) of pressure-outlet 19.

 Reversed flow on 178 faces (35.4% area) of pressure-outlet 18.
  1613  1.1557e-05  8.9652e-08  9.5395e-08  5.8897e-08  0:52:09 1887

 Reversed flow on 53 faces (27.5% area) of pressure-outlet 19.

 Reversed flow on 178 faces (35.4% area) of pressure-outlet 18.
  1614  1.1242e-05  8.7211e-08  9.0568e-08  5.6536e-08  0:52:05 1886

 Reversed flow on 53 faces (27.5% area) of pressure-outlet 19.

 Reversed flow on 178 faces (35.4% area) of pressure-outlet 18.
  1615  1.0962e-05  8.5703e-08  8.6203e-08  5.4403e-08  0:52:04 1885

 Reversed flow on 53 faces (27.5% area) of pressure-outlet 19.

 Reversed flow on 178 faces (35.4% area) of pressure-outlet 18.
  1616  1.0448e-05  8.3654e-08  8.2135e-08  5.2086e-08  0:52:00 1884

 Reversed flow on 53 faces (27.5% area) of pressure-outlet 19.

 Reversed flow on 178 faces (35.4% area) of pressure-outlet 18.
  1617  1.0069e-05  8.1644e-08  7.8008e-08  4.9715e-08  0:52:01 1883

 Reversed flow on 53 faces (27.5% area) of pressure-outlet 19.

 Reversed flow on 178 faces (35.4% area) of pressure-outlet 18.

  iter  continuity  x-velocity  y-velocity  z-velocity     time/iter
  1618  9.6936e-06  7.9652e-08  7.4666e-08  4.7480e-08  0:52:01 1882

 Reversed flow on 53 faces (27.5% area) of pressure-outlet 19.

 Reversed flow on 178 faces (35.4% area) of pressure-outlet 18.
  1619  9.5367e-06  7.8387e-08  7.2302e-08  4.5746e-08  0:51:59 1881

 Reversed flow on 53 faces (27.5% area) of pressure-outlet 19.

 Reversed flow on 178 faces (35.4% area) of pressure-outlet 18.
  1620  9.2353e-06  7.7032e-08  7.0329e-08  4.4131e-08  0:51:59 1880

 Reversed flow on 53 faces (27.5% area) of pressure-outlet 19.

 Reversed flow on 178 faces (35.4% area) of pressure-outlet 18.
  1621  9.0362e-06  7.5847e-08  6.8405e-08  4.2434e-08  0:51:54 1879

 Reversed flow on 53 faces (27.5% area) of pressure-outlet 19.

 Reversed flow on 178 faces (35.4% area) of pressure-outlet 18.
  1622  8.8983e-06  7.4526e-08  6.6811e-08  4.1060e-08  0:51:53 1878

 Reversed flow on 53 faces (27.5% area) of pressure-outlet 19.

 Reversed flow on 178 faces (35.4% area) of pressure-outlet 18.
  1623  8.9378e-06  7.3491e-08  6.6372e-08  4.0291e-08  0:51:53 1877

 Reversed flow on 53 faces (27.5% area) of pressure-outlet 19.

 Reversed flow on 178 faces (35.4% area) of pressure-outlet 18.
  1624  8.6690e-06  7.2158e-08  6.6880e-08  3.9466e-08  0:51:55 1876

 Reversed flow on 53 faces (27.5% area) of pressure-outlet 19.

 Reversed flow on 178 faces (35.4% area) of pressure-outlet 18.
  1625  8.6166e-06  7.0965e-08  6.7859e-08  3.8771e-08  0:51:53 1875

 Reversed flow on 53 faces (27.5% area) of pressure-outlet 19.

 Reversed flow on 178 faces (35.4% area) of pressure-outlet 18.
  1626  8.6538e-06  6.9947e-08  6.9243e-08  3.8452e-08  0:51:50 1874

 Reversed flow on 53 faces (27.5% area) of pressure-outlet 19.

 Reversed flow on 178 faces (35.4% area) of pressure-outlet 18.
  1627  8.8116e-06  6.9382e-08  7.0770e-08  3.8466e-08  0:51:51 1873

 Reversed flow on 53 faces (27.5% area) of pressure-outlet 19.

 Reversed flow on 178 faces (35.4% area) of pressure-outlet 18.
  1628  8.7744e-06  6.8854e-08  7.2387e-08  3.8818e-08  0:51:50 1872

 Reversed flow on 53 faces (27.5% area) of pressure-outlet 19.

 Reversed flow on 178 faces (35.4% area) of pressure-outlet 18.

  iter  continuity  x-velocity  y-velocity  z-velocity     time/iter
  1629  8.9395e-06  6.9037e-08  7.4318e-08  3.9463e-08  0:51:50 1871

 Reversed flow on 53 faces (27.5% area) of pressure-outlet 19.

 Reversed flow on 178 faces (35.4% area) of pressure-outlet 18.
  1630  9.0233e-06  6.9294e-08  7.5851e-08  4.0367e-08  0:51:50 1870

 Reversed flow on 53 faces (27.5% area) of pressure-outlet 19.

 Reversed flow on 178 faces (35.4% area) of pressure-outlet 18.
  1631  9.2536e-06  7.0060e-08  7.6982e-08  4.1791e-08  0:51:46 1869

 Reversed flow on 53 faces (27.5% area) of pressure-outlet 19.

 Reversed flow on 178 faces (35.4% area) of pressure-outlet 18.
  1632  9.2566e-06  7.1067e-08  7.9544e-08  4.3302e-08  0:51:55 1868

 Reversed flow on 53 faces (27.5% area) of pressure-outlet 19.

 Reversed flow on 178 faces (35.4% area) of pressure-outlet 18.
  1633  9.3246e-06  7.1966e-08  8.1059e-08  4.4404e-08  0:51:48 1867

 Reversed flow on 53 faces (27.5% area) of pressure-outlet 19.

 Reversed flow on 178 faces (35.4% area) of pressure-outlet 18.
  1634  9.3892e-06  7.3181e-08  8.1751e-08  4.5422e-08  0:51:41 1866

 Reversed flow on 53 faces (27.5% area) of pressure-outlet 19.

 Reversed flow on 178 faces (35.4% area) of pressure-outlet 18.
  1635  9.5340e-06  7.4943e-08  8.1652e-08  4.6566e-08  0:51:44 1865

 Reversed flow on 53 faces (27.5% area) of pressure-outlet 19.

 Reversed flow on 178 faces (35.4% area) of pressure-outlet 18.
  1636  9.3806e-06  7.5954e-08  8.4668e-08  4.7009e-08  0:51:37 1864

 Reversed flow on 53 faces (27.5% area) of pressure-outlet 19.

 Reversed flow on 178 faces (35.4% area) of pressure-outlet 18.
  1637  9.4445e-06  7.7061e-08  8.7556e-08  4.7080e-08  0:51:35 1863

 Reversed flow on 53 faces (27.5% area) of pressure-outlet 19.

 Reversed flow on 178 faces (35.4% area) of pressure-outlet 18.
  1638  9.4820e-06  7.7955e-08  9.0011e-08  4.7266e-08  0:51:31 1862

 Reversed flow on 53 faces (27.5% area) of pressure-outlet 19.

 Reversed flow on 178 faces (35.4% area) of pressure-outlet 18.
  1639  9.6051e-06  7.9128e-08  9.2238e-08  4.7735e-08  0:51:28 1861

 Reversed flow on 53 faces (27.5% area) of pressure-outlet 19.

 Reversed flow on 178 faces (35.4% area) of pressure-outlet 18.

  iter  continuity  x-velocity  y-velocity  z-velocity     time/iter
  1640  9.6901e-06  8.0331e-08  9.5271e-08  4.8390e-08  0:51:25 1860

 Reversed flow on 53 faces (27.5% area) of pressure-outlet 19.

 Reversed flow on 178 faces (35.4% area) of pressure-outlet 18.
  1641  1.0329e-05  8.4053e-08  1.0109e-07  4.9472e-08  0:51:23 1859

 Reversed flow on 53 faces (27.5% area) of pressure-outlet 19.

 Reversed flow on 178 faces (35.4% area) of pressure-outlet 18.
  1642  1.1183e-05  8.8875e-08  1.0619e-07  5.1925e-08  0:51:22 1858

 Reversed flow on 53 faces (27.5% area) of pressure-outlet 19.

 Reversed flow on 178 faces (35.4% area) of pressure-outlet 18.
  1643  1.2047e-05  9.5039e-08  1.0683e-07  5.6398e-08  0:51:19 1857

 Reversed flow on 53 faces (27.5% area) of pressure-outlet 19.

 Reversed flow on 178 faces (35.4% area) of pressure-outlet 18.
  1644  1.2372e-05  9.9018e-08  1.0785e-07  6.0360e-08  0:51:18 1856

 Reversed flow on 53 faces (27.5% area) of pressure-outlet 19.

 Reversed flow on 178 faces (35.4% area) of pressure-outlet 18.
  1645  1.2472e-05  1.0110e-07  1.0660e-07  6.2538e-08  0:51:16 1855

 Reversed flow on 53 faces (27.5% area) of pressure-outlet 19.

 Reversed flow on 178 faces (35.4% area) of pressure-outlet 18.
  1646  1.2443e-05  1.0161e-07  1.0652e-07  6.3588e-08  0:51:14 1854

 Reversed flow on 53 faces (27.5% area) of pressure-outlet 19.

 Reversed flow on 178 faces (35.4% area) of pressure-outlet 18.
  1647  1.2555e-05  1.0152e-07  1.0576e-07  6.3843e-08  0:51:11 1853

 Reversed flow on 53 faces (27.5% area) of pressure-outlet 19.

 Reversed flow on 178 faces (35.4% area) of pressure-outlet 18.
  1648  1.2290e-05  9.9452e-08  1.0365e-07  6.2700e-08  0:51:07 1852

 Reversed flow on 53 faces (27.5% area) of pressure-outlet 19.

 Reversed flow on 178 faces (35.4% area) of pressure-outlet 18.
  1649  1.2182e-05  9.6772e-08  9.9459e-08  6.0753e-08  0:52:00 1851

 Reversed flow on 53 faces (27.5% area) of pressure-outlet 19.

 Reversed flow on 178 faces (35.4% area) of pressure-outlet 18.
  1650  1.2083e-05  9.4493e-08  9.5056e-08  5.9031e-08  0:51:51 1850

 Reversed flow on 53 faces (27.5% area) of pressure-outlet 19.

 Reversed flow on 178 faces (35.4% area) of pressure-outlet 18.

  iter  continuity  x-velocity  y-velocity  z-velocity     time/iter
  1651  1.1887e-05  9.3535e-08  9.0526e-08  5.7184e-08  0:51:40 1849

 Reversed flow on 53 faces (27.5% area) of pressure-outlet 19.

 Reversed flow on 178 faces (35.4% area) of pressure-outlet 18.
  1652  1.1370e-05  9.1204e-08  8.6197e-08  5.4998e-08  0:51:32 1848

 Reversed flow on 53 faces (27.5% area) of pressure-outlet 19.

 Reversed flow on 178 faces (35.4% area) of pressure-outlet 18.
  1653  1.0943e-05  8.8388e-08  8.2009e-08  5.2701e-08  0:51:31 1847

 Reversed flow on 53 faces (27.5% area) of pressure-outlet 19.

 Reversed flow on 178 faces (35.4% area) of pressure-outlet 18.
  1654  1.0423e-05  8.5517e-08  7.7910e-08  5.0258e-08  0:51:22 1846

 Reversed flow on 53 faces (27.5% area) of pressure-outlet 19.

 Reversed flow on 178 faces (35.4% area) of pressure-outlet 18.
  1655  1.0107e-05  8.2635e-08  7.4767e-08  4.8135e-08  0:51:20 1845

 Reversed flow on 53 faces (27.5% area) of pressure-outlet 19.

 Reversed flow on 178 faces (35.4% area) of pressure-outlet 18.
  1656  9.5975e-06  7.9568e-08  7.2031e-08  4.6042e-08  0:51:16 1844

 Reversed flow on 53 faces (27.5% area) of pressure-outlet 19.

 Reversed flow on 178 faces (35.4% area) of pressure-outlet 18.
  1657  9.2438e-06  7.6528e-08  6.9519e-08  4.3897e-08  0:51:15 1843

 Reversed flow on 53 faces (27.5% area) of pressure-outlet 19.

 Reversed flow on 178 faces (35.4% area) of pressure-outlet 18.
  1658  8.9140e-06  7.3550e-08  6.7350e-08  4.1917e-08  0:51:13 1842

 Reversed flow on 53 faces (27.5% area) of pressure-outlet 19.

 Reversed flow on 178 faces (35.4% area) of pressure-outlet 18.
  1659  8.7751e-06  7.1236e-08  6.5754e-08  4.0540e-08  0:51:16 1841

 Reversed flow on 53 faces (27.5% area) of pressure-outlet 19.

 Reversed flow on 178 faces (35.4% area) of pressure-outlet 18.
  1660  8.3284e-06  6.8653e-08  6.5284e-08  3.9144e-08  0:51:09 1840

 Reversed flow on 53 faces (27.5% area) of pressure-outlet 19.

 Reversed flow on 178 faces (35.4% area) of pressure-outlet 18.
  1661  8.1157e-06  6.6507e-08  6.5467e-08  3.7807e-08  0:51:03 1839

 Reversed flow on 53 faces (27.5% area) of pressure-outlet 19.

 Reversed flow on 178 faces (35.4% area) of pressure-outlet 18.

  iter  continuity  x-velocity  y-velocity  z-velocity     time/iter
  1662  8.0286e-06  6.4893e-08  6.6495e-08  3.7045e-08  0:50:58 1838

 Reversed flow on 53 faces (27.5% area) of pressure-outlet 19.

 Reversed flow on 178 faces (35.4% area) of pressure-outlet 18.
  1663  8.1246e-06  6.4183e-08  6.7892e-08  3.6778e-08  0:50:56 1837

 Reversed flow on 53 faces (27.5% area) of pressure-outlet 19.

 Reversed flow on 178 faces (35.4% area) of pressure-outlet 18.
  1664  8.1163e-06  6.4141e-08  6.9592e-08  3.6724e-08  0:50:53 1836

 Reversed flow on 53 faces (27.5% area) of pressure-outlet 19.

 Reversed flow on 178 faces (35.4% area) of pressure-outlet 18.
  1665  8.3631e-06  6.4999e-08  7.1403e-08  3.7267e-08  0:50:53 1835

 Reversed flow on 53 faces (27.5% area) of pressure-outlet 19.

 Reversed flow on 178 faces (35.4% area) of pressure-outlet 18.
  1666  8.5610e-06  6.6261e-08  7.3527e-08  3.8183e-08  0:50:49 1834

 Reversed flow on 53 faces (27.5% area) of pressure-outlet 19.

 Reversed flow on 178 faces (35.4% area) of pressure-outlet 18.
  1667  8.9127e-06  6.8281e-08  7.5520e-08  3.9787e-08  0:50:46 1833

 Reversed flow on 53 faces (27.5% area) of pressure-outlet 19.

 Reversed flow on 178 faces (35.4% area) of pressure-outlet 18.
  1668  9.0916e-06  7.0430e-08  7.7679e-08  4.1690e-08  0:50:44 1832

 Reversed flow on 53 faces (27.5% area) of pressure-outlet 19.

 Reversed flow on 178 faces (35.4% area) of pressure-outlet 18.
  1669  9.3506e-06  7.2903e-08  8.0053e-08  4.3373e-08  0:50:40 1831

 Reversed flow on 53 faces (27.5% area) of pressure-outlet 19.

 Reversed flow on 178 faces (35.4% area) of pressure-outlet 18.
  1670  9.5995e-06  7.5062e-08  8.1872e-08  4.4971e-08  0:50:40 1830

 Reversed flow on 53 faces (27.5% area) of pressure-outlet 19.

 Reversed flow on 178 faces (35.4% area) of pressure-outlet 18.
  1671  9.9116e-06  7.7498e-08  8.2928e-08  4.6728e-08  0:50:35 1829

 Reversed flow on 53 faces (27.5% area) of pressure-outlet 19.

 Reversed flow on 178 faces (35.4% area) of pressure-outlet 18.
  1672  9.8225e-06  7.9072e-08  8.3779e-08  4.7879e-08  0:50:37 1828

 Reversed flow on 53 faces (27.5% area) of pressure-outlet 19.

 Reversed flow on 178 faces (35.4% area) of pressure-outlet 18.

  iter  continuity  x-velocity  y-velocity  z-velocity     time/iter
  1673  9.9485e-06  8.0464e-08  8.6958e-08  4.8402e-08  0:50:41 1827

 Reversed flow on 53 faces (27.5% area) of pressure-outlet 19.

 Reversed flow on 178 faces (35.4% area) of pressure-outlet 18.
  1674  1.0064e-05  8.1586e-08  8.9893e-08  4.8699e-08  0:50:39 1826

 Reversed flow on 53 faces (27.5% area) of pressure-outlet 19.

 Reversed flow on 178 faces (35.4% area) of pressure-outlet 18.
  1675  1.0151e-05  8.2562e-08  9.2160e-08  4.9051e-08  0:50:36 1825

 Reversed flow on 53 faces (27.5% area) of pressure-outlet 19.

 Reversed flow on 178 faces (35.4% area) of pressure-outlet 18.
  1676  9.9938e-06  8.2560e-08  9.3797e-08  4.9295e-08  0:50:34 1824

 Reversed flow on 53 faces (27.5% area) of pressure-outlet 19.

 Reversed flow on 178 faces (35.4% area) of pressure-outlet 18.
  1677  1.0268e-05  8.3921e-08  9.7820e-08  4.9719e-08  0:50:32 1823

 Reversed flow on 53 faces (27.5% area) of pressure-outlet 19.

 Reversed flow on 178 faces (35.4% area) of pressure-outlet 18.
  1678  1.0868e-05  8.7033e-08  1.0352e-07  5.0858e-08  0:50:26 1822

 Reversed flow on 53 faces (27.5% area) of pressure-outlet 19.

 Reversed flow on 178 faces (35.4% area) of pressure-outlet 18.
  1679  1.1703e-05  9.1805e-08  1.0644e-07  5.3743e-08  0:50:24 1821

 Reversed flow on 53 faces (27.5% area) of pressure-outlet 19.

 Reversed flow on 178 faces (35.4% area) of pressure-outlet 18.
  1680  1.2080e-05  9.5868e-08  1.0696e-07  5.7652e-08  0:50:21 1820

 Reversed flow on 53 faces (27.5% area) of pressure-outlet 19.

 Reversed flow on 178 faces (35.4% area) of pressure-outlet 18.
  1681  1.2228e-05  9.8069e-08  1.0687e-07  6.0648e-08  0:50:21 1819

 Reversed flow on 53 faces (27.5% area) of pressure-outlet 19.

 Reversed flow on 178 faces (35.4% area) of pressure-outlet 18.
  1682  1.2144e-05  9.8603e-08  1.0547e-07  6.2229e-08  0:50:19 1818

 Reversed flow on 53 faces (27.5% area) of pressure-outlet 19.

 Reversed flow on 178 faces (35.4% area) of pressure-outlet 18.
  1683  1.2115e-05  9.7923e-08  1.0574e-07  6.2839e-08  0:50:17 1817

 Reversed flow on 53 faces (27.5% area) of pressure-outlet 19.

 Reversed flow on 178 faces (35.4% area) of pressure-outlet 18.

  iter  continuity  x-velocity  y-velocity  z-velocity     time/iter
  1684  1.1731e-05  9.5689e-08  1.0411e-07  6.2126e-08  0:50:17 1816

 Reversed flow on 53 faces (27.5% area) of pressure-outlet 19.

 Reversed flow on 178 faces (35.4% area) of pressure-outlet 18.
  1685  1.1495e-05  9.2590e-08  1.0116e-07  6.0374e-08  0:50:15 1815

 Reversed flow on 53 faces (27.5% area) of pressure-outlet 19.

 Reversed flow on 178 faces (35.4% area) of pressure-outlet 18.
  1686  1.1377e-05  8.9759e-08  9.6975e-08  5.8538e-08  0:50:14 1814

 Reversed flow on 53 faces (27.5% area) of pressure-outlet 19.

 Reversed flow on 178 faces (35.4% area) of pressure-outlet 18.
  1687  1.1314e-05  8.7823e-08  9.2517e-08  5.6774e-08  0:50:09 1813

 Reversed flow on 53 faces (27.5% area) of pressure-outlet 19.

 Reversed flow on 178 faces (35.4% area) of pressure-outlet 18.
  1688  1.0934e-05  8.6576e-08  8.7654e-08  5.4607e-08  0:50:08 1812

 Reversed flow on 53 faces (27.5% area) of pressure-outlet 19.

 Reversed flow on 178 faces (35.4% area) of pressure-outlet 18.
  1689  1.0725e-05  8.5786e-08  8.3849e-08  5.2587e-08  0:50:10 1811

 Reversed flow on 53 faces (27.5% area) of pressure-outlet 19.

 Reversed flow on 178 faces (35.4% area) of pressure-outlet 18.
  1690  1.0457e-05  8.4913e-08  8.0051e-08  5.0686e-08  0:50:06 1810

 Reversed flow on 53 faces (27.5% area) of pressure-outlet 19.

 Reversed flow on 178 faces (35.4% area) of pressure-outlet 18.
  1691  1.0325e-05  8.4104e-08  7.6713e-08  4.8917e-08  0:50:07 1809

 Reversed flow on 53 faces (27.5% area) of pressure-outlet 19.

 Reversed flow on 178 faces (35.4% area) of pressure-outlet 18.
  1692  9.9930e-06  8.2847e-08  7.4170e-08  4.7201e-08  0:50:08 1808

 Reversed flow on 53 faces (27.5% area) of pressure-outlet 19.

 Reversed flow on 178 faces (35.4% area) of pressure-outlet 18.
  1693  9.7745e-06  8.1628e-08  7.1678e-08  4.5423e-08  0:52:12 1807

 Reversed flow on 53 faces (27.5% area) of pressure-outlet 19.

 Reversed flow on 178 faces (35.4% area) of pressure-outlet 18.
  1694  9.6125e-06  8.0277e-08  6.9750e-08  4.3865e-08  0:51:43 1806

 Reversed flow on 53 faces (27.5% area) of pressure-outlet 19.

 Reversed flow on 178 faces (35.4% area) of pressure-outlet 18.

  iter  continuity  x-velocity  y-velocity  z-velocity     time/iter
  1695  9.6008e-06  7.9506e-08  6.8313e-08  4.2734e-08  0:51:20 1805

 Reversed flow on 53 faces (27.5% area) of pressure-outlet 19.

 Reversed flow on 178 faces (35.4% area) of pressure-outlet 18.
  1696  9.2076e-06  7.7391e-08  6.7025e-08  4.1587e-08  0:51:02 1804

 Reversed flow on 53 faces (27.5% area) of pressure-outlet 19.

 Reversed flow on 178 faces (35.4% area) of pressure-outlet 18.
  1697  8.9466e-06  7.4625e-08  6.6742e-08  4.0272e-08  0:50:45 1803

 Reversed flow on 53 faces (27.5% area) of pressure-outlet 19.

 Reversed flow on 178 faces (35.4% area) of pressure-outlet 18.
  1698  8.7151e-06  7.1774e-08  6.7203e-08  3.9233e-08  0:50:34 1802

 Reversed flow on 53 faces (27.5% area) of pressure-outlet 19.

 Reversed flow on 178 faces (35.4% area) of pressure-outlet 18.
  1699  8.6121e-06  6.9601e-08  6.8087e-08  3.8580e-08  0:50:24 1801

 Reversed flow on 53 faces (27.5% area) of pressure-outlet 19.

 Reversed flow on 178 faces (35.4% area) of pressure-outlet 18.
  1700  8.3902e-06  6.7465e-08  6.9315e-08  3.8026e-08  0:50:14 1800

 Reversed flow on 53 faces (27.5% area) of pressure-outlet 19.

 Reversed flow on 178 faces (35.4% area) of pressure-outlet 18.
  1701  8.4654e-06  6.6201e-08  7.0616e-08  3.7760e-08  0:50:05 1799

 Reversed flow on 53 faces (27.5% area) of pressure-outlet 19.

 Reversed flow on 178 faces (35.4% area) of pressure-outlet 18.
  1702  8.4956e-06  6.5273e-08  7.1985e-08  3.7998e-08  0:49:57 1798

 Reversed flow on 53 faces (27.5% area) of pressure-outlet 19.

 Reversed flow on 178 faces (35.4% area) of pressure-outlet 18.
  1703  8.6766e-06  6.5260e-08  7.3862e-08  3.8853e-08  0:49:53 1797

 Reversed flow on 53 faces (27.5% area) of pressure-outlet 19.

 Reversed flow on 178 faces (35.4% area) of pressure-outlet 18.
  1704  8.6414e-06  6.5804e-08  7.5550e-08  4.0102e-08  0:49:51 1796

 Reversed flow on 53 faces (27.5% area) of pressure-outlet 19.

 Reversed flow on 178 faces (35.4% area) of pressure-outlet 18.
  1705  8.7674e-06  6.6856e-08  7.7195e-08  4.1297e-08  0:49:45 1795

 Reversed flow on 53 faces (27.5% area) of pressure-outlet 19.

 Reversed flow on 178 faces (35.4% area) of pressure-outlet 18.

  iter  continuity  x-velocity  y-velocity  z-velocity     time/iter
  1706  8.9137e-06  6.8349e-08  7.9082e-08  4.2593e-08  0:49:42 1794

 Reversed flow on 53 faces (27.5% area) of pressure-outlet 19.

 Reversed flow on 178 faces (35.4% area) of pressure-outlet 18.
  1707  9.2270e-06  7.0519e-08  8.0938e-08  4.4234e-08  0:49:36 1793

 Reversed flow on 53 faces (27.5% area) of pressure-outlet 19.

 Reversed flow on 178 faces (35.4% area) of pressure-outlet 18.
  1708  9.1806e-06  7.2489e-08  8.1357e-08  4.5545e-08  0:49:34 1792

 Reversed flow on 53 faces (27.5% area) of pressure-outlet 19.

 Reversed flow on 178 faces (35.4% area) of pressure-outlet 18.
  1709  9.3267e-06  7.4720e-08  8.2858e-08  4.6375e-08  0:49:30 1791

 Reversed flow on 53 faces (27.5% area) of pressure-outlet 19.

 Reversed flow on 178 faces (35.4% area) of pressure-outlet 18.
  1710  9.5690e-06  7.7349e-08  8.6502e-08  4.7068e-08  0:49:29 1790

 Reversed flow on 53 faces (27.5% area) of pressure-outlet 19.

 Reversed flow on 178 faces (35.4% area) of pressure-outlet 18.
  1711  9.8186e-06  7.9765e-08  8.9703e-08  4.7733e-08  0:49:26 1789

 Reversed flow on 53 faces (27.5% area) of pressure-outlet 19.

 Reversed flow on 178 faces (35.4% area) of pressure-outlet 18.
  1712  9.7806e-06  8.1442e-08  9.1900e-08  4.8177e-08  0:49:23 1788

 Reversed flow on 53 faces (27.5% area) of pressure-outlet 19.

 Reversed flow on 178 faces (35.4% area) of pressure-outlet 18.
  1713  1.0008e-05  8.3097e-08  9.4175e-08  4.8910e-08  0:49:22 1787

 Reversed flow on 53 faces (27.5% area) of pressure-outlet 19.

 Reversed flow on 178 faces (35.4% area) of pressure-outlet 18.
  1714  1.0484e-05  8.6547e-08  9.9527e-08  4.9914e-08  0:49:19 1786

 Reversed flow on 53 faces (27.5% area) of pressure-outlet 19.

 Reversed flow on 178 faces (35.4% area) of pressure-outlet 18.
  1715  1.1478e-05  9.1371e-08  1.0598e-07  5.2038e-08  0:49:17 1785

 Reversed flow on 53 faces (27.5% area) of pressure-outlet 19.

 Reversed flow on 178 faces (35.4% area) of pressure-outlet 18.
  1716  1.2103e-05  9.6453e-08  1.0744e-07  5.5568e-08  0:49:15 1784

 Reversed flow on 53 faces (27.5% area) of pressure-outlet 19.

 Reversed flow on 178 faces (35.4% area) of pressure-outlet 18.

  iter  continuity  x-velocity  y-velocity  z-velocity     time/iter
  1717  1.2598e-05  1.0063e-07  1.0836e-07  5.9761e-08  0:49:12 1783

 Reversed flow on 53 faces (27.5% area) of pressure-outlet 19.

 Reversed flow on 178 faces (35.4% area) of pressure-outlet 18.
  1718  1.2800e-05  1.0282e-07  1.0825e-07  6.2856e-08  0:49:11 1782

 Reversed flow on 53 faces (27.5% area) of pressure-outlet 19.

 Reversed flow on 178 faces (35.4% area) of pressure-outlet 18.
  1719  1.2860e-05  1.0329e-07  1.0747e-07  6.4424e-08  0:49:10 1781

 Reversed flow on 53 faces (27.5% area) of pressure-outlet 19.

 Reversed flow on 178 faces (35.4% area) of pressure-outlet 18.
  1720  1.2464e-05  1.0140e-07  1.0647e-07  6.4413e-08  0:49:07 1780

 Reversed flow on 53 faces (27.5% area) of pressure-outlet 19.

 Reversed flow on 178 faces (35.4% area) of pressure-outlet 18.
  1721  1.2167e-05  9.8496e-08  1.0447e-07  6.3245e-08  0:49:06 1779

 Reversed flow on 53 faces (27.5% area) of pressure-outlet 19.

 Reversed flow on 178 faces (35.4% area) of pressure-outlet 18.
  1722  1.1897e-05  9.4777e-08  1.0129e-07  6.1347e-08  0:49:05 1778

 Reversed flow on 53 faces (27.5% area) of pressure-outlet 19.

 Reversed flow on 178 faces (35.4% area) of pressure-outlet 18.
  1723  1.1765e-05  9.1190e-08  9.6674e-08  5.9322e-08  0:49:02 1777

 Reversed flow on 53 faces (27.5% area) of pressure-outlet 19.

 Reversed flow on 178 faces (35.4% area) of pressure-outlet 18.
  1724  1.1291e-05  8.8198e-08  9.1397e-08  5.6790e-08  0:49:03 1776

 Reversed flow on 53 faces (27.5% area) of pressure-outlet 19.

 Reversed flow on 178 faces (35.4% area) of pressure-outlet 18.
  1725  1.0899e-05  8.6120e-08  8.6434e-08  5.4237e-08  0:49:01 1775

 Reversed flow on 53 faces (27.5% area) of pressure-outlet 19.

 Reversed flow on 178 faces (35.4% area) of pressure-outlet 18.
  1726  1.0484e-05  8.4179e-08  8.2600e-08  5.1981e-08  0:49:06 1774

 Reversed flow on 53 faces (27.5% area) of pressure-outlet 19.

 Reversed flow on 178 faces (35.4% area) of pressure-outlet 18.
  1727  1.0206e-05  8.2390e-08  7.8739e-08  4.9887e-08  0:49:04 1773

 Reversed flow on 53 faces (27.5% area) of pressure-outlet 19.

 Reversed flow on 178 faces (35.4% area) of pressure-outlet 18.

  iter  continuity  x-velocity  y-velocity  z-velocity     time/iter
  1728  9.6867e-06  7.9967e-08  7.5325e-08  4.7635e-08  0:49:00 1772

 Reversed flow on 53 faces (27.5% area) of pressure-outlet 19.

 Reversed flow on 178 faces (35.4% area) of pressure-outlet 18.
  1729  9.3000e-06  7.7703e-08  7.2555e-08  4.5505e-08  0:49:01 1771

 Reversed flow on 53 faces (27.5% area) of pressure-outlet 19.

 Reversed flow on 178 faces (35.4% area) of pressure-outlet 18.
  1730  9.0301e-06  7.5703e-08  7.0236e-08  4.3702e-08  0:49:03 1770

 Reversed flow on 53 faces (27.5% area) of pressure-outlet 19.

 Reversed flow on 178 faces (35.4% area) of pressure-outlet 18.
  1731  8.9660e-06  7.4521e-08  6.8597e-08  4.2344e-08  0:49:02 1769

 Reversed flow on 53 faces (27.5% area) of pressure-outlet 19.

 Reversed flow on 178 faces (35.4% area) of pressure-outlet 18.
  1732  8.6470e-06  7.2891e-08  6.7020e-08  4.0957e-08  0:48:57 1768

 Reversed flow on 53 faces (27.5% area) of pressure-outlet 19.

 Reversed flow on 178 faces (35.4% area) of pressure-outlet 18.
  1733  8.5356e-06  7.1278e-08  6.5898e-08  3.9706e-08  0:48:52 1767

 Reversed flow on 53 faces (27.5% area) of pressure-outlet 19.

 Reversed flow on 178 faces (35.4% area) of pressure-outlet 18.
  1734  8.4710e-06  7.0142e-08  6.6148e-08  3.8777e-08  0:48:53 1766

 Reversed flow on 53 faces (27.5% area) of pressure-outlet 19.

 Reversed flow on 178 faces (35.4% area) of pressure-outlet 18.
  1735  8.5284e-06  6.9634e-08  6.7183e-08  3.8347e-08  0:48:47 1765

 Reversed flow on 53 faces (27.5% area) of pressure-outlet 19.

 Reversed flow on 178 faces (35.4% area) of pressure-outlet 18.
  1736  8.4442e-06  6.9092e-08  6.8670e-08  3.8104e-08  0:48:46 1764

 Reversed flow on 53 faces (27.5% area) of pressure-outlet 19.

 Reversed flow on 178 faces (35.4% area) of pressure-outlet 18.
  1737  8.6482e-06  6.9256e-08  7.0270e-08  3.8021e-08  0:48:47 1763

 Reversed flow on 53 faces (27.5% area) of pressure-outlet 19.

 Reversed flow on 178 faces (35.4% area) of pressure-outlet 18.
  1738  8.8456e-06  6.9744e-08  7.1767e-08  3.8336e-08  0:48:43 1762

 Reversed flow on 53 faces (27.5% area) of pressure-outlet 19.

 Reversed flow on 178 faces (35.4% area) of pressure-outlet 18.

  iter  continuity  x-velocity  y-velocity  z-velocity     time/iter
  1739  9.1900e-06  7.0925e-08  7.3831e-08  3.9381e-08  0:48:44 1761

 Reversed flow on 53 faces (27.5% area) of pressure-outlet 19.

 Reversed flow on 178 faces (35.4% area) of pressure-outlet 18.
  1740  9.2843e-06  7.2485e-08  7.6172e-08  4.0713e-08  0:48:46 1760

 Reversed flow on 53 faces (27.5% area) of pressure-outlet 19.

 Reversed flow on 178 faces (35.4% area) of pressure-outlet 18.
  1741  9.4058e-06  7.3405e-08  7.7518e-08  4.2090e-08  0:48:45 1759

 Reversed flow on 53 faces (27.5% area) of pressure-outlet 19.

 Reversed flow on 178 faces (35.4% area) of pressure-outlet 18.
  1742  9.5460e-06  7.4120e-08  7.9542e-08  4.3537e-08  0:48:44 1758

 Reversed flow on 53 faces (27.5% area) of pressure-outlet 19.

 Reversed flow on 178 faces (35.4% area) of pressure-outlet 18.
  1743  9.7646e-06  7.5105e-08  8.1525e-08  4.5153e-08  0:48:44 1757

 Reversed flow on 53 faces (27.5% area) of pressure-outlet 19.

 Reversed flow on 178 faces (35.4% area) of pressure-outlet 18.
  1744  9.6311e-06  7.5771e-08  8.2599e-08  4.6320e-08  0:48:44 1756

 Reversed flow on 53 faces (27.5% area) of pressure-outlet 19.

 Reversed flow on 178 faces (35.4% area) of pressure-outlet 18.
  1745  9.6399e-06  7.6472e-08  8.2028e-08  4.7157e-08  0:48:44 1755

 Reversed flow on 53 faces (27.5% area) of pressure-outlet 19.

 Reversed flow on 178 faces (35.4% area) of pressure-outlet 18.
  1746  9.6931e-06  7.7188e-08  8.4475e-08  4.7733e-08  0:48:38 1754

 Reversed flow on 53 faces (27.5% area) of pressure-outlet 19.

 Reversed flow on 178 faces (35.4% area) of pressure-outlet 18.
  1747  9.8261e-06  7.8184e-08  8.7696e-08  4.8102e-08  0:48:34 1753

 Reversed flow on 53 faces (27.5% area) of pressure-outlet 19.

 Reversed flow on 178 faces (35.4% area) of pressure-outlet 18.
  1748  9.6381e-06  7.8267e-08  8.9965e-08  4.8095e-08  0:48:32 1752

 Reversed flow on 53 faces (27.5% area) of pressure-outlet 19.

 Reversed flow on 178 faces (35.4% area) of pressure-outlet 18.
  1749  9.6157e-06  7.8775e-08  9.1630e-08  4.8028e-08  0:48:29 1751

 Reversed flow on 53 faces (27.5% area) of pressure-outlet 19.

 Reversed flow on 178 faces (35.4% area) of pressure-outlet 18.

  iter  continuity  x-velocity  y-velocity  z-velocity     time/iter
  1750  9.6875e-06  7.9516e-08  9.3983e-08  4.8466e-08  0:48:23 1750

 Reversed flow on 53 faces (27.5% area) of pressure-outlet 19.

 Reversed flow on 178 faces (35.4% area) of pressure-outlet 18.
  1751  1.0310e-05  8.3049e-08  9.9941e-08  4.9483e-08  0:48:21 1749

 Reversed flow on 53 faces (27.5% area) of pressure-outlet 19.

 Reversed flow on 178 faces (35.4% area) of pressure-outlet 18.
  1752  1.1029e-05  8.7025e-08  1.0603e-07  5.1394e-08  0:48:20 1748

 Reversed flow on 53 faces (27.5% area) of pressure-outlet 19.

 Reversed flow on 178 faces (35.4% area) of pressure-outlet 18.
  1753  1.1695e-05  9.2507e-08  1.0587e-07  5.5218e-08  0:48:17 1747

 Reversed flow on 53 faces (27.5% area) of pressure-outlet 19.

 Reversed flow on 178 faces (35.4% area) of pressure-outlet 18.
  1754  1.2187e-05  9.7258e-08  1.0724e-07  5.9411e-08  0:48:18 1746

 Reversed flow on 53 faces (27.5% area) of pressure-outlet 19.

 Reversed flow on 178 faces (35.4% area) of pressure-outlet 18.
  1755  1.2554e-05  1.0037e-07  1.0703e-07  6.2401e-08  0:48:16 1745

 Reversed flow on 53 faces (27.5% area) of pressure-outlet 19.

 Reversed flow on 178 faces (35.4% area) of pressure-outlet 18.
  1756  1.2309e-05  1.0073e-07  1.0646e-07  6.3464e-08  0:48:13 1744

 Reversed flow on 53 faces (27.5% area) of pressure-outlet 19.

 Reversed flow on 178 faces (35.4% area) of pressure-outlet 18.
  1757  1.2196e-05  1.0009e-07  1.0518e-07  6.3405e-08  0:48:09 1743

 Reversed flow on 53 faces (27.5% area) of pressure-outlet 19.

 Reversed flow on 178 faces (35.4% area) of pressure-outlet 18.
  1758  1.2113e-05  9.8678e-08  1.0403e-07  6.2674e-08  0:48:08 1742

 Reversed flow on 53 faces (27.5% area) of pressure-outlet 19.

 Reversed flow on 178 faces (35.4% area) of pressure-outlet 18.
  1759  1.2130e-05  9.6623e-08  1.0077e-07  6.1273e-08  0:48:04 1741

 Reversed flow on 53 faces (27.5% area) of pressure-outlet 19.

 Reversed flow on 178 faces (35.4% area) of pressure-outlet 18.
  1760  1.1871e-05  9.3387e-08  9.6006e-08  5.9410e-08  0:48:05 1740

 Reversed flow on 53 faces (27.5% area) of pressure-outlet 19.

 Reversed flow on 178 faces (35.4% area) of pressure-outlet 18.

  iter  continuity  x-velocity  y-velocity  z-velocity     time/iter
  1761  1.1647e-05  9.1807e-08  9.1161e-08  5.7247e-08  0:48:02 1739

 Reversed flow on 53 faces (27.5% area) of pressure-outlet 19.

 Reversed flow on 178 faces (35.4% area) of pressure-outlet 18.
  1762  1.1323e-05  9.0267e-08  8.7054e-08  5.5244e-08  0:48:01 1738

 Reversed flow on 53 faces (27.5% area) of pressure-outlet 19.

 Reversed flow on 178 faces (35.4% area) of pressure-outlet 18.
  1763  1.1128e-05  8.8736e-08  8.3398e-08  5.3423e-08  0:47:59 1737

 Reversed flow on 53 faces (27.5% area) of pressure-outlet 19.

 Reversed flow on 178 faces (35.4% area) of pressure-outlet 18.
  1764  1.0615e-05  8.6429e-08  7.9412e-08  5.1219e-08  0:48:00 1736

 Reversed flow on 53 faces (27.5% area) of pressure-outlet 19.

 Reversed flow on 178 faces (35.4% area) of pressure-outlet 18.
  1765  1.0166e-05  8.3675e-08  7.5811e-08  4.8788e-08  0:47:56 1735

 Reversed flow on 53 faces (27.5% area) of pressure-outlet 19.

 Reversed flow on 178 faces (35.4% area) of pressure-outlet 18.
  1766  9.7512e-06  8.0835e-08  7.2989e-08  4.6624e-08  0:47:54 1734

 Reversed flow on 53 faces (27.5% area) of pressure-outlet 19.

 Reversed flow on 178 faces (35.4% area) of pressure-outlet 18.
  1767  9.5656e-06  7.8370e-08  7.0844e-08  4.4902e-08  0:47:53 1733

 Reversed flow on 53 faces (27.5% area) of pressure-outlet 19.

 Reversed flow on 178 faces (35.4% area) of pressure-outlet 18.
  1768  9.0705e-06  7.5701e-08  6.8725e-08  4.2945e-08  0:47:52 1732

 Reversed flow on 53 faces (27.5% area) of pressure-outlet 19.

 Reversed flow on 178 faces (35.4% area) of pressure-outlet 18.
  1769  8.7867e-06  7.3160e-08  6.6643e-08  4.1107e-08  0:47:50 1731

 Reversed flow on 53 faces (27.5% area) of pressure-outlet 19.

 Reversed flow on 178 faces (35.4% area) of pressure-outlet 18.
  1770  8.5329e-06  7.0508e-08  6.5811e-08  3.9613e-08  0:47:56 1730

 Reversed flow on 53 faces (27.5% area) of pressure-outlet 19.

 Reversed flow on 178 faces (35.4% area) of pressure-outlet 18.
  1771  8.3730e-06  6.8412e-08  6.6017e-08  3.8486e-08  0:47:55 1729

 Reversed flow on 53 faces (27.5% area) of pressure-outlet 19.

 Reversed flow on 178 faces (35.4% area) of pressure-outlet 18.

  iter  continuity  x-velocity  y-velocity  z-velocity     time/iter
  1772  8.0640e-06  6.6459e-08  6.7095e-08  3.7657e-08  0:47:55 1728

 Reversed flow on 53 faces (27.5% area) of pressure-outlet 19.

 Reversed flow on 178 faces (35.4% area) of pressure-outlet 18.
  1773  8.0429e-06  6.5101e-08  6.8456e-08  3.7074e-08  0:48:09 1727

 Reversed flow on 53 faces (27.5% area) of pressure-outlet 19.

 Reversed flow on 178 faces (35.4% area) of pressure-outlet 18.
  1774  8.0727e-06  6.4246e-08  6.9802e-08  3.6784e-08  0:49:14 1726

 Reversed flow on 53 faces (27.5% area) of pressure-outlet 19.

 Reversed flow on 178 faces (35.4% area) of pressure-outlet 18.
  1775  8.3228e-06  6.4524e-08  7.1402e-08  3.7388e-08  0:48:55 1725

 Reversed flow on 53 faces (27.5% area) of pressure-outlet 19.

 Reversed flow on 178 faces (35.4% area) of pressure-outlet 18.
  1776  8.3876e-06  6.5364e-08  7.3833e-08  3.8373e-08  0:48:37 1724

 Reversed flow on 53 faces (27.5% area) of pressure-outlet 19.

 Reversed flow on 178 faces (35.4% area) of pressure-outlet 18.
  1777  8.5889e-06  6.6665e-08  7.5587e-08  3.9502e-08  0:48:24 1723

 Reversed flow on 53 faces (27.5% area) of pressure-outlet 19.

 Reversed flow on 178 faces (35.4% area) of pressure-outlet 18.
  1778  8.8709e-06  6.8291e-08  7.7039e-08  4.1051e-08  0:48:12 1722

 Reversed flow on 53 faces (27.5% area) of pressure-outlet 19.

 Reversed flow on 178 faces (35.4% area) of pressure-outlet 18.
  1779  9.3159e-06  7.1274e-08  7.9806e-08  4.3063e-08  0:48:02 1721

 Reversed flow on 53 faces (27.5% area) of pressure-outlet 19.

 Reversed flow on 178 faces (35.4% area) of pressure-outlet 18.
  1780  9.4313e-06  7.3804e-08  8.1851e-08  4.4772e-08  0:47:58 1720

 Reversed flow on 53 faces (27.5% area) of pressure-outlet 19.

 Reversed flow on 178 faces (35.4% area) of pressure-outlet 18.
  1781  9.6812e-06  7.6362e-08  8.2701e-08  4.6217e-08  0:47:58 1719

 Reversed flow on 53 faces (27.5% area) of pressure-outlet 19.

 Reversed flow on 178 faces (35.4% area) of pressure-outlet 18.
  1782  9.9137e-06  7.9114e-08  8.3221e-08  4.7544e-08  0:47:52 1718

 Reversed flow on 53 faces (27.5% area) of pressure-outlet 19.

 Reversed flow on 178 faces (35.4% area) of pressure-outlet 18.

  iter  continuity  x-velocity  y-velocity  z-velocity     time/iter
  1783  1.0229e-05  8.1938e-08  8.6787e-08  4.8618e-08  0:47:46 1717

 Reversed flow on 53 faces (27.5% area) of pressure-outlet 19.

 Reversed flow on 178 faces (35.4% area) of pressure-outlet 18.
  1784  1.0267e-05  8.3851e-08  8.9984e-08  4.9134e-08  0:47:41 1716

 Reversed flow on 53 faces (27.5% area) of pressure-outlet 19.

 Reversed flow on 178 faces (35.4% area) of pressure-outlet 18.
  1785  1.0374e-05  8.5659e-08  9.2271e-08  4.9477e-08  0:47:41 1715

 Reversed flow on 53 faces (27.5% area) of pressure-outlet 19.

 Reversed flow on 178 faces (35.4% area) of pressure-outlet 18.
  1786  1.0347e-05  8.6302e-08  9.4199e-08  4.9917e-08  0:47:36 1714

 Reversed flow on 53 faces (27.5% area) of pressure-outlet 19.

 Reversed flow on 178 faces (35.4% area) of pressure-outlet 18.
  1787  1.0683e-05  8.7668e-08  9.8129e-08  5.0820e-08  0:47:35 1713

 Reversed flow on 53 faces (27.5% area) of pressure-outlet 19.

 Reversed flow on 178 faces (35.4% area) of pressure-outlet 18.
  1788  1.1110e-05  9.0056e-08  1.0371e-07  5.1864e-08  0:47:49 1712

 Reversed flow on 53 faces (27.5% area) of pressure-outlet 19.

 Reversed flow on 178 faces (35.4% area) of pressure-outlet 18.
  1789  1.1747e-05  9.3412e-08  1.0691e-07  5.4012e-08  0:47:51 1711

 Reversed flow on 53 faces (27.5% area) of pressure-outlet 19.

 Reversed flow on 178 faces (35.4% area) of pressure-outlet 18.
  1790  1.2282e-05  9.7504e-08  1.0736e-07  5.7983e-08  0:47:43 1710

 Reversed flow on 53 faces (27.5% area) of pressure-outlet 19.

 Reversed flow on 178 faces (35.4% area) of pressure-outlet 18.
  1791  1.2698e-05  1.0030e-07  1.0822e-07  6.1792e-08  0:47:34 1709

 Reversed flow on 53 faces (27.5% area) of pressure-outlet 19.

 Reversed flow on 178 faces (35.4% area) of pressure-outlet 18.
  1792  1.2436e-05  1.0012e-07  1.0654e-07  6.3380e-08  0:47:31 1708

 Reversed flow on 53 faces (27.5% area) of pressure-outlet 19.

 Reversed flow on 178 faces (35.4% area) of pressure-outlet 18.
  1793  1.2170e-05  9.8499e-08  1.0585e-07  6.3565e-08  0:47:25 1707

 Reversed flow on 53 faces (27.5% area) of pressure-outlet 19.

 Reversed flow on 178 faces (35.4% area) of pressure-outlet 18.

  iter  continuity  x-velocity  y-velocity  z-velocity     time/iter
  1794  1.1947e-05  9.6713e-08  1.0456e-07  6.3036e-08  0:47:20 1706

 Reversed flow on 53 faces (27.5% area) of pressure-outlet 19.

 Reversed flow on 178 faces (35.4% area) of pressure-outlet 18.
  1795  1.1797e-05  9.4100e-08  1.0233e-07  6.1678e-08  0:47:17 1705

 Reversed flow on 53 faces (27.5% area) of pressure-outlet 19.

 Reversed flow on 178 faces (35.4% area) of pressure-outlet 18.
  1796  1.1445e-05  9.0393e-08  9.7786e-08  5.9480e-08  0:47:24 1704

 Reversed flow on 53 faces (27.5% area) of pressure-outlet 19.

 Reversed flow on 178 faces (35.4% area) of pressure-outlet 18.
  1797  1.1253e-05  8.7470e-08  9.2902e-08  5.7301e-08  0:47:18 1703

 Reversed flow on 53 faces (27.5% area) of pressure-outlet 19.

 Reversed flow on 178 faces (35.4% area) of pressure-outlet 18.
  1798  1.0976e-05  8.6460e-08  8.8245e-08  5.5144e-08  0:47:14 1702

 Reversed flow on 53 faces (27.5% area) of pressure-outlet 19.

 Reversed flow on 178 faces (35.4% area) of pressure-outlet 18.
  1799  1.0874e-05  8.6030e-08  8.4615e-08  5.3324e-08  0:47:13 1701

 Reversed flow on 53 faces (27.5% area) of pressure-outlet 19.

 Reversed flow on 178 faces (35.4% area) of pressure-outlet 18.
  1800  1.0499e-05  8.4948e-08  8.0891e-08  5.1414e-08  0:47:10 1700

 Reversed flow on 53 faces (27.5% area) of pressure-outlet 19.

 Reversed flow on 178 faces (35.4% area) of pressure-outlet 18.
  1801  1.0150e-05  8.3768e-08  7.7108e-08  4.9217e-08  0:47:08 1699

 Reversed flow on 53 faces (27.5% area) of pressure-outlet 19.

 Reversed flow on 178 faces (35.4% area) of pressure-outlet 18.
  1802  9.8899e-06  8.2385e-08  7.4432e-08  4.7349e-08  0:47:04 1698

 Reversed flow on 53 faces (27.5% area) of pressure-outlet 19.

 Reversed flow on 178 faces (35.4% area) of pressure-outlet 18.
  1803  9.8206e-06  8.1463e-08  7.2415e-08  4.5959e-08  0:47:05 1697

 Reversed flow on 53 faces (27.5% area) of pressure-outlet 19.

 Reversed flow on 178 faces (35.4% area) of pressure-outlet 18.
  1804  9.4872e-06  7.9893e-08  7.0587e-08  4.4466e-08  0:47:05 1696

 Reversed flow on 53 faces (27.5% area) of pressure-outlet 19.

 Reversed flow on 178 faces (35.4% area) of pressure-outlet 18.

  iter  continuity  x-velocity  y-velocity  z-velocity     time/iter
  1805  9.3174e-06  7.8207e-08  6.8739e-08  4.2882e-08  0:46:58 1695

 Reversed flow on 53 faces (27.5% area) of pressure-outlet 19.

 Reversed flow on 178 faces (35.4% area) of pressure-outlet 18.
  1806  9.1782e-06  7.6183e-08  6.7317e-08  4.1671e-08  0:46:57 1694

 Reversed flow on 53 faces (27.5% area) of pressure-outlet 19.

 Reversed flow on 178 faces (35.4% area) of pressure-outlet 18.
  1807  9.0665e-06  7.4120e-08  6.7196e-08  4.0713e-08  0:46:55 1693

 Reversed flow on 53 faces (27.5% area) of pressure-outlet 19.

 Reversed flow on 178 faces (35.4% area) of pressure-outlet 18.
  1808  8.7458e-06  7.1914e-08  6.7758e-08  3.9784e-08  0:46:51 1692

 Reversed flow on 53 faces (27.5% area) of pressure-outlet 19.

 Reversed flow on 178 faces (35.4% area) of pressure-outlet 18.
  1809  8.6589e-06  7.0115e-08  6.8715e-08  3.9024e-08  0:46:46 1691

 Reversed flow on 53 faces (27.5% area) of pressure-outlet 19.

 Reversed flow on 178 faces (35.4% area) of pressure-outlet 18.
  1810  8.5635e-06  6.8346e-08  6.9714e-08  3.8369e-08  0:46:50 1690

 Reversed flow on 53 faces (27.5% area) of pressure-outlet 19.

 Reversed flow on 178 faces (35.4% area) of pressure-outlet 18.
  1811  8.6845e-06  6.7352e-08  7.1006e-08  3.8259e-08  0:46:49 1689

 Reversed flow on 53 faces (27.5% area) of pressure-outlet 19.

 Reversed flow on 178 faces (35.4% area) of pressure-outlet 18.
  1812  8.6121e-06  6.6643e-08  7.2718e-08  3.8656e-08  0:46:46 1688

 Reversed flow on 53 faces (27.5% area) of pressure-outlet 19.

 Reversed flow on 178 faces (35.4% area) of pressure-outlet 18.
  1813  8.6584e-06  6.6630e-08  7.4393e-08  3.9096e-08  0:46:45 1687

 Reversed flow on 53 faces (27.5% area) of pressure-outlet 19.

 Reversed flow on 178 faces (35.4% area) of pressure-outlet 18.
  1814  8.7351e-06  6.7087e-08  7.5637e-08  4.0040e-08  0:46:41 1686

 Reversed flow on 53 faces (27.5% area) of pressure-outlet 19.

 Reversed flow on 178 faces (35.4% area) of pressure-outlet 18.
  1815  9.0148e-06  6.8280e-08  7.7407e-08  4.1541e-08  0:46:40 1685

 Reversed flow on 53 faces (27.5% area) of pressure-outlet 19.

 Reversed flow on 178 faces (35.4% area) of pressure-outlet 18.

  iter  continuity  x-velocity  y-velocity  z-velocity     time/iter
  1816  8.9599e-06  6.9583e-08  7.9566e-08  4.2915e-08  0:46:37 1684

 Reversed flow on 53 faces (27.5% area) of pressure-outlet 19.

 Reversed flow on 178 faces (35.4% area) of pressure-outlet 18.
  1817  9.0932e-06  7.1025e-08  8.1115e-08  4.4118e-08  0:46:34 1683

 Reversed flow on 53 faces (27.5% area) of pressure-outlet 19.

 Reversed flow on 178 faces (35.4% area) of pressure-outlet 18.
  1818  9.2059e-06  7.2640e-08  8.1679e-08  4.5364e-08  0:46:36 1682

 Reversed flow on 53 faces (27.5% area) of pressure-outlet 19.

 Reversed flow on 178 faces (35.4% area) of pressure-outlet 18.
  1819  9.3668e-06  7.4557e-08  8.2901e-08  4.6505e-08  0:46:38 1681

 Reversed flow on 53 faces (27.5% area) of pressure-outlet 19.

 Reversed flow on 178 faces (35.4% area) of pressure-outlet 18.
  1820  9.3643e-06  7.6364e-08  8.6426e-08  4.7147e-08  0:46:32 1680

 Reversed flow on 53 faces (27.5% area) of pressure-outlet 19.

 Reversed flow on 178 faces (35.4% area) of pressure-outlet 18.
  1821  9.5248e-06  7.7990e-08  8.9303e-08  4.7460e-08  0:46:31 1679

 Reversed flow on 53 faces (27.5% area) of pressure-outlet 19.

 Reversed flow on 178 faces (35.4% area) of pressure-outlet 18.
  1822  9.6001e-06  7.9560e-08  9.1508e-08  4.7777e-08  0:46:27 1678

 Reversed flow on 53 faces (27.5% area) of pressure-outlet 19.

 Reversed flow on 178 faces (35.4% area) of pressure-outlet 18.
  1823  9.9062e-06  8.1410e-08  9.3909e-08  4.8685e-08  0:46:23 1677

 Reversed flow on 53 faces (27.5% area) of pressure-outlet 19.

 Reversed flow on 178 faces (35.4% area) of pressure-outlet 18.
  1824  1.0259e-05  8.4537e-08  9.8815e-08  4.9578e-08  0:46:20 1676

 Reversed flow on 53 faces (27.5% area) of pressure-outlet 19.

 Reversed flow on 178 faces (35.4% area) of pressure-outlet 18.
  1825  1.1079e-05  8.9134e-08  1.0455e-07  5.1067e-08  0:46:24 1675

 Reversed flow on 53 faces (27.5% area) of pressure-outlet 19.

 Reversed flow on 178 faces (35.4% area) of pressure-outlet 18.
  1826  1.1938e-05  9.5025e-08  1.0700e-07  5.4489e-08  0:46:20 1674

 Reversed flow on 53 faces (27.5% area) of pressure-outlet 19.

 Reversed flow on 178 faces (35.4% area) of pressure-outlet 18.

  iter  continuity  x-velocity  y-velocity  z-velocity     time/iter
  1827  1.2792e-05  1.0112e-07  1.0856e-07  5.9351e-08  0:46:21 1673

 Reversed flow on 53 faces (27.5% area) of pressure-outlet 19.

 Reversed flow on 178 faces (35.4% area) of pressure-outlet 18.
  1828  1.2957e-05  1.0425e-07  1.0864e-07  6.2713e-08  0:46:19 1672

 Reversed flow on 53 faces (27.5% area) of pressure-outlet 19.

 Reversed flow on 178 faces (35.4% area) of pressure-outlet 18.
  1829  1.2944e-05  1.0534e-07  1.0718e-07  6.4243e-08  0:46:14 1671

 Reversed flow on 53 faces (27.5% area) of pressure-outlet 19.

 Reversed flow on 178 faces (35.4% area) of pressure-outlet 18.
  1830  1.2841e-05  1.0516e-07  1.0725e-07  6.4881e-08  0:46:09 1670

 Reversed flow on 53 faces (27.5% area) of pressure-outlet 19.

 Reversed flow on 178 faces (35.4% area) of pressure-outlet 18.
  1831  1.2724e-05  1.0340e-07  1.0615e-07  6.4631e-08  0:46:11 1669

 Reversed flow on 53 faces (27.5% area) of pressure-outlet 19.

 Reversed flow on 178 faces (35.4% area) of pressure-outlet 18.
  1832  1.2269e-05  9.9148e-08  1.0283e-07  6.2766e-08  0:46:10 1668

 Reversed flow on 53 faces (27.5% area) of pressure-outlet 19.

 Reversed flow on 178 faces (35.4% area) of pressure-outlet 18.
  1833  1.2004e-05  9.4720e-08  9.7857e-08  6.0462e-08  0:46:06 1667

 Reversed flow on 53 faces (27.5% area) of pressure-outlet 19.

 Reversed flow on 178 faces (35.4% area) of pressure-outlet 18.
  1834  1.1641e-05  9.1306e-08  9.2881e-08  5.8135e-08  0:46:03 1666

 Reversed flow on 53 faces (27.5% area) of pressure-outlet 19.

 Reversed flow on 178 faces (35.4% area) of pressure-outlet 18.
  1835  1.1394e-05  8.9154e-08  8.8035e-08  5.5936e-08  0:46:00 1665

 Reversed flow on 53 faces (27.5% area) of pressure-outlet 19.

 Reversed flow on 178 faces (35.4% area) of pressure-outlet 18.
  1836  1.0891e-05  8.6543e-08  8.4027e-08  5.3624e-08  0:45:59 1664

 Reversed flow on 53 faces (27.5% area) of pressure-outlet 19.

 Reversed flow on 178 faces (35.4% area) of pressure-outlet 18.
  1837  1.0408e-05  8.3628e-08  7.9546e-08  5.1086e-08  0:46:00 1663

 Reversed flow on 53 faces (27.5% area) of pressure-outlet 19.

 Reversed flow on 178 faces (35.4% area) of pressure-outlet 18.

  iter  continuity  x-velocity  y-velocity  z-velocity     time/iter
  1838  9.9358e-06  8.0820e-08  7.5728e-08  4.8572e-08  0:46:02 1662

 Reversed flow on 53 faces (27.5% area) of pressure-outlet 19.

 Reversed flow on 178 faces (35.4% area) of pressure-outlet 18.
  1839  9.6740e-06  7.8695e-08  7.3124e-08  4.6599e-08  0:46:00 1661

 Reversed flow on 53 faces (27.5% area) of pressure-outlet 19.

 Reversed flow on 178 faces (35.4% area) of pressure-outlet 18.
  1840  9.1515e-06  7.6165e-08  7.0540e-08  4.4514e-08  0:45:56 1660

 Reversed flow on 53 faces (27.5% area) of pressure-outlet 19.

 Reversed flow on 178 faces (35.4% area) of pressure-outlet 18.
  1841  8.8681e-06  7.3930e-08  6.8304e-08  4.2506e-08  0:45:57 1659

 Reversed flow on 53 faces (27.5% area) of pressure-outlet 19.

 Reversed flow on 178 faces (35.4% area) of pressure-outlet 18.
  1842  8.6857e-06  7.2038e-08  6.6564e-08  4.0876e-08  0:47:01 1658

 Reversed flow on 53 faces (27.5% area) of pressure-outlet 19.

 Reversed flow on 178 faces (35.4% area) of pressure-outlet 18.
  1843  8.6230e-06  7.0576e-08  6.5368e-08  3.9771e-08  0:47:31 1657

 Reversed flow on 53 faces (27.5% area) of pressure-outlet 19.

 Reversed flow on 178 faces (35.4% area) of pressure-outlet 18.
  1844  8.3515e-06  6.9140e-08  6.5585e-08  3.8713e-08  0:47:53 1656

 Reversed flow on 53 faces (27.5% area) of pressure-outlet 19.

 Reversed flow on 178 faces (35.4% area) of pressure-outlet 18.
  1845  8.3161e-06  6.8260e-08  6.6514e-08  3.7948e-08  0:47:52 1655

 Reversed flow on 53 faces (27.5% area) of pressure-outlet 19.

 Reversed flow on 178 faces (35.4% area) of pressure-outlet 18.
  1846  8.2864e-06  6.7577e-08  6.7711e-08  3.7458e-08  0:48:17 1654

 Reversed flow on 53 faces (27.5% area) of pressure-outlet 19.

 Reversed flow on 178 faces (35.4% area) of pressure-outlet 18.
  1847  8.5075e-06  6.7610e-08  6.9337e-08  3.7496e-08  0:48:05 1653

 Reversed flow on 53 faces (27.5% area) of pressure-outlet 19.

 Reversed flow on 178 faces (35.4% area) of pressure-outlet 18.
  1848  8.5831e-06  6.8041e-08  7.1330e-08  3.7916e-08  0:48:02 1652

 Reversed flow on 53 faces (27.5% area) of pressure-outlet 19.

 Reversed flow on 178 faces (35.4% area) of pressure-outlet 18.

  iter  continuity  x-velocity  y-velocity  z-velocity     time/iter
  1849  8.7711e-06  6.8727e-08  7.3170e-08  3.8590e-08  0:47:54 1651

 Reversed flow on 53 faces (27.5% area) of pressure-outlet 19.

 Reversed flow on 178 faces (35.4% area) of pressure-outlet 18.
  1850  8.9791e-06  6.9635e-08  7.5152e-08  3.9631e-08  0:50:22 1650

 Reversed flow on 53 faces (27.5% area) of pressure-outlet 19.

 Reversed flow on 178 faces (35.4% area) of pressure-outlet 18.
  1851  9.3221e-06  7.1108e-08  7.6968e-08  4.1379e-08  0:53:50 1649

 Reversed flow on 53 faces (27.5% area) of pressure-outlet 19.

 Reversed flow on 178 faces (35.4% area) of pressure-outlet 18.
  1852  9.3563e-06  7.2305e-08  7.9150e-08  4.3036e-08  0:53:30 1648

 Reversed flow on 53 faces (27.5% area) of pressure-outlet 19.

 Reversed flow on 178 faces (35.4% area) of pressure-outlet 18.
  1853  9.5331e-06  7.3791e-08  8.1009e-08  4.4452e-08  0:53:12 1647

 Reversed flow on 53 faces (27.5% area) of pressure-outlet 19.

 Reversed flow on 178 faces (35.4% area) of pressure-outlet 18.
  1854  9.6964e-06  7.5231e-08  8.2394e-08  4.5810e-08  0:52:13 1646

 Reversed flow on 53 faces (27.5% area) of pressure-outlet 19.

 Reversed flow on 178 faces (35.4% area) of pressure-outlet 18.
  1855  9.8155e-06  7.6717e-08  8.2444e-08  4.7059e-08  0:52:14 1645

 Reversed flow on 53 faces (27.5% area) of pressure-outlet 19.

 Reversed flow on 178 faces (35.4% area) of pressure-outlet 18.
  1856  9.6673e-06  7.7470e-08  8.4273e-08  4.7761e-08  0:53:52 1644

 Reversed flow on 53 faces (27.5% area) of pressure-outlet 19.

 Reversed flow on 178 faces (35.4% area) of pressure-outlet 18.
  1857  9.7412e-06  7.8464e-08  8.7325e-08  4.7966e-08  0:53:55 1643

 Reversed flow on 53 faces (27.5% area) of pressure-outlet 19.

 Reversed flow on 178 faces (35.4% area) of pressure-outlet 18.
  1858  9.7049e-06  7.9079e-08  8.9691e-08  4.7897e-08  0:52:29 1642

 Reversed flow on 53 faces (27.5% area) of pressure-outlet 19.

 Reversed flow on 178 faces (35.4% area) of pressure-outlet 18.
  1859  9.7826e-06  8.0044e-08  9.1653e-08  4.8131e-08  0:51:10 1641

 Reversed flow on 53 faces (27.5% area) of pressure-outlet 19.

 Reversed flow on 178 faces (35.4% area) of pressure-outlet 18.

  iter  continuity  x-velocity  y-velocity  z-velocity     time/iter
  1860  9.7258e-06  8.0273e-08  9.3798e-08  4.8490e-08  0:50:08 1640

 Reversed flow on 53 faces (27.5% area) of pressure-outlet 19.

 Reversed flow on 178 faces (35.4% area) of pressure-outlet 18.
  1861  1.0087e-05  8.2755e-08  9.8772e-08  4.8903e-08  0:49:15 1639

 Reversed flow on 53 faces (27.5% area) of pressure-outlet 19.

 Reversed flow on 178 faces (35.4% area) of pressure-outlet 18.
  1862  1.0855e-05  8.6560e-08  1.0490e-07  5.0620e-08  0:48:29 1638

 Reversed flow on 53 faces (27.5% area) of pressure-outlet 19.

 Reversed flow on 178 faces (35.4% area) of pressure-outlet 18.
  1863  1.1692e-05  9.2084e-08  1.0608e-07  5.4537e-08  0:48:43 1637

 Reversed flow on 53 faces (27.5% area) of pressure-outlet 19.

 Reversed flow on 178 faces (35.4% area) of pressure-outlet 18.
  1864  1.2005e-05  9.5988e-08  1.0724e-07  5.8614e-08  0:48:31 1636

 Reversed flow on 53 faces (27.5% area) of pressure-outlet 19.

 Reversed flow on 178 faces (35.4% area) of pressure-outlet 18.
  1865  1.2164e-05  9.8140e-08  1.0653e-07  6.1272e-08  0:47:57 1635

 Reversed flow on 53 faces (27.5% area) of pressure-outlet 19.

 Reversed flow on 178 faces (35.4% area) of pressure-outlet 18.
  1866  1.2119e-05  9.8736e-08  1.0594e-07  6.2608e-08  0:47:56 1634

 Reversed flow on 53 faces (27.5% area) of pressure-outlet 19.

 Reversed flow on 178 faces (35.4% area) of pressure-outlet 18.
  1867  1.2139e-05  9.8494e-08  1.0546e-07  6.3097e-08  0:47:25 1633

 Reversed flow on 53 faces (27.5% area) of pressure-outlet 19.

 Reversed flow on 178 faces (35.4% area) of pressure-outlet 18.
  1868  1.1874e-05  9.6583e-08  1.0382e-07  6.2190e-08  0:48:47 1632

 Reversed flow on 53 faces (27.5% area) of pressure-outlet 19.

 Reversed flow on 178 faces (35.4% area) of pressure-outlet 18.
  1869  1.1771e-05  9.4171e-08  1.0035e-07  6.0387e-08  0:51:03 1631

 Reversed flow on 53 faces (27.5% area) of pressure-outlet 19.

 Reversed flow on 178 faces (35.4% area) of pressure-outlet 18.
  1870  1.1697e-05  9.1822e-08  9.5940e-08  5.8657e-08  0:51:25 1630

 Reversed flow on 53 faces (27.5% area) of pressure-outlet 19.

 Reversed flow on 178 faces (35.4% area) of pressure-outlet 18.

  iter  continuity  x-velocity  y-velocity  z-velocity     time/iter
  1871  1.1694e-05  9.0983e-08  9.1450e-08  5.6908e-08  0:51:44 1629

 Reversed flow on 53 faces (27.5% area) of pressure-outlet 19.

 Reversed flow on 178 faces (35.4% area) of pressure-outlet 18.
  1872  1.1377e-05  9.0220e-08  8.7093e-08  5.4982e-08  0:51:33 1628

 Reversed flow on 53 faces (27.5% area) of pressure-outlet 19.

 Reversed flow on 178 faces (35.4% area) of pressure-outlet 18.
  1873  1.1118e-05  8.9318e-08  8.3236e-08  5.3020e-08  0:52:28 1627

 Reversed flow on 53 faces (27.5% area) of pressure-outlet 19.

 Reversed flow on 178 faces (35.4% area) of pressure-outlet 18.
  1874  1.0822e-05  8.8245e-08  7.9419e-08  5.1034e-08  0:52:24 1626

 Reversed flow on 53 faces (27.5% area) of pressure-outlet 19.

 Reversed flow on 178 faces (35.4% area) of pressure-outlet 18.
  1875  1.0626e-05  8.7011e-08  7.6415e-08  4.9296e-08  0:51:19 1625

 Reversed flow on 53 faces (27.5% area) of pressure-outlet 19.

 Reversed flow on 178 faces (35.4% area) of pressure-outlet 18.
  1876  1.0063e-05  8.4282e-08  7.3756e-08  4.7384e-08  0:50:25 1624

 Reversed flow on 53 faces (27.5% area) of pressure-outlet 19.

 Reversed flow on 178 faces (35.4% area) of pressure-outlet 18.
  1877  9.6942e-06  8.1172e-08  7.1120e-08  4.5333e-08  0:50:03 1623

 Reversed flow on 53 faces (27.5% area) of pressure-outlet 19.

 Reversed flow on 178 faces (35.4% area) of pressure-outlet 18.
  1878  9.3604e-06  7.8248e-08  6.8972e-08  4.3413e-08  0:49:30 1622

 Reversed flow on 53 faces (27.5% area) of pressure-outlet 19.

 Reversed flow on 178 faces (35.4% area) of pressure-outlet 18.
  1879  9.1374e-06  7.5467e-08  6.7050e-08  4.1859e-08  0:49:02 1621

 Reversed flow on 53 faces (27.5% area) of pressure-outlet 19.

 Reversed flow on 178 faces (35.4% area) of pressure-outlet 18.
  1880  8.7258e-06  7.2240e-08  6.5947e-08  4.0417e-08  0:48:19 1620

 Reversed flow on 53 faces (27.5% area) of pressure-outlet 19.

 Reversed flow on 178 faces (35.4% area) of pressure-outlet 18.
  1881  8.5059e-06  6.9414e-08  6.5895e-08  3.9029e-08  0:48:00 1619

 Reversed flow on 53 faces (27.5% area) of pressure-outlet 19.

 Reversed flow on 178 faces (35.4% area) of pressure-outlet 18.

  iter  continuity  x-velocity  y-velocity  z-velocity     time/iter
  1882  8.2556e-06  6.6690e-08  6.6463e-08  3.7909e-08  0:47:20 1618

 Reversed flow on 53 faces (27.5% area) of pressure-outlet 19.

 Reversed flow on 178 faces (35.4% area) of pressure-outlet 18.
  1883  8.2353e-06  6.4956e-08  6.7556e-08  3.7343e-08  0:47:02 1617

 Reversed flow on 53 faces (27.5% area) of pressure-outlet 19.

 Reversed flow on 178 faces (35.4% area) of pressure-outlet 18.
  1884  8.0958e-06  6.3826e-08  6.9070e-08  3.6993e-08  0:46:41 1616

 Reversed flow on 53 faces (27.5% area) of pressure-outlet 19.

 Reversed flow on 178 faces (35.4% area) of pressure-outlet 18.
  1885  8.1347e-06  6.3303e-08  7.0321e-08  3.6878e-08  0:46:13 1615

 Reversed flow on 53 faces (27.5% area) of pressure-outlet 19.

 Reversed flow on 178 faces (35.4% area) of pressure-outlet 18.
  1886  8.2559e-06  6.3403e-08  7.2104e-08  3.7401e-08  0:45:51 1614

 Reversed flow on 53 faces (27.5% area) of pressure-outlet 19.

 Reversed flow on 178 faces (35.4% area) of pressure-outlet 18.
  1887  8.5794e-06  6.4720e-08  7.4199e-08  3.8713e-08  0:45:44 1613

 Reversed flow on 53 faces (27.5% area) of pressure-outlet 19.

 Reversed flow on 178 faces (35.4% area) of pressure-outlet 18.
  1888  8.6356e-06  6.6296e-08  7.5706e-08  4.0215e-08  0:45:40 1612

 Reversed flow on 53 faces (27.5% area) of pressure-outlet 19.

 Reversed flow on 178 faces (35.4% area) of pressure-outlet 18.
  1889  8.9244e-06  6.8714e-08  7.8200e-08  4.1788e-08  0:45:58 1611

 Reversed flow on 53 faces (27.5% area) of pressure-outlet 19.

 Reversed flow on 178 faces (35.4% area) of pressure-outlet 18.
  1890  9.2196e-06  7.1313e-08  8.0369e-08  4.3475e-08  0:45:57 1610

 Reversed flow on 53 faces (27.5% area) of pressure-outlet 19.

 Reversed flow on 178 faces (35.4% area) of pressure-outlet 18.
  1891  9.5271e-06  7.4234e-08  8.1816e-08  4.5222e-08  0:46:03 1609

 Reversed flow on 53 faces (27.5% area) of pressure-outlet 19.

 Reversed flow on 178 faces (35.4% area) of pressure-outlet 18.
  1892  9.5500e-06  7.6793e-08  8.1904e-08  4.6650e-08  0:45:53 1608

 Reversed flow on 53 faces (27.5% area) of pressure-outlet 19.

 Reversed flow on 178 faces (35.4% area) of pressure-outlet 18.

  iter  continuity  x-velocity  y-velocity  z-velocity     time/iter
  1893  9.7714e-06  7.9220e-08  8.5238e-08  4.7599e-08  0:45:49 1607

 Reversed flow on 53 faces (27.5% area) of pressure-outlet 19.

 Reversed flow on 178 faces (35.4% area) of pressure-outlet 18.
  1894  9.9390e-06  8.1256e-08  8.8551e-08  4.8127e-08  0:46:04 1606

 Reversed flow on 53 faces (27.5% area) of pressure-outlet 19.

 Reversed flow on 178 faces (35.4% area) of pressure-outlet 18.
  1895  1.0164e-05  8.3006e-08  9.1292e-08  4.8781e-08  0:45:55 1605

 Reversed flow on 53 faces (27.5% area) of pressure-outlet 19.

 Reversed flow on 178 faces (35.4% area) of pressure-outlet 18.
  1896  1.0114e-05  8.3914e-08  9.3422e-08  4.9228e-08  0:45:44 1604

 Reversed flow on 53 faces (27.5% area) of pressure-outlet 19.

 Reversed flow on 178 faces (35.4% area) of pressure-outlet 18.
  1897  1.0282e-05  8.4819e-08  9.5993e-08  4.9814e-08  0:46:19 1603

 Reversed flow on 53 faces (27.5% area) of pressure-outlet 19.

 Reversed flow on 178 faces (35.4% area) of pressure-outlet 18.
  1898  1.0857e-05  8.8077e-08  1.0191e-07  5.0897e-08  0:47:01 1602

 Reversed flow on 53 faces (27.5% area) of pressure-outlet 19.

 Reversed flow on 178 faces (35.4% area) of pressure-outlet 18.
  1899  1.1827e-05  9.2463e-08  1.0750e-07  5.3382e-08  0:47:14 1601

 Reversed flow on 53 faces (27.5% area) of pressure-outlet 19.

 Reversed flow on 178 faces (35.4% area) of pressure-outlet 18.
  1900  1.2234e-05  9.6786e-08  1.0728e-07  5.7198e-08  0:47:05 1600

 Reversed flow on 53 faces (27.5% area) of pressure-outlet 19.

 Reversed flow on 178 faces (35.4% area) of pressure-outlet 18.
  1901  1.2501e-05  9.9485e-08  1.0777e-07  6.0738e-08  0:46:59 1599

 Reversed flow on 53 faces (27.5% area) of pressure-outlet 19.

 Reversed flow on 178 faces (35.4% area) of pressure-outlet 18.
  1902  1.2514e-05  1.0035e-07  1.0675e-07  6.2837e-08  0:46:51 1598

 Reversed flow on 53 faces (27.5% area) of pressure-outlet 19.

 Reversed flow on 178 faces (35.4% area) of pressure-outlet 18.
  1903  1.2403e-05  9.9904e-08  1.0638e-07  6.3643e-08  0:46:42 1597

 Reversed flow on 53 faces (27.5% area) of pressure-outlet 19.

 Reversed flow on 178 faces (35.4% area) of pressure-outlet 18.

  iter  continuity  x-velocity  y-velocity  z-velocity     time/iter
  1904  1.1987e-05  9.7623e-08  1.0454e-07  6.2977e-08  0:46:16 1596

 Reversed flow on 53 faces (27.5% area) of pressure-outlet 19.

 Reversed flow on 178 faces (35.4% area) of pressure-outlet 18.
  1905  1.1702e-05  9.4328e-08  1.0222e-07  6.1276e-08  0:46:15 1595

 Reversed flow on 53 faces (27.5% area) of pressure-outlet 19.

 Reversed flow on 178 faces (35.4% area) of pressure-outlet 18.
  1906  1.1434e-05  9.0875e-08  9.8259e-08  5.9172e-08  0:45:48 1594

 Reversed flow on 53 faces (27.5% area) of pressure-outlet 19.

 Reversed flow on 178 faces (35.4% area) of pressure-outlet 18.
  1907  1.1332e-05  8.7622e-08  9.3713e-08  5.7250e-08  0:45:48 1593

 Reversed flow on 53 faces (27.5% area) of pressure-outlet 19.

 Reversed flow on 178 faces (35.4% area) of pressure-outlet 18.
  1908  1.0895e-05  8.5663e-08  8.8841e-08  5.4922e-08  0:45:48 1592

 Reversed flow on 53 faces (27.5% area) of pressure-outlet 19.

 Reversed flow on 178 faces (35.4% area) of pressure-outlet 18.
  1909  1.0544e-05  8.4098e-08  8.4556e-08  5.2688e-08  0:45:50 1591

 Reversed flow on 53 faces (27.5% area) of pressure-outlet 19.

 Reversed flow on 178 faces (35.4% area) of pressure-outlet 18.
  1910  1.0230e-05  8.2715e-08  8.0799e-08  5.0694e-08  0:46:04 1590

 Reversed flow on 53 faces (27.5% area) of pressure-outlet 19.

 Reversed flow on 178 faces (35.4% area) of pressure-outlet 18.
  1911  1.0058e-05  8.1644e-08  7.7334e-08  4.8881e-08  0:46:18 1589

 Reversed flow on 53 faces (27.5% area) of pressure-outlet 19.

 Reversed flow on 178 faces (35.4% area) of pressure-outlet 18.
  1912  9.6151e-06  7.9894e-08  7.4333e-08  4.6889e-08  0:46:19 1588

 Reversed flow on 53 faces (27.5% area) of pressure-outlet 19.

 Reversed flow on 178 faces (35.4% area) of pressure-outlet 18.
  1913  9.3709e-06  7.8473e-08  7.1726e-08  4.4986e-08  0:46:28 1587

 Reversed flow on 53 faces (27.5% area) of pressure-outlet 19.

 Reversed flow on 178 faces (35.4% area) of pressure-outlet 18.
  1914  9.2565e-06  7.7416e-08  6.9829e-08  4.3478e-08  0:46:02 1586

 Reversed flow on 53 faces (27.5% area) of pressure-outlet 19.

 Reversed flow on 178 faces (35.4% area) of pressure-outlet 18.

  iter  continuity  x-velocity  y-velocity  z-velocity     time/iter
  1915  9.2320e-06  7.6689e-08  6.8226e-08  4.2252e-08  0:45:40 1585

 Reversed flow on 53 faces (27.5% area) of pressure-outlet 19.

 Reversed flow on 178 faces (35.4% area) of pressure-outlet 18.
  1916  9.0097e-06  7.5467e-08  6.6841e-08  4.1138e-08  0:45:46 1584

 Reversed flow on 53 faces (27.5% area) of pressure-outlet 19.

 Reversed flow on 178 faces (35.4% area) of pressure-outlet 18.
  1917  8.9673e-06  7.4374e-08  6.6574e-08  4.0152e-08  0:45:28 1583

 Reversed flow on 53 faces (27.5% area) of pressure-outlet 19.

 Reversed flow on 178 faces (35.4% area) of pressure-outlet 18.
  1918  8.8673e-06  7.3171e-08  6.7025e-08  3.9302e-08  0:45:50 1582

 Reversed flow on 53 faces (27.5% area) of pressure-outlet 19.

 Reversed flow on 178 faces (35.4% area) of pressure-outlet 18.
  1919  8.9497e-06  7.2679e-08  6.8262e-08  3.9014e-08  0:46:38 1581

 Reversed flow on 53 faces (27.5% area) of pressure-outlet 19.

 Reversed flow on 178 faces (35.4% area) of pressure-outlet 18.
  1920  8.8160e-06  7.1910e-08  6.9980e-08  3.8887e-08  0:46:07 1580

 Reversed flow on 53 faces (27.5% area) of pressure-outlet 19.

 Reversed flow on 178 faces (35.4% area) of pressure-outlet 18.
  1921  8.8203e-06  7.0727e-08  7.1318e-08  3.8641e-08  0:46:14 1579

 Reversed flow on 53 faces (27.5% area) of pressure-outlet 19.

 Reversed flow on 178 faces (35.4% area) of pressure-outlet 18.
  1922  8.8532e-06  6.9550e-08  7.2588e-08  3.8905e-08  0:46:51 1578

 Reversed flow on 53 faces (27.5% area) of pressure-outlet 19.

 Reversed flow on 178 faces (35.4% area) of pressure-outlet 18.
  1923  9.0462e-06  6.9399e-08  7.4581e-08  3.9764e-08  0:47:12 1577

 Reversed flow on 53 faces (27.5% area) of pressure-outlet 19.

 Reversed flow on 178 faces (35.4% area) of pressure-outlet 18.
  1924  8.9271e-06  6.9171e-08  7.6129e-08  4.0778e-08  0:47:34 1576

 Reversed flow on 53 faces (27.5% area) of pressure-outlet 19.

 Reversed flow on 178 faces (35.4% area) of pressure-outlet 18.
  1925  9.0705e-06  6.9431e-08  7.7380e-08  4.1943e-08  0:48:06 1575

 Reversed flow on 53 faces (27.5% area) of pressure-outlet 19.

 Reversed flow on 178 faces (35.4% area) of pressure-outlet 18.

  iter  continuity  x-velocity  y-velocity  z-velocity     time/iter
  1926  9.2300e-06  7.0313e-08  7.9507e-08  4.3284e-08  0:47:48 1574

 Reversed flow on 53 faces (27.5% area) of pressure-outlet 19.

 Reversed flow on 178 faces (35.4% area) of pressure-outlet 18.
  1927  9.4059e-06  7.1377e-08  8.1150e-08  4.4676e-08  0:47:37 1573

 Reversed flow on 53 faces (27.5% area) of pressure-outlet 19.

 Reversed flow on 178 faces (35.4% area) of pressure-outlet 18.
  1928  9.2883e-06  7.2453e-08  8.1743e-08  4.5795e-08  0:48:08 1572

 Reversed flow on 53 faces (27.5% area) of pressure-outlet 19.

 Reversed flow on 178 faces (35.4% area) of pressure-outlet 18.
  1929  9.3232e-06  7.3879e-08  8.2180e-08  4.6548e-08  0:48:09 1571

 Reversed flow on 53 faces (27.5% area) of pressure-outlet 19.

 Reversed flow on 178 faces (35.4% area) of pressure-outlet 18.
  1930  9.3684e-06  7.5299e-08  8.5300e-08  4.6874e-08  0:47:40 1570

 Reversed flow on 53 faces (27.5% area) of pressure-outlet 19.

 Reversed flow on 178 faces (35.4% area) of pressure-outlet 18.
  1931  9.5744e-06  7.6879e-08  8.8466e-08  4.7306e-08  0:47:10 1569

 Reversed flow on 53 faces (27.5% area) of pressure-outlet 19.

 Reversed flow on 178 faces (35.4% area) of pressure-outlet 18.
  1932  9.5128e-06  7.8079e-08  9.0797e-08  4.7586e-08  0:46:34 1568

 Reversed flow on 53 faces (27.5% area) of pressure-outlet 19.

 Reversed flow on 178 faces (35.4% area) of pressure-outlet 18.
  1933  9.5866e-06  7.9381e-08  9.2510e-08  4.7881e-08  0:46:18 1567

 Reversed flow on 53 faces (27.5% area) of pressure-outlet 19.

 Reversed flow on 178 faces (35.4% area) of pressure-outlet 18.
  1934  9.9947e-06  8.2319e-08  9.6989e-08  4.8744e-08  0:46:08 1566

 Reversed flow on 53 faces (27.5% area) of pressure-outlet 19.

 Reversed flow on 178 faces (35.4% area) of pressure-outlet 18.
  1935  1.0945e-05  8.7426e-08  1.0349e-07  5.0598e-08  0:46:07 1565

 Reversed flow on 53 faces (27.5% area) of pressure-outlet 19.

 Reversed flow on 178 faces (35.4% area) of pressure-outlet 18.
  1936  1.1613e-05  9.2711e-08  1.0658e-07  5.3527e-08  0:46:01 1564

 Reversed flow on 53 faces (27.5% area) of pressure-outlet 19.

 Reversed flow on 178 faces (35.4% area) of pressure-outlet 18.

  iter  continuity  x-velocity  y-velocity  z-velocity     time/iter
  1937  1.2269e-05  9.8170e-08  1.0733e-07  5.7791e-08  0:46:02 1563

 Reversed flow on 53 faces (27.5% area) of pressure-outlet 19.

 Reversed flow on 178 faces (35.4% area) of pressure-outlet 18.
  1938  1.2675e-05  1.0201e-07  1.0823e-07  6.1673e-08  0:45:51 1562

 Reversed flow on 53 faces (27.5% area) of pressure-outlet 19.

 Reversed flow on 178 faces (35.4% area) of pressure-outlet 18.
  1939  1.2836e-05  1.0383e-07  1.0733e-07  6.3935e-08  0:45:29 1561

 Reversed flow on 53 faces (27.5% area) of pressure-outlet 19.

 Reversed flow on 178 faces (35.4% area) of pressure-outlet 18.
  1940  1.2578e-05  1.0295e-07  1.0708e-07  6.4466e-08  0:45:34 1560

 Reversed flow on 53 faces (27.5% area) of pressure-outlet 19.

 Reversed flow on 178 faces (35.4% area) of pressure-outlet 18.
  1941  1.2416e-05  1.0111e-07  1.0557e-07  6.3919e-08  0:45:05 1559

 Reversed flow on 53 faces (27.5% area) of pressure-outlet 19.

 Reversed flow on 178 faces (35.4% area) of pressure-outlet 18.
  1942  1.2175e-05  9.8106e-08  1.0310e-07  6.2526e-08  0:44:43 1558

 Reversed flow on 53 faces (27.5% area) of pressure-outlet 19.

 Reversed flow on 178 faces (35.4% area) of pressure-outlet 18.
  1943  1.2136e-05  9.4994e-08  9.8834e-08  6.0752e-08  0:44:44 1557

 Reversed flow on 53 faces (27.5% area) of pressure-outlet 19.

 Reversed flow on 178 faces (35.4% area) of pressure-outlet 18.
  1944  1.1752e-05  9.1609e-08  9.3860e-08  5.8557e-08  0:44:50 1556

 Reversed flow on 53 faces (27.5% area) of pressure-outlet 19.

 Reversed flow on 178 faces (35.4% area) of pressure-outlet 18.
  1945  1.1331e-05  8.9376e-08  8.8642e-08  5.6038e-08  0:44:40 1555

 Reversed flow on 53 faces (27.5% area) of pressure-outlet 19.

 Reversed flow on 178 faces (35.4% area) of pressure-outlet 18.
  1946  1.0942e-05  8.7152e-08  8.4641e-08  5.3759e-08  0:45:16 1554

 Reversed flow on 53 faces (27.5% area) of pressure-outlet 19.

 Reversed flow on 178 faces (35.4% area) of pressure-outlet 18.
  1947  1.0670e-05  8.5046e-08  8.0761e-08  5.1659e-08  0:45:43 1553

 Reversed flow on 53 faces (27.5% area) of pressure-outlet 19.

 Reversed flow on 178 faces (35.4% area) of pressure-outlet 18.

  iter  continuity  x-velocity  y-velocity  z-velocity     time/iter
  1948  1.0044e-05  8.2401e-08  7.6742e-08  4.9138e-08  0:46:04 1552

 Reversed flow on 53 faces (27.5% area) of pressure-outlet 19.

 Reversed flow on 178 faces (35.4% area) of pressure-outlet 18.
  1949  9.6079e-06  7.9698e-08  7.3480e-08  4.6708e-08  0:46:28 1551

 Reversed flow on 53 faces (27.5% area) of pressure-outlet 19.

 Reversed flow on 178 faces (35.4% area) of pressure-outlet 18.
  1950  9.2560e-06  7.7178e-08  7.0937e-08  4.4593e-08  0:47:11 1550

 Reversed flow on 53 faces (27.5% area) of pressure-outlet 19.

 Reversed flow on 178 faces (35.4% area) of pressure-outlet 18.
  1951  9.0510e-06  7.5182e-08  6.8970e-08  4.2910e-08  0:47:21 1549

 Reversed flow on 53 faces (27.5% area) of pressure-outlet 19.

 Reversed flow on 178 faces (35.4% area) of pressure-outlet 18.
  1952  8.6450e-06  7.2833e-08  6.7238e-08  4.1211e-08  0:47:43 1548

 Reversed flow on 53 faces (27.5% area) of pressure-outlet 19.

 Reversed flow on 178 faces (35.4% area) of pressure-outlet 18.
  1953  8.4671e-06  7.0642e-08  6.5791e-08  3.9810e-08  0:47:06 1547

 Reversed flow on 53 faces (27.5% area) of pressure-outlet 19.

 Reversed flow on 178 faces (35.4% area) of pressure-outlet 18.
  1954  8.2405e-06  6.8520e-08  6.5634e-08  3.8582e-08  0:46:43 1546

 Reversed flow on 53 faces (27.5% area) of pressure-outlet 19.

 Reversed flow on 178 faces (35.4% area) of pressure-outlet 18.
  1955  8.2206e-06  6.7309e-08  6.6368e-08  3.7920e-08  0:46:13 1545

 Reversed flow on 53 faces (27.5% area) of pressure-outlet 19.

 Reversed flow on 178 faces (35.4% area) of pressure-outlet 18.
  1956  8.0808e-06  6.6328e-08  6.7845e-08  3.7553e-08  0:45:35 1544

 Reversed flow on 53 faces (27.5% area) of pressure-outlet 19.

 Reversed flow on 178 faces (35.4% area) of pressure-outlet 18.
  1957  8.1460e-06  6.5809e-08  6.9220e-08  3.7161e-08  0:45:26 1543

 Reversed flow on 53 faces (27.5% area) of pressure-outlet 19.

 Reversed flow on 178 faces (35.4% area) of pressure-outlet 18.
  1958  8.3387e-06  6.6011e-08  7.0722e-08  3.7253e-08  0:44:49 1542

 Reversed flow on 53 faces (27.5% area) of pressure-outlet 19.

 Reversed flow on 178 faces (35.4% area) of pressure-outlet 18.

  iter  continuity  x-velocity  y-velocity  z-velocity     time/iter
  1959  8.7315e-06  6.7380e-08  7.2763e-08  3.8270e-08  0:44:21 1541

 Reversed flow on 53 faces (27.5% area) of pressure-outlet 19.

 Reversed flow on 178 faces (35.4% area) of pressure-outlet 18.
  1960  8.8254e-06  6.8786e-08  7.5068e-08  3.9436e-08  0:43:57 1540

 Reversed flow on 53 faces (27.5% area) of pressure-outlet 19.

 Reversed flow on 178 faces (35.4% area) of pressure-outlet 18.
  1961  9.1156e-06  7.0691e-08  7.6720e-08  4.0890e-08  0:43:37 1539

 Reversed flow on 53 faces (27.5% area) of pressure-outlet 19.

 Reversed flow on 178 faces (35.4% area) of pressure-outlet 18.
  1962  9.4872e-06  7.3027e-08  7.8793e-08  4.2694e-08  0:43:36 1538

 Reversed flow on 53 faces (27.5% area) of pressure-outlet 19.

 Reversed flow on 178 faces (35.4% area) of pressure-outlet 18.
  1963  9.8570e-06  7.5751e-08  8.1135e-08  4.4629e-08  0:43:23 1537

 Reversed flow on 53 faces (27.5% area) of pressure-outlet 19.

 Reversed flow on 178 faces (35.4% area) of pressure-outlet 18.
  1964  9.9430e-06  7.8221e-08  8.3001e-08  4.6308e-08  0:43:41 1536

 Reversed flow on 53 faces (27.5% area) of pressure-outlet 19.

 Reversed flow on 178 faces (35.4% area) of pressure-outlet 18.
  1965  1.0063e-05  8.0202e-08  8.3426e-08  4.7671e-08  0:43:55 1535

 Reversed flow on 53 faces (27.5% area) of pressure-outlet 19.

 Reversed flow on 178 faces (35.4% area) of pressure-outlet 18.
  1966  1.0047e-05  8.1089e-08  8.4675e-08  4.8498e-08  0:43:58 1534

 Reversed flow on 53 faces (27.5% area) of pressure-outlet 19.

 Reversed flow on 178 faces (35.4% area) of pressure-outlet 18.
  1967  1.0192e-05  8.2069e-08  8.8060e-08  4.9103e-08  0:44:10 1533

 Reversed flow on 53 faces (27.5% area) of pressure-outlet 19.

 Reversed flow on 178 faces (35.4% area) of pressure-outlet 18.
  1968  1.0045e-05  8.2228e-08  9.0678e-08  4.9198e-08  0:44:19 1532

 Reversed flow on 53 faces (27.5% area) of pressure-outlet 19.

 Reversed flow on 178 faces (35.4% area) of pressure-outlet 18.
  1969  9.9445e-06  8.2103e-08  9.2186e-08  4.9034e-08  0:44:24 1531

 Reversed flow on 53 faces (27.5% area) of pressure-outlet 19.

 Reversed flow on 178 faces (35.4% area) of pressure-outlet 18.

  iter  continuity  x-velocity  y-velocity  z-velocity     time/iter
  1970  9.9834e-06  8.2083e-08  9.4084e-08  4.9356e-08  0:44:20 1530

 Reversed flow on 53 faces (27.5% area) of pressure-outlet 19.

 Reversed flow on 178 faces (35.4% area) of pressure-outlet 18.
  1971  1.0478e-05  8.4280e-08  9.9294e-08  5.0171e-08  0:44:15 1529

 Reversed flow on 53 faces (27.5% area) of pressure-outlet 19.

 Reversed flow on 178 faces (35.4% area) of pressure-outlet 18.
  1972  1.0983e-05  8.7053e-08  1.0489e-07  5.1440e-08  0:43:59 1528

 Reversed flow on 53 faces (27.5% area) of pressure-outlet 19.

 Reversed flow on 178 faces (35.4% area) of pressure-outlet 18.
  1973  1.1588e-05  9.1373e-08  1.0599e-07  5.4351e-08  0:44:12 1527

 Reversed flow on 53 faces (27.5% area) of pressure-outlet 19.

 Reversed flow on 178 faces (35.4% area) of pressure-outlet 18.
  1974  1.2090e-05  9.5737e-08  1.0717e-07  5.8542e-08  0:44:12 1526

 Reversed flow on 53 faces (27.5% area) of pressure-outlet 19.

 Reversed flow on 178 faces (35.4% area) of pressure-outlet 18.
  1975  1.2372e-05  9.8436e-08  1.0728e-07  6.1729e-08  0:44:20 1525

 Reversed flow on 53 faces (27.5% area) of pressure-outlet 19.

 Reversed flow on 178 faces (35.4% area) of pressure-outlet 18.
  1976  1.2129e-05  9.8449e-08  1.0593e-07  6.2909e-08  0:44:27 1524

 Reversed flow on 53 faces (27.5% area) of pressure-outlet 19.

 Reversed flow on 178 faces (35.4% area) of pressure-outlet 18.
  1977  1.1993e-05  9.7523e-08  1.0526e-07  6.3018e-08  0:44:34 1523

 Reversed flow on 53 faces (27.5% area) of pressure-outlet 19.

 Reversed flow on 178 faces (35.4% area) of pressure-outlet 18.
  1978  1.1845e-05  9.6372e-08  1.0409e-07  6.2432e-08  0:44:55 1522

 Reversed flow on 53 faces (27.5% area) of pressure-outlet 19.

 Reversed flow on 178 faces (35.4% area) of pressure-outlet 18.
  1979  1.1858e-05  9.4532e-08  1.0141e-07  6.1095e-08  0:44:48 1521

 Reversed flow on 53 faces (27.5% area) of pressure-outlet 19.

 Reversed flow on 178 faces (35.4% area) of pressure-outlet 18.
  1980  1.1662e-05  9.1917e-08  9.6935e-08  5.9268e-08  0:45:06 1520

 Reversed flow on 53 faces (27.5% area) of pressure-outlet 19.

 Reversed flow on 178 faces (35.4% area) of pressure-outlet 18.

  iter  continuity  x-velocity  y-velocity  z-velocity     time/iter
  1981  1.1457e-05  9.0348e-08  9.2113e-08  5.7201e-08  0:45:00 1519

 Reversed flow on 53 faces (27.5% area) of pressure-outlet 19.

 Reversed flow on 178 faces (35.4% area) of pressure-outlet 18.
  1982  1.1238e-05  8.9720e-08  8.7763e-08  5.5280e-08  0:44:50 1518

 Reversed flow on 53 faces (27.5% area) of pressure-outlet 19.

 Reversed flow on 178 faces (35.4% area) of pressure-outlet 18.
  1983  1.1176e-05  8.9298e-08  8.4555e-08  5.3758e-08  0:44:46 1517

 Reversed flow on 53 faces (27.5% area) of pressure-outlet 19.

 Reversed flow on 178 faces (35.4% area) of pressure-outlet 18.
  1984  1.0714e-05  8.7741e-08  8.0614e-08  5.1778e-08  0:44:55 1516

 Reversed flow on 53 faces (27.5% area) of pressure-outlet 19.

 Reversed flow on 178 faces (35.4% area) of pressure-outlet 18.
  1985  1.0375e-05  8.5765e-08  7.6983e-08  4.9578e-08  0:44:40 1515

 Reversed flow on 53 faces (27.5% area) of pressure-outlet 19.

 Reversed flow on 178 faces (35.4% area) of pressure-outlet 18.
  1986  1.0080e-05  8.3623e-08  7.4525e-08  4.7724e-08  0:44:23 1514

 Reversed flow on 53 faces (27.5% area) of pressure-outlet 19.

 Reversed flow on 178 faces (35.4% area) of pressure-outlet 18.
  1987  9.8861e-06  8.1540e-08  7.2286e-08  4.6141e-08  0:44:02 1513

 Reversed flow on 53 faces (27.5% area) of pressure-outlet 19.

 Reversed flow on 178 faces (35.4% area) of pressure-outlet 18.
  1988  9.4778e-06  7.9148e-08  7.0233e-08  4.4374e-08  0:43:29 1512

 Reversed flow on 53 faces (27.5% area) of pressure-outlet 19.

 Reversed flow on 178 faces (35.4% area) of pressure-outlet 18.
  1989  9.2472e-06  7.6687e-08  6.8288e-08  4.2659e-08  0:43:07 1511

 Reversed flow on 53 faces (27.5% area) of pressure-outlet 19.

 Reversed flow on 178 faces (35.4% area) of pressure-outlet 18.
  1990  8.9385e-06  7.3740e-08  6.6770e-08  4.1097e-08  0:42:58 1510

 Reversed flow on 53 faces (27.5% area) of pressure-outlet 19.

 Reversed flow on 178 faces (35.4% area) of pressure-outlet 18.
  1991  8.7737e-06  7.1175e-08  6.6636e-08  3.9899e-08  0:42:41 1509

 Reversed flow on 53 faces (27.5% area) of pressure-outlet 19.

 Reversed flow on 178 faces (35.4% area) of pressure-outlet 18.

  iter  continuity  x-velocity  y-velocity  z-velocity     time/iter
  1992  8.4278e-06  6.8821e-08  6.7453e-08  3.8910e-08  0:42:25 1508

 Reversed flow on 53 faces (27.5% area) of pressure-outlet 19.

 Reversed flow on 178 faces (35.4% area) of pressure-outlet 18.
  1993  8.2635e-06  6.6950e-08  6.8220e-08  3.7931e-08  0:42:13 1507

 Reversed flow on 53 faces (27.5% area) of pressure-outlet 19.

 Reversed flow on 178 faces (35.4% area) of pressure-outlet 18.
  1994  8.2073e-06  6.5414e-08  6.9198e-08  3.7255e-08  0:42:00 1506

 Reversed flow on 53 faces (27.5% area) of pressure-outlet 19.

 Reversed flow on 178 faces (35.4% area) of pressure-outlet 18.
  1995  8.3874e-06  6.4950e-08  7.0684e-08  3.7349e-08  0:41:49 1505

 Reversed flow on 53 faces (27.5% area) of pressure-outlet 19.

 Reversed flow on 178 faces (35.4% area) of pressure-outlet 18.
  1996  8.2926e-06  6.4789e-08  7.2563e-08  3.7850e-08  0:41:42 1504

 Reversed flow on 53 faces (27.5% area) of pressure-outlet 19.

 Reversed flow on 178 faces (35.4% area) of pressure-outlet 18.
  1997  8.4144e-06  6.5205e-08  7.4411e-08  3.8598e-08  0:41:37 1503

 Reversed flow on 53 faces (27.5% area) of pressure-outlet 19.

 Reversed flow on 178 faces (35.4% area) of pressure-outlet 18.
  1998  8.6089e-06  6.6170e-08  7.5894e-08  3.9974e-08  0:41:31 1502

 Reversed flow on 53 faces (27.5% area) of pressure-outlet 19.

 Reversed flow on 178 faces (35.4% area) of pressure-outlet 18.
  1999  8.9142e-06  6.8049e-08  7.8207e-08  4.1736e-08  0:41:26 1501

 Reversed flow on 53 faces (27.5% area) of pressure-outlet 19.

 Reversed flow on 178 faces (35.4% area) of pressure-outlet 18.
  2000  8.9715e-06  7.0021e-08  8.0369e-08  4.3375e-08  0:41:34 1500

 Reversed flow on 53 faces (27.5% area) of pressure-outlet 19.

 Reversed flow on 178 faces (35.4% area) of pressure-outlet 18.
  2001  9.2270e-06  7.2314e-08  8.1811e-08  4.4842e-08  0:41:35 1499

 Reversed flow on 53 faces (27.5% area) of pressure-outlet 19.

 Reversed flow on 178 faces (35.4% area) of pressure-outlet 18.
  2002  9.3675e-06  7.4545e-08  8.1749e-08  4.6078e-08  0:41:44 1498

 Reversed flow on 53 faces (27.5% area) of pressure-outlet 19.

 Reversed flow on 178 faces (35.4% area) of pressure-outlet 18.

  iter  continuity  x-velocity  y-velocity  z-velocity     time/iter
  2003  9.6696e-06  7.7212e-08  8.4495e-08  4.7257e-08  0:41:47 1497

 Reversed flow on 53 faces (27.5% area) of pressure-outlet 19.

 Reversed flow on 178 faces (35.4% area) of pressure-outlet 18.
  2004  9.7870e-06  7.9767e-08  8.8045e-08  4.7992e-08  0:41:37 1496

 Reversed flow on 53 faces (27.5% area) of pressure-outlet 19.

 Reversed flow on 178 faces (35.4% area) of pressure-outlet 18.
  2005  9.9306e-06  8.1589e-08  9.0510e-08  4.8306e-08  0:41:29 1495

 Reversed flow on 53 faces (27.5% area) of pressure-outlet 19.

 Reversed flow on 178 faces (35.4% area) of pressure-outlet 18.
  2006  1.0087e-05  8.3556e-08  9.2625e-08  4.8780e-08  0:41:24 1494

 Reversed flow on 53 faces (27.5% area) of pressure-outlet 19.

 Reversed flow on 178 faces (35.4% area) of pressure-outlet 18.
  2007  1.0522e-05  8.5855e-08  9.5587e-08  5.0001e-08  0:41:24 1493

 Reversed flow on 53 faces (27.5% area) of pressure-outlet 19.

 Reversed flow on 178 faces (35.4% area) of pressure-outlet 18.
  2008  1.0942e-05  8.9527e-08  1.0128e-07  5.0991e-08  0:41:20 1492

 Reversed flow on 53 faces (27.5% area) of pressure-outlet 19.

 Reversed flow on 178 faces (35.4% area) of pressure-outlet 18.
  2009  1.1808e-05  9.4247e-08  1.0721e-07  5.2929e-08  0:43:07 1491

 Reversed flow on 53 faces (27.5% area) of pressure-outlet 19.

 Reversed flow on 178 faces (35.4% area) of pressure-outlet 18.
  2010  1.2492e-05  9.9697e-08  1.0777e-07  5.7067e-08  0:42:43 1490

 Reversed flow on 53 faces (27.5% area) of pressure-outlet 19.

 Reversed flow on 178 faces (35.4% area) of pressure-outlet 18.
  2011  1.2973e-05  1.0346e-07  1.0918e-07  6.1435e-08  0:42:22 1489

 Reversed flow on 53 faces (27.5% area) of pressure-outlet 19.

 Reversed flow on 178 faces (35.4% area) of pressure-outlet 18.
  2012  1.2840e-05  1.0396e-07  1.0803e-07  6.3753e-08  0:42:07 1488

 Reversed flow on 53 faces (27.5% area) of pressure-outlet 19.

 Reversed flow on 178 faces (35.4% area) of pressure-outlet 18.
  2013  1.2599e-05  1.0269e-07  1.0688e-07  6.4382e-08  0:41:53 1487

 Reversed flow on 53 faces (27.5% area) of pressure-outlet 19.

 Reversed flow on 178 faces (35.4% area) of pressure-outlet 18.

  iter  continuity  x-velocity  y-velocity  z-velocity     time/iter
  2014  1.2322e-05  1.0062e-07  1.0562e-07  6.4241e-08  0:41:59 1486

 Reversed flow on 53 faces (27.5% area) of pressure-outlet 19.

 Reversed flow on 178 faces (35.4% area) of pressure-outlet 18.
  2015  1.2195e-05  9.7772e-08  1.0410e-07  6.3240e-08  0:41:53 1485

 Reversed flow on 53 faces (27.5% area) of pressure-outlet 19.

 Reversed flow on 178 faces (35.4% area) of pressure-outlet 18.
  2016  1.1810e-05  9.3442e-08  1.0012e-07  6.1035e-08  0:42:07 1484

 Reversed flow on 53 faces (27.5% area) of pressure-outlet 19.

 Reversed flow on 178 faces (35.4% area) of pressure-outlet 18.
  2017  1.1500e-05  8.9102e-08  9.4970e-08  5.8672e-08  0:41:56 1483

 Reversed flow on 53 faces (27.5% area) of pressure-outlet 19.

 Reversed flow on 178 faces (35.4% area) of pressure-outlet 18.
  2018  1.1158e-05  8.6868e-08  9.0014e-08  5.6243e-08  0:42:57 1482

 Reversed flow on 53 faces (27.5% area) of pressure-outlet 19.

 Reversed flow on 178 faces (35.4% area) of pressure-outlet 18.
  2019  1.0936e-05  8.5448e-08  8.5851e-08  5.4146e-08  0:43:19 1481

 Reversed flow on 53 faces (27.5% area) of pressure-outlet 19.

 Reversed flow on 178 faces (35.4% area) of pressure-outlet 18.
  2020  1.0401e-05  8.3432e-08  8.1816e-08  5.1880e-08  0:43:29 1480

 Reversed flow on 53 faces (27.5% area) of pressure-outlet 19.

 Reversed flow on 178 faces (35.4% area) of pressure-outlet 18.
  2021  1.0011e-05  8.1472e-08  7.7628e-08  4.9475e-08  0:43:03 1479

 Reversed flow on 53 faces (27.5% area) of pressure-outlet 19.

 Reversed flow on 178 faces (35.4% area) of pressure-outlet 18.
  2022  9.7107e-06  7.9690e-08  7.4519e-08  4.7330e-08  0:42:51 1478

 Reversed flow on 53 faces (27.5% area) of pressure-outlet 19.

 Reversed flow on 178 faces (35.4% area) of pressure-outlet 18.
  2023  9.5381e-06  7.8558e-08  7.2192e-08  4.5639e-08  0:43:14 1477

 Reversed flow on 53 faces (27.5% area) of pressure-outlet 19.

 Reversed flow on 178 faces (35.4% area) of pressure-outlet 18.
  2024  9.2175e-06  7.7127e-08  7.0151e-08  4.4003e-08  0:44:45 1476

 Reversed flow on 53 faces (27.5% area) of pressure-outlet 19.

 Reversed flow on 178 faces (35.4% area) of pressure-outlet 18.

  iter  continuity  x-velocity  y-velocity  z-velocity     time/iter
  2025  9.0791e-06  7.6094e-08  6.8402e-08  4.2408e-08  0:44:28 1475

 Reversed flow on 53 faces (27.5% area) of pressure-outlet 19.

 Reversed flow on 178 faces (35.4% area) of pressure-outlet 18.
  2026  8.9206e-06  7.4726e-08  6.6831e-08  4.1075e-08  0:43:44 1474

 Reversed flow on 53 faces (27.5% area) of pressure-outlet 19.

 Reversed flow on 178 faces (35.4% area) of pressure-outlet 18.
  2027  8.9262e-06  7.3578e-08  6.6403e-08  4.0245e-08  0:43:31 1473

 Reversed flow on 53 faces (27.5% area) of pressure-outlet 19.

 Reversed flow on 178 faces (35.4% area) of pressure-outlet 18.
  2028  8.7208e-06  7.2313e-08  6.7120e-08  3.9536e-08  0:43:12 1472

 Reversed flow on 53 faces (27.5% area) of pressure-outlet 19.

 Reversed flow on 178 faces (35.4% area) of pressure-outlet 18.
  2029  8.6382e-06  7.1060e-08  6.8110e-08  3.8833e-08  0:42:57 1471

 Reversed flow on 53 faces (27.5% area) of pressure-outlet 19.

 Reversed flow on 178 faces (35.4% area) of pressure-outlet 18.
  2030  8.6416e-06  6.9849e-08  6.9367e-08  3.8436e-08  0:42:47 1470

 Reversed flow on 53 faces (27.5% area) of pressure-outlet 19.

 Reversed flow on 178 faces (35.4% area) of pressure-outlet 18.
  2031  8.8589e-06  6.9335e-08  7.1023e-08  3.8542e-08  0:42:31 1469

 Reversed flow on 53 faces (27.5% area) of pressure-outlet 19.

 Reversed flow on 178 faces (35.4% area) of pressure-outlet 18.
  2032  8.7859e-06  6.8832e-08  7.2584e-08  3.8927e-08  0:42:22 1468

 Reversed flow on 53 faces (27.5% area) of pressure-outlet 19.

 Reversed flow on 178 faces (35.4% area) of pressure-outlet 18.
  2033  8.9139e-06  6.8895e-08  7.4415e-08  3.9495e-08  0:42:03 1467

 Reversed flow on 53 faces (27.5% area) of pressure-outlet 19.

 Reversed flow on 178 faces (35.4% area) of pressure-outlet 18.
  2034  9.0511e-06  6.9262e-08  7.6051e-08  4.0514e-08  0:42:06 1466

 Reversed flow on 53 faces (27.5% area) of pressure-outlet 19.

 Reversed flow on 178 faces (35.4% area) of pressure-outlet 18.
  2035  9.2478e-06  6.9976e-08  7.7264e-08  4.1936e-08  0:41:44 1465

 Reversed flow on 53 faces (27.5% area) of pressure-outlet 19.

 Reversed flow on 178 faces (35.4% area) of pressure-outlet 18.

  iter  continuity  x-velocity  y-velocity  z-velocity     time/iter
  2036  9.2110e-06  7.0858e-08  7.9611e-08  4.3344e-08  0:41:43 1464

 Reversed flow on 53 faces (27.5% area) of pressure-outlet 19.

 Reversed flow on 178 faces (35.4% area) of pressure-outlet 18.
  2037  9.3460e-06  7.2058e-08  8.1246e-08  4.4526e-08  0:41:50 1463

 Reversed flow on 53 faces (27.5% area) of pressure-outlet 19.

 Reversed flow on 178 faces (35.4% area) of pressure-outlet 18.
  2038  9.3702e-06  7.3276e-08  8.1782e-08  4.5516e-08  0:41:31 1462

 Reversed flow on 53 faces (27.5% area) of pressure-outlet 19.

 Reversed flow on 178 faces (35.4% area) of pressure-outlet 18.
  2039  9.4837e-06  7.4880e-08  8.1836e-08  4.6514e-08  0:41:58 1461

 Reversed flow on 53 faces (27.5% area) of pressure-outlet 19.

 Reversed flow on 178 faces (35.4% area) of pressure-outlet 18.
  2040  9.4067e-06  7.6098e-08  8.5096e-08  4.7065e-08  0:41:37 1460

 Reversed flow on 53 faces (27.5% area) of pressure-outlet 19.

 Reversed flow on 178 faces (35.4% area) of pressure-outlet 18.
  2041  9.4407e-06  7.7128e-08  8.7934e-08  4.7105e-08  0:42:48 1459

 Reversed flow on 53 faces (27.5% area) of pressure-outlet 19.

 Reversed flow on 178 faces (35.4% area) of pressure-outlet 18.
  2042  9.4478e-06  7.7970e-08  9.0222e-08  4.7231e-08  0:42:44 1458

 Reversed flow on 53 faces (27.5% area) of pressure-outlet 19.

 Reversed flow on 178 faces (35.4% area) of pressure-outlet 18.
  2043  9.6504e-06  7.9291e-08  9.2574e-08  4.7857e-08  0:42:09 1457

 Reversed flow on 53 faces (27.5% area) of pressure-outlet 19.

 Reversed flow on 178 faces (35.4% area) of pressure-outlet 18.
  2044  9.7479e-06  8.0832e-08  9.6038e-08  4.8551e-08  0:41:44 1456

 Reversed flow on 53 faces (27.5% area) of pressure-outlet 19.

 Reversed flow on 178 faces (35.4% area) of pressure-outlet 18.
  2045  1.0404e-05  8.4600e-08  1.0167e-07  4.9657e-08  0:41:23 1455

 Reversed flow on 53 faces (27.5% area) of pressure-outlet 19.

 Reversed flow on 178 faces (35.4% area) of pressure-outlet 18.
  2046  1.1314e-05  8.9708e-08  1.0622e-07  5.2352e-08  0:41:07 1454

 Reversed flow on 53 faces (27.5% area) of pressure-outlet 19.

 Reversed flow on 178 faces (35.4% area) of pressure-outlet 18.

  iter  continuity  x-velocity  y-velocity  z-velocity     time/iter
  2047  1.2131e-05  9.5774e-08  1.0710e-07  5.6876e-08  0:40:52 1453

 Reversed flow on 53 faces (27.5% area) of pressure-outlet 19.

 Reversed flow on 178 faces (35.4% area) of pressure-outlet 18.
  2048  1.2405e-05  9.9579e-08  1.0784e-07  6.0701e-08  0:40:44 1452

 Reversed flow on 53 faces (27.5% area) of pressure-outlet 19.

 Reversed flow on 178 faces (35.4% area) of pressure-outlet 18.
  2049  1.2539e-05  1.0154e-07  1.0658e-07  6.2757e-08  0:40:39 1451

 Reversed flow on 53 faces (27.5% area) of pressure-outlet 19.

 Reversed flow on 178 faces (35.4% area) of pressure-outlet 18.
  2050  1.2479e-05  1.0194e-07  1.0663e-07  6.3747e-08  0:40:38 1450

 Reversed flow on 53 faces (27.5% area) of pressure-outlet 19.

 Reversed flow on 178 faces (35.4% area) of pressure-outlet 18.
  2051  1.2564e-05  1.0172e-07  1.0571e-07  6.3876e-08  0:40:36 1449

 Reversed flow on 53 faces (27.5% area) of pressure-outlet 19.

 Reversed flow on 178 faces (35.4% area) of pressure-outlet 18.
  2052  1.2343e-05  9.9522e-08  1.0347e-07  6.2637e-08  0:43:16 1448

 Reversed flow on 53 faces (27.5% area) of pressure-outlet 19.

 Reversed flow on 178 faces (35.4% area) of pressure-outlet 18.
  2053  1.2202e-05  9.6851e-08  9.9168e-08  6.0721e-08  0:47:03 1447

 Reversed flow on 53 faces (27.5% area) of pressure-outlet 19.

 Reversed flow on 178 faces (35.4% area) of pressure-outlet 18.
  2054  1.2045e-05  9.4634e-08  9.4621e-08  5.8915e-08  0:47:08 1446

 Reversed flow on 53 faces (27.5% area) of pressure-outlet 19.

 Reversed flow on 178 faces (35.4% area) of pressure-outlet 18.
  2055  1.1874e-05  9.3298e-08  9.0165e-08  5.7069e-08  0:45:59 1445

 Reversed flow on 53 faces (27.5% area) of pressure-outlet 19.

 Reversed flow on 178 faces (35.4% area) of pressure-outlet 18.
  2056  1.1308e-05  9.0766e-08  8.5868e-08  5.4851e-08  0:45:04 1444

 Reversed flow on 53 faces (27.5% area) of pressure-outlet 19.

 Reversed flow on 178 faces (35.4% area) of pressure-outlet 18.
  2057  1.0842e-05  8.7852e-08  8.1489e-08  5.2427e-08  0:45:17 1443

 Reversed flow on 53 faces (27.5% area) of pressure-outlet 19.

 Reversed flow on 178 faces (35.4% area) of pressure-outlet 18.

  iter  continuity  x-velocity  y-velocity  z-velocity     time/iter
  2058  1.0377e-05  8.4979e-08  7.7512e-08  4.9984e-08  0:45:05 1442

 Reversed flow on 53 faces (27.5% area) of pressure-outlet 19.

 Reversed flow on 178 faces (35.4% area) of pressure-outlet 18.
  2059  1.0052e-05  8.2169e-08  7.4493e-08  4.7930e-08  0:45:34 1441

 Reversed flow on 53 faces (27.5% area) of pressure-outlet 19.

 Reversed flow on 178 faces (35.4% area) of pressure-outlet 18.
  2060  9.5171e-06  7.8970e-08  7.1653e-08  4.5753e-08  0:44:33 1440

 Reversed flow on 53 faces (27.5% area) of pressure-outlet 19.

 Reversed flow on 178 faces (35.4% area) of pressure-outlet 18.
  2061  9.2194e-06  7.6020e-08  6.9332e-08  4.3697e-08  0:43:40 1439

 Reversed flow on 53 faces (27.5% area) of pressure-outlet 19.

 Reversed flow on 178 faces (35.4% area) of pressure-outlet 18.
  2062  8.8605e-06  7.3156e-08  6.7192e-08  4.1731e-08  0:42:59 1438

 Reversed flow on 53 faces (27.5% area) of pressure-outlet 19.

 Reversed flow on 178 faces (35.4% area) of pressure-outlet 18.
  2063  8.6997e-06  7.0867e-08  6.5479e-08  4.0307e-08  0:42:30 1437

 Reversed flow on 53 faces (27.5% area) of pressure-outlet 19.

 Reversed flow on 178 faces (35.4% area) of pressure-outlet 18.
  2064  8.3189e-06  6.8461e-08  6.5292e-08  3.9003e-08  0:42:35 1436

 Reversed flow on 53 faces (27.5% area) of pressure-outlet 19.

 Reversed flow on 178 faces (35.4% area) of pressure-outlet 18.
  2065  8.0893e-06  6.6336e-08  6.5569e-08  3.7728e-08  0:42:19 1435

 Reversed flow on 53 faces (27.5% area) of pressure-outlet 19.

 Reversed flow on 178 faces (35.4% area) of pressure-outlet 18.
  2066  7.9964e-06  6.4769e-08  6.6495e-08  3.6932e-08  0:42:00 1434

 Reversed flow on 53 faces (27.5% area) of pressure-outlet 19.

 Reversed flow on 178 faces (35.4% area) of pressure-outlet 18.
  2067  8.1784e-06  6.4359e-08  6.8071e-08  3.6783e-08  0:41:43 1433

 Reversed flow on 53 faces (27.5% area) of pressure-outlet 19.

 Reversed flow on 178 faces (35.4% area) of pressure-outlet 18.
  2068  8.1541e-06  6.4443e-08  6.9796e-08  3.6791e-08  0:41:34 1432

 Reversed flow on 53 faces (27.5% area) of pressure-outlet 19.

 Reversed flow on 178 faces (35.4% area) of pressure-outlet 18.

  iter  continuity  x-velocity  y-velocity  z-velocity     time/iter
  2069  8.3732e-06  6.5258e-08  7.1531e-08  3.7325e-08  0:41:10 1431

 Reversed flow on 53 faces (27.5% area) of pressure-outlet 19.

 Reversed flow on 178 faces (35.4% area) of pressure-outlet 18.
  2070  8.6345e-06  6.6720e-08  7.3821e-08  3.8369e-08  0:41:05 1430

 Reversed flow on 53 faces (27.5% area) of pressure-outlet 19.

 Reversed flow on 178 faces (35.4% area) of pressure-outlet 18.
  2071  8.9641e-06  6.8748e-08  7.5777e-08  4.0024e-08  0:41:04 1429

 Reversed flow on 53 faces (27.5% area) of pressure-outlet 19.

 Reversed flow on 178 faces (35.4% area) of pressure-outlet 18.
  2072  9.1097e-06  7.0788e-08  7.7860e-08  4.1852e-08  0:41:15 1428

 Reversed flow on 53 faces (27.5% area) of pressure-outlet 19.

 Reversed flow on 178 faces (35.4% area) of pressure-outlet 18.
  2073  9.4268e-06  7.3327e-08  8.0341e-08  4.3634e-08  0:40:51 1427

 Reversed flow on 53 faces (27.5% area) of pressure-outlet 19.

 Reversed flow on 178 faces (35.4% area) of pressure-outlet 18.
  2074  9.6343e-06  7.5398e-08  8.2093e-08  4.5185e-08  0:40:43 1426

 Reversed flow on 53 faces (27.5% area) of pressure-outlet 19.

 Reversed flow on 178 faces (35.4% area) of pressure-outlet 18.
  2075  9.8985e-06  7.7611e-08  8.2892e-08  4.6823e-08  0:40:26 1425

 Reversed flow on 53 faces (27.5% area) of pressure-outlet 19.

 Reversed flow on 178 faces (35.4% area) of pressure-outlet 18.
  2076  9.8624e-06  7.9185e-08  8.4060e-08  4.8024e-08  0:40:13 1424

 Reversed flow on 53 faces (27.5% area) of pressure-outlet 19.

 Reversed flow on 178 faces (35.4% area) of pressure-outlet 18.
  2077  9.9569e-06  8.0572e-08  8.7217e-08  4.8464e-08  0:40:18 1423

 Reversed flow on 53 faces (27.5% area) of pressure-outlet 19.

 Reversed flow on 178 faces (35.4% area) of pressure-outlet 18.
  2078  1.0024e-05  8.1466e-08  8.9959e-08  4.8649e-08  0:41:53 1422

 Reversed flow on 53 faces (27.5% area) of pressure-outlet 19.

 Reversed flow on 178 faces (35.4% area) of pressure-outlet 18.
  2079  1.0161e-05  8.2485e-08  9.2310e-08  4.9057e-08  0:41:47 1421

 Reversed flow on 53 faces (27.5% area) of pressure-outlet 19.

 Reversed flow on 178 faces (35.4% area) of pressure-outlet 18.

  iter  continuity  x-velocity  y-velocity  z-velocity     time/iter
  2080  9.9823e-06  8.2398e-08  9.3966e-08  4.9314e-08  0:42:11 1420

 Reversed flow on 53 faces (27.5% area) of pressure-outlet 19.

 Reversed flow on 178 faces (35.4% area) of pressure-outlet 18.
  2081  1.0244e-05  8.3759e-08  9.8092e-08  4.9653e-08  0:43:01 1419

 Reversed flow on 53 faces (27.5% area) of pressure-outlet 19.

 Reversed flow on 178 faces (35.4% area) of pressure-outlet 18.
  2082  1.0937e-05  8.7189e-08  1.0395e-07  5.0910e-08  0:42:32 1418

 Reversed flow on 53 faces (27.5% area) of pressure-outlet 19.

 Reversed flow on 178 faces (35.4% area) of pressure-outlet 18.
  2083  1.1716e-05  9.2082e-08  1.0645e-07  5.3958e-08  0:42:21 1417

 Reversed flow on 53 faces (27.5% area) of pressure-outlet 19.

 Reversed flow on 178 faces (35.4% area) of pressure-outlet 18.
  2084  1.2057e-05  9.5961e-08  1.0698e-07  5.7845e-08  0:42:00 1416

 Reversed flow on 53 faces (27.5% area) of pressure-outlet 19.

 Reversed flow on 178 faces (35.4% area) of pressure-outlet 18.
  2085  1.2249e-05  9.8102e-08  1.0686e-07  6.0788e-08  0:41:21 1415

 Reversed flow on 53 faces (27.5% area) of pressure-outlet 19.

 Reversed flow on 178 faces (35.4% area) of pressure-outlet 18.
  2086  1.2122e-05  9.8575e-08  1.0556e-07  6.2311e-08  0:40:49 1414

 Reversed flow on 53 faces (27.5% area) of pressure-outlet 19.

 Reversed flow on 178 faces (35.4% area) of pressure-outlet 18.
  2087  1.2070e-05  9.7781e-08  1.0566e-07  6.2839e-08  0:40:25 1413

 Reversed flow on 53 faces (27.5% area) of pressure-outlet 19.

 Reversed flow on 178 faces (35.4% area) of pressure-outlet 18.
  2088  1.1754e-05  9.5587e-08  1.0410e-07  6.2096e-08  0:40:29 1412

 Reversed flow on 53 faces (27.5% area) of pressure-outlet 19.

 Reversed flow on 178 faces (35.4% area) of pressure-outlet 18.
  2089  1.1491e-05  9.2587e-08  1.0103e-07  6.0356e-08  0:40:19 1411

 Reversed flow on 53 faces (27.5% area) of pressure-outlet 19.

 Reversed flow on 178 faces (35.4% area) of pressure-outlet 18.
  2090  1.1363e-05  8.9710e-08  9.6656e-08  5.8467e-08  0:39:59 1410

 Reversed flow on 53 faces (27.5% area) of pressure-outlet 19.

 Reversed flow on 178 faces (35.4% area) of pressure-outlet 18.

  iter  continuity  x-velocity  y-velocity  z-velocity     time/iter
  2091  1.1360e-05  8.8014e-08  9.2306e-08  5.6704e-08  0:39:43 1409

 Reversed flow on 53 faces (27.5% area) of pressure-outlet 19.

 Reversed flow on 178 faces (35.4% area) of pressure-outlet 18.
  2092  1.0955e-05  8.6816e-08  8.7491e-08  5.4595e-08  0:39:31 1408

 Reversed flow on 53 faces (27.5% area) of pressure-outlet 19.

 Reversed flow on 178 faces (35.4% area) of pressure-outlet 18.
  2093  1.0726e-05  8.6041e-08  8.3631e-08  5.2545e-08  0:39:19 1407

 Reversed flow on 53 faces (27.5% area) of pressure-outlet 19.

 Reversed flow on 178 faces (35.4% area) of pressure-outlet 18.
  2094  1.0515e-05  8.5254e-08  7.9911e-08  5.0676e-08  0:39:52 1406

 Reversed flow on 53 faces (27.5% area) of pressure-outlet 19.

 Reversed flow on 178 faces (35.4% area) of pressure-outlet 18.
  2095  1.0356e-05  8.4446e-08  7.6633e-08  4.8931e-08  0:39:36 1405

 Reversed flow on 53 faces (27.5% area) of pressure-outlet 19.

 Reversed flow on 178 faces (35.4% area) of pressure-outlet 18.
  2096  9.9962e-06  8.3094e-08  7.3994e-08  4.7146e-08  0:39:25 1404

 Reversed flow on 53 faces (27.5% area) of pressure-outlet 19.

 Reversed flow on 178 faces (35.4% area) of pressure-outlet 18.
  2097  9.8340e-06  8.1888e-08  7.1681e-08  4.5453e-08  0:39:12 1403

 Reversed flow on 53 faces (27.5% area) of pressure-outlet 19.

 Reversed flow on 178 faces (35.4% area) of pressure-outlet 18.
  2098  9.6320e-06  8.0604e-08  6.9756e-08  4.3886e-08  0:39:04 1402

 Reversed flow on 53 faces (27.5% area) of pressure-outlet 19.

 Reversed flow on 178 faces (35.4% area) of pressure-outlet 18.
  2099  9.5678e-06  7.9614e-08  6.8172e-08  4.2677e-08  0:38:57 1401

 Reversed flow on 53 faces (27.5% area) of pressure-outlet 19.

 Reversed flow on 178 faces (35.4% area) of pressure-outlet 18.
  2100  9.2133e-06  7.7158e-08  6.7082e-08  4.1600e-08  0:38:50 1400

 Reversed flow on 53 faces (27.5% area) of pressure-outlet 19.

 Reversed flow on 178 faces (35.4% area) of pressure-outlet 18.
  2101  8.9021e-06  7.4173e-08  6.6757e-08  4.0215e-08  0:38:43 1399

 Reversed flow on 53 faces (27.5% area) of pressure-outlet 19.

 Reversed flow on 178 faces (35.4% area) of pressure-outlet 18.

  iter  continuity  x-velocity  y-velocity  z-velocity     time/iter
  2102  8.6359e-06  7.1273e-08  6.7085e-08  3.9063e-08  0:38:37 1398

 Reversed flow on 53 faces (27.5% area) of pressure-outlet 19.

 Reversed flow on 178 faces (35.4% area) of pressure-outlet 18.
  2103  8.6036e-06  6.9153e-08  6.8103e-08  3.8481e-08  0:38:34 1397

 Reversed flow on 53 faces (27.5% area) of pressure-outlet 19.

 Reversed flow on 178 faces (35.4% area) of pressure-outlet 18.
  2104  8.3718e-06  6.7100e-08  6.9348e-08  3.7957e-08  0:38:31 1396

 Reversed flow on 53 faces (27.5% area) of pressure-outlet 19.

 Reversed flow on 178 faces (35.4% area) of pressure-outlet 18.
  2105  8.4119e-06  6.5718e-08  7.0517e-08  3.7627e-08  0:38:29 1395

 Reversed flow on 53 faces (27.5% area) of pressure-outlet 19.

 Reversed flow on 178 faces (35.4% area) of pressure-outlet 18.
  2106  8.5023e-06  6.4921e-08  7.2083e-08  3.7991e-08  0:38:26 1394

 Reversed flow on 53 faces (27.5% area) of pressure-outlet 19.

 Reversed flow on 178 faces (35.4% area) of pressure-outlet 18.
  2107  8.6513e-06  6.5075e-08  7.3942e-08  3.8857e-08  0:38:24 1393

 Reversed flow on 53 faces (27.5% area) of pressure-outlet 19.

 Reversed flow on 178 faces (35.4% area) of pressure-outlet 18.
  2108  8.5907e-06  6.5647e-08  7.5416e-08  4.0039e-08  0:38:21 1392

 Reversed flow on 53 faces (27.5% area) of pressure-outlet 19.

 Reversed flow on 178 faces (35.4% area) of pressure-outlet 18.
  2109  8.7863e-06  6.6935e-08  7.7330e-08  4.1352e-08  0:38:19 1391

 Reversed flow on 53 faces (27.5% area) of pressure-outlet 19.

 Reversed flow on 178 faces (35.4% area) of pressure-outlet 18.
  2110  8.9139e-06  6.8428e-08  7.9216e-08  4.2672e-08  0:38:16 1390

 Reversed flow on 53 faces (27.5% area) of pressure-outlet 19.

 Reversed flow on 178 faces (35.4% area) of pressure-outlet 18.
  2111  9.2075e-06  7.0618e-08  8.0868e-08  4.4242e-08  0:38:15 1389

 Reversed flow on 53 faces (27.5% area) of pressure-outlet 19.

 Reversed flow on 178 faces (35.4% area) of pressure-outlet 18.
  2112  9.2382e-06  7.2900e-08  8.1378e-08  4.5655e-08  0:38:14 1388

 Reversed flow on 53 faces (27.5% area) of pressure-outlet 19.

 Reversed flow on 178 faces (35.4% area) of pressure-outlet 18.

  iter  continuity  x-velocity  y-velocity  z-velocity     time/iter
  2113  9.3635e-06  7.5139e-08  8.3141e-08  4.6464e-08  0:38:13 1387

 Reversed flow on 53 faces (27.5% area) of pressure-outlet 19.

 Reversed flow on 178 faces (35.4% area) of pressure-outlet 18.
  2114  9.5699e-06  7.7701e-08  8.6635e-08  4.7084e-08  0:38:12 1386

 Reversed flow on 53 faces (27.5% area) of pressure-outlet 19.

 Reversed flow on 178 faces (35.4% area) of pressure-outlet 18.
  2115  9.8770e-06  8.0209e-08  8.9926e-08  4.7835e-08  0:38:08 1385

 Reversed flow on 53 faces (27.5% area) of pressure-outlet 19.

 Reversed flow on 178 faces (35.4% area) of pressure-outlet 18.
  2116  9.8170e-06  8.1858e-08  9.2063e-08  4.8286e-08  0:38:06 1384

 Reversed flow on 53 faces (27.5% area) of pressure-outlet 19.

 Reversed flow on 178 faces (35.4% area) of pressure-outlet 18.
  2117  1.0022e-05  8.3354e-08  9.4285e-08  4.8981e-08  0:38:04 1383

 Reversed flow on 53 faces (27.5% area) of pressure-outlet 19.

 Reversed flow on 178 faces (35.4% area) of pressure-outlet 18.
  2118  1.0585e-05  8.7005e-08  9.9942e-08  5.0081e-08  0:38:03 1382

 Reversed flow on 53 faces (27.5% area) of pressure-outlet 19.

 Reversed flow on 178 faces (35.4% area) of pressure-outlet 18.
  2119  1.1552e-05  9.1774e-08  1.0642e-07  5.2271e-08  0:38:23 1381

 Reversed flow on 53 faces (27.5% area) of pressure-outlet 19.

 Reversed flow on 178 faces (35.4% area) of pressure-outlet 18.
  2120  1.2127e-05  9.6721e-08  1.0730e-07  5.5872e-08  0:38:19 1380

 Reversed flow on 53 faces (27.5% area) of pressure-outlet 19.

 Reversed flow on 178 faces (35.4% area) of pressure-outlet 18.
  2121  1.2647e-05  1.0071e-07  1.0841e-07  6.0043e-08  0:38:14 1379

 Reversed flow on 53 faces (27.5% area) of pressure-outlet 19.

 Reversed flow on 178 faces (35.4% area) of pressure-outlet 18.
  2122  1.2793e-05  1.0281e-07  1.0812e-07  6.2999e-08  0:38:09 1378

 Reversed flow on 53 faces (27.5% area) of pressure-outlet 19.

 Reversed flow on 178 faces (35.4% area) of pressure-outlet 18.
  2123  1.2799e-05  1.0299e-07  1.0732e-07  6.4390e-08  0:38:05 1377

 Reversed flow on 53 faces (27.5% area) of pressure-outlet 19.

 Reversed flow on 178 faces (35.4% area) of pressure-outlet 18.

  iter  continuity  x-velocity  y-velocity  z-velocity     time/iter
  2124  1.2444e-05  1.0099e-07  1.0620e-07  6.4283e-08  0:37:59 1376

 Reversed flow on 53 faces (27.5% area) of pressure-outlet 19.

 Reversed flow on 178 faces (35.4% area) of pressure-outlet 18.
  2125  1.2110e-05  9.7973e-08  1.0421e-07  6.3070e-08  0:37:58 1375

 Reversed flow on 53 faces (27.5% area) of pressure-outlet 19.

 Reversed flow on 178 faces (35.4% area) of pressure-outlet 18.
  2126  1.1819e-05  9.4098e-08  1.0076e-07  6.1046e-08  0:37:55 1374

 Reversed flow on 53 faces (27.5% area) of pressure-outlet 19.

 Reversed flow on 178 faces (35.4% area) of pressure-outlet 18.
  2127  1.1741e-05  9.0682e-08  9.6184e-08  5.9015e-08  0:37:57 1373

 Reversed flow on 53 faces (27.5% area) of pressure-outlet 19.

 Reversed flow on 178 faces (35.4% area) of pressure-outlet 18.
  2128  1.1226e-05  8.7856e-08  9.0921e-08  5.6513e-08  0:38:47 1372

 Reversed flow on 53 faces (27.5% area) of pressure-outlet 19.

 Reversed flow on 178 faces (35.4% area) of pressure-outlet 18.
  2129  1.0812e-05  8.5701e-08  8.5974e-08  5.3900e-08  0:39:14 1371

 Reversed flow on 53 faces (27.5% area) of pressure-outlet 19.

 Reversed flow on 178 faces (35.4% area) of pressure-outlet 18.
  2130  1.0460e-05  8.3859e-08  8.2260e-08  5.1724e-08  0:39:09 1370

 Reversed flow on 53 faces (27.5% area) of pressure-outlet 19.

 Reversed flow on 178 faces (35.4% area) of pressure-outlet 18.
  2131  1.0153e-05  8.2112e-08  7.8479e-08  4.9668e-08  0:39:15 1369

 Reversed flow on 53 faces (27.5% area) of pressure-outlet 19.

 Reversed flow on 178 faces (35.4% area) of pressure-outlet 18.
  2132  9.6149e-06  7.9627e-08  7.5004e-08  4.7386e-08  0:39:30 1368

 Reversed flow on 53 faces (27.5% area) of pressure-outlet 19.

 Reversed flow on 178 faces (35.4% area) of pressure-outlet 18.
  2133  9.3024e-06  7.7554e-08  7.2408e-08  4.5365e-08  0:39:16 1367

 Reversed flow on 53 faces (27.5% area) of pressure-outlet 19.

 Reversed flow on 178 faces (35.4% area) of pressure-outlet 18.
  2134  9.0154e-06  7.5684e-08  7.0121e-08  4.3610e-08  0:39:02 1366

 Reversed flow on 53 faces (27.5% area) of pressure-outlet 19.

 Reversed flow on 178 faces (35.4% area) of pressure-outlet 18.

  iter  continuity  x-velocity  y-velocity  z-velocity     time/iter
  2135  8.9347e-06  7.4454e-08  6.8366e-08  4.2189e-08  0:39:01 1365

 Reversed flow on 53 faces (27.5% area) of pressure-outlet 19.

 Reversed flow on 178 faces (35.4% area) of pressure-outlet 18.
  2136  8.6891e-06  7.2990e-08  6.6980e-08  4.0922e-08  0:40:50 1364

 Reversed flow on 53 faces (27.5% area) of pressure-outlet 19.

 Reversed flow on 178 faces (35.4% area) of pressure-outlet 18.
  2137  8.5545e-06  7.1441e-08  6.5976e-08  3.9690e-08  0:40:36 1363

 Reversed flow on 53 faces (27.5% area) of pressure-outlet 19.

 Reversed flow on 178 faces (35.4% area) of pressure-outlet 18.
  2138  8.4703e-06  7.0298e-08  6.6146e-08  3.8719e-08  0:40:30 1362

 Reversed flow on 53 faces (27.5% area) of pressure-outlet 19.

 Reversed flow on 178 faces (35.4% area) of pressure-outlet 18.
  2139  8.6002e-06  6.9925e-08  6.7377e-08  3.8406e-08  0:40:03 1361

 Reversed flow on 53 faces (27.5% area) of pressure-outlet 19.

 Reversed flow on 178 faces (35.4% area) of pressure-outlet 18.
  2140  8.4968e-06  6.9445e-08  6.8889e-08  3.8193e-08  0:39:36 1360

 Reversed flow on 53 faces (27.5% area) of pressure-outlet 19.

 Reversed flow on 178 faces (35.4% area) of pressure-outlet 18.
  2141  8.6727e-06  6.9536e-08  7.0356e-08  3.8049e-08  0:39:41 1359

 Reversed flow on 53 faces (27.5% area) of pressure-outlet 19.

 Reversed flow on 178 faces (35.4% area) of pressure-outlet 18.
  2142  8.9283e-06  7.0092e-08  7.2030e-08  3.8510e-08  0:39:11 1358

 Reversed flow on 53 faces (27.5% area) of pressure-outlet 19.

 Reversed flow on 178 faces (35.4% area) of pressure-outlet 18.
  2143  9.2354e-06  7.1393e-08  7.4144e-08  3.9580e-08  0:39:09 1357

 Reversed flow on 53 faces (27.5% area) of pressure-outlet 19.

 Reversed flow on 178 faces (35.4% area) of pressure-outlet 18.
  2144  9.2629e-06  7.2610e-08  7.6265e-08  4.0839e-08  0:38:55 1356

 Reversed flow on 53 faces (27.5% area) of pressure-outlet 19.

 Reversed flow on 178 faces (35.4% area) of pressure-outlet 18.
  2145  9.4331e-06  7.3334e-08  7.7665e-08  4.2287e-08  0:38:57 1355

 Reversed flow on 53 faces (27.5% area) of pressure-outlet 19.

 Reversed flow on 178 faces (35.4% area) of pressure-outlet 18.

  iter  continuity  x-velocity  y-velocity  z-velocity     time/iter
  2146  9.5209e-06  7.3886e-08  7.9727e-08  4.3675e-08  0:38:37 1354

 Reversed flow on 53 faces (27.5% area) of pressure-outlet 19.

 Reversed flow on 178 faces (35.4% area) of pressure-outlet 18.
  2147  9.7051e-06  7.4797e-08  8.1490e-08  4.5145e-08  0:38:23 1353

 Reversed flow on 53 faces (27.5% area) of pressure-outlet 19.

 Reversed flow on 178 faces (35.4% area) of pressure-outlet 18.
  2148  9.6329e-06  7.5571e-08  8.2623e-08  4.6403e-08  0:38:11 1352

 Reversed flow on 53 faces (27.5% area) of pressure-outlet 19.

 Reversed flow on 178 faces (35.4% area) of pressure-outlet 18.
  2149  9.6187e-06  7.6306e-08  8.1894e-08  4.7173e-08  0:38:09 1351

 Reversed flow on 53 faces (27.5% area) of pressure-outlet 19.

 Reversed flow on 178 faces (35.4% area) of pressure-outlet 18.
  2150  9.6383e-06  7.6897e-08  8.4598e-08  4.7620e-08  0:38:04 1350

 Reversed flow on 53 faces (27.5% area) of pressure-outlet 19.

 Reversed flow on 178 faces (35.4% area) of pressure-outlet 18.
  2151  9.8298e-06  7.7968e-08  8.7951e-08  4.8064e-08  0:37:52 1349

 Reversed flow on 53 faces (27.5% area) of pressure-outlet 19.

 Reversed flow on 178 faces (35.4% area) of pressure-outlet 18.
  2152  9.6067e-06  7.8159e-08  9.0109e-08  4.8023e-08  0:37:46 1348

 Reversed flow on 53 faces (27.5% area) of pressure-outlet 19.

 Reversed flow on 178 faces (35.4% area) of pressure-outlet 18.
  2153  9.5602e-06  7.8654e-08  9.1647e-08  4.7911e-08  0:37:42 1347

 Reversed flow on 53 faces (27.5% area) of pressure-outlet 19.

 Reversed flow on 178 faces (35.4% area) of pressure-outlet 18.
  2154  9.7262e-06  7.9736e-08  9.4333e-08  4.8457e-08  0:37:56 1346

 Reversed flow on 53 faces (27.5% area) of pressure-outlet 19.

 Reversed flow on 178 faces (35.4% area) of pressure-outlet 18.
  2155  1.0374e-05  8.3423e-08  1.0051e-07  4.9610e-08  0:39:54 1345

 Reversed flow on 53 faces (27.5% area) of pressure-outlet 19.

 Reversed flow on 178 faces (35.4% area) of pressure-outlet 18.
  2156  1.1079e-05  8.7517e-08  1.0607e-07  5.1637e-08  0:40:43 1344

 Reversed flow on 53 faces (27.5% area) of pressure-outlet 19.

 Reversed flow on 178 faces (35.4% area) of pressure-outlet 18.

  iter  continuity  x-velocity  y-velocity  z-velocity     time/iter
  2157  1.1802e-05  9.3171e-08  1.0603e-07  5.5611e-08  0:40:26 1343

 Reversed flow on 53 faces (27.5% area) of pressure-outlet 19.

 Reversed flow on 178 faces (35.4% area) of pressure-outlet 18.
  2158  1.2239e-05  9.7836e-08  1.0737e-07  5.9777e-08  0:40:12 1342

 Reversed flow on 53 faces (27.5% area) of pressure-outlet 19.

 Reversed flow on 178 faces (35.4% area) of pressure-outlet 18.
  2159  1.2548e-05  1.0073e-07  1.0694e-07  6.2580e-08  0:39:49 1341

 Reversed flow on 53 faces (27.5% area) of pressure-outlet 19.

 Reversed flow on 178 faces (35.4% area) of pressure-outlet 18.
  2160  1.2353e-05  1.0100e-07  1.0655e-07  6.3571e-08  0:39:26 1340

 Reversed flow on 53 faces (27.5% area) of pressure-outlet 19.

 Reversed flow on 178 faces (35.4% area) of pressure-outlet 18.
  2161  1.2215e-05  1.0033e-07  1.0525e-07  6.3477e-08  0:39:06 1339

 Reversed flow on 53 faces (27.5% area) of pressure-outlet 19.

 Reversed flow on 178 faces (35.4% area) of pressure-outlet 18.
  2162  1.2105e-05  9.8650e-08  1.0381e-07  6.2609e-08  0:38:59 1338

 Reversed flow on 53 faces (27.5% area) of pressure-outlet 19.

 Reversed flow on 178 faces (35.4% area) of pressure-outlet 18.
  2163  1.2172e-05  9.6516e-08  1.0045e-07  6.1170e-08  0:38:35 1337

 Reversed flow on 53 faces (27.5% area) of pressure-outlet 19.

 Reversed flow on 178 faces (35.4% area) of pressure-outlet 18.
  2164  1.1867e-05  9.3283e-08  9.5694e-08  5.9334e-08  0:38:24 1336

 Reversed flow on 53 faces (27.5% area) of pressure-outlet 19.

 Reversed flow on 178 faces (35.4% area) of pressure-outlet 18.
  2165  1.1599e-05  9.1612e-08  9.0710e-08  5.7070e-08  0:38:08 1335

 Reversed flow on 53 faces (27.5% area) of pressure-outlet 19.

 Reversed flow on 178 faces (35.4% area) of pressure-outlet 18.
  2166  1.1320e-05  9.0036e-08  8.6735e-08  5.5087e-08  0:38:14 1334

 Reversed flow on 53 faces (27.5% area) of pressure-outlet 19.

 Reversed flow on 178 faces (35.4% area) of pressure-outlet 18.
  2167  1.1088e-05  8.8496e-08  8.3047e-08  5.3241e-08  0:39:41 1333

 Reversed flow on 53 faces (27.5% area) of pressure-outlet 19.

 Reversed flow on 178 faces (35.4% area) of pressure-outlet 18.

  iter  continuity  x-velocity  y-velocity  z-velocity     time/iter
  2168  1.0531e-05  8.5994e-08  7.8949e-08  5.0927e-08  0:39:49 1332

 Reversed flow on 53 faces (27.5% area) of pressure-outlet 19.

 Reversed flow on 178 faces (35.4% area) of pressure-outlet 18.
  2169  1.0133e-05  8.3267e-08  7.5557e-08  4.8561e-08  0:40:09 1331

 Reversed flow on 53 faces (27.5% area) of pressure-outlet 19.

 Reversed flow on 178 faces (35.4% area) of pressure-outlet 18.
  2170  9.6886e-06  8.0384e-08  7.2733e-08  4.6397e-08  0:39:36 1330

 Reversed flow on 53 faces (27.5% area) of pressure-outlet 19.

 Reversed flow on 178 faces (35.4% area) of pressure-outlet 18.
  2171  9.4764e-06  7.7840e-08  7.0482e-08  4.4588e-08  0:39:14 1329

 Reversed flow on 53 faces (27.5% area) of pressure-outlet 19.

 Reversed flow on 178 faces (35.4% area) of pressure-outlet 18.
  2172  9.0492e-06  7.5397e-08  6.8527e-08  4.2723e-08  0:38:50 1328

 Reversed flow on 53 faces (27.5% area) of pressure-outlet 19.

 Reversed flow on 178 faces (35.4% area) of pressure-outlet 18.
  2173  8.7319e-06  7.2813e-08  6.6450e-08  4.0905e-08  0:38:42 1327

 Reversed flow on 53 faces (27.5% area) of pressure-outlet 19.

 Reversed flow on 178 faces (35.4% area) of pressure-outlet 18.
  2174  8.4510e-06  7.0068e-08  6.5644e-08  3.9334e-08  0:38:31 1326

 Reversed flow on 53 faces (27.5% area) of pressure-outlet 19.

 Reversed flow on 178 faces (35.4% area) of pressure-outlet 18.
  2175  8.3686e-06  6.8175e-08  6.6106e-08  3.8368e-08  0:38:10 1325

 Reversed flow on 53 faces (27.5% area) of pressure-outlet 19.

 Reversed flow on 178 faces (35.4% area) of pressure-outlet 18.
  2176  8.0416e-06  6.6260e-08  6.7232e-08  3.7580e-08  0:37:56 1324

 Reversed flow on 53 faces (27.5% area) of pressure-outlet 19.

 Reversed flow on 178 faces (35.4% area) of pressure-outlet 18.
  2177  8.0026e-06  6.4880e-08  6.8477e-08  3.6961e-08  0:37:57 1323

 Reversed flow on 53 faces (27.5% area) of pressure-outlet 19.

 Reversed flow on 178 faces (35.4% area) of pressure-outlet 18.
  2178  8.1157e-06  6.4265e-08  7.0016e-08  3.6834e-08  0:39:34 1322

 Reversed flow on 53 faces (27.5% area) of pressure-outlet 19.

 Reversed flow on 178 faces (35.4% area) of pressure-outlet 18.

  iter  continuity  x-velocity  y-velocity  z-velocity     time/iter
  2179  8.3434e-06  6.4697e-08  7.1653e-08  3.7500e-08  0:43:08 1321

 Reversed flow on 53 faces (27.5% area) of pressure-outlet 19.

 Reversed flow on 178 faces (35.4% area) of pressure-outlet 18.
  2180  8.3909e-06  6.5489e-08  7.3932e-08  3.8433e-08  0:44:25 1320

 Reversed flow on 53 faces (27.5% area) of pressure-outlet 19.

 Reversed flow on 178 faces (35.4% area) of pressure-outlet 18.
  2181  8.6634e-06  6.7003e-08  7.5834e-08  3.9709e-08  0:47:41 1319

 Reversed flow on 53 faces (27.5% area) of pressure-outlet 19.

 Reversed flow on 178 faces (35.4% area) of pressure-outlet 18.
  2182  8.9246e-06  6.8759e-08  7.7382e-08  4.1279e-08  0:49:20 1318

 Reversed flow on 53 faces (27.5% area) of pressure-outlet 19.

 Reversed flow on 178 faces (35.4% area) of pressure-outlet 18.
  2183  9.3426e-06  7.1698e-08  7.9937e-08  4.3223e-08  0:49:27 1317

 Reversed flow on 53 faces (27.5% area) of pressure-outlet 19.

 Reversed flow on 178 faces (35.4% area) of pressure-outlet 18.
  2184  9.5231e-06  7.4366e-08  8.2118e-08  4.5044e-08  0:49:40 1316

 Reversed flow on 53 faces (27.5% area) of pressure-outlet 19.

 Reversed flow on 178 faces (35.4% area) of pressure-outlet 18.
  2185  9.7390e-06  7.6942e-08  8.2831e-08  4.6456e-08  0:49:39 1315

 Reversed flow on 53 faces (27.5% area) of pressure-outlet 19.

 Reversed flow on 178 faces (35.4% area) of pressure-outlet 18.
  2186  9.9302e-06  7.9530e-08  8.3413e-08  4.7646e-08  0:49:36 1314

 Reversed flow on 53 faces (27.5% area) of pressure-outlet 19.

 Reversed flow on 178 faces (35.4% area) of pressure-outlet 18.
  2187  1.0307e-05  8.2406e-08  8.7204e-08  4.8783e-08  0:49:38 1313

 Reversed flow on 53 faces (27.5% area) of pressure-outlet 19.

 Reversed flow on 178 faces (35.4% area) of pressure-outlet 18.
  2188  1.0299e-05  8.4299e-08  9.0296e-08  4.9258e-08  0:49:42 1312

 Reversed flow on 53 faces (27.5% area) of pressure-outlet 19.

 Reversed flow on 178 faces (35.4% area) of pressure-outlet 18.
  2189  1.0327e-05  8.5645e-08  9.2399e-08  4.9496e-08  0:50:14 1311

 Reversed flow on 53 faces (27.5% area) of pressure-outlet 19.

 Reversed flow on 178 faces (35.4% area) of pressure-outlet 18.

  iter  continuity  x-velocity  y-velocity  z-velocity     time/iter
  2190  1.0353e-05  8.6106e-08  9.4393e-08  4.9994e-08  0:50:13 1310

 Reversed flow on 53 faces (27.5% area) of pressure-outlet 19.

 Reversed flow on 178 faces (35.4% area) of pressure-outlet 18.
  2191  1.0676e-05  8.7495e-08  9.8599e-08  5.0853e-08  0:50:08 1309

 Reversed flow on 53 faces (27.5% area) of pressure-outlet 19.

 Reversed flow on 178 faces (35.4% area) of pressure-outlet 18.
  2192  1.1103e-05  8.9926e-08  1.0404e-07  5.1859e-08  0:49:55 1308

 Reversed flow on 53 faces (27.5% area) of pressure-outlet 19.

 Reversed flow on 178 faces (35.4% area) of pressure-outlet 18.
  2193  1.1791e-05  9.3463e-08  1.0682e-07  5.4231e-08  0:49:51 1307

 Reversed flow on 53 faces (27.5% area) of pressure-outlet 19.

 Reversed flow on 178 faces (35.4% area) of pressure-outlet 18.
  2194  1.2288e-05  9.7520e-08  1.0746e-07  5.8251e-08  0:49:57 1306

 Reversed flow on 53 faces (27.5% area) of pressure-outlet 19.

 Reversed flow on 178 faces (35.4% area) of pressure-outlet 18.
  2195  1.2652e-05  1.0006e-07  1.0808e-07  6.1884e-08  0:49:55 1305

 Reversed flow on 53 faces (27.5% area) of pressure-outlet 19.

 Reversed flow on 178 faces (35.4% area) of pressure-outlet 18.
  2196  1.2423e-05  9.9802e-08  1.0639e-07  6.3378e-08  0:49:50 1304

 Reversed flow on 53 faces (27.5% area) of pressure-outlet 19.

 Reversed flow on 178 faces (35.4% area) of pressure-outlet 18.
  2197  1.2128e-05  9.8284e-08  1.0579e-07  6.3517e-08  0:50:23 1303

 Reversed flow on 53 faces (27.5% area) of pressure-outlet 19.

 Reversed flow on 178 faces (35.4% area) of pressure-outlet 18.
  2198  1.1882e-05  9.6398e-08  1.0437e-07  6.2889e-08  0:50:11 1302

 Reversed flow on 53 faces (27.5% area) of pressure-outlet 19.

 Reversed flow on 178 faces (35.4% area) of pressure-outlet 18.
  2199  1.1790e-05  9.3787e-08  1.0208e-07  6.1482e-08  0:50:09 1301

 Reversed flow on 53 faces (27.5% area) of pressure-outlet 19.

 Reversed flow on 178 faces (35.4% area) of pressure-outlet 18.
  2200  1.1435e-05  9.0206e-08  9.7513e-08  5.9370e-08  0:50:20 1300

 Reversed flow on 53 faces (27.5% area) of pressure-outlet 19.

 Reversed flow on 178 faces (35.4% area) of pressure-outlet 18.

  iter  continuity  x-velocity  y-velocity  z-velocity     time/iter
  2201  1.1223e-05  8.7436e-08  9.2523e-08  5.7135e-08  0:50:02 1299

 Reversed flow on 53 faces (27.5% area) of pressure-outlet 19.

 Reversed flow on 178 faces (35.4% area) of pressure-outlet 18.
  2202  1.1007e-05  8.6620e-08  8.7991e-08  5.5027e-08  0:49:50 1298

 Reversed flow on 53 faces (27.5% area) of pressure-outlet 19.

 Reversed flow on 178 faces (35.4% area) of pressure-outlet 18.
  2203  1.0883e-05  8.6270e-08  8.4490e-08  5.3289e-08  0:49:41 1297

 Reversed flow on 53 faces (27.5% area) of pressure-outlet 19.

 Reversed flow on 178 faces (35.4% area) of pressure-outlet 18.
  2204  1.0472e-05  8.5124e-08  8.0624e-08  5.1301e-08  0:49:33 1296

 Reversed flow on 53 faces (27.5% area) of pressure-outlet 19.

 Reversed flow on 178 faces (35.4% area) of pressure-outlet 18.
  2205  1.0185e-05  8.3979e-08  7.7008e-08  4.9176e-08  0:49:25 1295

 Reversed flow on 53 faces (27.5% area) of pressure-outlet 19.

 Reversed flow on 178 faces (35.4% area) of pressure-outlet 18.
  2206  9.9007e-06  8.2610e-08  7.4390e-08  4.7343e-08  0:49:20 1294

 Reversed flow on 53 faces (27.5% area) of pressure-outlet 19.

 Reversed flow on 178 faces (35.4% area) of pressure-outlet 18.
  2207  9.8067e-06  8.1510e-08  7.2266e-08  4.5899e-08  0:49:17 1293

 Reversed flow on 53 faces (27.5% area) of pressure-outlet 19.

 Reversed flow on 178 faces (35.4% area) of pressure-outlet 18.
  2208  9.5232e-06  7.9969e-08  7.0586e-08  4.4466e-08  0:49:20 1292

 Reversed flow on 53 faces (27.5% area) of pressure-outlet 19.

 Reversed flow on 178 faces (35.4% area) of pressure-outlet 18.
  2209  9.3179e-06  7.8180e-08  6.8725e-08  4.2875e-08  0:49:14 1291

 Reversed flow on 53 faces (27.5% area) of pressure-outlet 19.

 Reversed flow on 178 faces (35.4% area) of pressure-outlet 18.
  2210  9.1384e-06  7.5907e-08  6.7170e-08  4.1571e-08  0:49:12 1290

 Reversed flow on 53 faces (27.5% area) of pressure-outlet 19.

 Reversed flow on 178 faces (35.4% area) of pressure-outlet 18.
  2211  9.0759e-06  7.3864e-08  6.7225e-08  4.0669e-08  0:49:08 1289

 Reversed flow on 53 faces (27.5% area) of pressure-outlet 19.

 Reversed flow on 178 faces (35.4% area) of pressure-outlet 18.

  iter  continuity  x-velocity  y-velocity  z-velocity     time/iter
  2212  8.7241e-06  7.1699e-08  6.7808e-08  3.9727e-08  0:49:08 1288

 Reversed flow on 53 faces (27.5% area) of pressure-outlet 19.

 Reversed flow on 178 faces (35.4% area) of pressure-outlet 18.
  2213  8.5986e-06  6.9732e-08  6.8626e-08  3.8871e-08  0:48:55 1287

 Reversed flow on 53 faces (27.5% area) of pressure-outlet 19.

 Reversed flow on 178 faces (35.4% area) of pressure-outlet 18.
  2214  8.5641e-06  6.8059e-08  6.9784e-08  3.8305e-08  0:49:02 1286

 Reversed flow on 53 faces (27.5% area) of pressure-outlet 19.

 Reversed flow on 178 faces (35.4% area) of pressure-outlet 18.
  2215  8.6561e-06  6.7042e-08  7.1070e-08  3.8215e-08  0:49:35 1285

 Reversed flow on 53 faces (27.5% area) of pressure-outlet 19.

 Reversed flow on 178 faces (35.4% area) of pressure-outlet 18.
  2216  8.5507e-06  6.6330e-08  7.2651e-08  3.8525e-08  0:49:23 1284

 Reversed flow on 53 faces (27.5% area) of pressure-outlet 19.

 Reversed flow on 178 faces (35.4% area) of pressure-outlet 18.
  2217  8.6664e-06  6.6559e-08  7.4482e-08  3.9093e-08  0:49:23 1283

 Reversed flow on 53 faces (27.5% area) of pressure-outlet 19.

 Reversed flow on 178 faces (35.4% area) of pressure-outlet 18.
  2218  8.7101e-06  6.6981e-08  7.5671e-08  4.0054e-08  0:49:25 1282

 Reversed flow on 53 faces (27.5% area) of pressure-outlet 19.

 Reversed flow on 178 faces (35.4% area) of pressure-outlet 18.
  2219  8.9635e-06  6.8112e-08  7.7415e-08  4.1487e-08  0:49:18 1281

 Reversed flow on 53 faces (27.5% area) of pressure-outlet 19.

 Reversed flow on 178 faces (35.4% area) of pressure-outlet 18.
  2220  8.9823e-06  6.9639e-08  7.9741e-08  4.3014e-08  0:49:48 1280

 Reversed flow on 53 faces (27.5% area) of pressure-outlet 19.

 Reversed flow on 178 faces (35.4% area) of pressure-outlet 18.
  2221  9.0885e-06  7.1080e-08  8.1257e-08  4.4204e-08  0:49:45 1279

 Reversed flow on 53 faces (27.5% area) of pressure-outlet 19.

 Reversed flow on 178 faces (35.4% area) of pressure-outlet 18.
  2222  9.1732e-06  7.2638e-08  8.1599e-08  4.5370e-08  0:50:08 1278

 Reversed flow on 53 faces (27.5% area) of pressure-outlet 19.

 Reversed flow on 178 faces (35.4% area) of pressure-outlet 18.

  iter  continuity  x-velocity  y-velocity  z-velocity     time/iter
  2223  9.4128e-06  7.4732e-08  8.3249e-08  4.6617e-08  0:50:19 1277

 Reversed flow on 53 faces (27.5% area) of pressure-outlet 19.

 Reversed flow on 178 faces (35.4% area) of pressure-outlet 18.
  2224  9.3840e-06  7.6635e-08  8.6713e-08  4.7232e-08  0:51:40 1276

 Reversed flow on 53 faces (27.5% area) of pressure-outlet 19.

 Reversed flow on 178 faces (35.4% area) of pressure-outlet 18.
  2225  9.5210e-06  7.8161e-08  8.9421e-08  4.7473e-08  0:54:23 1275

 Reversed flow on 53 faces (27.5% area) of pressure-outlet 19.

 Reversed flow on 178 faces (35.4% area) of pressure-outlet 18.
  2226  9.6633e-06  7.9882e-08  9.1751e-08  4.7893e-08  0:59:15 1274

 Reversed flow on 53 faces (27.5% area) of pressure-outlet 19.

 Reversed flow on 178 faces (35.4% area) of pressure-outlet 18.
  2227  9.9597e-06  8.1851e-08  9.4223e-08  4.8832e-08  0:58:38 1273

 Reversed flow on 53 faces (27.5% area) of pressure-outlet 19.

 Reversed flow on 178 faces (35.4% area) of pressure-outlet 18.
  2228  1.0311e-05  8.5048e-08  9.9180e-08  4.9689e-08  0:57:28 1272

 Reversed flow on 53 faces (27.5% area) of pressure-outlet 19.

 Reversed flow on 178 faces (35.4% area) of pressure-outlet 18.
  2229  1.1214e-05  8.9760e-08  1.0510e-07  5.1338e-08  0:55:58 1271

 Reversed flow on 53 faces (27.5% area) of pressure-outlet 19.

 Reversed flow on 178 faces (35.4% area) of pressure-outlet 18.
  2230  1.2028e-05  9.5776e-08  1.0715e-07  5.4895e-08  0:54:41 1270

 Reversed flow on 53 faces (27.5% area) of pressure-outlet 19.

 Reversed flow on 178 faces (35.4% area) of pressure-outlet 18.
  2231  1.2834e-05  1.0168e-07  1.0868e-07  5.9712e-08  0:53:50 1269

 Reversed flow on 53 faces (27.5% area) of pressure-outlet 19.

 Reversed flow on 178 faces (35.4% area) of pressure-outlet 18.
  2232  1.3028e-05  1.0463e-07  1.0871e-07  6.2981e-08  0:53:32 1268

 Reversed flow on 53 faces (27.5% area) of pressure-outlet 19.

 Reversed flow on 178 faces (35.4% area) of pressure-outlet 18.
  2233  1.2961e-05  1.0569e-07  1.0737e-07  6.4439e-08  0:53:13 1267

 Reversed flow on 53 faces (27.5% area) of pressure-outlet 19.

 Reversed flow on 178 faces (35.4% area) of pressure-outlet 18.

  iter  continuity  x-velocity  y-velocity  z-velocity     time/iter
  2234  1.2782e-05  1.0498e-07  1.0717e-07  6.4942e-08  0:53:04 1266

 Reversed flow on 53 faces (27.5% area) of pressure-outlet 19.

 Reversed flow on 178 faces (35.4% area) of pressure-outlet 18.
  2235  1.2703e-05  1.0291e-07  1.0604e-07  6.4544e-08  0:52:56 1265

 Reversed flow on 53 faces (27.5% area) of pressure-outlet 19.

 Reversed flow on 178 faces (35.4% area) of pressure-outlet 18.
  2236  1.2210e-05  9.8518e-08  1.0259e-07  6.2637e-08  0:52:44 1264

 Reversed flow on 53 faces (27.5% area) of pressure-outlet 19.

 Reversed flow on 178 faces (35.4% area) of pressure-outlet 18.
  2237  1.1926e-05  9.4094e-08  9.7431e-08  6.0240e-08  0:52:50 1263

 Reversed flow on 53 faces (27.5% area) of pressure-outlet 19.

 Reversed flow on 178 faces (35.4% area) of pressure-outlet 18.
  2238  1.1621e-05  9.0812e-08  9.2524e-08  5.7939e-08  0:52:42 1262

 Reversed flow on 53 faces (27.5% area) of pressure-outlet 19.

 Reversed flow on 178 faces (35.4% area) of pressure-outlet 18.
  2239  1.1347e-05  8.8746e-08  8.7799e-08  5.5766e-08  0:53:29 1261

 Reversed flow on 53 faces (27.5% area) of pressure-outlet 19.

 Reversed flow on 178 faces (35.4% area) of pressure-outlet 18.
  2240  1.0815e-05  8.6027e-08  8.3675e-08  5.3391e-08  0:53:24 1260

 Reversed flow on 53 faces (27.5% area) of pressure-outlet 19.

 Reversed flow on 178 faces (35.4% area) of pressure-outlet 18.
  2241  1.0378e-05  8.3259e-08  7.9304e-08  5.0893e-08  0:53:30 1259

 Reversed flow on 53 faces (27.5% area) of pressure-outlet 19.

 Reversed flow on 178 faces (35.4% area) of pressure-outlet 18.
  2242  9.8865e-06  8.0580e-08  7.5536e-08  4.8398e-08  0:52:58 1258

 Reversed flow on 53 faces (27.5% area) of pressure-outlet 19.

 Reversed flow on 178 faces (35.4% area) of pressure-outlet 18.
  2243  9.5988e-06  7.8403e-08  7.2848e-08  4.6373e-08  0:53:47 1257

 Reversed flow on 53 faces (27.5% area) of pressure-outlet 19.

 Reversed flow on 178 faces (35.4% area) of pressure-outlet 18.
  2244  9.1488e-06  7.6002e-08  7.0456e-08  4.4392e-08  0:53:27 1256

 Reversed flow on 53 faces (27.5% area) of pressure-outlet 19.

 Reversed flow on 178 faces (35.4% area) of pressure-outlet 18.

  iter  continuity  x-velocity  y-velocity  z-velocity     time/iter
  2245  8.8580e-06  7.3904e-08  6.8261e-08  4.2423e-08  0:52:47 1255

 Reversed flow on 53 faces (27.5% area) of pressure-outlet 19.

 Reversed flow on 178 faces (35.4% area) of pressure-outlet 18.
  2246  8.6595e-06  7.1991e-08  6.6415e-08  4.0760e-08  0:51:59 1254

 Reversed flow on 53 faces (27.5% area) of pressure-outlet 19.

 Reversed flow on 178 faces (35.4% area) of pressure-outlet 18.
  2247  8.6678e-06  7.0749e-08  6.5460e-08  3.9746e-08  0:51:22 1253

 Reversed flow on 53 faces (27.5% area) of pressure-outlet 19.

 Reversed flow on 178 faces (35.4% area) of pressure-outlet 18.
  2248  8.3757e-06  6.9379e-08  6.5738e-08  3.8750e-08  0:51:57 1252

 Reversed flow on 53 faces (27.5% area) of pressure-outlet 19.

 Reversed flow on 178 faces (35.4% area) of pressure-outlet 18.
  2249  8.3082e-06  6.8452e-08  6.6586e-08  3.7927e-08  0:51:19 1251

 Reversed flow on 53 faces (27.5% area) of pressure-outlet 19.

 Reversed flow on 178 faces (35.4% area) of pressure-outlet 18.
  2250  8.3535e-06  6.7870e-08  6.7955e-08  3.7562e-08  0:50:44 1250

 Reversed flow on 53 faces (27.5% area) of pressure-outlet 19.

 Reversed flow on 178 faces (35.4% area) of pressure-outlet 18.
  2251  8.5499e-06  6.7942e-08  6.9580e-08  3.7621e-08  0:51:02 1249

 Reversed flow on 53 faces (27.5% area) of pressure-outlet 19.

 Reversed flow on 178 faces (35.4% area) of pressure-outlet 18.
  2252  8.5907e-06  6.8191e-08  7.1409e-08  3.7985e-08  0:50:40 1248

 Reversed flow on 53 faces (27.5% area) of pressure-outlet 19.

 Reversed flow on 178 faces (35.4% area) of pressure-outlet 18.
  2253  8.8349e-06  6.8958e-08  7.3432e-08  3.8766e-08  0:50:17 1247

 Reversed flow on 53 faces (27.5% area) of pressure-outlet 19.

 Reversed flow on 178 faces (35.4% area) of pressure-outlet 18.
  2254  9.0048e-06  6.9774e-08  7.5357e-08  3.9801e-08  0:49:59 1246

 Reversed flow on 53 faces (27.5% area) of pressure-outlet 19.

 Reversed flow on 178 faces (35.4% area) of pressure-outlet 18.
  2255  9.3052e-06  7.1023e-08  7.6948e-08  4.1452e-08  0:49:44 1245

 Reversed flow on 53 faces (27.5% area) of pressure-outlet 19.

 Reversed flow on 178 faces (35.4% area) of pressure-outlet 18.

  iter  continuity  x-velocity  y-velocity  z-velocity     time/iter
  2256  9.3892e-06  7.2330e-08  7.9335e-08  4.3196e-08  0:49:24 1244

 Reversed flow on 53 faces (27.5% area) of pressure-outlet 19.

 Reversed flow on 178 faces (35.4% area) of pressure-outlet 18.
  2257  9.5304e-06  7.3769e-08  8.1104e-08  4.4543e-08  0:49:07 1243

 Reversed flow on 53 faces (27.5% area) of pressure-outlet 19.

 Reversed flow on 178 faces (35.4% area) of pressure-outlet 18.
  2258  9.6432e-06  7.5019e-08  8.2246e-08  4.5772e-08  0:49:09 1242

 Reversed flow on 53 faces (27.5% area) of pressure-outlet 19.

 Reversed flow on 178 faces (35.4% area) of pressure-outlet 18.
  2259  9.8154e-06  7.6570e-08  8.2343e-08  4.7068e-08  0:49:00 1241

 Reversed flow on 53 faces (27.5% area) of pressure-outlet 19.

 Reversed flow on 178 faces (35.4% area) of pressure-outlet 18.
  2260  9.6372e-06  7.7244e-08  8.4400e-08  4.7711e-08  0:48:08 1240

 Reversed flow on 53 faces (27.5% area) of pressure-outlet 19.

 Reversed flow on 178 faces (35.4% area) of pressure-outlet 18.
  2261  9.6747e-06  7.8222e-08  8.7274e-08  4.7798e-08  0:48:09 1239

 Reversed flow on 53 faces (27.5% area) of pressure-outlet 19.

 Reversed flow on 178 faces (35.4% area) of pressure-outlet 18.
  2262  9.6988e-06  7.8982e-08  8.9728e-08  4.7818e-08  0:47:56 1238

 Reversed flow on 53 faces (27.5% area) of pressure-outlet 19.

 Reversed flow on 178 faces (35.4% area) of pressure-outlet 18.
  2263  9.7479e-06  7.9877e-08  9.1669e-08  4.8032e-08  0:48:04 1237

 Reversed flow on 53 faces (27.5% area) of pressure-outlet 19.

 Reversed flow on 178 faces (35.4% area) of pressure-outlet 18.
  2264  9.6752e-06  8.0041e-08  9.3776e-08  4.8375e-08  0:47:59 1236

 Reversed flow on 53 faces (27.5% area) of pressure-outlet 19.

 Reversed flow on 178 faces (35.4% area) of pressure-outlet 18.
  2265  1.0138e-05  8.2881e-08  9.9127e-08  4.8956e-08  0:48:08 1235

 Reversed flow on 53 faces (27.5% area) of pressure-outlet 19.

 Reversed flow on 178 faces (35.4% area) of pressure-outlet 18.
  2266  1.0895e-05  8.6749e-08  1.0530e-07  5.0748e-08  0:48:01 1234

 Reversed flow on 53 faces (27.5% area) of pressure-outlet 19.

 Reversed flow on 178 faces (35.4% area) of pressure-outlet 18.

  iter  continuity  x-velocity  y-velocity  z-velocity     time/iter
  2267  1.1709e-05  9.2304e-08  1.0611e-07  5.4794e-08  0:48:20 1233

 Reversed flow on 53 faces (27.5% area) of pressure-outlet 19.

 Reversed flow on 178 faces (35.4% area) of pressure-outlet 18.
  2268  1.2060e-05  9.6239e-08  1.0732e-07  5.8901e-08  0:48:18 1232

 Reversed flow on 53 faces (27.5% area) of pressure-outlet 19.

 Reversed flow on 178 faces (35.4% area) of pressure-outlet 18.
  2269  1.2172e-05  9.8365e-08  1.0647e-07  6.1458e-08  0:48:27 1231

 Reversed flow on 53 faces (27.5% area) of pressure-outlet 19.

 Reversed flow on 178 faces (35.4% area) of pressure-outlet 18.
  2270  1.2104e-05  9.8809e-08  1.0590e-07  6.2682e-08  0:48:04 1230

 Reversed flow on 53 faces (27.5% area) of pressure-outlet 19.

 Reversed flow on 178 faces (35.4% area) of pressure-outlet 18.
  2271  1.2179e-05  9.8573e-08  1.0533e-07  6.3102e-08  0:48:41 1229

 Reversed flow on 53 faces (27.5% area) of pressure-outlet 19.

 Reversed flow on 178 faces (35.4% area) of pressure-outlet 18.
  2272  1.1891e-05  9.6715e-08  1.0372e-07  6.2179e-08  0:48:14 1228

 Reversed flow on 53 faces (27.5% area) of pressure-outlet 19.

 Reversed flow on 178 faces (35.4% area) of pressure-outlet 18.
  2273  1.1778e-05  9.4249e-08  9.9998e-08  6.0297e-08  0:47:51 1227

 Reversed flow on 53 faces (27.5% area) of pressure-outlet 19.

 Reversed flow on 178 faces (35.4% area) of pressure-outlet 18.
  2274  1.1751e-05  9.1860e-08  9.5659e-08  5.8594e-08  0:47:31 1226

 Reversed flow on 53 faces (27.5% area) of pressure-outlet 19.

 Reversed flow on 178 faces (35.4% area) of pressure-outlet 18.
  2275  1.1717e-05  9.1236e-08  9.1189e-08  5.6870e-08  0:47:13 1225

 Reversed flow on 53 faces (27.5% area) of pressure-outlet 19.

 Reversed flow on 178 faces (35.4% area) of pressure-outlet 18.
  2276  1.1366e-05  9.0346e-08  8.6795e-08  5.4884e-08  0:46:58 1224

 Reversed flow on 53 faces (27.5% area) of pressure-outlet 19.

 Reversed flow on 178 faces (35.4% area) of pressure-outlet 18.
  2277  1.1150e-05  8.9399e-08  8.3025e-08  5.2946e-08  0:46:48 1223

 Reversed flow on 53 faces (27.5% area) of pressure-outlet 19.

 Reversed flow on 178 faces (35.4% area) of pressure-outlet 18.

  iter  continuity  x-velocity  y-velocity  z-velocity     time/iter
  2278  1.0808e-05  8.8408e-08  7.9222e-08  5.0966e-08  0:46:38 1222

 Reversed flow on 53 faces (27.5% area) of pressure-outlet 19.

 Reversed flow on 178 faces (35.4% area) of pressure-outlet 18.
  2279  1.0547e-05  8.6650e-08  7.6147e-08  4.9139e-08  0:46:30 1221

 Reversed flow on 53 faces (27.5% area) of pressure-outlet 19.

 Reversed flow on 178 faces (35.4% area) of pressure-outlet 18.
  2280  1.0029e-05  8.3781e-08  7.3548e-08  4.7220e-08  0:46:36 1220

 Reversed flow on 53 faces (27.5% area) of pressure-outlet 19.

 Reversed flow on 178 faces (35.4% area) of pressure-outlet 18.
  2281  9.6273e-06  8.0591e-08  7.0914e-08  4.5148e-08  0:47:03 1219

 Reversed flow on 53 faces (27.5% area) of pressure-outlet 19.

 Reversed flow on 178 faces (35.4% area) of pressure-outlet 18.
  2282  9.2676e-06  7.7613e-08  6.8606e-08  4.3121e-08  0:47:09 1218

 Reversed flow on 53 faces (27.5% area) of pressure-outlet 19.

 Reversed flow on 178 faces (35.4% area) of pressure-outlet 18.
  2283  9.1204e-06  7.4912e-08  6.6850e-08  4.1689e-08  0:47:09 1217

 Reversed flow on 53 faces (27.5% area) of pressure-outlet 19.

 Reversed flow on 178 faces (35.4% area) of pressure-outlet 18.
  2284  8.6784e-06  7.1724e-08  6.5893e-08  4.0247e-08  0:46:58 1216

 Reversed flow on 53 faces (27.5% area) of pressure-outlet 19.

 Reversed flow on 178 faces (35.4% area) of pressure-outlet 18.
  2285  8.4281e-06  6.8795e-08  6.5771e-08  3.8793e-08  0:47:02 1215

 Reversed flow on 53 faces (27.5% area) of pressure-outlet 19.

 Reversed flow on 178 faces (35.4% area) of pressure-outlet 18.
  2286  8.2437e-06  6.6313e-08  6.6538e-08  3.7793e-08  0:46:49 1214

 Reversed flow on 53 faces (27.5% area) of pressure-outlet 19.

 Reversed flow on 178 faces (35.4% area) of pressure-outlet 18.
  2287  8.2091e-06  6.4759e-08  6.7660e-08  3.7256e-08  0:46:45 1213

 Reversed flow on 53 faces (27.5% area) of pressure-outlet 19.

 Reversed flow on 178 faces (35.4% area) of pressure-outlet 18.
  2288  8.0467e-06  6.3595e-08  6.9053e-08  3.6844e-08  0:46:35 1212

 Reversed flow on 53 faces (27.5% area) of pressure-outlet 19.

 Reversed flow on 178 faces (35.4% area) of pressure-outlet 18.

  iter  continuity  x-velocity  y-velocity  z-velocity     time/iter
  2289  8.1607e-06  6.3275e-08  7.0508e-08  3.6928e-08  0:47:20 1211

 Reversed flow on 53 faces (27.5% area) of pressure-outlet 19.

 Reversed flow on 178 faces (35.4% area) of pressure-outlet 18.
  2290  8.2770e-06  6.3557e-08  7.2364e-08  3.7506e-08  0:47:15 1210

 Reversed flow on 53 faces (27.5% area) of pressure-outlet 19.

 Reversed flow on 178 faces (35.4% area) of pressure-outlet 18.
  2291  8.5818e-06  6.4918e-08  7.4302e-08  3.8802e-08  0:47:02 1209

 Reversed flow on 53 faces (27.5% area) of pressure-outlet 19.

 Reversed flow on 178 faces (35.4% area) of pressure-outlet 18.
  2292  8.7152e-06  6.6785e-08  7.5989e-08  4.0447e-08  0:46:44 1208

 Reversed flow on 53 faces (27.5% area) of pressure-outlet 19.

 Reversed flow on 178 faces (35.4% area) of pressure-outlet 18.
  2293  8.9754e-06  6.9251e-08  7.8544e-08  4.2046e-08  0:46:35 1207

 Reversed flow on 53 faces (27.5% area) of pressure-outlet 19.

 Reversed flow on 178 faces (35.4% area) of pressure-outlet 18.
  2294  9.2340e-06  7.1780e-08  8.0539e-08  4.3642e-08  0:44:24 1206

 Reversed flow on 53 faces (27.5% area) of pressure-outlet 19.

 Reversed flow on 178 faces (35.4% area) of pressure-outlet 18.
  2295  9.6056e-06  7.4761e-08  8.2038e-08  4.5490e-08  0:44:07 1205

 Reversed flow on 53 faces (27.5% area) of pressure-outlet 19.

 Reversed flow on 178 faces (35.4% area) of pressure-outlet 18.
  2296  9.5941e-06  7.7306e-08  8.2314e-08  4.6858e-08  0:44:13 1204

 Reversed flow on 53 faces (27.5% area) of pressure-outlet 19.

 Reversed flow on 178 faces (35.4% area) of pressure-outlet 18.
  2297  9.7836e-06  7.9560e-08  8.5546e-08  4.7679e-08  0:44:11 1203

 Reversed flow on 53 faces (27.5% area) of pressure-outlet 19.

 Reversed flow on 178 faces (35.4% area) of pressure-outlet 18.
  2298  1.0001e-05  8.1582e-08  8.8954e-08  4.8267e-08  0:44:15 1202

 Reversed flow on 53 faces (27.5% area) of pressure-outlet 19.

 Reversed flow on 178 faces (35.4% area) of pressure-outlet 18.
  2299  1.0181e-05  8.3203e-08  9.1610e-08  4.8883e-08  0:44:24 1201

 Reversed flow on 53 faces (27.5% area) of pressure-outlet 19.

 Reversed flow on 178 faces (35.4% area) of pressure-outlet 18.

  iter  continuity  x-velocity  y-velocity  z-velocity     time/iter
  2300  1.0093e-05  8.3856e-08  9.3546e-08  4.9260e-08  0:44:30 1200

 Reversed flow on 53 faces (27.5% area) of pressure-outlet 19.

 Reversed flow on 178 faces (35.4% area) of pressure-outlet 18.
  2301  1.0344e-05  8.5041e-08  9.6600e-08  4.9919e-08  0:44:38 1199

 Reversed flow on 53 faces (27.5% area) of pressure-outlet 19.

 Reversed flow on 178 faces (35.4% area) of pressure-outlet 18.
  2302  1.0915e-05  8.8327e-08  1.0244e-07  5.1048e-08  0:44:52 1198

 Reversed flow on 53 faces (27.5% area) of pressure-outlet 19.

 Reversed flow on 178 faces (35.4% area) of pressure-outlet 18.
  2303  1.1831e-05  9.2654e-08  1.0726e-07  5.3587e-08  0:44:57 1197

 Reversed flow on 53 faces (27.5% area) of pressure-outlet 19.

 Reversed flow on 178 faces (35.4% area) of pressure-outlet 18.
  2304  1.2271e-05  9.6901e-08  1.0729e-07  5.7452e-08  0:44:57 1196

 Reversed flow on 53 faces (27.5% area) of pressure-outlet 19.

 Reversed flow on 178 faces (35.4% area) of pressure-outlet 18.
  2305  1.2481e-05  9.9355e-08  1.0771e-07  6.0903e-08  0:45:00 1195

 Reversed flow on 53 faces (27.5% area) of pressure-outlet 19.

 Reversed flow on 178 faces (35.4% area) of pressure-outlet 18.
  2306  1.2440e-05  1.0014e-07  1.0646e-07  6.2796e-08  0:45:00 1194

 Reversed flow on 53 faces (27.5% area) of pressure-outlet 19.

 Reversed flow on 178 faces (35.4% area) of pressure-outlet 18.
  2307  1.2383e-05  9.9630e-08  1.0625e-07  6.3529e-08  0:45:48 1193

 Reversed flow on 53 faces (27.5% area) of pressure-outlet 19.

 Reversed flow on 178 faces (35.4% area) of pressure-outlet 18.
  2308  1.1940e-05  9.7283e-08  1.0445e-07  6.2821e-08  0:46:08 1192

 Reversed flow on 53 faces (27.5% area) of pressure-outlet 19.

 Reversed flow on 178 faces (35.4% area) of pressure-outlet 18.
  2309  1.1630e-05  9.3860e-08  1.0185e-07  6.1018e-08  0:46:16 1191

 Reversed flow on 53 faces (27.5% area) of pressure-outlet 19.

 Reversed flow on 178 faces (35.4% area) of pressure-outlet 18.
  2310  1.1427e-05  9.0478e-08  9.7895e-08  5.8956e-08  0:46:05 1190

 Reversed flow on 53 faces (27.5% area) of pressure-outlet 19.

 Reversed flow on 178 faces (35.4% area) of pressure-outlet 18.

  iter  continuity  x-velocity  y-velocity  z-velocity     time/iter
  2311  1.1295e-05  8.7430e-08  9.3393e-08  5.7075e-08  0:45:52 1189

 Reversed flow on 53 faces (27.5% area) of pressure-outlet 19.

 Reversed flow on 178 faces (35.4% area) of pressure-outlet 18.
  2312  1.0842e-05  8.5475e-08  8.8427e-08  5.4722e-08  0:45:43 1188

 Reversed flow on 53 faces (27.5% area) of pressure-outlet 19.

 Reversed flow on 178 faces (35.4% area) of pressure-outlet 18.
  2313  1.0547e-05  8.4059e-08  8.4294e-08  5.2554e-08  0:45:39 1187

 Reversed flow on 53 faces (27.5% area) of pressure-outlet 19.

 Reversed flow on 178 faces (35.4% area) of pressure-outlet 18.
  2314  1.0212e-05  8.2744e-08  8.0530e-08  5.0574e-08  0:45:29 1186

 Reversed flow on 53 faces (27.5% area) of pressure-outlet 19.

 Reversed flow on 178 faces (35.4% area) of pressure-outlet 18.
  2315  1.0023e-05  8.1634e-08  7.6992e-08  4.8696e-08  0:45:30 1185

 Reversed flow on 53 faces (27.5% area) of pressure-outlet 19.

 Reversed flow on 178 faces (35.4% area) of pressure-outlet 18.
  2316  9.6444e-06  7.9990e-08  7.4217e-08  4.6808e-08  0:46:07 1184

 Reversed flow on 53 faces (27.5% area) of pressure-outlet 19.

 Reversed flow on 178 faces (35.4% area) of pressure-outlet 18.
  2317  9.3845e-06  7.8689e-08  7.1628e-08  4.4932e-08  0:45:49 1183

 Reversed flow on 53 faces (27.5% area) of pressure-outlet 19.

 Reversed flow on 178 faces (35.4% area) of pressure-outlet 18.
  2318  9.2509e-06  7.7563e-08  6.9630e-08  4.3366e-08  0:45:32 1182

 Reversed flow on 53 faces (27.5% area) of pressure-outlet 19.

 Reversed flow on 178 faces (35.4% area) of pressure-outlet 18.
  2319  9.2877e-06  7.6891e-08  6.8179e-08  4.2232e-08  0:45:18 1181

 Reversed flow on 53 faces (27.5% area) of pressure-outlet 19.

 Reversed flow on 178 faces (35.4% area) of pressure-outlet 18.
  2320  9.0406e-06  7.5700e-08  6.6817e-08  4.1150e-08  0:45:14 1180

 Reversed flow on 53 faces (27.5% area) of pressure-outlet 19.

 Reversed flow on 178 faces (35.4% area) of pressure-outlet 18.
  2321  8.9577e-06  7.4452e-08  6.6510e-08  4.0081e-08  0:45:13 1179

 Reversed flow on 53 faces (27.5% area) of pressure-outlet 19.

 Reversed flow on 178 faces (35.4% area) of pressure-outlet 18.

  iter  continuity  x-velocity  y-velocity  z-velocity     time/iter
  2322  8.9135e-06  7.3340e-08  6.7169e-08  3.9334e-08  0:45:06 1178

 Reversed flow on 53 faces (27.5% area) of pressure-outlet 19.

 Reversed flow on 178 faces (35.4% area) of pressure-outlet 18.
  2323  8.9529e-06  7.2888e-08  6.8406e-08  3.9055e-08  0:45:16 1177

 Reversed flow on 53 faces (27.5% area) of pressure-outlet 19.

 Reversed flow on 178 faces (35.4% area) of pressure-outlet 18.
  2324  8.7649e-06  7.1573e-08  6.9946e-08  3.8816e-08  0:45:07 1176

 Reversed flow on 53 faces (27.5% area) of pressure-outlet 19.

 Reversed flow on 178 faces (35.4% area) of pressure-outlet 18.
  2325  8.8153e-06  7.0315e-08  7.1381e-08  3.8620e-08  0:45:01 1175

 Reversed flow on 53 faces (27.5% area) of pressure-outlet 19.

 Reversed flow on 178 faces (35.4% area) of pressure-outlet 18.
  2326  8.8114e-06  6.9146e-08  7.2637e-08  3.8866e-08  0:46:43 1174

 Reversed flow on 53 faces (27.5% area) of pressure-outlet 19.

 Reversed flow on 178 faces (35.4% area) of pressure-outlet 18.
  2327  8.9755e-06  6.8897e-08  7.4451e-08  3.9638e-08  0:46:21 1173

 Reversed flow on 53 faces (27.5% area) of pressure-outlet 19.

 Reversed flow on 178 faces (35.4% area) of pressure-outlet 18.
  2328  8.9367e-06  6.8867e-08  7.6158e-08  4.0808e-08  0:45:57 1172

 Reversed flow on 53 faces (27.5% area) of pressure-outlet 19.

 Reversed flow on 178 faces (35.4% area) of pressure-outlet 18.
  2329  9.0480e-06  6.9144e-08  7.7465e-08  4.1949e-08  0:45:41 1171

 Reversed flow on 53 faces (27.5% area) of pressure-outlet 19.

 Reversed flow on 178 faces (35.4% area) of pressure-outlet 18.
  2330  9.1684e-06  6.9896e-08  7.9409e-08  4.3202e-08  0:45:28 1170

 Reversed flow on 53 faces (27.5% area) of pressure-outlet 19.

 Reversed flow on 178 faces (35.4% area) of pressure-outlet 18.
  2331  9.4033e-06  7.1218e-08  8.1195e-08  4.4685e-08  0:45:18 1169

 Reversed flow on 53 faces (27.5% area) of pressure-outlet 19.

 Reversed flow on 178 faces (35.4% area) of pressure-outlet 18.
  2332  9.2593e-06  7.2428e-08  8.1684e-08  4.5787e-08  0:45:14 1168

 Reversed flow on 53 faces (27.5% area) of pressure-outlet 19.

 Reversed flow on 178 faces (35.4% area) of pressure-outlet 18.

  iter  continuity  x-velocity  y-velocity  z-velocity     time/iter
  2333  9.2634e-06  7.3767e-08  8.2150e-08  4.6424e-08  0:45:03 1167

 Reversed flow on 53 faces (27.5% area) of pressure-outlet 19.

 Reversed flow on 178 faces (35.4% area) of pressure-outlet 18.
  2334  9.3866e-06  7.5349e-08  8.5531e-08  4.6877e-08  0:45:00 1166

 Reversed flow on 53 faces (27.5% area) of pressure-outlet 19.

 Reversed flow on 178 faces (35.4% area) of pressure-outlet 18.
  2335  9.5806e-06  7.7026e-08  8.8662e-08  4.7318e-08  0:44:54 1165

 Reversed flow on 53 faces (27.5% area) of pressure-outlet 19.

 Reversed flow on 178 faces (35.4% area) of pressure-outlet 18.
  2336  9.5014e-06  7.8285e-08  9.0855e-08  4.7549e-08  0:44:46 1164

 Reversed flow on 53 faces (27.5% area) of pressure-outlet 19.

 Reversed flow on 178 faces (35.4% area) of pressure-outlet 18.
  2337  9.6594e-06  7.9783e-08  9.2772e-08  4.7995e-08  0:44:43 1163

 Reversed flow on 53 faces (27.5% area) of pressure-outlet 19.

 Reversed flow on 178 faces (35.4% area) of pressure-outlet 18.
  2338  1.0059e-05  8.2882e-08  9.7470e-08  4.8888e-08  0:44:33 1162

 Reversed flow on 53 faces (27.5% area) of pressure-outlet 19.

 Reversed flow on 178 faces (35.4% area) of pressure-outlet 18.
  2339  1.0996e-05  8.7988e-08  1.0389e-07  5.0738e-08  0:44:35 1161

 Reversed flow on 53 faces (27.5% area) of pressure-outlet 19.

 Reversed flow on 178 faces (35.4% area) of pressure-outlet 18.
  2340  1.1719e-05  9.3409e-08  1.0677e-07  5.3865e-08  0:44:35 1160

 Reversed flow on 53 faces (27.5% area) of pressure-outlet 19.

 Reversed flow on 178 faces (35.4% area) of pressure-outlet 18.
  2341  1.2332e-05  9.8775e-08  1.0758e-07  5.8192e-08  0:44:39 1159

 Reversed flow on 53 faces (27.5% area) of pressure-outlet 19.

 Reversed flow on 178 faces (35.4% area) of pressure-outlet 18.
  2342  1.2690e-05  1.0234e-07  1.0824e-07  6.1905e-08  0:44:32 1158

 Reversed flow on 53 faces (27.5% area) of pressure-outlet 19.

 Reversed flow on 178 faces (35.4% area) of pressure-outlet 18.
  2343  1.2882e-05  1.0398e-07  1.0733e-07  6.4069e-08  0:44:19 1157

 Reversed flow on 53 faces (27.5% area) of pressure-outlet 19.

 Reversed flow on 178 faces (35.4% area) of pressure-outlet 18.

  iter  continuity  x-velocity  y-velocity  z-velocity     time/iter
  2344  1.2581e-05  1.0297e-07  1.0713e-07  6.4561e-08  0:44:15 1156

 Reversed flow on 53 faces (27.5% area) of pressure-outlet 19.

 Reversed flow on 178 faces (35.4% area) of pressure-outlet 18.
  2345  1.2384e-05  1.0088e-07  1.0545e-07  6.3893e-08  0:43:28 1155

 Reversed flow on 53 faces (27.5% area) of pressure-outlet 19.

 Reversed flow on 178 faces (35.4% area) of pressure-outlet 18.
  2346  1.2186e-05  9.7861e-08  1.0289e-07  6.2426e-08  0:41:31 1154

 Reversed flow on 53 faces (27.5% area) of pressure-outlet 19.

 Reversed flow on 178 faces (35.4% area) of pressure-outlet 18.
  2347  1.2113e-05  9.4689e-08  9.8565e-08  6.0653e-08  0:39:58 1153

 Reversed flow on 53 faces (27.5% area) of pressure-outlet 19.

 Reversed flow on 178 faces (35.4% area) of pressure-outlet 18.
  2348  1.1685e-05  9.1249e-08  9.3450e-08  5.8344e-08  0:38:23 1152

 Reversed flow on 53 faces (27.5% area) of pressure-outlet 19.

 Reversed flow on 178 faces (35.4% area) of pressure-outlet 18.
  2349  1.1310e-05  8.9001e-08  8.8333e-08  5.5850e-08  0:37:02 1151

 Reversed flow on 53 faces (27.5% area) of pressure-outlet 19.

 Reversed flow on 178 faces (35.4% area) of pressure-outlet 18.
  2350  1.0889e-05  8.6735e-08  8.4392e-08  5.3583e-08  0:36:11 1150

 Reversed flow on 53 faces (27.5% area) of pressure-outlet 19.

 Reversed flow on 178 faces (35.4% area) of pressure-outlet 18.
  2351  1.0590e-05  8.4686e-08  8.0360e-08  5.1390e-08  0:35:41 1149

 Reversed flow on 53 faces (27.5% area) of pressure-outlet 19.

 Reversed flow on 178 faces (35.4% area) of pressure-outlet 18.
  2352  1.0016e-05  8.2128e-08  7.6496e-08  4.8934e-08  0:35:00 1148

 Reversed flow on 53 faces (27.5% area) of pressure-outlet 19.

 Reversed flow on 178 faces (35.4% area) of pressure-outlet 18.
  2353  9.5588e-06  7.9426e-08  7.3316e-08  4.6508e-08  0:34:29 1147

 Reversed flow on 53 faces (27.5% area) of pressure-outlet 19.

 Reversed flow on 178 faces (35.4% area) of pressure-outlet 18.
  2354  9.1862e-06  7.6843e-08  7.0686e-08  4.4373e-08  0:34:45 1146

 Reversed flow on 53 faces (27.5% area) of pressure-outlet 19.

 Reversed flow on 178 faces (35.4% area) of pressure-outlet 18.

  iter  continuity  x-velocity  y-velocity  z-velocity     time/iter
  2355  9.0464e-06  7.4979e-08  6.8905e-08  4.2779e-08  0:34:52 1145

 Reversed flow on 53 faces (27.5% area) of pressure-outlet 19.

 Reversed flow on 178 faces (35.4% area) of pressure-outlet 18.
  2356  8.6201e-06  7.2671e-08  6.7193e-08  4.1121e-08  0:34:35 1144

 Reversed flow on 53 faces (27.5% area) of pressure-outlet 19.

 Reversed flow on 178 faces (35.4% area) of pressure-outlet 18.
  2357  8.4251e-06  7.0445e-08  6.5691e-08  3.9677e-08  0:34:12 1143

 Reversed flow on 53 faces (27.5% area) of pressure-outlet 19.

 Reversed flow on 178 faces (35.4% area) of pressure-outlet 18.
  2358  8.2679e-06  6.8573e-08  6.5724e-08  3.8583e-08  0:34:04 1142

 Reversed flow on 53 faces (27.5% area) of pressure-outlet 19.

 Reversed flow on 178 faces (35.4% area) of pressure-outlet 18.
  2359  8.2324e-06  6.7439e-08  6.6502e-08  3.7949e-08  0:33:51 1141

 Reversed flow on 53 faces (27.5% area) of pressure-outlet 19.

 Reversed flow on 178 faces (35.4% area) of pressure-outlet 18.
  2360  8.0791e-06  6.6434e-08  6.7859e-08  3.7511e-08  0:34:18 1140

 Reversed flow on 53 faces (27.5% area) of pressure-outlet 19.

 Reversed flow on 178 faces (35.4% area) of pressure-outlet 18.
  2361  8.2166e-06  6.6086e-08  6.9417e-08  3.7253e-08  0:35:15 1139

 Reversed flow on 53 faces (27.5% area) of pressure-outlet 19.

 Reversed flow on 178 faces (35.4% area) of pressure-outlet 18.
  2362  8.3889e-06  6.6409e-08  7.0913e-08  3.7384e-08  0:34:30 1138

 Reversed flow on 53 faces (27.5% area) of pressure-outlet 19.

 Reversed flow on 178 faces (35.4% area) of pressure-outlet 18.
  2363  8.7571e-06  6.7716e-08  7.2836e-08  3.8352e-08  0:34:19 1137

 Reversed flow on 53 faces (27.5% area) of pressure-outlet 19.

 Reversed flow on 178 faces (35.4% area) of pressure-outlet 18.
  2364  8.9145e-06  6.9275e-08  7.5287e-08  3.9644e-08  0:33:53 1136

 Reversed flow on 53 faces (27.5% area) of pressure-outlet 19.

 Reversed flow on 178 faces (35.4% area) of pressure-outlet 18.
  2365  9.1764e-06  7.1178e-08  7.6868e-08  4.1093e-08  0:33:51 1135

 Reversed flow on 53 faces (27.5% area) of pressure-outlet 19.

 Reversed flow on 178 faces (35.4% area) of pressure-outlet 18.

  iter  continuity  x-velocity  y-velocity  z-velocity     time/iter
  2366  9.5043e-06  7.3353e-08  7.8862e-08  4.2809e-08  0:33:37 1134

 Reversed flow on 53 faces (27.5% area) of pressure-outlet 19.

 Reversed flow on 178 faces (35.4% area) of pressure-outlet 18.
  2367  9.9258e-06  7.6212e-08  8.1335e-08  4.4822e-08  0:33:28 1133

 Reversed flow on 53 faces (27.5% area) of pressure-outlet 19.

 Reversed flow on 178 faces (35.4% area) of pressure-outlet 18.
  2368  9.9555e-06  7.8606e-08  8.3094e-08  4.6459e-08  0:33:11 1132

 Reversed flow on 53 faces (27.5% area) of pressure-outlet 19.

 Reversed flow on 178 faces (35.4% area) of pressure-outlet 18.
  2369  1.0015e-05  8.0019e-08  8.3254e-08  4.7681e-08  0:32:58 1131

 Reversed flow on 53 faces (27.5% area) of pressure-outlet 19.

 Reversed flow on 178 faces (35.4% area) of pressure-outlet 18.
  2370  1.0042e-05  8.0783e-08  8.4817e-08  4.8515e-08  0:32:34 1130

 Reversed flow on 53 faces (27.5% area) of pressure-outlet 19.

 Reversed flow on 178 faces (35.4% area) of pressure-outlet 18.
  2371  1.0148e-05  8.1795e-08  8.8110e-08  4.9035e-08  0:32:15 1129

 Reversed flow on 53 faces (27.5% area) of pressure-outlet 19.

 Reversed flow on 178 faces (35.4% area) of pressure-outlet 18.
  2372  9.9661e-06  8.1756e-08  9.0517e-08  4.9020e-08  0:31:58 1128

 Reversed flow on 53 faces (27.5% area) of pressure-outlet 19.

 Reversed flow on 178 faces (35.4% area) of pressure-outlet 18.
  2373  9.9434e-06  8.1781e-08  9.2150e-08  4.8969e-08  0:31:44 1127

 Reversed flow on 53 faces (27.5% area) of pressure-outlet 19.

 Reversed flow on 178 faces (35.4% area) of pressure-outlet 18.
  2374  9.9594e-06  8.1721e-08  9.4121e-08  4.9285e-08  0:31:33 1126

 Reversed flow on 53 faces (27.5% area) of pressure-outlet 19.

 Reversed flow on 178 faces (35.4% area) of pressure-outlet 18.
  2375  1.0444e-05  8.3975e-08  9.9356e-08  5.0067e-08  0:31:23 1125

 Reversed flow on 53 faces (27.5% area) of pressure-outlet 19.

 Reversed flow on 178 faces (35.4% area) of pressure-outlet 18.
  2376  1.1018e-05  8.6977e-08  1.0513e-07  5.1477e-08  0:31:15 1124

 Reversed flow on 53 faces (27.5% area) of pressure-outlet 19.

 Reversed flow on 178 faces (35.4% area) of pressure-outlet 18.

  iter  continuity  x-velocity  y-velocity  z-velocity     time/iter
  2377  1.1584e-05  9.1518e-08  1.0586e-07  5.4513e-08  0:31:15 1123

 Reversed flow on 53 faces (27.5% area) of pressure-outlet 19.

 Reversed flow on 178 faces (35.4% area) of pressure-outlet 18.
  2378  1.2052e-05  9.5753e-08  1.0704e-07  5.8626e-08  0:32:29 1122

 Reversed flow on 53 faces (27.5% area) of pressure-outlet 19.

 Reversed flow on 178 faces (35.4% area) of pressure-outlet 18.
  2379  1.2385e-05  9.8392e-08  1.0716e-07  6.1778e-08  0:33:07 1121

 Reversed flow on 53 faces (27.5% area) of pressure-outlet 19.

 Reversed flow on 178 faces (35.4% area) of pressure-outlet 18.
  2380  1.2120e-05  9.8466e-08  1.0595e-07  6.2935e-08  0:32:59 1120

 Reversed flow on 53 faces (27.5% area) of pressure-outlet 19.

 Reversed flow on 178 faces (35.4% area) of pressure-outlet 18.
  2381  1.1974e-05  9.7605e-08  1.0506e-07  6.2971e-08  0:33:26 1119

 Reversed flow on 53 faces (27.5% area) of pressure-outlet 19.

 Reversed flow on 178 faces (35.4% area) of pressure-outlet 18.
  2382  1.1885e-05  9.6477e-08  1.0397e-07  6.2365e-08  0:33:13 1118

 Reversed flow on 53 faces (27.5% area) of pressure-outlet 19.

 Reversed flow on 178 faces (35.4% area) of pressure-outlet 18.
  2383  1.1875e-05  9.4684e-08  1.0124e-07  6.1060e-08  0:32:41 1117

 Reversed flow on 53 faces (27.5% area) of pressure-outlet 19.

 Reversed flow on 178 faces (35.4% area) of pressure-outlet 18.
  2384  1.1651e-05  9.2011e-08  9.6632e-08  5.9182e-08  0:32:15 1116

 Reversed flow on 53 faces (27.5% area) of pressure-outlet 19.

 Reversed flow on 178 faces (35.4% area) of pressure-outlet 18.
  2385  1.1502e-05  9.0593e-08  9.1896e-08  5.7150e-08  0:31:56 1115

 Reversed flow on 53 faces (27.5% area) of pressure-outlet 19.

 Reversed flow on 178 faces (35.4% area) of pressure-outlet 18.
  2386  1.1254e-05  8.9944e-08  8.7650e-08  5.5271e-08  0:31:38 1114

 Reversed flow on 53 faces (27.5% area) of pressure-outlet 19.

 Reversed flow on 178 faces (35.4% area) of pressure-outlet 18.
  2387  1.1159e-05  8.9344e-08  8.4304e-08  5.3679e-08  0:31:25 1113

 Reversed flow on 53 faces (27.5% area) of pressure-outlet 19.

 Reversed flow on 178 faces (35.4% area) of pressure-outlet 18.

  iter  continuity  x-velocity  y-velocity  z-velocity     time/iter
  2388  1.0737e-05  8.7779e-08  8.0475e-08  5.1723e-08  0:31:13 1112

 Reversed flow on 53 faces (27.5% area) of pressure-outlet 19.

 Reversed flow on 178 faces (35.4% area) of pressure-outlet 18.
  2389  1.0365e-05  8.5685e-08  7.6888e-08  4.9519e-08  0:31:07 1111

 Reversed flow on 53 faces (27.5% area) of pressure-outlet 19.

 Reversed flow on 178 faces (35.4% area) of pressure-outlet 18.
  2390  1.0029e-05  8.3327e-08  7.4269e-08  4.7579e-08  0:31:56 1110

 Reversed flow on 53 faces (27.5% area) of pressure-outlet 19.

 Reversed flow on 178 faces (35.4% area) of pressure-outlet 18.
  2391  9.8959e-06  8.1350e-08  7.2145e-08  4.6039e-08  0:33:51 1109

 Reversed flow on 53 faces (27.5% area) of pressure-outlet 19.

 Reversed flow on 178 faces (35.4% area) of pressure-outlet 18.
  2392  9.4459e-06  7.8883e-08  7.0085e-08  4.4248e-08  0:34:20 1108

 Reversed flow on 53 faces (27.5% area) of pressure-outlet 19.

 Reversed flow on 178 faces (35.4% area) of pressure-outlet 18.
  2393  9.1745e-06  7.6245e-08  6.7999e-08  4.2438e-08  0:34:43 1107

 Reversed flow on 53 faces (27.5% area) of pressure-outlet 19.

 Reversed flow on 178 faces (35.4% area) of pressure-outlet 18.
  2394  8.9221e-06  7.3352e-08  6.6725e-08  4.0970e-08  0:35:17 1106

 Reversed flow on 53 faces (27.5% area) of pressure-outlet 19.

 Reversed flow on 178 faces (35.4% area) of pressure-outlet 18.
  2395  8.7306e-06  7.0761e-08  6.6627e-08  3.9764e-08  0:34:33 1105

 Reversed flow on 53 faces (27.5% area) of pressure-outlet 19.

 Reversed flow on 178 faces (35.4% area) of pressure-outlet 18.
  2396  8.3618e-06  6.8463e-08  6.7323e-08  3.8689e-08  0:35:53 1104

 Reversed flow on 53 faces (27.5% area) of pressure-outlet 19.

 Reversed flow on 178 faces (35.4% area) of pressure-outlet 18.
  2397  8.2608e-06  6.6772e-08  6.8280e-08  3.7847e-08  0:34:55 1103

 Reversed flow on 53 faces (27.5% area) of pressure-outlet 19.

 Reversed flow on 178 faces (35.4% area) of pressure-outlet 18.
  2398  8.1877e-06  6.5268e-08  6.9303e-08  3.7170e-08  0:34:07 1102

 Reversed flow on 53 faces (27.5% area) of pressure-outlet 19.

 Reversed flow on 178 faces (35.4% area) of pressure-outlet 18.

  iter  continuity  x-velocity  y-velocity  z-velocity     time/iter
  2399  8.3447e-06  6.4768e-08  7.0676e-08  3.7281e-08  0:33:25 1101

 Reversed flow on 53 faces (27.5% area) of pressure-outlet 19.

 Reversed flow on 178 faces (35.4% area) of pressure-outlet 18.
  2400  8.3215e-06  6.4801e-08  7.2821e-08  3.7934e-08  0:32:50 1100

 Reversed flow on 53 faces (27.5% area) of pressure-outlet 19.

 Reversed flow on 178 faces (35.4% area) of pressure-outlet 18.
  2401  8.4205e-06  6.5271e-08  7.4623e-08  3.8724e-08  0:32:21 1099

 Reversed flow on 53 faces (27.5% area) of pressure-outlet 19.

 Reversed flow on 178 faces (35.4% area) of pressure-outlet 18.
  2402  8.5978e-06  6.6220e-08  7.5921e-08  4.0055e-08  0:31:58 1098

 Reversed flow on 53 faces (27.5% area) of pressure-outlet 19.

 Reversed flow on 178 faces (35.4% area) of pressure-outlet 18.
  2403  8.9695e-06  6.8383e-08  7.8485e-08  4.1950e-08  0:31:40 1097

 Reversed flow on 53 faces (27.5% area) of pressure-outlet 19.

 Reversed flow on 178 faces (35.4% area) of pressure-outlet 18.
  2404  9.0087e-06  7.0371e-08  8.0598e-08  4.3569e-08  0:31:23 1096

 Reversed flow on 53 faces (27.5% area) of pressure-outlet 19.

 Reversed flow on 178 faces (35.4% area) of pressure-outlet 18.
  2405  9.2371e-06  7.2615e-08  8.1826e-08  4.4951e-08  0:31:06 1095

 Reversed flow on 53 faces (27.5% area) of pressure-outlet 19.

 Reversed flow on 178 faces (35.4% area) of pressure-outlet 18.
  2406  9.4434e-06  7.5049e-08  8.1815e-08  4.6271e-08  0:32:06 1094

 Reversed flow on 53 faces (27.5% area) of pressure-outlet 19.

 Reversed flow on 178 faces (35.4% area) of pressure-outlet 18.
  2407  9.7270e-06  7.7803e-08  8.4882e-08  4.7428e-08  0:32:41 1093

 Reversed flow on 53 faces (27.5% area) of pressure-outlet 19.

 Reversed flow on 178 faces (35.4% area) of pressure-outlet 18.
  2408  9.8162e-06  8.0204e-08  8.8257e-08  4.8065e-08  0:33:28 1092

 Reversed flow on 53 faces (27.5% area) of pressure-outlet 19.

 Reversed flow on 178 faces (35.4% area) of pressure-outlet 18.
  2409  1.0017e-05  8.2151e-08  9.0795e-08  4.8468e-08  0:33:06 1091

 Reversed flow on 53 faces (27.5% area) of pressure-outlet 19.

 Reversed flow on 178 faces (35.4% area) of pressure-outlet 18.

  iter  continuity  x-velocity  y-velocity  z-velocity     time/iter
  2410  1.0145e-05  8.4085e-08  9.2892e-08  4.8935e-08  0:33:54 1090

 Reversed flow on 53 faces (27.5% area) of pressure-outlet 19.

 Reversed flow on 178 faces (35.4% area) of pressure-outlet 18.
  2411  1.0557e-05  8.6350e-08  9.5873e-08  5.0094e-08  0:33:10 1089

 Reversed flow on 53 faces (27.5% area) of pressure-outlet 19.

 Reversed flow on 178 faces (35.4% area) of pressure-outlet 18.
  2412  1.1060e-05  9.0271e-08  1.0184e-07  5.1230e-08  0:32:55 1088

 Reversed flow on 53 faces (27.5% area) of pressure-outlet 19.

 Reversed flow on 178 faces (35.4% area) of pressure-outlet 18.
  2413  1.1883e-05  9.4860e-08  1.0775e-07  5.3256e-08  0:32:22 1087

 Reversed flow on 53 faces (27.5% area) of pressure-outlet 19.

 Reversed flow on 178 faces (35.4% area) of pressure-outlet 18.
  2414  1.2511e-05  9.9880e-08  1.0788e-07  5.7449e-08  0:31:57 1086

 Reversed flow on 53 faces (27.5% area) of pressure-outlet 19.

 Reversed flow on 178 faces (35.4% area) of pressure-outlet 18.
  2415  1.2995e-05  1.0333e-07  1.0921e-07  6.1745e-08  0:31:40 1085

 Reversed flow on 53 faces (27.5% area) of pressure-outlet 19.

 Reversed flow on 178 faces (35.4% area) of pressure-outlet 18.
  2416  1.2799e-05  1.0374e-07  1.0787e-07  6.3892e-08  0:31:31 1084

 Reversed flow on 53 faces (27.5% area) of pressure-outlet 19.

 Reversed flow on 178 faces (35.4% area) of pressure-outlet 18.
  2417  1.2524e-05  1.0224e-07  1.0674e-07  6.4368e-08  0:31:27 1083

 Reversed flow on 53 faces (27.5% area) of pressure-outlet 19.

 Reversed flow on 178 faces (35.4% area) of pressure-outlet 18.
  2418  1.2309e-05  1.0016e-07  1.0549e-07  6.4140e-08  0:31:16 1082

 Reversed flow on 53 faces (27.5% area) of pressure-outlet 19.

 Reversed flow on 178 faces (35.4% area) of pressure-outlet 18.
  2419  1.2151e-05  9.7188e-08  1.0386e-07  6.3068e-08  0:31:21 1081

 Reversed flow on 53 faces (27.5% area) of pressure-outlet 19.

 Reversed flow on 178 faces (35.4% area) of pressure-outlet 18.
  2420  1.1742e-05  9.2777e-08  9.9610e-08  6.0775e-08  0:31:19 1080

 Reversed flow on 53 faces (27.5% area) of pressure-outlet 19.

 Reversed flow on 178 faces (35.4% area) of pressure-outlet 18.

  iter  continuity  x-velocity  y-velocity  z-velocity     time/iter
  2421  1.1478e-05  8.8594e-08  9.4530e-08  5.8428e-08  0:31:03 1079

 Reversed flow on 53 faces (27.5% area) of pressure-outlet 19.

 Reversed flow on 178 faces (35.4% area) of pressure-outlet 18.
  2422  1.1104e-05  8.6658e-08  8.9594e-08  5.6021e-08  0:32:09 1078

 Reversed flow on 53 faces (27.5% area) of pressure-outlet 19.

 Reversed flow on 178 faces (35.4% area) of pressure-outlet 18.
  2423  1.0866e-05  8.5226e-08  8.5415e-08  5.3879e-08  0:32:06 1077

 Reversed flow on 53 faces (27.5% area) of pressure-outlet 19.

 Reversed flow on 178 faces (35.4% area) of pressure-outlet 18.
  2424  1.0396e-05  8.3289e-08  8.1523e-08  5.1688e-08  0:32:26 1076

 Reversed flow on 53 faces (27.5% area) of pressure-outlet 19.

 Reversed flow on 178 faces (35.4% area) of pressure-outlet 18.
  2425  9.9901e-06  8.1443e-08  7.7394e-08  4.9315e-08  0:32:54 1075

 Reversed flow on 53 faces (27.5% area) of pressure-outlet 19.

 Reversed flow on 178 faces (35.4% area) of pressure-outlet 18.
  2426  9.6784e-06  7.9728e-08  7.4269e-08  4.7137e-08  0:32:51 1074

 Reversed flow on 53 faces (27.5% area) of pressure-outlet 19.

 Reversed flow on 178 faces (35.4% area) of pressure-outlet 18.
  2427  9.5737e-06  7.8744e-08  7.2100e-08  4.5549e-08  0:35:20 1073

 Reversed flow on 53 faces (27.5% area) of pressure-outlet 19.

 Reversed flow on 178 faces (35.4% area) of pressure-outlet 18.
  2428  9.2280e-06  7.7371e-08  7.0128e-08  4.3952e-08  0:34:41 1072

 Reversed flow on 53 faces (27.5% area) of pressure-outlet 19.

 Reversed flow on 178 faces (35.4% area) of pressure-outlet 18.
  2429  9.0639e-06  7.6229e-08  6.8262e-08  4.2308e-08  0:34:25 1071

 Reversed flow on 53 faces (27.5% area) of pressure-outlet 19.

 Reversed flow on 178 faces (35.4% area) of pressure-outlet 18.
  2430  8.9743e-06  7.4961e-08  6.6865e-08  4.1099e-08  0:34:03 1070

 Reversed flow on 53 faces (27.5% area) of pressure-outlet 19.

 Reversed flow on 178 faces (35.4% area) of pressure-outlet 18.
  2431  8.9476e-06  7.3764e-08  6.6585e-08  4.0291e-08  0:33:25 1069

 Reversed flow on 53 faces (27.5% area) of pressure-outlet 19.

 Reversed flow on 178 faces (35.4% area) of pressure-outlet 18.

  iter  continuity  x-velocity  y-velocity  z-velocity     time/iter
  2432  8.7079e-06  7.2309e-08  6.7222e-08  3.9502e-08  0:32:57 1068

 Reversed flow on 53 faces (27.5% area) of pressure-outlet 19.

 Reversed flow on 178 faces (35.4% area) of pressure-outlet 18.
  2433  8.6880e-06  7.1140e-08  6.8395e-08  3.8919e-08  0:32:39 1067

 Reversed flow on 53 faces (27.5% area) of pressure-outlet 19.

 Reversed flow on 178 faces (35.4% area) of pressure-outlet 18.
  2434  8.6616e-06  6.9853e-08  6.9648e-08  3.8508e-08  0:32:16 1066

 Reversed flow on 53 faces (27.5% area) of pressure-outlet 19.

 Reversed flow on 178 faces (35.4% area) of pressure-outlet 18.
  2435  8.8416e-06  6.9168e-08  7.1134e-08  3.8554e-08  0:32:52 1065

 Reversed flow on 53 faces (27.5% area) of pressure-outlet 19.

 Reversed flow on 178 faces (35.4% area) of pressure-outlet 18.
  2436  8.8326e-06  6.8872e-08  7.2866e-08  3.9067e-08  0:33:18 1064

 Reversed flow on 53 faces (27.5% area) of pressure-outlet 19.

 Reversed flow on 178 faces (35.4% area) of pressure-outlet 18.
  2437  8.9204e-06  6.8873e-08  7.4679e-08  3.9624e-08  0:33:09 1063

 Reversed flow on 53 faces (27.5% area) of pressure-outlet 19.

 Reversed flow on 178 faces (35.4% area) of pressure-outlet 18.
  2438  9.0137e-06  6.9102e-08  7.6105e-08  4.0573e-08  0:33:31 1062

 Reversed flow on 53 faces (27.5% area) of pressure-outlet 19.

 Reversed flow on 178 faces (35.4% area) of pressure-outlet 18.
  2439  9.2737e-06  6.9907e-08  7.7613e-08  4.2109e-08  0:34:07 1061

 Reversed flow on 53 faces (27.5% area) of pressure-outlet 19.

 Reversed flow on 178 faces (35.4% area) of pressure-outlet 18.
  2440  9.2025e-06  7.0822e-08  7.9847e-08  4.3476e-08  0:36:18 1060

 Reversed flow on 53 faces (27.5% area) of pressure-outlet 19.

 Reversed flow on 178 faces (35.4% area) of pressure-outlet 18.
  2441  9.3081e-06  7.2058e-08  8.1271e-08  4.4550e-08  0:36:36 1059

 Reversed flow on 53 faces (27.5% area) of pressure-outlet 19.

 Reversed flow on 178 faces (35.4% area) of pressure-outlet 18.
  2442  9.3819e-06  7.3426e-08  8.1837e-08  4.5642e-08  0:36:47 1058

 Reversed flow on 53 faces (27.5% area) of pressure-outlet 19.

 Reversed flow on 178 faces (35.4% area) of pressure-outlet 18.

  iter  continuity  x-velocity  y-velocity  z-velocity     time/iter
  2443  9.4685e-06  7.4973e-08  8.2207e-08  4.6563e-08  0:36:06 1057

 Reversed flow on 53 faces (27.5% area) of pressure-outlet 19.

 Reversed flow on 178 faces (35.4% area) of pressure-outlet 18.
  2444  9.3781e-06  7.6168e-08  8.5411e-08  4.7033e-08  0:35:20 1056

 Reversed flow on 53 faces (27.5% area) of pressure-outlet 19.

 Reversed flow on 178 faces (35.4% area) of pressure-outlet 18.
  2445  9.4719e-06  7.7260e-08  8.8365e-08  4.7172e-08  0:34:54 1055

 Reversed flow on 53 faces (27.5% area) of pressure-outlet 19.

 Reversed flow on 178 faces (35.4% area) of pressure-outlet 18.
  2446  9.4531e-06  7.8139e-08  9.0612e-08  4.7300e-08  0:34:15 1054

 Reversed flow on 53 faces (27.5% area) of pressure-outlet 19.

 Reversed flow on 178 faces (35.4% area) of pressure-outlet 18.
  2447  9.6384e-06  7.9402e-08  9.2807e-08  4.7950e-08  0:33:30 1053

 Reversed flow on 53 faces (27.5% area) of pressure-outlet 19.

 Reversed flow on 178 faces (35.4% area) of pressure-outlet 18.
  2448  9.8444e-06  8.1420e-08  9.6882e-08  4.8753e-08  0:33:43 1052

 Reversed flow on 53 faces (27.5% area) of pressure-outlet 19.

 Reversed flow on 178 faces (35.4% area) of pressure-outlet 18.
  2449  1.0525e-05  8.5306e-08  1.0249e-07  4.9938e-08  0:33:23 1051

 Reversed flow on 53 faces (27.5% area) of pressure-outlet 19.

 Reversed flow on 178 faces (35.4% area) of pressure-outlet 18.
  2450  1.1390e-05  9.0542e-08  1.0618e-07  5.2774e-08  0:32:43 1050

 Reversed flow on 53 faces (27.5% area) of pressure-outlet 19.

 Reversed flow on 178 faces (35.4% area) of pressure-outlet 18.
  2451  1.2252e-05  9.6621e-08  1.0746e-07  5.7408e-08  0:32:18 1049

 Reversed flow on 53 faces (27.5% area) of pressure-outlet 19.

 Reversed flow on 178 faces (35.4% area) of pressure-outlet 18.
  2452  1.2476e-05  1.0028e-07  1.0799e-07  6.1129e-08  0:31:56 1048

 Reversed flow on 53 faces (27.5% area) of pressure-outlet 19.

 Reversed flow on 178 faces (35.4% area) of pressure-outlet 18.
  2453  1.2554e-05  1.0195e-07  1.0648e-07  6.2989e-08  0:31:38 1047

 Reversed flow on 53 faces (27.5% area) of pressure-outlet 19.

 Reversed flow on 178 faces (35.4% area) of pressure-outlet 18.

  iter  continuity  x-velocity  y-velocity  z-velocity     time/iter
  2454  1.2547e-05  1.0227e-07  1.0671e-07  6.3891e-08  0:32:01 1046

 Reversed flow on 53 faces (27.5% area) of pressure-outlet 19.

 Reversed flow on 178 faces (35.4% area) of pressure-outlet 18.
  2455  1.2600e-05  1.0199e-07  1.0578e-07  6.3964e-08  0:31:44 1045

 Reversed flow on 53 faces (27.5% area) of pressure-outlet 19.

 Reversed flow on 178 faces (35.4% area) of pressure-outlet 18.
  2456  1.2341e-05  9.9541e-08  1.0321e-07  6.2581e-08  0:31:29 1044

 Reversed flow on 53 faces (27.5% area) of pressure-outlet 19.

 Reversed flow on 178 faces (35.4% area) of pressure-outlet 18.
  2457  1.2247e-05  9.6946e-08  9.8855e-08  6.0674e-08  0:31:03 1043

 Reversed flow on 53 faces (27.5% area) of pressure-outlet 19.

 Reversed flow on 178 faces (35.4% area) of pressure-outlet 18.
  2458  1.2014e-05  9.4605e-08  9.4290e-08  5.8838e-08  0:30:47 1042

 Reversed flow on 53 faces (27.5% area) of pressure-outlet 19.

 Reversed flow on 178 faces (35.4% area) of pressure-outlet 18.
  2459  1.1794e-05  9.2905e-08  8.9658e-08  5.6878e-08  0:30:28 1041

 Reversed flow on 53 faces (27.5% area) of pressure-outlet 19.

 Reversed flow on 178 faces (35.4% area) of pressure-outlet 18.
  2460  1.1266e-05  9.0249e-08  8.5522e-08  5.4667e-08  0:30:23 1040

 Reversed flow on 53 faces (27.5% area) of pressure-outlet 19.

 Reversed flow on 178 faces (35.4% area) of pressure-outlet 18.
  2461  1.0769e-05  8.7376e-08  8.1071e-08  5.2192e-08  0:30:38 1039

 Reversed flow on 53 faces (27.5% area) of pressure-outlet 19.

 Reversed flow on 178 faces (35.4% area) of pressure-outlet 18.
  2462  1.0280e-05  8.4355e-08  7.7018e-08  4.9672e-08  0:30:35 1038

 Reversed flow on 53 faces (27.5% area) of pressure-outlet 19.

 Reversed flow on 178 faces (35.4% area) of pressure-outlet 18.
  2463  1.0022e-05  8.1666e-08  7.4200e-08  4.7687e-08  0:30:31 1037

 Reversed flow on 53 faces (27.5% area) of pressure-outlet 19.

 Reversed flow on 178 faces (35.4% area) of pressure-outlet 18.
  2464  9.4647e-06  7.8464e-08  7.1428e-08  4.5533e-08  0:30:22 1036

 Reversed flow on 53 faces (27.5% area) of pressure-outlet 19.

 Reversed flow on 178 faces (35.4% area) of pressure-outlet 18.

  iter  continuity  x-velocity  y-velocity  z-velocity     time/iter
  2465  9.1321e-06  7.5452e-08  6.9006e-08  4.3413e-08  0:30:05 1035

 Reversed flow on 53 faces (27.5% area) of pressure-outlet 19.

 Reversed flow on 178 faces (35.4% area) of pressure-outlet 18.
  2466  8.8409e-06  7.2828e-08  6.7028e-08  4.1534e-08  0:30:03 1034

 Reversed flow on 53 faces (27.5% area) of pressure-outlet 19.

 Reversed flow on 178 faces (35.4% area) of pressure-outlet 18.
  2467  8.6557e-06  7.0589e-08  6.5353e-08  4.0149e-08  0:29:50 1033

 Reversed flow on 53 faces (27.5% area) of pressure-outlet 19.

 Reversed flow on 178 faces (35.4% area) of pressure-outlet 18.
  2468  8.2502e-06  6.8124e-08  6.5158e-08  3.8768e-08  0:29:39 1032

 Reversed flow on 53 faces (27.5% area) of pressure-outlet 19.

 Reversed flow on 178 faces (35.4% area) of pressure-outlet 18.
  2469  8.1061e-06  6.6244e-08  6.5704e-08  3.7671e-08  0:29:25 1031

 Reversed flow on 53 faces (27.5% area) of pressure-outlet 19.

 Reversed flow on 178 faces (35.4% area) of pressure-outlet 18.
  2470  8.0057e-06  6.4798e-08  6.6667e-08  3.6920e-08  0:29:25 1030

 Reversed flow on 53 faces (27.5% area) of pressure-outlet 19.

 Reversed flow on 178 faces (35.4% area) of pressure-outlet 18.
  2471  8.1742e-06  6.4459e-08  6.8136e-08  3.6721e-08  0:29:18 1029

 Reversed flow on 53 faces (27.5% area) of pressure-outlet 19.

 Reversed flow on 178 faces (35.4% area) of pressure-outlet 18.
  2472  8.2249e-06  6.4766e-08  7.0067e-08  3.6908e-08  0:29:21 1028

 Reversed flow on 53 faces (27.5% area) of pressure-outlet 19.

 Reversed flow on 178 faces (35.4% area) of pressure-outlet 18.
  2473  8.4108e-06  6.5648e-08  7.1836e-08  3.7462e-08  0:29:21 1027

 Reversed flow on 53 faces (27.5% area) of pressure-outlet 19.

 Reversed flow on 178 faces (35.4% area) of pressure-outlet 18.
  2474  8.6459e-06  6.7014e-08  7.3968e-08  3.8470e-08  0:29:18 1026

 Reversed flow on 53 faces (27.5% area) of pressure-outlet 19.

 Reversed flow on 178 faces (35.4% area) of pressure-outlet 18.
  2475  9.0426e-06  6.9191e-08  7.6038e-08  4.0266e-08  0:29:05 1025

 Reversed flow on 53 faces (27.5% area) of pressure-outlet 19.

 Reversed flow on 178 faces (35.4% area) of pressure-outlet 18.

  iter  continuity  x-velocity  y-velocity  z-velocity     time/iter
  2476  9.1578e-06  7.1206e-08  7.8196e-08  4.2101e-08  0:28:59 1024

 Reversed flow on 53 faces (27.5% area) of pressure-outlet 19.

 Reversed flow on 178 faces (35.4% area) of pressure-outlet 18.
  2477  9.4315e-06  7.3546e-08  8.0457e-08  4.3775e-08  0:29:01 1023

 Reversed flow on 53 faces (27.5% area) of pressure-outlet 19.

 Reversed flow on 178 faces (35.4% area) of pressure-outlet 18.
  2478  9.6932e-06  7.5682e-08  8.2330e-08  4.5418e-08  0:28:56 1022

 Reversed flow on 53 faces (27.5% area) of pressure-outlet 19.

 Reversed flow on 178 faces (35.4% area) of pressure-outlet 18.
  2479  9.9138e-06  7.7777e-08  8.2990e-08  4.6998e-08  0:28:57 1021

 Reversed flow on 53 faces (27.5% area) of pressure-outlet 19.

 Reversed flow on 178 faces (35.4% area) of pressure-outlet 18.
  2480  9.8374e-06  7.9095e-08  8.4215e-08  4.8041e-08  0:29:00 1020

 Reversed flow on 53 faces (27.5% area) of pressure-outlet 19.

 Reversed flow on 178 faces (35.4% area) of pressure-outlet 18.
  2481  9.9882e-06  8.0654e-08  8.7512e-08  4.8532e-08  0:28:54 1019

 Reversed flow on 53 faces (27.5% area) of pressure-outlet 19.

 Reversed flow on 178 faces (35.4% area) of pressure-outlet 18.
  2482  1.0009e-05  8.1410e-08  9.0169e-08  4.8660e-08  0:28:46 1018

 Reversed flow on 53 faces (27.5% area) of pressure-outlet 19.

 Reversed flow on 178 faces (35.4% area) of pressure-outlet 18.
  2483  1.0102e-05  8.2258e-08  9.2331e-08  4.8983e-08  0:28:42 1017

 Reversed flow on 53 faces (27.5% area) of pressure-outlet 19.

 Reversed flow on 178 faces (35.4% area) of pressure-outlet 18.
  2484  9.9994e-06  8.2245e-08  9.4213e-08  4.9352e-08  0:29:52 1016

 Reversed flow on 53 faces (27.5% area) of pressure-outlet 19.

 Reversed flow on 178 faces (35.4% area) of pressure-outlet 18.
  2485  1.0255e-05  8.3811e-08  9.8546e-08  4.9658e-08  0:29:37 1015

 Reversed flow on 53 faces (27.5% area) of pressure-outlet 19.

 Reversed flow on 178 faces (35.4% area) of pressure-outlet 18.
  2486  1.0947e-05  8.7334e-08  1.0431e-07  5.0932e-08  0:29:28 1014

 Reversed flow on 53 faces (27.5% area) of pressure-outlet 19.

 Reversed flow on 178 faces (35.4% area) of pressure-outlet 18.

  iter  continuity  x-velocity  y-velocity  z-velocity     time/iter
  2487  1.1765e-05  9.2364e-08  1.0648e-07  5.4223e-08  0:29:09 1013

 Reversed flow on 53 faces (27.5% area) of pressure-outlet 19.

 Reversed flow on 178 faces (35.4% area) of pressure-outlet 18.
  2488  1.2065e-05  9.6149e-08  1.0714e-07  5.8133e-08  0:28:52 1012

 Reversed flow on 53 faces (27.5% area) of pressure-outlet 19.

 Reversed flow on 178 faces (35.4% area) of pressure-outlet 18.
  2489  1.2218e-05  9.8140e-08  1.0676e-07  6.0931e-08  0:28:39 1011

 Reversed flow on 53 faces (27.5% area) of pressure-outlet 19.

 Reversed flow on 178 faces (35.4% area) of pressure-outlet 18.
  2490  1.2133e-05  9.8517e-08  1.0573e-07  6.2376e-08  0:28:28 1010

 Reversed flow on 53 faces (27.5% area) of pressure-outlet 19.

 Reversed flow on 178 faces (35.4% area) of pressure-outlet 18.
  2491  1.2056e-05  9.7749e-08  1.0570e-07  6.2908e-08  0:28:18 1009

 Reversed flow on 53 faces (27.5% area) of pressure-outlet 19.

 Reversed flow on 178 faces (35.4% area) of pressure-outlet 18.
  2492  1.1724e-05  9.5454e-08  1.0402e-07  6.2073e-08  0:28:10 1008

 Reversed flow on 53 faces (27.5% area) of pressure-outlet 19.

 Reversed flow on 178 faces (35.4% area) of pressure-outlet 18.
  2493  1.1518e-05  9.2549e-08  1.0087e-07  6.0296e-08  0:28:15 1007

 Reversed flow on 53 faces (27.5% area) of pressure-outlet 19.

 Reversed flow on 178 faces (35.4% area) of pressure-outlet 18.
  2494  1.1380e-05  8.9716e-08  9.6476e-08  5.8442e-08  0:28:08 1006

 Reversed flow on 53 faces (27.5% area) of pressure-outlet 19.

 Reversed flow on 178 faces (35.4% area) of pressure-outlet 18.
  2495  1.1349e-05  8.8106e-08  9.1981e-08  5.6606e-08  0:28:17 1005

 Reversed flow on 53 faces (27.5% area) of pressure-outlet 19.

 Reversed flow on 178 faces (35.4% area) of pressure-outlet 18.
  2496  1.1003e-05  8.7091e-08  8.7338e-08  5.4552e-08  0:28:24 1004

 Reversed flow on 53 faces (27.5% area) of pressure-outlet 19.

 Reversed flow on 178 faces (35.4% area) of pressure-outlet 18.
  2497  1.0754e-05  8.6356e-08  8.3510e-08  5.2551e-08  0:28:33 1003

 Reversed flow on 53 faces (27.5% area) of pressure-outlet 19.

 Reversed flow on 178 faces (35.4% area) of pressure-outlet 18.

  iter  continuity  x-velocity  y-velocity  z-velocity     time/iter
  2498  1.0511e-05  8.5447e-08  7.9654e-08  5.0611e-08  0:28:41 1002

 Reversed flow on 53 faces (27.5% area) of pressure-outlet 19.

 Reversed flow on 178 faces (35.4% area) of pressure-outlet 18.
  2499  1.0412e-05  8.4711e-08  7.6519e-08  4.8913e-08  0:28:37 1001

 Reversed flow on 53 faces (27.5% area) of pressure-outlet 19.

 Reversed flow on 178 faces (35.4% area) of pressure-outlet 18.
  2500  1.0019e-05  8.3360e-08  7.3944e-08  4.7148e-08  0:28:32 1000

 Reversed flow on 53 faces (27.5% area) of pressure-outlet 19.

 Reversed flow on 178 faces (35.4% area) of pressure-outlet 18.
  2501  9.8244e-06  8.1951e-08  7.1525e-08  4.5385e-08  0:28:26  999

 Reversed flow on 53 faces (27.5% area) of pressure-outlet 19.

 Reversed flow on 178 faces (35.4% area) of pressure-outlet 18.
  2502  9.6713e-06  8.0821e-08  6.9731e-08  4.3876e-08  0:28:14  998

 Reversed flow on 53 faces (27.5% area) of pressure-outlet 19.

 Reversed flow on 178 faces (35.4% area) of pressure-outlet 18.
  2503  9.5294e-06  7.9411e-08  6.8144e-08  4.2665e-08  0:28:14  997

 Reversed flow on 53 faces (27.5% area) of pressure-outlet 19.

 Reversed flow on 178 faces (35.4% area) of pressure-outlet 18.
  2504  9.1327e-06  7.6591e-08  6.6915e-08  4.1420e-08  0:28:23  996

 Reversed flow on 53 faces (27.5% area) of pressure-outlet 19.

 Reversed flow on 178 faces (35.4% area) of pressure-outlet 18.
  2505  8.8749e-06  7.3589e-08  6.6749e-08  4.0111e-08  0:28:18  995

 Reversed flow on 53 faces (27.5% area) of pressure-outlet 19.

 Reversed flow on 178 faces (35.4% area) of pressure-outlet 18.
  2506  8.5872e-06  7.0791e-08  6.7099e-08  3.8938e-08  0:28:09  994

 Reversed flow on 53 faces (27.5% area) of pressure-outlet 19.

 Reversed flow on 178 faces (35.4% area) of pressure-outlet 18.
  2507  8.5373e-06  6.8562e-08  6.7996e-08  3.8314e-08  0:29:01  993

 Reversed flow on 53 faces (27.5% area) of pressure-outlet 19.

 Reversed flow on 178 faces (35.4% area) of pressure-outlet 18.
  2508  8.3784e-06  6.6726e-08  6.9419e-08  3.7892e-08  0:29:32  992

 Reversed flow on 53 faces (27.5% area) of pressure-outlet 19.

 Reversed flow on 178 faces (35.4% area) of pressure-outlet 18.

  iter  continuity  x-velocity  y-velocity  z-velocity     time/iter
  2509  8.3867e-06  6.5341e-08  7.0585e-08  3.7574e-08  0:30:35  991

 Reversed flow on 53 faces (27.5% area) of pressure-outlet 19.

 Reversed flow on 178 faces (35.4% area) of pressure-outlet 18.
  2510  8.4414e-06  6.4520e-08  7.2042e-08  3.7886e-08  0:29:59  990

 Reversed flow on 53 faces (27.5% area) of pressure-outlet 19.

 Reversed flow on 178 faces (35.4% area) of pressure-outlet 18.
  2511  8.6608e-06  6.4961e-08  7.4023e-08  3.8860e-08  0:30:11  989

 Reversed flow on 53 faces (27.5% area) of pressure-outlet 19.

 Reversed flow on 178 faces (35.4% area) of pressure-outlet 18.
  2512  8.5742e-06  6.5578e-08  7.5440e-08  4.0064e-08  0:29:37  988

 Reversed flow on 53 faces (27.5% area) of pressure-outlet 19.

 Reversed flow on 178 faces (35.4% area) of pressure-outlet 18.
  2513  8.7421e-06  6.6838e-08  7.7319e-08  4.1315e-08  0:29:11  987

 Reversed flow on 53 faces (27.5% area) of pressure-outlet 19.

 Reversed flow on 178 faces (35.4% area) of pressure-outlet 18.
  2514  8.9529e-06  6.8573e-08  7.9376e-08  4.2776e-08  0:28:53  986

 Reversed flow on 53 faces (27.5% area) of pressure-outlet 19.

 Reversed flow on 178 faces (35.4% area) of pressure-outlet 18.
  2515  9.2255e-06  7.0858e-08  8.0952e-08  4.4354e-08  0:28:33  985

 Reversed flow on 53 faces (27.5% area) of pressure-outlet 19.

 Reversed flow on 178 faces (35.4% area) of pressure-outlet 18.
  2516  9.2293e-06  7.3146e-08  8.1203e-08  4.5645e-08  0:28:35  984

 Reversed flow on 53 faces (27.5% area) of pressure-outlet 19.

 Reversed flow on 178 faces (35.4% area) of pressure-outlet 18.
  2517  9.4271e-06  7.5552e-08  8.3466e-08  4.6583e-08  0:28:16  983

 Reversed flow on 53 faces (27.5% area) of pressure-outlet 19.

 Reversed flow on 178 faces (35.4% area) of pressure-outlet 18.
  2518  9.5992e-06  7.8123e-08  8.6907e-08  4.7159e-08  0:28:00  982

 Reversed flow on 53 faces (27.5% area) of pressure-outlet 19.

 Reversed flow on 178 faces (35.4% area) of pressure-outlet 18.
  2519  9.8712e-06  8.0461e-08  8.9997e-08  4.7847e-08  0:27:47  981

 Reversed flow on 53 faces (27.5% area) of pressure-outlet 19.

 Reversed flow on 178 faces (35.4% area) of pressure-outlet 18.

  iter  continuity  x-velocity  y-velocity  z-velocity     time/iter
  2520  9.8753e-06  8.2212e-08  9.2255e-08  4.8391e-08  0:27:36  980

 Reversed flow on 53 faces (27.5% area) of pressure-outlet 19.

 Reversed flow on 178 faces (35.4% area) of pressure-outlet 18.
  2521  1.0062e-05  8.3614e-08  9.4520e-08  4.9110e-08  0:27:26  979

 Reversed flow on 53 faces (27.5% area) of pressure-outlet 19.

 Reversed flow on 178 faces (35.4% area) of pressure-outlet 18.
  2522  1.0618e-05  8.7305e-08  1.0024e-07  5.0165e-08  0:27:25  978

 Reversed flow on 53 faces (27.5% area) of pressure-outlet 19.

 Reversed flow on 178 faces (35.4% area) of pressure-outlet 18.
  2523  1.1654e-05  9.2107e-08  1.0688e-07  5.2498e-08  0:27:22  977

 Reversed flow on 53 faces (27.5% area) of pressure-outlet 19.

 Reversed flow on 178 faces (35.4% area) of pressure-outlet 18.
  2524  1.2182e-05  9.6994e-08  1.0736e-07  5.6243e-08  0:27:16  976

 Reversed flow on 53 faces (27.5% area) of pressure-outlet 19.

 Reversed flow on 178 faces (35.4% area) of pressure-outlet 18.
  2525  1.2630e-05  1.0068e-07  1.0830e-07  6.0277e-08  0:27:13  975

 Reversed flow on 53 faces (27.5% area) of pressure-outlet 19.

 Reversed flow on 178 faces (35.4% area) of pressure-outlet 18.
  2526  1.2803e-05  1.0268e-07  1.0791e-07  6.3086e-08  0:27:09  974

 Reversed flow on 53 faces (27.5% area) of pressure-outlet 19.

 Reversed flow on 178 faces (35.4% area) of pressure-outlet 18.
  2527  1.2753e-05  1.0268e-07  1.0725e-07  6.4384e-08  0:27:04  973

 Reversed flow on 53 faces (27.5% area) of pressure-outlet 19.

 Reversed flow on 178 faces (35.4% area) of pressure-outlet 18.
  2528  1.2362e-05  1.0049e-07  1.0581e-07  6.4125e-08  0:27:04  972

 Reversed flow on 53 faces (27.5% area) of pressure-outlet 19.

 Reversed flow on 178 faces (35.4% area) of pressure-outlet 18.
  2529  1.2075e-05  9.7328e-08  1.0388e-07  6.2823e-08  0:27:03  971

 Reversed flow on 53 faces (27.5% area) of pressure-outlet 19.

 Reversed flow on 178 faces (35.4% area) of pressure-outlet 18.
  2530  1.1761e-05  9.3590e-08  1.0030e-07  6.0762e-08  0:27:13  970

 Reversed flow on 53 faces (27.5% area) of pressure-outlet 19.

 Reversed flow on 178 faces (35.4% area) of pressure-outlet 18.

  iter  continuity  x-velocity  y-velocity  z-velocity     time/iter
  2531  1.1656e-05  9.0110e-08  9.5571e-08  5.8679e-08  0:27:13  969

 Reversed flow on 53 faces (27.5% area) of pressure-outlet 19.

 Reversed flow on 178 faces (35.4% area) of pressure-outlet 18.
  2532  1.1187e-05  8.7436e-08  9.0402e-08  5.6186e-08  0:27:13  968

 Reversed flow on 53 faces (27.5% area) of pressure-outlet 19.

 Reversed flow on 178 faces (35.4% area) of pressure-outlet 18.
  2533  1.0748e-05  8.5322e-08  8.5611e-08  5.3626e-08  0:27:12  967

 Reversed flow on 53 faces (27.5% area) of pressure-outlet 19.

 Reversed flow on 178 faces (35.4% area) of pressure-outlet 18.
  2534  1.0378e-05  8.3465e-08  8.1796e-08  5.1423e-08  0:27:26  966

 Reversed flow on 53 faces (27.5% area) of pressure-outlet 19.

 Reversed flow on 178 faces (35.4% area) of pressure-outlet 18.
  2535  1.0126e-05  8.1802e-08  7.8170e-08  4.9413e-08  0:29:42  965

 Reversed flow on 53 faces (27.5% area) of pressure-outlet 19.

 Reversed flow on 178 faces (35.4% area) of pressure-outlet 18.
  2536  9.5754e-06  7.9377e-08  7.4804e-08  4.7193e-08  0:30:09  964

 Reversed flow on 53 faces (27.5% area) of pressure-outlet 19.

 Reversed flow on 178 faces (35.4% area) of pressure-outlet 18.
  2537  9.2447e-06  7.7299e-08  7.2092e-08  4.5145e-08  0:29:47  963

 Reversed flow on 53 faces (27.5% area) of pressure-outlet 19.

 Reversed flow on 178 faces (35.4% area) of pressure-outlet 18.
  2538  9.0297e-06  7.5642e-08  6.9983e-08  4.3488e-08  0:30:20  962

 Reversed flow on 53 faces (27.5% area) of pressure-outlet 19.

 Reversed flow on 178 faces (35.4% area) of pressure-outlet 18.
  2539  8.9351e-06  7.4463e-08  6.8258e-08  4.2089e-08  0:31:12  961

 Reversed flow on 53 faces (27.5% area) of pressure-outlet 19.

 Reversed flow on 178 faces (35.4% area) of pressure-outlet 18.
  2540  8.6653e-06  7.2914e-08  6.6763e-08  4.0773e-08  0:30:30  960

 Reversed flow on 53 faces (27.5% area) of pressure-outlet 19.

 Reversed flow on 178 faces (35.4% area) of pressure-outlet 18.
  2541  8.6004e-06  7.1611e-08  6.6070e-08  3.9670e-08  0:30:01  959

 Reversed flow on 53 faces (27.5% area) of pressure-outlet 19.

 Reversed flow on 178 faces (35.4% area) of pressure-outlet 18.

  iter  continuity  x-velocity  y-velocity  z-velocity     time/iter
  2542  8.5007e-06  7.0518e-08  6.6294e-08  3.8727e-08  0:29:56  958

 Reversed flow on 53 faces (27.5% area) of pressure-outlet 19.

 Reversed flow on 178 faces (35.4% area) of pressure-outlet 18.
  2543  8.6052e-06  7.0021e-08  6.7438e-08  3.8376e-08  0:29:48  957

 Reversed flow on 53 faces (27.5% area) of pressure-outlet 19.

 Reversed flow on 178 faces (35.4% area) of pressure-outlet 18.
  2544  8.5769e-06  6.9759e-08  6.9144e-08  3.8288e-08  0:29:37  956

 Reversed flow on 53 faces (27.5% area) of pressure-outlet 19.

 Reversed flow on 178 faces (35.4% area) of pressure-outlet 18.
  2545  8.7240e-06  6.9850e-08  7.0609e-08  3.8151e-08  0:29:03  955

 Reversed flow on 53 faces (27.5% area) of pressure-outlet 19.

 Reversed flow on 178 faces (35.4% area) of pressure-outlet 18.
  2546  8.9400e-06  7.0243e-08  7.2143e-08  3.8588e-08  0:29:31  954

 Reversed flow on 53 faces (27.5% area) of pressure-outlet 19.

 Reversed flow on 178 faces (35.4% area) of pressure-outlet 18.
  2547  9.3015e-06  7.1759e-08  7.4449e-08  3.9766e-08  0:29:07  953

 Reversed flow on 53 faces (27.5% area) of pressure-outlet 19.

 Reversed flow on 178 faces (35.4% area) of pressure-outlet 18.
  2548  9.2563e-06  7.2586e-08  7.6497e-08  4.1035e-08  0:28:54  952

 Reversed flow on 53 faces (27.5% area) of pressure-outlet 19.

 Reversed flow on 178 faces (35.4% area) of pressure-outlet 18.
  2549  9.3835e-06  7.2996e-08  7.7605e-08  4.2339e-08  0:29:43  951

 Reversed flow on 53 faces (27.5% area) of pressure-outlet 19.

 Reversed flow on 178 faces (35.4% area) of pressure-outlet 18.
  2550  9.5215e-06  7.3618e-08  7.9923e-08  4.3803e-08  0:29:10  950

 Reversed flow on 53 faces (27.5% area) of pressure-outlet 19.

 Reversed flow on 178 faces (35.4% area) of pressure-outlet 18.
  2551  9.6801e-06  7.4605e-08  8.1608e-08  4.5217e-08  0:28:50  949

 Reversed flow on 53 faces (27.5% area) of pressure-outlet 19.

 Reversed flow on 178 faces (35.4% area) of pressure-outlet 18.
  2552  9.5789e-06  7.5202e-08  8.2467e-08  4.6392e-08  0:28:24  948

 Reversed flow on 53 faces (27.5% area) of pressure-outlet 19.

 Reversed flow on 178 faces (35.4% area) of pressure-outlet 18.

  iter  continuity  x-velocity  y-velocity  z-velocity     time/iter
  2553  9.6251e-06  7.6146e-08  8.2082e-08  4.7209e-08  0:28:37  947

 Reversed flow on 53 faces (27.5% area) of pressure-outlet 19.

 Reversed flow on 178 faces (35.4% area) of pressure-outlet 18.
  2554  9.6158e-06  7.6725e-08  8.4926e-08  4.7587e-08  0:29:51  946

 Reversed flow on 53 faces (27.5% area) of pressure-outlet 19.

 Reversed flow on 178 faces (35.4% area) of pressure-outlet 18.
  2555  9.7687e-06  7.7716e-08  8.8096e-08  4.7934e-08  0:29:18  945

 Reversed flow on 53 faces (27.5% area) of pressure-outlet 19.

 Reversed flow on 178 faces (35.4% area) of pressure-outlet 18.
  2556  9.6076e-06  7.8146e-08  9.0323e-08  4.7987e-08  0:28:41  944

 Reversed flow on 53 faces (27.5% area) of pressure-outlet 19.

 Reversed flow on 178 faces (35.4% area) of pressure-outlet 18.
  2557  9.5405e-06  7.8632e-08  9.1837e-08  4.7881e-08  0:28:07  943

 Reversed flow on 53 faces (27.5% area) of pressure-outlet 19.

 Reversed flow on 178 faces (35.4% area) of pressure-outlet 18.
  2558  9.7163e-06  7.9880e-08  9.4815e-08  4.8405e-08  0:28:08  942

 Reversed flow on 53 faces (27.5% area) of pressure-outlet 19.

 Reversed flow on 178 faces (35.4% area) of pressure-outlet 18.
  2559  1.0483e-05  8.3893e-08  1.0116e-07  4.9784e-08  0:27:45  941

 Reversed flow on 53 faces (27.5% area) of pressure-outlet 19.

 Reversed flow on 178 faces (35.4% area) of pressure-outlet 18.
  2560  1.1160e-05  8.8197e-08  1.0602e-07  5.1993e-08  0:27:33  940

 Reversed flow on 53 faces (27.5% area) of pressure-outlet 19.

 Reversed flow on 178 faces (35.4% area) of pressure-outlet 18.
  2561  1.1841e-05  9.3819e-08  1.0603e-07  5.5935e-08  0:28:43  939

 Reversed flow on 53 faces (27.5% area) of pressure-outlet 19.

 Reversed flow on 178 faces (35.4% area) of pressure-outlet 18.
  2562  1.2315e-05  9.8335e-08  1.0744e-07  6.0094e-08  0:29:55  938

 Reversed flow on 53 faces (27.5% area) of pressure-outlet 19.

 Reversed flow on 178 faces (35.4% area) of pressure-outlet 18.
  2563  1.2561e-05  1.0112e-07  1.0693e-07  6.2774e-08  0:29:25  937

 Reversed flow on 53 faces (27.5% area) of pressure-outlet 19.

 Reversed flow on 178 faces (35.4% area) of pressure-outlet 18.

  iter  continuity  x-velocity  y-velocity  z-velocity     time/iter
  2564  1.2346e-05  1.0118e-07  1.0653e-07  6.3647e-08  0:29:09  936

 Reversed flow on 53 faces (27.5% area) of pressure-outlet 19.

 Reversed flow on 178 faces (35.4% area) of pressure-outlet 18.
  2565  1.2257e-05  1.0044e-07  1.0527e-07  6.3479e-08  0:28:51  935

 Reversed flow on 53 faces (27.5% area) of pressure-outlet 19.

 Reversed flow on 178 faces (35.4% area) of pressure-outlet 18.
  2566  1.2116e-05  9.8622e-08  1.0365e-07  6.2556e-08  0:28:26  934

 Reversed flow on 53 faces (27.5% area) of pressure-outlet 19.

 Reversed flow on 178 faces (35.4% area) of pressure-outlet 18.
  2567  1.2153e-05  9.6320e-08  1.0002e-07  6.1036e-08  0:28:08  933

 Reversed flow on 53 faces (27.5% area) of pressure-outlet 19.

 Reversed flow on 178 faces (35.4% area) of pressure-outlet 18.
  2568  1.1883e-05  9.3158e-08  9.5340e-08  5.9200e-08  0:27:56  932

 Reversed flow on 53 faces (27.5% area) of pressure-outlet 19.

 Reversed flow on 178 faces (35.4% area) of pressure-outlet 18.
  2569  1.1572e-05  9.1428e-08  9.0360e-08  5.6935e-08  0:27:55  931

 Reversed flow on 53 faces (27.5% area) of pressure-outlet 19.

 Reversed flow on 178 faces (35.4% area) of pressure-outlet 18.
  2570  1.1252e-05  8.9708e-08  8.6283e-08  5.4866e-08  0:27:57  930

 Reversed flow on 53 faces (27.5% area) of pressure-outlet 19.

 Reversed flow on 178 faces (35.4% area) of pressure-outlet 18.
  2571  1.1065e-05  8.8165e-08  8.2644e-08  5.3008e-08  0:28:48  929

 Reversed flow on 53 faces (27.5% area) of pressure-outlet 19.

 Reversed flow on 178 faces (35.4% area) of pressure-outlet 18.
  2572  1.0464e-05  8.5589e-08  7.8575e-08  5.0668e-08  0:29:19  928

 Reversed flow on 53 faces (27.5% area) of pressure-outlet 19.

 Reversed flow on 178 faces (35.4% area) of pressure-outlet 18.
  2573  1.0033e-05  8.2698e-08  7.5137e-08  4.8241e-08  0:28:41  927

 Reversed flow on 53 faces (27.5% area) of pressure-outlet 19.

 Reversed flow on 178 faces (35.4% area) of pressure-outlet 18.
  2574  9.6492e-06  7.9859e-08  7.2447e-08  4.6137e-08  0:28:13  926

 Reversed flow on 53 faces (27.5% area) of pressure-outlet 19.

 Reversed flow on 178 faces (35.4% area) of pressure-outlet 18.

  iter  continuity  x-velocity  y-velocity  z-velocity     time/iter
  2575  9.4128e-06  7.7469e-08  7.0235e-08  4.4327e-08  0:30:19  925

 Reversed flow on 53 faces (27.5% area) of pressure-outlet 19.

 Reversed flow on 178 faces (35.4% area) of pressure-outlet 18.
  2576  8.9589e-06  7.4944e-08  6.8156e-08  4.2402e-08  0:29:57  924

 Reversed flow on 53 faces (27.5% area) of pressure-outlet 19.

 Reversed flow on 178 faces (35.4% area) of pressure-outlet 18.
  2577  8.7097e-06  7.2431e-08  6.6284e-08  4.0702e-08  0:30:40  923

 Reversed flow on 53 faces (27.5% area) of pressure-outlet 19.

 Reversed flow on 178 faces (35.4% area) of pressure-outlet 18.
  2578  8.4006e-06  6.9739e-08  6.5605e-08  3.9162e-08  0:29:48  922

 Reversed flow on 53 faces (27.5% area) of pressure-outlet 19.

 Reversed flow on 178 faces (35.4% area) of pressure-outlet 18.
  2579  8.2983e-06  6.7812e-08  6.6033e-08  3.8176e-08  0:29:08  921

 Reversed flow on 53 faces (27.5% area) of pressure-outlet 19.

 Reversed flow on 178 faces (35.4% area) of pressure-outlet 18.
  2580  8.0471e-06  6.6088e-08  6.7363e-08  3.7520e-08  0:28:47  920

 Reversed flow on 53 faces (27.5% area) of pressure-outlet 19.

 Reversed flow on 178 faces (35.4% area) of pressure-outlet 18.
  2581  7.9994e-06  6.4777e-08  6.8611e-08  3.6931e-08  0:28:53  919

 Reversed flow on 53 faces (27.5% area) of pressure-outlet 19.

 Reversed flow on 178 faces (35.4% area) of pressure-outlet 18.
  2582  8.0883e-06  6.4188e-08  7.0016e-08  3.6782e-08  0:28:42  918

 Reversed flow on 53 faces (27.5% area) of pressure-outlet 19.

 Reversed flow on 178 faces (35.4% area) of pressure-outlet 18.
  2583  8.3924e-06  6.4846e-08  7.1845e-08  3.7579e-08  0:28:16  917

 Reversed flow on 53 faces (27.5% area) of pressure-outlet 19.

 Reversed flow on 178 faces (35.4% area) of pressure-outlet 18.
  2584  8.4259e-06  6.5721e-08  7.4119e-08  3.8540e-08  0:27:55  916

 Reversed flow on 53 faces (27.5% area) of pressure-outlet 19.

 Reversed flow on 178 faces (35.4% area) of pressure-outlet 18.
  2585  8.6691e-06  6.7170e-08  7.5859e-08  3.9778e-08  0:27:40  915

 Reversed flow on 53 faces (27.5% area) of pressure-outlet 19.

 Reversed flow on 178 faces (35.4% area) of pressure-outlet 18.

  iter  continuity  x-velocity  y-velocity  z-velocity     time/iter
  2586  9.0037e-06  6.9233e-08  7.7662e-08  4.1484e-08  0:27:22  914

 Reversed flow on 53 faces (27.5% area) of pressure-outlet 19.

 Reversed flow on 178 faces (35.4% area) of pressure-outlet 18.
  2587  9.3989e-06  7.2198e-08  8.0153e-08  4.3428e-08  0:27:05  913

 Reversed flow on 53 faces (27.5% area) of pressure-outlet 19.

 Reversed flow on 178 faces (35.4% area) of pressure-outlet 18.
  2588  9.5429e-06  7.4713e-08  8.2146e-08  4.5158e-08  0:26:54  912

 Reversed flow on 53 faces (27.5% area) of pressure-outlet 19.

 Reversed flow on 178 faces (35.4% area) of pressure-outlet 18.
  2589  9.8213e-06  7.7484e-08  8.2946e-08  4.6675e-08  0:27:09  911

 Reversed flow on 53 faces (27.5% area) of pressure-outlet 19.

 Reversed flow on 178 faces (35.4% area) of pressure-outlet 18.
  2590  9.9732e-06  7.9975e-08  8.3681e-08  4.7802e-08  0:27:25  910

 Reversed flow on 53 faces (27.5% area) of pressure-outlet 19.

 Reversed flow on 178 faces (35.4% area) of pressure-outlet 18.
  2591  1.0313e-05  8.2690e-08  8.7387e-08  4.8832e-08  0:27:15  909

 Reversed flow on 53 faces (27.5% area) of pressure-outlet 19.

 Reversed flow on 178 faces (35.4% area) of pressure-outlet 18.
  2592  1.0347e-05  8.4701e-08  9.0561e-08  4.9384e-08  0:27:26  908

 Reversed flow on 53 faces (27.5% area) of pressure-outlet 19.

 Reversed flow on 178 faces (35.4% area) of pressure-outlet 18.
  2593  1.0310e-05  8.5588e-08  9.2583e-08  4.9564e-08  0:27:43  907

 Reversed flow on 53 faces (27.5% area) of pressure-outlet 19.

 Reversed flow on 178 faces (35.4% area) of pressure-outlet 18.
  2594  1.0298e-05  8.5709e-08  9.4407e-08  4.9958e-08  0:28:01  906

 Reversed flow on 53 faces (27.5% area) of pressure-outlet 19.

 Reversed flow on 178 faces (35.4% area) of pressure-outlet 18.
  2595  1.0693e-05  8.7310e-08  9.8947e-08  5.0855e-08  0:27:34  905

 Reversed flow on 53 faces (27.5% area) of pressure-outlet 19.

 Reversed flow on 178 faces (35.4% area) of pressure-outlet 18.
  2596  1.1114e-05  8.9798e-08  1.0437e-07  5.1877e-08  0:27:28  904

 Reversed flow on 53 faces (27.5% area) of pressure-outlet 19.

 Reversed flow on 178 faces (35.4% area) of pressure-outlet 18.

  iter  continuity  x-velocity  y-velocity  z-velocity     time/iter
  2597  1.1771e-05  9.3367e-08  1.0667e-07  5.4340e-08  0:27:09  903

 Reversed flow on 53 faces (27.5% area) of pressure-outlet 19.

 Reversed flow on 178 faces (35.4% area) of pressure-outlet 18.
  2598  1.2314e-05  9.7418e-08  1.0751e-07  5.8456e-08  0:26:49  902

 Reversed flow on 53 faces (27.5% area) of pressure-outlet 19.

 Reversed flow on 178 faces (35.4% area) of pressure-outlet 18.
  2599  1.2628e-05  9.9832e-08  1.0804e-07  6.1983e-08  0:26:53  901

 Reversed flow on 53 faces (27.5% area) of pressure-outlet 19.

 Reversed flow on 178 faces (35.4% area) of pressure-outlet 18.
  2600  1.2353e-05  9.9493e-08  1.0617e-07  6.3342e-08  0:26:36  900

 Reversed flow on 53 faces (27.5% area) of pressure-outlet 19.

 Reversed flow on 178 faces (35.4% area) of pressure-outlet 18.
  2601  1.2115e-05  9.8061e-08  1.0568e-07  6.3431e-08  0:26:27  899

 Reversed flow on 53 faces (27.5% area) of pressure-outlet 19.

 Reversed flow on 178 faces (35.4% area) of pressure-outlet 18.
  2602  1.1845e-05  9.6200e-08  1.0430e-07  6.2793e-08  0:26:23  898

 Reversed flow on 53 faces (27.5% area) of pressure-outlet 19.

 Reversed flow on 178 faces (35.4% area) of pressure-outlet 18.
  2603  1.1736e-05  9.3496e-08  1.0180e-07  6.1325e-08  0:26:15  897

 Reversed flow on 53 faces (27.5% area) of pressure-outlet 19.

 Reversed flow on 178 faces (35.4% area) of pressure-outlet 18.
  2604  1.1458e-05  9.0080e-08  9.7270e-08  5.9261e-08  0:26:37  896

 Reversed flow on 53 faces (27.5% area) of pressure-outlet 19.

 Reversed flow on 178 faces (35.4% area) of pressure-outlet 18.
  2605  1.1228e-05  8.7594e-08  9.2333e-08  5.7059e-08  0:26:21  895

 Reversed flow on 53 faces (27.5% area) of pressure-outlet 19.

 Reversed flow on 178 faces (35.4% area) of pressure-outlet 18.
  2606  1.0992e-05  8.6811e-08  8.7710e-08  5.4921e-08  0:26:18  894

 Reversed flow on 53 faces (27.5% area) of pressure-outlet 19.

 Reversed flow on 178 faces (35.4% area) of pressure-outlet 18.
  2607  1.0925e-05  8.6530e-08  8.4394e-08  5.3266e-08  0:26:09  893

 Reversed flow on 53 faces (27.5% area) of pressure-outlet 19.

 Reversed flow on 178 faces (35.4% area) of pressure-outlet 18.

  iter  continuity  x-velocity  y-velocity  z-velocity     time/iter
  2608  1.0481e-05  8.5432e-08  8.0530e-08  5.1286e-08  0:26:30  892

 Reversed flow on 53 faces (27.5% area) of pressure-outlet 19.

 Reversed flow on 178 faces (35.4% area) of pressure-outlet 18.
  2609  1.0173e-05  8.4138e-08  7.6829e-08  4.9113e-08  0:26:44  891

 Reversed flow on 53 faces (27.5% area) of pressure-outlet 19.

 Reversed flow on 178 faces (35.4% area) of pressure-outlet 18.
  2610  9.9460e-06  8.2851e-08  7.4378e-08  4.7357e-08  0:26:39  890

 Reversed flow on 53 faces (27.5% area) of pressure-outlet 19.

 Reversed flow on 178 faces (35.4% area) of pressure-outlet 18.
  2611  9.8258e-06  8.1680e-08  7.2281e-08  4.5931e-08  0:26:21  889

 Reversed flow on 53 faces (27.5% area) of pressure-outlet 19.

 Reversed flow on 178 faces (35.4% area) of pressure-outlet 18.
  2612  9.5011e-06  7.9948e-08  7.0454e-08  4.4396e-08  0:26:11  888

 Reversed flow on 53 faces (27.5% area) of pressure-outlet 19.

 Reversed flow on 178 faces (35.4% area) of pressure-outlet 18.
  2613  9.3493e-06  7.8161e-08  6.8746e-08  4.2892e-08  0:25:58  887

 Reversed flow on 53 faces (27.5% area) of pressure-outlet 19.

 Reversed flow on 178 faces (35.4% area) of pressure-outlet 18.
  2614  9.1310e-06  7.5758e-08  6.7217e-08  4.1567e-08  0:26:01  886

 Reversed flow on 53 faces (27.5% area) of pressure-outlet 19.

 Reversed flow on 178 faces (35.4% area) of pressure-outlet 18.
  2615  9.0302e-06  7.3612e-08  6.7124e-08  4.0564e-08  0:25:48  885

 Reversed flow on 53 faces (27.5% area) of pressure-outlet 19.

 Reversed flow on 178 faces (35.4% area) of pressure-outlet 18.
  2616  8.7356e-06  7.1533e-08  6.7896e-08  3.9711e-08  0:26:04  884

 Reversed flow on 53 faces (27.5% area) of pressure-outlet 19.

 Reversed flow on 178 faces (35.4% area) of pressure-outlet 18.
  2617  8.5746e-06  6.9504e-08  6.8689e-08  3.8817e-08  0:25:54  883

 Reversed flow on 53 faces (27.5% area) of pressure-outlet 19.

 Reversed flow on 178 faces (35.4% area) of pressure-outlet 18.
  2618  8.5042e-06  6.7674e-08  6.9697e-08  3.8166e-08  0:25:45  882

 Reversed flow on 53 faces (27.5% area) of pressure-outlet 19.

 Reversed flow on 178 faces (35.4% area) of pressure-outlet 18.

  iter  continuity  x-velocity  y-velocity  z-velocity     time/iter
  2619  8.6599e-06  6.6735e-08  7.1121e-08  3.8175e-08  0:27:01  881

 Reversed flow on 53 faces (27.5% area) of pressure-outlet 19.

 Reversed flow on 178 faces (35.4% area) of pressure-outlet 18.
  2620  8.5281e-06  6.6176e-08  7.2708e-08  3.8482e-08  0:28:34  880

 Reversed flow on 53 faces (27.5% area) of pressure-outlet 19.

 Reversed flow on 178 faces (35.4% area) of pressure-outlet 18.
  2621  8.6073e-06  6.6342e-08  7.4366e-08  3.8992e-08  0:28:33  879

 Reversed flow on 53 faces (27.5% area) of pressure-outlet 19.

 Reversed flow on 178 faces (35.4% area) of pressure-outlet 18.
  2622  8.7215e-06  6.6889e-08  7.5716e-08  4.0068e-08  0:27:59  878

 Reversed flow on 53 faces (27.5% area) of pressure-outlet 19.

 Reversed flow on 178 faces (35.4% area) of pressure-outlet 18.
  2623  8.9469e-06  6.8088e-08  7.7538e-08  4.1535e-08  0:28:11  877

 Reversed flow on 53 faces (27.5% area) of pressure-outlet 19.

 Reversed flow on 178 faces (35.4% area) of pressure-outlet 18.
  2624  8.9363e-06  6.9512e-08  7.9710e-08  4.2986e-08  0:27:35  876

 Reversed flow on 53 faces (27.5% area) of pressure-outlet 19.

 Reversed flow on 178 faces (35.4% area) of pressure-outlet 18.
  2625  9.1104e-06  7.1140e-08  8.1352e-08  4.4294e-08  0:27:16  875

 Reversed flow on 53 faces (27.5% area) of pressure-outlet 19.

 Reversed flow on 178 faces (35.4% area) of pressure-outlet 18.
  2626  9.1772e-06  7.2748e-08  8.1596e-08  4.5445e-08  0:26:58  874

 Reversed flow on 53 faces (27.5% area) of pressure-outlet 19.

 Reversed flow on 178 faces (35.4% area) of pressure-outlet 18.
  2627  9.3889e-06  7.4812e-08  8.3339e-08  4.6605e-08  0:26:36  873

 Reversed flow on 53 faces (27.5% area) of pressure-outlet 19.

 Reversed flow on 178 faces (35.4% area) of pressure-outlet 18.
  2628  9.4320e-06  7.6905e-08  8.6930e-08  4.7306e-08  0:26:25  872

 Reversed flow on 53 faces (27.5% area) of pressure-outlet 19.

 Reversed flow on 178 faces (35.4% area) of pressure-outlet 18.
  2629  9.5468e-06  7.8440e-08  8.9566e-08  4.7519e-08  0:26:46  871

 Reversed flow on 53 faces (27.5% area) of pressure-outlet 19.

 Reversed flow on 178 faces (35.4% area) of pressure-outlet 18.

  iter  continuity  x-velocity  y-velocity  z-velocity     time/iter
  2630  9.6605e-06  8.0060e-08  9.1731e-08  4.7886e-08  0:27:09  870

 Reversed flow on 53 faces (27.5% area) of pressure-outlet 19.

 Reversed flow on 178 faces (35.4% area) of pressure-outlet 18.
  2631  1.0038e-05  8.2250e-08  9.4441e-08  4.8953e-08  0:27:00  869

 Reversed flow on 53 faces (27.5% area) of pressure-outlet 19.

 Reversed flow on 178 faces (35.4% area) of pressure-outlet 18.
  2632  1.0394e-05  8.5628e-08  9.9532e-08  4.9827e-08  0:26:33  868

 Reversed flow on 53 faces (27.5% area) of pressure-outlet 19.

 Reversed flow on 178 faces (35.4% area) of pressure-outlet 18.
  2633  1.1277e-05  9.0260e-08  1.0536e-07  5.1510e-08  0:26:12  867

 Reversed flow on 53 faces (27.5% area) of pressure-outlet 19.

 Reversed flow on 178 faces (35.4% area) of pressure-outlet 18.
  2634  1.2135e-05  9.6452e-08  1.0716e-07  5.5245e-08  0:25:42  866

 Reversed flow on 53 faces (27.5% area) of pressure-outlet 19.

 Reversed flow on 178 faces (35.4% area) of pressure-outlet 18.
  2635  1.2890e-05  1.0219e-07  1.0879e-07  6.0054e-08  0:25:20  865

 Reversed flow on 53 faces (27.5% area) of pressure-outlet 19.

 Reversed flow on 178 faces (35.4% area) of pressure-outlet 18.
  2636  1.3027e-05  1.0495e-07  1.0856e-07  6.3155e-08  0:25:04  864

 Reversed flow on 53 faces (27.5% area) of pressure-outlet 19.

 Reversed flow on 178 faces (35.4% area) of pressure-outlet 18.
  2637  1.2981e-05  1.0588e-07  1.0740e-07  6.4521e-08  0:24:59  863

 Reversed flow on 53 faces (27.5% area) of pressure-outlet 19.

 Reversed flow on 178 faces (35.4% area) of pressure-outlet 18.
  2638  1.2747e-05  1.0473e-07  1.0705e-07  6.4972e-08  0:25:24  862

 Reversed flow on 53 faces (27.5% area) of pressure-outlet 19.

 Reversed flow on 178 faces (35.4% area) of pressure-outlet 18.
  2639  1.2618e-05  1.0228e-07  1.0572e-07  6.4398e-08  0:25:26  861

 Reversed flow on 53 faces (27.5% area) of pressure-outlet 19.

 Reversed flow on 178 faces (35.4% area) of pressure-outlet 18.
  2640  1.2174e-05  9.7907e-08  1.0218e-07  6.2408e-08  0:25:17  860

 Reversed flow on 53 faces (27.5% area) of pressure-outlet 19.

 Reversed flow on 178 faces (35.4% area) of pressure-outlet 18.

  iter  continuity  x-velocity  y-velocity  z-velocity     time/iter
  2641  1.1864e-05  9.3462e-08  9.7007e-08  6.0020e-08  0:25:02  859

 Reversed flow on 53 faces (27.5% area) of pressure-outlet 19.

 Reversed flow on 178 faces (35.4% area) of pressure-outlet 18.
  2642  1.1544e-05  9.0271e-08  9.1986e-08  5.7665e-08  0:25:46  858

 Reversed flow on 53 faces (27.5% area) of pressure-outlet 19.

 Reversed flow on 178 faces (35.4% area) of pressure-outlet 18.
  2643  1.1320e-05  8.8222e-08  8.7453e-08  5.5513e-08  0:25:36  857

 Reversed flow on 53 faces (27.5% area) of pressure-outlet 19.

 Reversed flow on 178 faces (35.4% area) of pressure-outlet 18.
  2644  1.0756e-05  8.5506e-08  8.3351e-08  5.3175e-08  0:25:51  856

 Reversed flow on 53 faces (27.5% area) of pressure-outlet 19.

 Reversed flow on 178 faces (35.4% area) of pressure-outlet 18.
  2645  1.0283e-05  8.2776e-08  7.8875e-08  5.0596e-08  0:25:40  855

 Reversed flow on 53 faces (27.5% area) of pressure-outlet 19.

 Reversed flow on 178 faces (35.4% area) of pressure-outlet 18.
  2646  9.8588e-06  8.0308e-08  7.5277e-08  4.8170e-08  0:25:19  854

 Reversed flow on 53 faces (27.5% area) of pressure-outlet 19.

 Reversed flow on 178 faces (35.4% area) of pressure-outlet 18.
  2647  9.5500e-06  7.8204e-08  7.2646e-08  4.6174e-08  0:25:03  853

 Reversed flow on 53 faces (27.5% area) of pressure-outlet 19.

 Reversed flow on 178 faces (35.4% area) of pressure-outlet 18.
  2648  9.0869e-06  7.5714e-08  7.0193e-08  4.4175e-08  0:24:49  852

 Reversed flow on 53 faces (27.5% area) of pressure-outlet 19.

 Reversed flow on 178 faces (35.4% area) of pressure-outlet 18.
  2649  8.8762e-06  7.3869e-08  6.8183e-08  4.2321e-08  0:24:54  851

 Reversed flow on 53 faces (27.5% area) of pressure-outlet 19.

 Reversed flow on 178 faces (35.4% area) of pressure-outlet 18.
  2650  8.6683e-06  7.2124e-08  6.6379e-08  4.0705e-08  0:24:47  850

 Reversed flow on 53 faces (27.5% area) of pressure-outlet 19.

 Reversed flow on 178 faces (35.4% area) of pressure-outlet 18.
  2651  8.6537e-06  7.0861e-08  6.5417e-08  3.9658e-08  0:24:34  849

 Reversed flow on 53 faces (27.5% area) of pressure-outlet 19.

 Reversed flow on 178 faces (35.4% area) of pressure-outlet 18.

  iter  continuity  x-velocity  y-velocity  z-velocity     time/iter
  2652  8.4313e-06  6.9669e-08  6.5926e-08  3.8810e-08  0:24:24  848

 Reversed flow on 53 faces (27.5% area) of pressure-outlet 19.

 Reversed flow on 178 faces (35.4% area) of pressure-outlet 18.
  2653  8.3375e-06  6.8786e-08  6.6822e-08  3.7997e-08  0:24:12  847

 Reversed flow on 53 faces (27.5% area) of pressure-outlet 19.

 Reversed flow on 178 faces (35.4% area) of pressure-outlet 18.
  2654  8.3645e-06  6.8105e-08  6.8076e-08  3.7592e-08  0:24:03  846

 Reversed flow on 53 faces (27.5% area) of pressure-outlet 19.

 Reversed flow on 178 faces (35.4% area) of pressure-outlet 18.
  2655  8.6299e-06  6.8291e-08  6.9856e-08  3.7761e-08  0:24:14  845

 Reversed flow on 53 faces (27.5% area) of pressure-outlet 19.

 Reversed flow on 178 faces (35.4% area) of pressure-outlet 18.
  2656  8.6372e-06  6.8482e-08  7.1667e-08  3.8160e-08  0:24:20  844

 Reversed flow on 53 faces (27.5% area) of pressure-outlet 19.

 Reversed flow on 178 faces (35.4% area) of pressure-outlet 18.
  2657  8.8404e-06  6.9087e-08  7.3583e-08  3.8870e-08  0:24:22  843

 Reversed flow on 53 faces (27.5% area) of pressure-outlet 19.

 Reversed flow on 178 faces (35.4% area) of pressure-outlet 18.
  2658  9.0661e-06  6.9958e-08  7.5629e-08  4.0024e-08  0:24:30  842

 Reversed flow on 53 faces (27.5% area) of pressure-outlet 19.

 Reversed flow on 178 faces (35.4% area) of pressure-outlet 18.
  2659  9.3278e-06  7.1105e-08  7.7111e-08  4.1658e-08  0:24:22  841

 Reversed flow on 53 faces (27.5% area) of pressure-outlet 19.

 Reversed flow on 178 faces (35.4% area) of pressure-outlet 18.
  2660  9.3710e-06  7.2354e-08  7.9403e-08  4.3285e-08  0:24:09  840

 Reversed flow on 53 faces (27.5% area) of pressure-outlet 19.

 Reversed flow on 178 faces (35.4% area) of pressure-outlet 18.
  2661  9.5635e-06  7.3826e-08  8.1288e-08  4.4703e-08  0:24:04  839

 Reversed flow on 53 faces (27.5% area) of pressure-outlet 19.

 Reversed flow on 178 faces (35.4% area) of pressure-outlet 18.
  2662  9.6303e-06  7.4996e-08  8.2297e-08  4.5867e-08  0:23:58  838

 Reversed flow on 53 faces (27.5% area) of pressure-outlet 19.

 Reversed flow on 178 faces (35.4% area) of pressure-outlet 18.

  iter  continuity  x-velocity  y-velocity  z-velocity     time/iter
  2663  9.7578e-06  7.6372e-08  8.2098e-08  4.7027e-08  0:23:58  837

 Reversed flow on 53 faces (27.5% area) of pressure-outlet 19.

 Reversed flow on 178 faces (35.4% area) of pressure-outlet 18.
  2664  9.6468e-06  7.7143e-08  8.4674e-08  4.7723e-08  0:23:48  836

 Reversed flow on 53 faces (27.5% area) of pressure-outlet 19.

 Reversed flow on 178 faces (35.4% area) of pressure-outlet 18.
  2665  9.6589e-06  7.8176e-08  8.7465e-08  4.7735e-08  0:23:45  835

 Reversed flow on 53 faces (27.5% area) of pressure-outlet 19.

 Reversed flow on 178 faces (35.4% area) of pressure-outlet 18.
  2666  9.6368e-06  7.8844e-08  8.9697e-08  4.7688e-08  0:23:48  834

 Reversed flow on 53 faces (27.5% area) of pressure-outlet 19.

 Reversed flow on 178 faces (35.4% area) of pressure-outlet 18.
  2667  9.7570e-06  7.9834e-08  9.1835e-08  4.7986e-08  0:23:39  833

 Reversed flow on 53 faces (27.5% area) of pressure-outlet 19.

 Reversed flow on 178 faces (35.4% area) of pressure-outlet 18.
  2668  9.6769e-06  8.0147e-08  9.4073e-08  4.8378e-08  0:23:43  832

 Reversed flow on 53 faces (27.5% area) of pressure-outlet 19.

 Reversed flow on 178 faces (35.4% area) of pressure-outlet 18.
  2669  1.0149e-05  8.3030e-08  9.9517e-08  4.8989e-08  0:23:38  831

 Reversed flow on 53 faces (27.5% area) of pressure-outlet 19.

 Reversed flow on 178 faces (35.4% area) of pressure-outlet 18.
  2670  1.0994e-05  8.7121e-08  1.0588e-07  5.0996e-08  0:23:40  830

 Reversed flow on 53 faces (27.5% area) of pressure-outlet 19.

 Reversed flow on 178 faces (35.4% area) of pressure-outlet 18.
  2671  1.1787e-05  9.2823e-08  1.0638e-07  5.5250e-08  0:23:30  829

 Reversed flow on 53 faces (27.5% area) of pressure-outlet 19.

 Reversed flow on 178 faces (35.4% area) of pressure-outlet 18.
  2672  1.2074e-05  9.6622e-08  1.0735e-07  5.9276e-08  0:23:25  828

 Reversed flow on 53 faces (27.5% area) of pressure-outlet 19.

 Reversed flow on 178 faces (35.4% area) of pressure-outlet 18.
  2673  1.2224e-05  9.8658e-08  1.0639e-07  6.1703e-08  0:23:19  827

 Reversed flow on 53 faces (27.5% area) of pressure-outlet 19.

 Reversed flow on 178 faces (35.4% area) of pressure-outlet 18.

  iter  continuity  x-velocity  y-velocity  z-velocity     time/iter
  2674  1.2125e-05  9.9053e-08  1.0603e-07  6.2863e-08  0:23:14  826

 Reversed flow on 53 faces (27.5% area) of pressure-outlet 19.

 Reversed flow on 178 faces (35.4% area) of pressure-outlet 18.
  2675  1.2176e-05  9.8725e-08  1.0523e-07  6.3152e-08  0:23:29  825

 Reversed flow on 53 faces (27.5% area) of pressure-outlet 19.

 Reversed flow on 178 faces (35.4% area) of pressure-outlet 18.
  2676  1.1943e-05  9.6828e-08  1.0359e-07  6.2147e-08  0:23:22  824

 Reversed flow on 53 faces (27.5% area) of pressure-outlet 19.

 Reversed flow on 178 faces (35.4% area) of pressure-outlet 18.
  2677  1.1819e-05  9.4419e-08  9.9716e-08  6.0260e-08  0:23:19  823

 Reversed flow on 53 faces (27.5% area) of pressure-outlet 19.

 Reversed flow on 178 faces (35.4% area) of pressure-outlet 18.
  2678  1.1759e-05  9.1929e-08  9.5225e-08  5.8508e-08  0:23:20  822

 Reversed flow on 53 faces (27.5% area) of pressure-outlet 19.

 Reversed flow on 178 faces (35.4% area) of pressure-outlet 18.
  2679  1.1768e-05  9.1516e-08  9.0842e-08  5.6793e-08  0:23:14  821

 Reversed flow on 53 faces (27.5% area) of pressure-outlet 19.

 Reversed flow on 178 faces (35.4% area) of pressure-outlet 18.
  2680  1.1383e-05  9.0584e-08  8.6582e-08  5.4844e-08  0:23:29  820

 Reversed flow on 53 faces (27.5% area) of pressure-outlet 19.

 Reversed flow on 178 faces (35.4% area) of pressure-outlet 18.
  2681  1.1127e-05  8.9601e-08  8.2655e-08  5.2817e-08  0:23:31  819

 Reversed flow on 53 faces (27.5% area) of pressure-outlet 19.

 Reversed flow on 178 faces (35.4% area) of pressure-outlet 18.
  2682  1.0808e-05  8.8508e-08  7.8971e-08  5.0852e-08  0:23:22  818

 Reversed flow on 53 faces (27.5% area) of pressure-outlet 19.

 Reversed flow on 178 faces (35.4% area) of pressure-outlet 18.
  2683  1.0501e-05  8.6346e-08  7.5977e-08  4.9024e-08  0:23:13  817

 Reversed flow on 53 faces (27.5% area) of pressure-outlet 19.

 Reversed flow on 178 faces (35.4% area) of pressure-outlet 18.
  2684  9.9343e-06  8.3153e-08  7.3177e-08  4.6971e-08  0:23:13  816

 Reversed flow on 53 faces (27.5% area) of pressure-outlet 19.

 Reversed flow on 178 faces (35.4% area) of pressure-outlet 18.

  iter  continuity  x-velocity  y-velocity  z-velocity     time/iter
  2685  9.5933e-06  8.0122e-08  7.0688e-08  4.4939e-08  0:23:18  815

 Reversed flow on 53 faces (27.5% area) of pressure-outlet 19.

 Reversed flow on 178 faces (35.4% area) of pressure-outlet 18.
  2686  9.2103e-06  7.7081e-08  6.8379e-08  4.2909e-08  0:23:20  814

 Reversed flow on 53 faces (27.5% area) of pressure-outlet 19.

 Reversed flow on 178 faces (35.4% area) of pressure-outlet 18.
  2687  9.0473e-06  7.4318e-08  6.6526e-08  4.1440e-08  0:23:28  813

 Reversed flow on 53 faces (27.5% area) of pressure-outlet 19.

 Reversed flow on 178 faces (35.4% area) of pressure-outlet 18.
  2688  8.6627e-06  7.1215e-08  6.5903e-08  4.0091e-08  0:23:23  812

 Reversed flow on 53 faces (27.5% area) of pressure-outlet 19.

 Reversed flow on 178 faces (35.4% area) of pressure-outlet 18.
  2689  8.3841e-06  6.8294e-08  6.5852e-08  3.8658e-08  0:23:23  811

 Reversed flow on 53 faces (27.5% area) of pressure-outlet 19.

 Reversed flow on 178 faces (35.4% area) of pressure-outlet 18.
  2690  8.1756e-06  6.5875e-08  6.6529e-08  3.7602e-08  0:23:21  810

 Reversed flow on 53 faces (27.5% area) of pressure-outlet 19.

 Reversed flow on 178 faces (35.4% area) of pressure-outlet 18.
  2691  8.2190e-06  6.4592e-08  6.7821e-08  3.7175e-08  0:23:17  809

 Reversed flow on 53 faces (27.5% area) of pressure-outlet 19.

 Reversed flow on 178 faces (35.4% area) of pressure-outlet 18.
  2692  8.0436e-06  6.3549e-08  6.9251e-08  3.6809e-08  0:23:12  808

 Reversed flow on 53 faces (27.5% area) of pressure-outlet 19.

 Reversed flow on 178 faces (35.4% area) of pressure-outlet 18.
  2693  8.1414e-06  6.3214e-08  7.0615e-08  3.6929e-08  0:22:59  807

 Reversed flow on 53 faces (27.5% area) of pressure-outlet 19.

 Reversed flow on 178 faces (35.4% area) of pressure-outlet 18.
  2694  8.3427e-06  6.3798e-08  7.2723e-08  3.7677e-08  0:22:48  806

 Reversed flow on 53 faces (27.5% area) of pressure-outlet 19.

 Reversed flow on 178 faces (35.4% area) of pressure-outlet 18.
  2695  8.6332e-06  6.5384e-08  7.4630e-08  3.9039e-08  0:22:40  805

 Reversed flow on 53 faces (27.5% area) of pressure-outlet 19.

 Reversed flow on 178 faces (35.4% area) of pressure-outlet 18.

  iter  continuity  x-velocity  y-velocity  z-velocity     time/iter
  2696  8.7446e-06  6.7209e-08  7.6339e-08  4.0657e-08  0:22:33  804

 Reversed flow on 53 faces (27.5% area) of pressure-outlet 19.

 Reversed flow on 178 faces (35.4% area) of pressure-outlet 18.
  2697  9.0636e-06  6.9926e-08  7.9002e-08  4.2390e-08  0:22:27  803

 Reversed flow on 53 faces (27.5% area) of pressure-outlet 19.

 Reversed flow on 178 faces (35.4% area) of pressure-outlet 18.
  2698  9.2940e-06  7.2468e-08  8.0929e-08  4.3966e-08  0:22:22  802

 Reversed flow on 53 faces (27.5% area) of pressure-outlet 19.

 Reversed flow on 178 faces (35.4% area) of pressure-outlet 18.
  2699  9.6288e-06  7.5341e-08  8.2133e-08  4.5727e-08  0:22:24  801

 Reversed flow on 53 faces (27.5% area) of pressure-outlet 19.

 Reversed flow on 178 faces (35.4% area) of pressure-outlet 18.
  2700  9.6764e-06  7.7927e-08  8.2885e-08  4.7153e-08  0:22:22  800

 Reversed flow on 53 faces (27.5% area) of pressure-outlet 19.

 Reversed flow on 178 faces (35.4% area) of pressure-outlet 18.
  2701  9.8425e-06  8.0102e-08  8.6137e-08  4.7896e-08  0:22:33  799

 Reversed flow on 53 faces (27.5% area) of pressure-outlet 19.

 Reversed flow on 178 faces (35.4% area) of pressure-outlet 18.
  2702  1.0009e-05  8.1839e-08  8.9316e-08  4.8359e-08  0:22:33  798

 Reversed flow on 53 faces (27.5% area) of pressure-outlet 19.

 Reversed flow on 178 faces (35.4% area) of pressure-outlet 18.
  2703  1.0240e-05  8.3470e-08  9.2059e-08  4.9028e-08  0:22:29  797

 Reversed flow on 53 faces (27.5% area) of pressure-outlet 19.

 Reversed flow on 178 faces (35.4% area) of pressure-outlet 18.
  2704  1.0110e-05  8.3939e-08  9.3872e-08  4.9422e-08  0:22:25  796

 Reversed flow on 53 faces (27.5% area) of pressure-outlet 19.

 Reversed flow on 178 faces (35.4% area) of pressure-outlet 18.
  2705  1.0369e-05  8.5313e-08  9.7272e-08  4.9995e-08  0:22:35  795

 Reversed flow on 53 faces (27.5% area) of pressure-outlet 19.

 Reversed flow on 178 faces (35.4% area) of pressure-outlet 18.
  2706  1.1034e-05  8.8716e-08  1.0317e-07  5.1263e-08  0:22:41  794

 Reversed flow on 53 faces (27.5% area) of pressure-outlet 19.

 Reversed flow on 178 faces (35.4% area) of pressure-outlet 18.

  iter  continuity  x-velocity  y-velocity  z-velocity     time/iter
  2707  1.1885e-05  9.3140e-08  1.0720e-07  5.3965e-08  0:22:31  793

 Reversed flow on 53 faces (27.5% area) of pressure-outlet 19.

 Reversed flow on 178 faces (35.4% area) of pressure-outlet 18.
  2708  1.2267e-05  9.7085e-08  1.0739e-07  5.7797e-08  0:22:34  792

 Reversed flow on 53 faces (27.5% area) of pressure-outlet 19.

 Reversed flow on 178 faces (35.4% area) of pressure-outlet 18.
  2709  1.2504e-05  9.9340e-08  1.0766e-07  6.1137e-08  0:22:38  791

 Reversed flow on 53 faces (27.5% area) of pressure-outlet 19.

 Reversed flow on 178 faces (35.4% area) of pressure-outlet 18.
  2710  1.2400e-05  1.0006e-07  1.0629e-07  6.2858e-08  0:22:38  790

 Reversed flow on 53 faces (27.5% area) of pressure-outlet 19.

 Reversed flow on 178 faces (35.4% area) of pressure-outlet 18.
  2711  1.2309e-05  9.9343e-08  1.0607e-07  6.3448e-08  0:22:55  789

 Reversed flow on 53 faces (27.5% area) of pressure-outlet 19.

 Reversed flow on 178 faces (35.4% area) of pressure-outlet 18.
  2712  1.1923e-05  9.6912e-08  1.0434e-07  6.2629e-08  0:23:02  788

 Reversed flow on 53 faces (27.5% area) of pressure-outlet 19.

 Reversed flow on 178 faces (35.4% area) of pressure-outlet 18.
  2713  1.1590e-05  9.3483e-08  1.0156e-07  6.0813e-08  0:23:06  787

 Reversed flow on 53 faces (27.5% area) of pressure-outlet 19.

 Reversed flow on 178 faces (35.4% area) of pressure-outlet 18.
  2714  1.1371e-05  9.0021e-08  9.7379e-08  5.8723e-08  0:23:00  786

 Reversed flow on 53 faces (27.5% area) of pressure-outlet 19.

 Reversed flow on 178 faces (35.4% area) of pressure-outlet 18.
  2715  1.1289e-05  8.7231e-08  9.2963e-08  5.6859e-08  0:23:08  785

 Reversed flow on 53 faces (27.5% area) of pressure-outlet 19.

 Reversed flow on 178 faces (35.4% area) of pressure-outlet 18.
  2716  1.0816e-05  8.5419e-08  8.8054e-08  5.4579e-08  0:23:12  784

 Reversed flow on 53 faces (27.5% area) of pressure-outlet 19.

 Reversed flow on 178 faces (35.4% area) of pressure-outlet 18.
  2717  1.0502e-05  8.4036e-08  8.3896e-08  5.2393e-08  0:23:04  783

 Reversed flow on 53 faces (27.5% area) of pressure-outlet 19.

 Reversed flow on 178 faces (35.4% area) of pressure-outlet 18.

  iter  continuity  x-velocity  y-velocity  z-velocity     time/iter
  2718  1.0230e-05  8.2787e-08  8.0197e-08  5.0433e-08  0:22:57  782

 Reversed flow on 53 faces (27.5% area) of pressure-outlet 19.

 Reversed flow on 178 faces (35.4% area) of pressure-outlet 18.
  2719  1.0020e-05  8.1722e-08  7.6740e-08  4.8565e-08  0:22:43  781

 Reversed flow on 53 faces (27.5% area) of pressure-outlet 19.

 Reversed flow on 178 faces (35.4% area) of pressure-outlet 18.
  2720  9.6193e-06  8.0059e-08  7.3940e-08  4.6648e-08  0:22:35  780

 Reversed flow on 53 faces (27.5% area) of pressure-outlet 19.

 Reversed flow on 178 faces (35.4% area) of pressure-outlet 18.
  2721  9.4360e-06  7.8928e-08  7.1524e-08  4.4878e-08  0:22:36  779

 Reversed flow on 53 faces (27.5% area) of pressure-outlet 19.

 Reversed flow on 178 faces (35.4% area) of pressure-outlet 18.
  2722  9.2763e-06  7.7816e-08  6.9563e-08  4.3335e-08  0:22:40  778

 Reversed flow on 53 faces (27.5% area) of pressure-outlet 19.

 Reversed flow on 178 faces (35.4% area) of pressure-outlet 18.
  2723  9.2876e-06  7.7046e-08  6.7989e-08  4.2151e-08  0:22:42  777

 Reversed flow on 53 faces (27.5% area) of pressure-outlet 19.

 Reversed flow on 178 faces (35.4% area) of pressure-outlet 18.
  2724  9.1012e-06  7.5941e-08  6.6815e-08  4.1172e-08  0:22:40  776

 Reversed flow on 53 faces (27.5% area) of pressure-outlet 19.

 Reversed flow on 178 faces (35.4% area) of pressure-outlet 18.
  2725  8.9791e-06  7.4610e-08  6.6628e-08  4.0090e-08  0:22:31  775

 Reversed flow on 53 faces (27.5% area) of pressure-outlet 19.

 Reversed flow on 178 faces (35.4% area) of pressure-outlet 18.
  2726  8.8951e-06  7.3478e-08  6.7200e-08  3.9282e-08  0:22:18  774

 Reversed flow on 53 faces (27.5% area) of pressure-outlet 19.

 Reversed flow on 178 faces (35.4% area) of pressure-outlet 18.
  2727  8.9678e-06  7.2866e-08  6.8576e-08  3.9077e-08  0:22:36  773

 Reversed flow on 53 faces (27.5% area) of pressure-outlet 19.

 Reversed flow on 178 faces (35.4% area) of pressure-outlet 18.
  2728  8.7416e-06  7.1257e-08  7.0075e-08  3.8796e-08  0:22:20  772

 Reversed flow on 53 faces (27.5% area) of pressure-outlet 19.

 Reversed flow on 178 faces (35.4% area) of pressure-outlet 18.

  iter  continuity  x-velocity  y-velocity  z-velocity     time/iter
  2729  8.7468e-06  6.9723e-08  7.1319e-08  3.8511e-08  0:22:16  771

 Reversed flow on 53 faces (27.5% area) of pressure-outlet 19.

 Reversed flow on 178 faces (35.4% area) of pressure-outlet 18.
  2730  8.8090e-06  6.8774e-08  7.2742e-08  3.8841e-08  0:22:08  770

 Reversed flow on 53 faces (27.5% area) of pressure-outlet 19.

 Reversed flow on 178 faces (35.4% area) of pressure-outlet 18.
  2731  8.9485e-06  6.8547e-08  7.4538e-08  3.9638e-08  0:22:02  769

 Reversed flow on 53 faces (27.5% area) of pressure-outlet 19.

 Reversed flow on 178 faces (35.4% area) of pressure-outlet 18.
  2732  8.8870e-06  6.8474e-08  7.6061e-08  4.0759e-08  0:21:55  768

 Reversed flow on 53 faces (27.5% area) of pressure-outlet 19.

 Reversed flow on 178 faces (35.4% area) of pressure-outlet 18.
  2733  9.0611e-06  6.8923e-08  7.7659e-08  4.2018e-08  0:21:45  767

 Reversed flow on 53 faces (27.5% area) of pressure-outlet 19.

 Reversed flow on 178 faces (35.4% area) of pressure-outlet 18.
  2734  9.1464e-06  6.9698e-08  7.9529e-08  4.3259e-08  0:21:35  766

 Reversed flow on 53 faces (27.5% area) of pressure-outlet 19.

 Reversed flow on 178 faces (35.4% area) of pressure-outlet 18.
  2735  9.3486e-06  7.1067e-08  8.1139e-08  4.4643e-08  0:21:27  765

 Reversed flow on 53 faces (27.5% area) of pressure-outlet 19.

 Reversed flow on 178 faces (35.4% area) of pressure-outlet 18.
  2736  9.2675e-06  7.2509e-08  8.1694e-08  4.5855e-08  0:21:33  764

 Reversed flow on 53 faces (27.5% area) of pressure-outlet 19.

 Reversed flow on 178 faces (35.4% area) of pressure-outlet 18.
  2737  9.2534e-06  7.3844e-08  8.2371e-08  4.6430e-08  0:21:37  763

 Reversed flow on 53 faces (27.5% area) of pressure-outlet 19.

 Reversed flow on 178 faces (35.4% area) of pressure-outlet 18.
  2738  9.3615e-06  7.5417e-08  8.5722e-08  4.6830e-08  0:21:36  762

 Reversed flow on 53 faces (27.5% area) of pressure-outlet 19.

 Reversed flow on 178 faces (35.4% area) of pressure-outlet 18.
  2739  9.6294e-06  7.7283e-08  8.8976e-08  4.7386e-08  0:21:45  761

 Reversed flow on 53 faces (27.5% area) of pressure-outlet 19.

 Reversed flow on 178 faces (35.4% area) of pressure-outlet 18.

  iter  continuity  x-velocity  y-velocity  z-velocity     time/iter
  2740  9.5308e-06  7.8662e-08  9.1115e-08  4.7620e-08  0:21:45  760

 Reversed flow on 53 faces (27.5% area) of pressure-outlet 19.

 Reversed flow on 178 faces (35.4% area) of pressure-outlet 18.
  2741  9.6807e-06  8.0136e-08  9.3005e-08  4.8081e-08  0:21:34  759

 Reversed flow on 53 faces (27.5% area) of pressure-outlet 19.

 Reversed flow on 178 faces (35.4% area) of pressure-outlet 18.
  2742  1.0164e-05  8.3552e-08  9.8134e-08  4.9069e-08  0:21:26  758

 Reversed flow on 53 faces (27.5% area) of pressure-outlet 19.

 Reversed flow on 178 faces (35.4% area) of pressure-outlet 18.
  2743  1.1103e-05  8.8732e-08  1.0457e-07  5.1007e-08  0:21:32  757

 Reversed flow on 53 faces (27.5% area) of pressure-outlet 19.

 Reversed flow on 178 faces (35.4% area) of pressure-outlet 18.
  2744  1.1781e-05  9.4167e-08  1.0685e-07  5.4273e-08  0:21:31  756

 Reversed flow on 53 faces (27.5% area) of pressure-outlet 19.

 Reversed flow on 178 faces (35.4% area) of pressure-outlet 18.
  2745  1.2435e-05  9.9422e-08  1.0786e-07  5.8688e-08  0:21:26  755

 Reversed flow on 53 faces (27.5% area) of pressure-outlet 19.

 Reversed flow on 178 faces (35.4% area) of pressure-outlet 18.
  2746  1.2732e-05  1.0275e-07  1.0835e-07  6.2250e-08  0:21:25  754

 Reversed flow on 53 faces (27.5% area) of pressure-outlet 19.

 Reversed flow on 178 faces (35.4% area) of pressure-outlet 18.
  2747  1.2869e-05  1.0409e-07  1.0745e-07  6.4235e-08  0:21:15  753

 Reversed flow on 53 faces (27.5% area) of pressure-outlet 19.

 Reversed flow on 178 faces (35.4% area) of pressure-outlet 18.
  2748  1.2609e-05  1.0288e-07  1.0713e-07  6.4633e-08  0:21:17  752

 Reversed flow on 53 faces (27.5% area) of pressure-outlet 19.

 Reversed flow on 178 faces (35.4% area) of pressure-outlet 18.
  2749  1.2368e-05  1.0064e-07  1.0542e-07  6.3902e-08  0:21:22  751

 Reversed flow on 53 faces (27.5% area) of pressure-outlet 19.

 Reversed flow on 178 faces (35.4% area) of pressure-outlet 18.
  2750  1.2140e-05  9.7514e-08  1.0255e-07  6.2284e-08  0:21:24  750

 Reversed flow on 53 faces (27.5% area) of pressure-outlet 19.

 Reversed flow on 178 faces (35.4% area) of pressure-outlet 18.

  iter  continuity  x-velocity  y-velocity  z-velocity     time/iter
  2751  1.2111e-05  9.4266e-08  9.8205e-08  6.0483e-08  0:21:17  749

 Reversed flow on 53 faces (27.5% area) of pressure-outlet 19.

 Reversed flow on 178 faces (35.4% area) of pressure-outlet 18.
  2752  1.1636e-05  9.0928e-08  9.3083e-08  5.8150e-08  0:21:07  748

 Reversed flow on 53 faces (27.5% area) of pressure-outlet 19.

 Reversed flow on 178 faces (35.4% area) of pressure-outlet 18.
  2753  1.1228e-05  8.8533e-08  8.7848e-08  5.5591e-08  0:21:03  747

 Reversed flow on 53 faces (27.5% area) of pressure-outlet 19.

 Reversed flow on 178 faces (35.4% area) of pressure-outlet 18.
  2754  1.0858e-05  8.6350e-08  8.4062e-08  5.3348e-08  0:20:58  746

 Reversed flow on 53 faces (27.5% area) of pressure-outlet 19.

 Reversed flow on 178 faces (35.4% area) of pressure-outlet 18.
  2755  1.0530e-05  8.4424e-08  8.0014e-08  5.1148e-08  0:20:55  745

 Reversed flow on 53 faces (27.5% area) of pressure-outlet 19.

 Reversed flow on 178 faces (35.4% area) of pressure-outlet 18.
  2756  9.9236e-06  8.1709e-08  7.6061e-08  4.8625e-08  0:20:56  744

 Reversed flow on 53 faces (27.5% area) of pressure-outlet 19.

 Reversed flow on 178 faces (35.4% area) of pressure-outlet 18.
  2757  9.5314e-06  7.9120e-08  7.3120e-08  4.6277e-08  0:20:53  743

 Reversed flow on 53 faces (27.5% area) of pressure-outlet 19.

 Reversed flow on 178 faces (35.4% area) of pressure-outlet 18.
  2758  9.1490e-06  7.6625e-08  7.0561e-08  4.4213e-08  0:20:52  742

 Reversed flow on 53 faces (27.5% area) of pressure-outlet 19.

 Reversed flow on 178 faces (35.4% area) of pressure-outlet 18.
  2759  8.9815e-06  7.4672e-08  6.8681e-08  4.2564e-08  0:20:52  741

 Reversed flow on 53 faces (27.5% area) of pressure-outlet 19.

 Reversed flow on 178 faces (35.4% area) of pressure-outlet 18.
  2760  8.6264e-06  7.2530e-08  6.7156e-08  4.1042e-08  0:20:48  740

 Reversed flow on 53 faces (27.5% area) of pressure-outlet 19.

 Reversed flow on 178 faces (35.4% area) of pressure-outlet 18.
  2761  8.4154e-06  7.0347e-08  6.5747e-08  3.9631e-08  0:20:43  739

 Reversed flow on 53 faces (27.5% area) of pressure-outlet 19.

 Reversed flow on 178 faces (35.4% area) of pressure-outlet 18.

  iter  continuity  x-velocity  y-velocity  z-velocity     time/iter
  2762  8.2336e-06  6.8504e-08  6.5676e-08  3.8488e-08  0:21:07  738

 Reversed flow on 53 faces (27.5% area) of pressure-outlet 19.

 Reversed flow on 178 faces (35.4% area) of pressure-outlet 18.
  2763  8.2788e-06  6.7533e-08  6.6666e-08  3.7968e-08  0:21:06  737

 Reversed flow on 53 faces (27.5% area) of pressure-outlet 19.

 Reversed flow on 178 faces (35.4% area) of pressure-outlet 18.
  2764  8.1089e-06  6.6592e-08  6.8050e-08  3.7551e-08  0:21:45  736

 Reversed flow on 53 faces (27.5% area) of pressure-outlet 19.

 Reversed flow on 178 faces (35.4% area) of pressure-outlet 18.
  2765  8.2266e-06  6.6285e-08  6.9483e-08  3.7248e-08  0:21:33  735

 Reversed flow on 53 faces (27.5% area) of pressure-outlet 19.

 Reversed flow on 178 faces (35.4% area) of pressure-outlet 18.
  2766  8.4726e-06  6.6798e-08  7.1139e-08  3.7526e-08  0:21:51  734

 Reversed flow on 53 faces (27.5% area) of pressure-outlet 19.

 Reversed flow on 178 faces (35.4% area) of pressure-outlet 18.
  2767  8.8139e-06  6.8107e-08  7.3092e-08  3.8534e-08  0:21:48  733

 Reversed flow on 53 faces (27.5% area) of pressure-outlet 19.

 Reversed flow on 178 faces (35.4% area) of pressure-outlet 18.
  2768  8.9403e-06  6.9602e-08  7.5352e-08  3.9759e-08  0:22:17  732

 Reversed flow on 53 faces (27.5% area) of pressure-outlet 19.

 Reversed flow on 178 faces (35.4% area) of pressure-outlet 18.
  2769  9.2650e-06  7.1642e-08  7.7049e-08  4.1329e-08  0:23:56  731

 Reversed flow on 53 faces (27.5% area) of pressure-outlet 19.

 Reversed flow on 178 faces (35.4% area) of pressure-outlet 18.
  2770  9.5505e-06  7.3756e-08  7.9118e-08  4.3029e-08  0:23:57  730

 Reversed flow on 53 faces (27.5% area) of pressure-outlet 19.

 Reversed flow on 178 faces (35.4% area) of pressure-outlet 18.
  2771  9.9255e-06  7.6537e-08  8.1388e-08  4.4938e-08  0:24:35  729

 Reversed flow on 53 faces (27.5% area) of pressure-outlet 19.

 Reversed flow on 178 faces (35.4% area) of pressure-outlet 18.
  2772  9.9681e-06  7.8687e-08  8.3210e-08  4.6642e-08  0:24:12  728

 Reversed flow on 53 faces (27.5% area) of pressure-outlet 19.

 Reversed flow on 178 faces (35.4% area) of pressure-outlet 18.

  iter  continuity  x-velocity  y-velocity  z-velocity     time/iter
  2773  9.9822e-06  7.9812e-08  8.3136e-08  4.7725e-08  0:23:46  727

 Reversed flow on 53 faces (27.5% area) of pressure-outlet 19.

 Reversed flow on 178 faces (35.4% area) of pressure-outlet 18.
  2774  9.9633e-06  8.0267e-08  8.4819e-08  4.8395e-08  0:23:34  726

 Reversed flow on 53 faces (27.5% area) of pressure-outlet 19.

 Reversed flow on 178 faces (35.4% area) of pressure-outlet 18.
  2775  1.0134e-05  8.1476e-08  8.8200e-08  4.8947e-08  0:23:18  725

 Reversed flow on 53 faces (27.5% area) of pressure-outlet 19.

 Reversed flow on 178 faces (35.4% area) of pressure-outlet 18.
  2776  9.9215e-06  8.1353e-08  9.0511e-08  4.8918e-08  0:22:49  724

 Reversed flow on 53 faces (27.5% area) of pressure-outlet 19.

 Reversed flow on 178 faces (35.4% area) of pressure-outlet 18.
  2777  9.8735e-06  8.1326e-08  9.1987e-08  4.8788e-08  0:23:22  723

 Reversed flow on 53 faces (27.5% area) of pressure-outlet 19.

 Reversed flow on 178 faces (35.4% area) of pressure-outlet 18.
  2778  9.9629e-06  8.1353e-08  9.4208e-08  4.9218e-08  0:23:46  722

 Reversed flow on 53 faces (27.5% area) of pressure-outlet 19.

 Reversed flow on 178 faces (35.4% area) of pressure-outlet 18.
  2779  1.0449e-05  8.3880e-08  9.9646e-08  5.0031e-08  0:24:24  721

 Reversed flow on 53 faces (27.5% area) of pressure-outlet 19.

 Reversed flow on 178 faces (35.4% area) of pressure-outlet 18.
  2780  1.1015e-05  8.6993e-08  1.0535e-07  5.1482e-08  0:24:10  720

 Reversed flow on 53 faces (27.5% area) of pressure-outlet 19.

 Reversed flow on 178 faces (35.4% area) of pressure-outlet 18.
  2781  1.1637e-05  9.1712e-08  1.0573e-07  5.4773e-08  0:24:13  719

 Reversed flow on 53 faces (27.5% area) of pressure-outlet 19.

 Reversed flow on 178 faces (35.4% area) of pressure-outlet 18.
  2782  1.2050e-05  9.5855e-08  1.0705e-07  5.8853e-08  0:23:32  718

 Reversed flow on 53 faces (27.5% area) of pressure-outlet 19.

 Reversed flow on 178 faces (35.4% area) of pressure-outlet 18.
  2783  1.2351e-05  9.8390e-08  1.0693e-07  6.1861e-08  0:23:12  717

 Reversed flow on 53 faces (27.5% area) of pressure-outlet 19.

 Reversed flow on 178 faces (35.4% area) of pressure-outlet 18.

  iter  continuity  x-velocity  y-velocity  z-velocity     time/iter
  2784  1.2137e-05  9.8418e-08  1.0594e-07  6.2945e-08  0:22:36  716

 Reversed flow on 53 faces (27.5% area) of pressure-outlet 19.

 Reversed flow on 178 faces (35.4% area) of pressure-outlet 18.
  2785  1.1973e-05  9.7690e-08  1.0490e-07  6.2954e-08  0:22:18  715

 Reversed flow on 53 faces (27.5% area) of pressure-outlet 19.

 Reversed flow on 178 faces (35.4% area) of pressure-outlet 18.
  2786  1.1861e-05  9.6433e-08  1.0372e-07  6.2261e-08  0:21:48  714

 Reversed flow on 53 faces (27.5% area) of pressure-outlet 19.

 Reversed flow on 178 faces (35.4% area) of pressure-outlet 18.
  2787  1.1907e-05  9.4675e-08  1.0092e-07  6.0909e-08  0:21:22  713

 Reversed flow on 53 faces (27.5% area) of pressure-outlet 19.

 Reversed flow on 178 faces (35.4% area) of pressure-outlet 18.
  2788  1.1655e-05  9.1991e-08  9.6303e-08  5.9085e-08  0:21:07  712

 Reversed flow on 53 faces (27.5% area) of pressure-outlet 19.

 Reversed flow on 178 faces (35.4% area) of pressure-outlet 18.
  2789  1.1475e-05  9.0644e-08  9.1438e-08  5.6984e-08  0:21:04  711

 Reversed flow on 53 faces (27.5% area) of pressure-outlet 19.

 Reversed flow on 178 faces (35.4% area) of pressure-outlet 18.
  2790  1.1277e-05  8.9973e-08  8.7385e-08  5.5159e-08  0:20:50  710

 Reversed flow on 53 faces (27.5% area) of pressure-outlet 19.

 Reversed flow on 178 faces (35.4% area) of pressure-outlet 18.
  2791  1.1145e-05  8.9302e-08  8.4028e-08  5.3564e-08  0:20:34  709

 Reversed flow on 53 faces (27.5% area) of pressure-outlet 19.

 Reversed flow on 178 faces (35.4% area) of pressure-outlet 18.
  2792  1.0683e-05  8.7550e-08  8.0083e-08  5.1518e-08  0:20:36  708

 Reversed flow on 53 faces (27.5% area) of pressure-outlet 19.

 Reversed flow on 178 faces (35.4% area) of pressure-outlet 18.
  2793  1.0361e-05  8.5407e-08  7.6682e-08  4.9363e-08  0:20:42  707

 Reversed flow on 53 faces (27.5% area) of pressure-outlet 19.

 Reversed flow on 178 faces (35.4% area) of pressure-outlet 18.
  2794  9.9870e-06  8.2977e-08  7.4037e-08  4.7419e-08  0:20:40  706

 Reversed flow on 53 faces (27.5% area) of pressure-outlet 19.

 Reversed flow on 178 faces (35.4% area) of pressure-outlet 18.

  iter  continuity  x-velocity  y-velocity  z-velocity     time/iter
  2795  9.8265e-06  8.0931e-08  7.1793e-08  4.5791e-08  0:20:32  705

 Reversed flow on 53 faces (27.5% area) of pressure-outlet 19.

 Reversed flow on 178 faces (35.4% area) of pressure-outlet 18.
  2796  9.4260e-06  7.8507e-08  6.9882e-08  4.4056e-08  0:20:28  704

 Reversed flow on 53 faces (27.5% area) of pressure-outlet 19.

 Reversed flow on 178 faces (35.4% area) of pressure-outlet 18.
  2797  9.1197e-06  7.5789e-08  6.7795e-08  4.2243e-08  0:20:13  703

 Reversed flow on 53 faces (27.5% area) of pressure-outlet 19.

 Reversed flow on 178 faces (35.4% area) of pressure-outlet 18.
  2798  8.8323e-06  7.2732e-08  6.6506e-08  4.0699e-08  0:20:05  702

 Reversed flow on 53 faces (27.5% area) of pressure-outlet 19.

 Reversed flow on 178 faces (35.4% area) of pressure-outlet 18.
  2799  8.7071e-06  7.0388e-08  6.6616e-08  3.9577e-08  0:19:59  701

 Reversed flow on 53 faces (27.5% area) of pressure-outlet 19.

 Reversed flow on 178 faces (35.4% area) of pressure-outlet 18.
  2800  8.3200e-06  6.8184e-08  6.7361e-08  3.8527e-08  0:20:52  700

 Reversed flow on 53 faces (27.5% area) of pressure-outlet 19.

 Reversed flow on 178 faces (35.4% area) of pressure-outlet 18.
  2801  8.1943e-06  6.6379e-08  6.8212e-08  3.7629e-08  0:20:53  699

 Reversed flow on 53 faces (27.5% area) of pressure-outlet 19.

 Reversed flow on 178 faces (35.4% area) of pressure-outlet 18.
  2802  8.1985e-06  6.5066e-08  6.9452e-08  3.7091e-08  0:20:52  698

 Reversed flow on 53 faces (27.5% area) of pressure-outlet 19.

 Reversed flow on 178 faces (35.4% area) of pressure-outlet 18.
  2803  8.3389e-06  6.4701e-08  7.0870e-08  3.7313e-08  0:20:57  697

 Reversed flow on 53 faces (27.5% area) of pressure-outlet 19.

 Reversed flow on 178 faces (35.4% area) of pressure-outlet 18.
  2804  8.2905e-06  6.4676e-08  7.2950e-08  3.7929e-08  0:20:47  696

 Reversed flow on 53 faces (27.5% area) of pressure-outlet 19.

 Reversed flow on 178 faces (35.4% area) of pressure-outlet 18.
  2805  8.4650e-06  6.5383e-08  7.4901e-08  3.8908e-08  0:20:33  695

 Reversed flow on 53 faces (27.5% area) of pressure-outlet 19.

 Reversed flow on 178 faces (35.4% area) of pressure-outlet 18.

  iter  continuity  x-velocity  y-velocity  z-velocity     time/iter
  2806  8.6260e-06  6.6417e-08  7.6118e-08  4.0279e-08  0:20:22  694

 Reversed flow on 53 faces (27.5% area) of pressure-outlet 19.

 Reversed flow on 178 faces (35.4% area) of pressure-outlet 18.
  2807  8.9666e-06  6.8632e-08  7.8664e-08  4.2108e-08  0:20:08  693

 Reversed flow on 53 faces (27.5% area) of pressure-outlet 19.

 Reversed flow on 178 faces (35.4% area) of pressure-outlet 18.
  2808  9.0841e-06  7.0785e-08  8.0918e-08  4.3833e-08  0:20:00  692

 Reversed flow on 53 faces (27.5% area) of pressure-outlet 19.

 Reversed flow on 178 faces (35.4% area) of pressure-outlet 18.
  2809  9.2798e-06  7.3020e-08  8.1998e-08  4.5180e-08  0:19:51  691

 Reversed flow on 53 faces (27.5% area) of pressure-outlet 19.

 Reversed flow on 178 faces (35.4% area) of pressure-outlet 18.
  2810  9.4544e-06  7.5479e-08  8.1815e-08  4.6380e-08  0:19:49  690

 Reversed flow on 53 faces (27.5% area) of pressure-outlet 19.

 Reversed flow on 178 faces (35.4% area) of pressure-outlet 18.
  2811  9.8152e-06  7.8407e-08  8.5374e-08  4.7606e-08  0:20:50  689

 Reversed flow on 53 faces (27.5% area) of pressure-outlet 19.

 Reversed flow on 178 faces (35.4% area) of pressure-outlet 18.
  2812  9.8726e-06  8.0665e-08  8.8679e-08  4.8199e-08  0:21:51  688

 Reversed flow on 53 faces (27.5% area) of pressure-outlet 19.

 Reversed flow on 178 faces (35.4% area) of pressure-outlet 18.
  2813  1.0035e-05  8.2538e-08  9.0979e-08  4.8530e-08  0:22:27  687

 Reversed flow on 53 faces (27.5% area) of pressure-outlet 19.

 Reversed flow on 178 faces (35.4% area) of pressure-outlet 18.
  2814  1.0225e-05  8.4541e-08  9.3230e-08  4.9092e-08  0:21:58  686

 Reversed flow on 53 faces (27.5% area) of pressure-outlet 19.

 Reversed flow on 178 faces (35.4% area) of pressure-outlet 18.
  2815  1.0628e-05  8.6922e-08  9.6462e-08  5.0250e-08  0:21:36  685

 Reversed flow on 53 faces (27.5% area) of pressure-outlet 19.

 Reversed flow on 178 faces (35.4% area) of pressure-outlet 18.
  2816  1.1129e-05  9.0911e-08  1.0242e-07  5.1431e-08  0:21:15  684

 Reversed flow on 53 faces (27.5% area) of pressure-outlet 19.

 Reversed flow on 178 faces (35.4% area) of pressure-outlet 18.

  iter  continuity  x-velocity  y-velocity  z-velocity     time/iter
  2817  1.1956e-05  9.5282e-08  1.0769e-07  5.3664e-08  0:20:53  683

 Reversed flow on 53 faces (27.5% area) of pressure-outlet 19.

 Reversed flow on 178 faces (35.4% area) of pressure-outlet 18.
  2818  1.2518e-05  9.9969e-08  1.0789e-07  5.7792e-08  0:20:27  682

 Reversed flow on 53 faces (27.5% area) of pressure-outlet 19.

 Reversed flow on 178 faces (35.4% area) of pressure-outlet 18.
  2819  1.2933e-05  1.0299e-07  1.0903e-07  6.1906e-08  0:20:16  681

 Reversed flow on 53 faces (27.5% area) of pressure-outlet 19.

 Reversed flow on 178 faces (35.4% area) of pressure-outlet 18.
  2820  1.2769e-05  1.0332e-07  1.0762e-07  6.3869e-08  0:20:12  680

 Reversed flow on 53 faces (27.5% area) of pressure-outlet 19.

 Reversed flow on 178 faces (35.4% area) of pressure-outlet 18.
  2821  1.2472e-05  1.0175e-07  1.0663e-07  6.4320e-08  0:19:54  679

 Reversed flow on 53 faces (27.5% area) of pressure-outlet 19.

 Reversed flow on 178 faces (35.4% area) of pressure-outlet 18.
  2822  1.2232e-05  9.9565e-08  1.0525e-07  6.3945e-08  0:19:50  678

 Reversed flow on 53 faces (27.5% area) of pressure-outlet 19.

 Reversed flow on 178 faces (35.4% area) of pressure-outlet 18.
  2823  1.2124e-05  9.6480e-08  1.0352e-07  6.2772e-08  0:19:47  677

 Reversed flow on 53 faces (27.5% area) of pressure-outlet 19.

 Reversed flow on 178 faces (35.4% area) of pressure-outlet 18.
  2824  1.1688e-05  9.2187e-08  9.9156e-08  6.0512e-08  0:19:44  676

 Reversed flow on 53 faces (27.5% area) of pressure-outlet 19.

 Reversed flow on 178 faces (35.4% area) of pressure-outlet 18.
  2825  1.1396e-05  8.8173e-08  9.3954e-08  5.8119e-08  0:19:41  675

 Reversed flow on 53 faces (27.5% area) of pressure-outlet 19.

 Reversed flow on 178 faces (35.4% area) of pressure-outlet 18.
  2826  1.1072e-05  8.6382e-08  8.9125e-08  5.5735e-08  0:19:32  674

 Reversed flow on 53 faces (27.5% area) of pressure-outlet 19.

 Reversed flow on 178 faces (35.4% area) of pressure-outlet 18.
  2827  1.0818e-05  8.5042e-08  8.5090e-08  5.3666e-08  0:19:23  673

 Reversed flow on 53 faces (27.5% area) of pressure-outlet 19.

 Reversed flow on 178 faces (35.4% area) of pressure-outlet 18.

  iter  continuity  x-velocity  y-velocity  z-velocity     time/iter
  2828  1.0338e-05  8.3104e-08  8.1087e-08  5.1439e-08  0:19:10  672

 Reversed flow on 53 faces (27.5% area) of pressure-outlet 19.

 Reversed flow on 178 faces (35.4% area) of pressure-outlet 18.
  2829  9.9959e-06  8.1415e-08  7.7133e-08  4.9132e-08  0:19:03  671

 Reversed flow on 53 faces (27.5% area) of pressure-outlet 19.

 Reversed flow on 178 faces (35.4% area) of pressure-outlet 18.
  2830  9.6709e-06  7.9850e-08  7.4130e-08  4.7005e-08  0:18:54  670

 Reversed flow on 53 faces (27.5% area) of pressure-outlet 19.

 Reversed flow on 178 faces (35.4% area) of pressure-outlet 18.
  2831  9.5454e-06  7.8809e-08  7.1872e-08  4.5398e-08  0:18:47  669

 Reversed flow on 53 faces (27.5% area) of pressure-outlet 19.

 Reversed flow on 178 faces (35.4% area) of pressure-outlet 18.
  2832  9.2614e-06  7.7592e-08  7.0100e-08  4.3900e-08  0:18:49  668

 Reversed flow on 53 faces (27.5% area) of pressure-outlet 19.

 Reversed flow on 178 faces (35.4% area) of pressure-outlet 18.
  2833  9.0787e-06  7.6391e-08  6.8250e-08  4.2281e-08  0:18:46  667

 Reversed flow on 53 faces (27.5% area) of pressure-outlet 19.

 Reversed flow on 178 faces (35.4% area) of pressure-outlet 18.
  2834  8.9580e-06  7.4999e-08  6.6730e-08  4.1024e-08  0:18:50  666

 Reversed flow on 53 faces (27.5% area) of pressure-outlet 19.

 Reversed flow on 178 faces (35.4% area) of pressure-outlet 18.
  2835  8.9894e-06  7.3842e-08  6.6693e-08  4.0305e-08  0:18:49  665

 Reversed flow on 53 faces (27.5% area) of pressure-outlet 19.

 Reversed flow on 178 faces (35.4% area) of pressure-outlet 18.
  2836  8.7146e-06  7.2329e-08  6.7373e-08  3.9519e-08  0:18:41  664

 Reversed flow on 53 faces (27.5% area) of pressure-outlet 19.

 Reversed flow on 178 faces (35.4% area) of pressure-outlet 18.
  2837  8.6595e-06  7.0964e-08  6.8403e-08  3.8857e-08  0:18:35  663

 Reversed flow on 53 faces (27.5% area) of pressure-outlet 19.

 Reversed flow on 178 faces (35.4% area) of pressure-outlet 18.
  2838  8.6933e-06  6.9712e-08  6.9791e-08  3.8528e-08  0:18:32  662

 Reversed flow on 53 faces (27.5% area) of pressure-outlet 19.

 Reversed flow on 178 faces (35.4% area) of pressure-outlet 18.

  iter  continuity  x-velocity  y-velocity  z-velocity     time/iter
  2839  8.8360e-06  6.9002e-08  7.1238e-08  3.8573e-08  0:18:29  661

 Reversed flow on 53 faces (27.5% area) of pressure-outlet 19.

 Reversed flow on 178 faces (35.4% area) of pressure-outlet 18.
  2840  8.7922e-06  6.8610e-08  7.2829e-08  3.8997e-08  0:18:25  660

 Reversed flow on 53 faces (27.5% area) of pressure-outlet 19.

 Reversed flow on 178 faces (35.4% area) of pressure-outlet 18.
  2841  8.9337e-06  6.8715e-08  7.4789e-08  3.9656e-08  0:18:20  659

 Reversed flow on 53 faces (27.5% area) of pressure-outlet 19.

 Reversed flow on 178 faces (35.4% area) of pressure-outlet 18.
  2842  8.9892e-06  6.8890e-08  7.6154e-08  4.0598e-08  0:18:24  658

 Reversed flow on 53 faces (27.5% area) of pressure-outlet 19.

 Reversed flow on 178 faces (35.4% area) of pressure-outlet 18.
  2843  9.2150e-06  6.9572e-08  7.7581e-08  4.2056e-08  0:18:28  657

 Reversed flow on 53 faces (27.5% area) of pressure-outlet 19.

 Reversed flow on 178 faces (35.4% area) of pressure-outlet 18.
  2844  9.2050e-06  7.0768e-08  7.9929e-08  4.3510e-08  0:18:32  656

 Reversed flow on 53 faces (27.5% area) of pressure-outlet 19.

 Reversed flow on 178 faces (35.4% area) of pressure-outlet 18.
  2845  9.2825e-06  7.2024e-08  8.1287e-08  4.4555e-08  0:18:30  655

 Reversed flow on 53 faces (27.5% area) of pressure-outlet 19.

 Reversed flow on 178 faces (35.4% area) of pressure-outlet 18.
  2846  9.3193e-06  7.3243e-08  8.1632e-08  4.5546e-08  0:18:23  654

 Reversed flow on 53 faces (27.5% area) of pressure-outlet 19.

 Reversed flow on 178 faces (35.4% area) of pressure-outlet 18.
  2847  9.4712e-06  7.4921e-08  8.2367e-08  4.6555e-08  0:18:25  653

 Reversed flow on 53 faces (27.5% area) of pressure-outlet 19.

 Reversed flow on 178 faces (35.4% area) of pressure-outlet 18.
  2848  9.3664e-06  7.6174e-08  8.5635e-08  4.7020e-08  0:18:19  652

 Reversed flow on 53 faces (27.5% area) of pressure-outlet 19.

 Reversed flow on 178 faces (35.4% area) of pressure-outlet 18.
  2849  9.4284e-06  7.7150e-08  8.8423e-08  4.7088e-08  0:18:21  651

 Reversed flow on 53 faces (27.5% area) of pressure-outlet 19.

 Reversed flow on 178 faces (35.4% area) of pressure-outlet 18.

  iter  continuity  x-velocity  y-velocity  z-velocity     time/iter
  2850  9.4840e-06  7.8209e-08  9.0817e-08  4.7338e-08  0:18:15  650

 Reversed flow on 53 faces (27.5% area) of pressure-outlet 19.

 Reversed flow on 178 faces (35.4% area) of pressure-outlet 18.
  2851  9.6537e-06  7.9533e-08  9.3021e-08  4.8050e-08  0:18:09  649

 Reversed flow on 53 faces (27.5% area) of pressure-outlet 19.

 Reversed flow on 178 faces (35.4% area) of pressure-outlet 18.
  2852  9.8592e-06  8.1706e-08  9.7205e-08  4.8791e-08  0:18:03  648

 Reversed flow on 53 faces (27.5% area) of pressure-outlet 19.

 Reversed flow on 178 faces (35.4% area) of pressure-outlet 18.
  2853  1.0636e-05  8.5795e-08  1.0298e-07  5.0115e-08  0:17:59  647

 Reversed flow on 53 faces (27.5% area) of pressure-outlet 19.

 Reversed flow on 178 faces (35.4% area) of pressure-outlet 18.
  2854  1.1462e-05  9.1145e-08  1.0628e-07  5.3080e-08  0:18:03  646

 Reversed flow on 53 faces (27.5% area) of pressure-outlet 19.

 Reversed flow on 178 faces (35.4% area) of pressure-outlet 18.
  2855  1.2288e-05  9.7185e-08  1.0756e-07  5.7726e-08  0:17:58  645

 Reversed flow on 53 faces (27.5% area) of pressure-outlet 19.

 Reversed flow on 178 faces (35.4% area) of pressure-outlet 18.
  2856  1.2564e-05  1.0078e-07  1.0806e-07  6.1385e-08  0:17:55  644

 Reversed flow on 53 faces (27.5% area) of pressure-outlet 19.

 Reversed flow on 178 faces (35.4% area) of pressure-outlet 18.
  2857  1.2593e-05  1.0231e-07  1.0651e-07  6.3184e-08  0:17:51  643

 Reversed flow on 53 faces (27.5% area) of pressure-outlet 19.

 Reversed flow on 178 faces (35.4% area) of pressure-outlet 18.
  2858  1.2560e-05  1.0255e-07  1.0666e-07  6.3987e-08  0:17:46  642

 Reversed flow on 53 faces (27.5% area) of pressure-outlet 19.

 Reversed flow on 178 faces (35.4% area) of pressure-outlet 18.
  2859  1.2658e-05  1.0217e-07  1.0579e-07  6.4004e-08  0:17:44  641

 Reversed flow on 53 faces (27.5% area) of pressure-outlet 19.

 Reversed flow on 178 faces (35.4% area) of pressure-outlet 18.
  2860  1.2359e-05  9.9635e-08  1.0312e-07  6.2604e-08  0:17:42  640

 Reversed flow on 53 faces (27.5% area) of pressure-outlet 19.

 Reversed flow on 178 faces (35.4% area) of pressure-outlet 18.

  iter  continuity  x-velocity  y-velocity  z-velocity     time/iter
  2861  1.2230e-05  9.7017e-08  9.8556e-08  6.0636e-08  0:17:39  639

 Reversed flow on 53 faces (27.5% area) of pressure-outlet 19.

 Reversed flow on 178 faces (35.4% area) of pressure-outlet 18.
  2862  1.2007e-05  9.4392e-08  9.4058e-08  5.8766e-08  0:17:42  638

 Reversed flow on 53 faces (27.5% area) of pressure-outlet 19.

 Reversed flow on 178 faces (35.4% area) of pressure-outlet 18.
  2863  1.1739e-05  9.2503e-08  8.9384e-08  5.6766e-08  0:17:39  637

 Reversed flow on 53 faces (27.5% area) of pressure-outlet 19.

 Reversed flow on 178 faces (35.4% area) of pressure-outlet 18.
  2864  1.1176e-05  8.9686e-08  8.5154e-08  5.4464e-08  0:17:36  636

 Reversed flow on 53 faces (27.5% area) of pressure-outlet 19.

 Reversed flow on 178 faces (35.4% area) of pressure-outlet 18.
  2865  1.0734e-05  8.6903e-08  8.0758e-08  5.1987e-08  0:17:33  635

 Reversed flow on 53 faces (27.5% area) of pressure-outlet 19.

 Reversed flow on 178 faces (35.4% area) of pressure-outlet 18.
  2866  1.0232e-05  8.3890e-08  7.6766e-08  4.9510e-08  0:17:30  634

 Reversed flow on 53 faces (27.5% area) of pressure-outlet 19.

 Reversed flow on 178 faces (35.4% area) of pressure-outlet 18.
  2867  9.9428e-06  8.1135e-08  7.3874e-08  4.7452e-08  0:17:28  633

 Reversed flow on 53 faces (27.5% area) of pressure-outlet 19.

 Reversed flow on 178 faces (35.4% area) of pressure-outlet 18.
  2868  9.4473e-06  7.8004e-08  7.1286e-08  4.5374e-08  0:17:26  632

 Reversed flow on 53 faces (27.5% area) of pressure-outlet 19.

 Reversed flow on 178 faces (35.4% area) of pressure-outlet 18.
  2869  9.0813e-06  7.5100e-08  6.8874e-08  4.3256e-08  0:17:23  631

 Reversed flow on 53 faces (27.5% area) of pressure-outlet 19.

 Reversed flow on 178 faces (35.4% area) of pressure-outlet 18.
  2870  8.7677e-06  7.2498e-08  6.6764e-08  4.1315e-08  0:17:21  630

 Reversed flow on 53 faces (27.5% area) of pressure-outlet 19.

 Reversed flow on 178 faces (35.4% area) of pressure-outlet 18.
  2871  8.6477e-06  7.0377e-08  6.5297e-08  4.0013e-08  0:17:19  629

 Reversed flow on 53 faces (27.5% area) of pressure-outlet 19.

 Reversed flow on 178 faces (35.4% area) of pressure-outlet 18.

  iter  continuity  x-velocity  y-velocity  z-velocity     time/iter
  2872  8.2239e-06  6.7957e-08  6.5187e-08  3.8678e-08  0:17:17  628

 Reversed flow on 53 faces (27.5% area) of pressure-outlet 19.

 Reversed flow on 178 faces (35.4% area) of pressure-outlet 18.
  2873  8.0711e-06  6.6132e-08  6.5670e-08  3.7556e-08  0:17:16  627

 Reversed flow on 53 faces (27.5% area) of pressure-outlet 19.

 Reversed flow on 178 faces (35.4% area) of pressure-outlet 18.
  2874  8.0537e-06  6.4945e-08  6.6826e-08  3.6935e-08  0:17:15  626

 Reversed flow on 53 faces (27.5% area) of pressure-outlet 19.

 Reversed flow on 178 faces (35.4% area) of pressure-outlet 18.
  2875  8.2075e-06  6.4771e-08  6.8325e-08  3.6767e-08  0:17:22  625

 Reversed flow on 53 faces (27.5% area) of pressure-outlet 19.

 Reversed flow on 178 faces (35.4% area) of pressure-outlet 18.
  2876  8.2323e-06  6.4996e-08  7.0134e-08  3.6938e-08  0:18:54  624

 Reversed flow on 53 faces (27.5% area) of pressure-outlet 19.

 Reversed flow on 178 faces (35.4% area) of pressure-outlet 18.
  2877  8.4807e-06  6.6075e-08  7.2111e-08  3.7625e-08  0:18:52  623

 Reversed flow on 53 faces (27.5% area) of pressure-outlet 19.

 Reversed flow on 178 faces (35.4% area) of pressure-outlet 18.
  2878  8.6935e-06  6.7415e-08  7.4215e-08  3.8658e-08  0:18:34  622

 Reversed flow on 53 faces (27.5% area) of pressure-outlet 19.

 Reversed flow on 178 faces (35.4% area) of pressure-outlet 18.
  2879  9.0546e-06  6.9485e-08  7.6096e-08  4.0396e-08  0:18:22  621

 Reversed flow on 53 faces (27.5% area) of pressure-outlet 19.

 Reversed flow on 178 faces (35.4% area) of pressure-outlet 18.
  2880  9.2311e-06  7.1604e-08  7.8485e-08  4.2341e-08  0:18:08  620

 Reversed flow on 53 faces (27.5% area) of pressure-outlet 19.

 Reversed flow on 178 faces (35.4% area) of pressure-outlet 18.
  2881  9.4629e-06  7.3821e-08  8.0644e-08  4.3962e-08  0:17:53  619

 Reversed flow on 53 faces (27.5% area) of pressure-outlet 19.

 Reversed flow on 178 faces (35.4% area) of pressure-outlet 18.
  2882  9.6787e-06  7.5733e-08  8.2317e-08  4.5491e-08  0:17:41  618

 Reversed flow on 53 faces (27.5% area) of pressure-outlet 19.

 Reversed flow on 178 faces (35.4% area) of pressure-outlet 18.

  iter  continuity  x-velocity  y-velocity  z-velocity     time/iter
  2883  9.9502e-06  7.7840e-08  8.3017e-08  4.7127e-08  0:17:32  617

 Reversed flow on 53 faces (27.5% area) of pressure-outlet 19.

 Reversed flow on 178 faces (35.4% area) of pressure-outlet 18.
  2884  9.8367e-06  7.9083e-08  8.4407e-08  4.8083e-08  0:17:24  616

 Reversed flow on 53 faces (27.5% area) of pressure-outlet 19.

 Reversed flow on 178 faces (35.4% area) of pressure-outlet 18.
  2885  9.9458e-06  8.0490e-08  8.7514e-08  4.8451e-08  0:17:17  615

 Reversed flow on 53 faces (27.5% area) of pressure-outlet 19.

 Reversed flow on 178 faces (35.4% area) of pressure-outlet 18.
  2886  1.0013e-05  8.1275e-08  9.0254e-08  4.8635e-08  0:17:10  614

 Reversed flow on 53 faces (27.5% area) of pressure-outlet 19.

 Reversed flow on 178 faces (35.4% area) of pressure-outlet 18.
  2887  1.0068e-05  8.2021e-08  9.2348e-08  4.8924e-08  0:17:05  613

 Reversed flow on 53 faces (27.5% area) of pressure-outlet 19.

 Reversed flow on 178 faces (35.4% area) of pressure-outlet 18.
  2888  9.9425e-06  8.1861e-08  9.4163e-08  4.9233e-08  0:17:00  612

 Reversed flow on 53 faces (27.5% area) of pressure-outlet 19.

 Reversed flow on 178 faces (35.4% area) of pressure-outlet 18.
  2889  1.0285e-05  8.3823e-08  9.8792e-08  4.9618e-08  0:16:56  611

 Reversed flow on 53 faces (27.5% area) of pressure-outlet 19.

 Reversed flow on 178 faces (35.4% area) of pressure-outlet 18.
  2890  1.0962e-05  8.7403e-08  1.0457e-07  5.0976e-08  0:16:52  610

 Reversed flow on 53 faces (27.5% area) of pressure-outlet 19.

 Reversed flow on 178 faces (35.4% area) of pressure-outlet 18.
  2891  1.1738e-05  9.2396e-08  1.0630e-07  5.4307e-08  0:16:49  609

 Reversed flow on 53 faces (27.5% area) of pressure-outlet 19.

 Reversed flow on 178 faces (35.4% area) of pressure-outlet 18.
  2892  1.2088e-05  9.6181e-08  1.0716e-07  5.8303e-08  0:16:46  608

 Reversed flow on 53 faces (27.5% area) of pressure-outlet 19.

 Reversed flow on 178 faces (35.4% area) of pressure-outlet 18.
  2893  1.2199e-05  9.8123e-08  1.0670e-07  6.1035e-08  0:16:45  607

 Reversed flow on 53 faces (27.5% area) of pressure-outlet 19.

 Reversed flow on 178 faces (35.4% area) of pressure-outlet 18.

  iter  continuity  x-velocity  y-velocity  z-velocity     time/iter
  2894  1.2080e-05  9.8347e-08  1.0568e-07  6.2361e-08  0:16:42  606

 Reversed flow on 53 faces (27.5% area) of pressure-outlet 19.

 Reversed flow on 178 faces (35.4% area) of pressure-outlet 18.
  2895  1.2070e-05  9.7618e-08  1.0560e-07  6.2865e-08  0:16:43  605

 Reversed flow on 53 faces (27.5% area) of pressure-outlet 19.

 Reversed flow on 178 faces (35.4% area) of pressure-outlet 18.
  2896  1.1709e-05  9.5392e-08  1.0394e-07  6.2053e-08  0:16:40  604

 Reversed flow on 53 faces (27.5% area) of pressure-outlet 19.

 Reversed flow on 178 faces (35.4% area) of pressure-outlet 18.
  2897  1.1490e-05  9.2446e-08  1.0056e-07  6.0183e-08  0:16:39  603

 Reversed flow on 53 faces (27.5% area) of pressure-outlet 19.

 Reversed flow on 178 faces (35.4% area) of pressure-outlet 18.
  2898  1.1422e-05  8.9709e-08  9.6239e-08  5.8351e-08  0:16:37  602

 Reversed flow on 53 faces (27.5% area) of pressure-outlet 19.

 Reversed flow on 178 faces (35.4% area) of pressure-outlet 18.
  2899  1.1362e-05  8.8256e-08  9.1766e-08  5.6550e-08  0:16:35  601

 Reversed flow on 53 faces (27.5% area) of pressure-outlet 19.

 Reversed flow on 178 faces (35.4% area) of pressure-outlet 18.
  2900  1.0997e-05  8.7273e-08  8.7089e-08  5.4462e-08  0:16:32  600

 Reversed flow on 53 faces (27.5% area) of pressure-outlet 19.

 Reversed flow on 178 faces (35.4% area) of pressure-outlet 18.
  2901  1.0808e-05  8.6627e-08  8.3356e-08  5.2521e-08  0:16:36  599

 Reversed flow on 53 faces (27.5% area) of pressure-outlet 19.

 Reversed flow on 178 faces (35.4% area) of pressure-outlet 18.
  2902  1.0532e-05  8.5710e-08  7.9514e-08  5.0590e-08  0:16:33  598

 Reversed flow on 53 faces (27.5% area) of pressure-outlet 19.

 Reversed flow on 178 faces (35.4% area) of pressure-outlet 18.
  2903  1.0409e-05  8.4903e-08  7.6300e-08  4.8841e-08  0:16:31  597

 Reversed flow on 53 faces (27.5% area) of pressure-outlet 19.

 Reversed flow on 178 faces (35.4% area) of pressure-outlet 18.
  2904  1.0066e-05  8.3582e-08  7.3887e-08  4.7142e-08  0:16:28  596

 Reversed flow on 53 faces (27.5% area) of pressure-outlet 19.

 Reversed flow on 178 faces (35.4% area) of pressure-outlet 18.

  iter  continuity  x-velocity  y-velocity  z-velocity     time/iter
  2905  9.8396e-06  8.2151e-08  7.1488e-08  4.5383e-08  0:16:26  595

 Reversed flow on 53 faces (27.5% area) of pressure-outlet 19.

 Reversed flow on 178 faces (35.4% area) of pressure-outlet 18.
  2906  9.6345e-06  8.0918e-08  6.9550e-08  4.3785e-08  0:16:24  594

 Reversed flow on 53 faces (27.5% area) of pressure-outlet 19.

 Reversed flow on 178 faces (35.4% area) of pressure-outlet 18.
  2907  9.5297e-06  7.9139e-08  6.8080e-08  4.2629e-08  0:16:25  593

 Reversed flow on 53 faces (27.5% area) of pressure-outlet 19.

 Reversed flow on 178 faces (35.4% area) of pressure-outlet 18.
  2908  9.0816e-06  7.6092e-08  6.6870e-08  4.1322e-08  0:16:52  592

 Reversed flow on 53 faces (27.5% area) of pressure-outlet 19.

 Reversed flow on 178 faces (35.4% area) of pressure-outlet 18.
  2909  8.7868e-06  7.2997e-08  6.6564e-08  3.9904e-08  0:16:46  591

 Reversed flow on 53 faces (27.5% area) of pressure-outlet 19.

 Reversed flow on 178 faces (35.4% area) of pressure-outlet 18.
  2910  8.5683e-06  7.0304e-08  6.7088e-08  3.8813e-08  0:16:41  590

 Reversed flow on 53 faces (27.5% area) of pressure-outlet 19.

 Reversed flow on 178 faces (35.4% area) of pressure-outlet 18.
  2911  8.5113e-06  6.8158e-08  6.8029e-08  3.8231e-08  0:16:36  589

 Reversed flow on 53 faces (27.5% area) of pressure-outlet 19.

 Reversed flow on 178 faces (35.4% area) of pressure-outlet 18.
  2912  8.3230e-06  6.6217e-08  6.9316e-08  3.7723e-08  0:16:32  588

 Reversed flow on 53 faces (27.5% area) of pressure-outlet 19.

 Reversed flow on 178 faces (35.4% area) of pressure-outlet 18.
  2913  8.3921e-06  6.4974e-08  7.0664e-08  3.7551e-08  0:16:34  587

 Reversed flow on 53 faces (27.5% area) of pressure-outlet 19.

 Reversed flow on 178 faces (35.4% area) of pressure-outlet 18.
  2914  8.4153e-06  6.4299e-08  7.2157e-08  3.7876e-08  0:16:29  586

 Reversed flow on 53 faces (27.5% area) of pressure-outlet 19.

 Reversed flow on 178 faces (35.4% area) of pressure-outlet 18.
  2915  8.6097e-06  6.4795e-08  7.3959e-08  3.8807e-08  0:16:23  585

 Reversed flow on 53 faces (27.5% area) of pressure-outlet 19.

 Reversed flow on 178 faces (35.4% area) of pressure-outlet 18.

  iter  continuity  x-velocity  y-velocity  z-velocity     time/iter
  2916  8.5955e-06  6.5618e-08  7.5519e-08  4.0131e-08  0:16:20  584

 Reversed flow on 53 faces (27.5% area) of pressure-outlet 19.

 Reversed flow on 178 faces (35.4% area) of pressure-outlet 18.
  2917  8.7394e-06  6.6913e-08  7.7506e-08  4.1410e-08  0:16:15  583

 Reversed flow on 53 faces (27.5% area) of pressure-outlet 19.

 Reversed flow on 178 faces (35.4% area) of pressure-outlet 18.
  2918  8.9344e-06  6.8654e-08  7.9398e-08  4.2806e-08  0:16:10  582

 Reversed flow on 53 faces (27.5% area) of pressure-outlet 19.

 Reversed flow on 178 faces (35.4% area) of pressure-outlet 18.
  2919  9.2836e-06  7.1233e-08  8.1084e-08  4.4497e-08  0:16:08  581

 Reversed flow on 53 faces (27.5% area) of pressure-outlet 19.

 Reversed flow on 178 faces (35.4% area) of pressure-outlet 18.
  2920  9.2624e-06  7.3606e-08  8.1213e-08  4.5768e-08  0:16:10  580

 Reversed flow on 53 faces (27.5% area) of pressure-outlet 19.

 Reversed flow on 178 faces (35.4% area) of pressure-outlet 18.
  2921  9.4334e-06  7.5941e-08  8.3665e-08  4.6625e-08  0:16:10  579

 Reversed flow on 53 faces (27.5% area) of pressure-outlet 19.

 Reversed flow on 178 faces (35.4% area) of pressure-outlet 18.
  2922  9.6655e-06  7.8629e-08  8.7249e-08  4.7283e-08  0:16:08  578

 Reversed flow on 53 faces (27.5% area) of pressure-outlet 19.

 Reversed flow on 178 faces (35.4% area) of pressure-outlet 18.
  2923  9.9105e-06  8.0902e-08  9.0246e-08  4.7966e-08  0:16:07  577

 Reversed flow on 53 faces (27.5% area) of pressure-outlet 19.

 Reversed flow on 178 faces (35.4% area) of pressure-outlet 18.
  2924  9.8804e-06  8.2511e-08  9.2370e-08  4.8444e-08  0:16:03  576

 Reversed flow on 53 faces (27.5% area) of pressure-outlet 19.

 Reversed flow on 178 faces (35.4% area) of pressure-outlet 18.
  2925  1.0141e-05  8.3995e-08  9.4847e-08  4.9275e-08  0:16:00  575

 Reversed flow on 53 faces (27.5% area) of pressure-outlet 19.

 Reversed flow on 178 faces (35.4% area) of pressure-outlet 18.
  2926  1.0689e-05  8.7744e-08  1.0073e-07  5.0355e-08  0:15:56  574

 Reversed flow on 53 faces (27.5% area) of pressure-outlet 19.

 Reversed flow on 178 faces (35.4% area) of pressure-outlet 18.

  iter  continuity  x-velocity  y-velocity  z-velocity     time/iter
  2927  1.1700e-05  9.2410e-08  1.0727e-07  5.2701e-08  0:16:01  573

 Reversed flow on 53 faces (27.5% area) of pressure-outlet 19.

 Reversed flow on 178 faces (35.4% area) of pressure-outlet 18.
  2928  1.2275e-05  9.7319e-08  1.0754e-07  5.6642e-08  0:16:01  572

 Reversed flow on 53 faces (27.5% area) of pressure-outlet 19.

 Reversed flow on 178 faces (35.4% area) of pressure-outlet 18.
  2929  1.2653e-05  1.0087e-07  1.0836e-07  6.0601e-08  0:15:59  571

 Reversed flow on 53 faces (27.5% area) of pressure-outlet 19.

 Reversed flow on 178 faces (35.4% area) of pressure-outlet 18.
  2930  1.2761e-05  1.0257e-07  1.0766e-07  6.3194e-08  0:16:08  570

 Reversed flow on 53 faces (27.5% area) of pressure-outlet 19.

 Reversed flow on 178 faces (35.4% area) of pressure-outlet 18.
  2931  1.2743e-05  1.0237e-07  1.0719e-07  6.4373e-08  0:16:16  569

 Reversed flow on 53 faces (27.5% area) of pressure-outlet 19.

 Reversed flow on 178 faces (35.4% area) of pressure-outlet 18.
  2932  1.2312e-05  1.0011e-07  1.0560e-07  6.4049e-08  0:16:42  568

 Reversed flow on 53 faces (27.5% area) of pressure-outlet 19.

 Reversed flow on 178 faces (35.4% area) of pressure-outlet 18.
  2933  1.1994e-05  9.6681e-08  1.0351e-07  6.2584e-08  0:17:37  567

 Reversed flow on 53 faces (27.5% area) of pressure-outlet 19.

 Reversed flow on 178 faces (35.4% area) of pressure-outlet 18.
  2934  1.1746e-05  9.3107e-08  9.9837e-08  6.0467e-08  0:18:16  566

 Reversed flow on 53 faces (27.5% area) of pressure-outlet 19.

 Reversed flow on 178 faces (35.4% area) of pressure-outlet 18.
  2935  1.1599e-05  8.9650e-08  9.5107e-08  5.8430e-08  0:18:43  565

 Reversed flow on 53 faces (27.5% area) of pressure-outlet 19.

 Reversed flow on 178 faces (35.4% area) of pressure-outlet 18.
  2936  1.1102e-05  8.7025e-08  8.9855e-08  5.5850e-08  0:19:09  564

 Reversed flow on 53 faces (27.5% area) of pressure-outlet 19.

 Reversed flow on 178 faces (35.4% area) of pressure-outlet 18.
  2937  1.0723e-05  8.5012e-08  8.5277e-08  5.3379e-08  0:19:30  563

 Reversed flow on 53 faces (27.5% area) of pressure-outlet 19.

 Reversed flow on 178 faces (35.4% area) of pressure-outlet 18.

  iter  continuity  x-velocity  y-velocity  z-velocity     time/iter
  2938  1.0330e-05  8.3200e-08  8.1505e-08  5.1211e-08  0:19:48  562

 Reversed flow on 53 faces (27.5% area) of pressure-outlet 19.

 Reversed flow on 178 faces (35.4% area) of pressure-outlet 18.
  2939  1.0051e-05  8.1484e-08  7.7792e-08  4.9161e-08  0:20:04  561

 Reversed flow on 53 faces (27.5% area) of pressure-outlet 19.

 Reversed flow on 178 faces (35.4% area) of pressure-outlet 18.
  2940  9.5752e-06  7.9229e-08  7.4658e-08  4.7036e-08  0:20:17  560

 Reversed flow on 53 faces (27.5% area) of pressure-outlet 19.

 Reversed flow on 178 faces (35.4% area) of pressure-outlet 18.
  2941  9.2234e-06  7.7270e-08  7.1950e-08  4.5035e-08  0:20:27  559

 Reversed flow on 53 faces (27.5% area) of pressure-outlet 19.

 Reversed flow on 178 faces (35.4% area) of pressure-outlet 18.
  2942  8.9959e-06  7.5569e-08  6.9740e-08  4.3318e-08  0:20:47  558

 Reversed flow on 53 faces (27.5% area) of pressure-outlet 19.

 Reversed flow on 178 faces (35.4% area) of pressure-outlet 18.
  2943  8.9760e-06  7.4560e-08  6.8176e-08  4.2004e-08  0:20:51  557

 Reversed flow on 53 faces (27.5% area) of pressure-outlet 19.

 Reversed flow on 178 faces (35.4% area) of pressure-outlet 18.
  2944  8.6827e-06  7.3026e-08  6.6722e-08  4.0734e-08  0:20:53  556

 Reversed flow on 53 faces (27.5% area) of pressure-outlet 19.

 Reversed flow on 178 faces (35.4% area) of pressure-outlet 18.
  2945  8.5930e-06  7.1723e-08  6.6037e-08  3.9585e-08  0:20:54  555

 Reversed flow on 53 faces (27.5% area) of pressure-outlet 19.

 Reversed flow on 178 faces (35.4% area) of pressure-outlet 18.
  2946  8.5678e-06  7.0805e-08  6.6476e-08  3.8766e-08  0:21:04  554

 Reversed flow on 53 faces (27.5% area) of pressure-outlet 19.

 Reversed flow on 178 faces (35.4% area) of pressure-outlet 18.
  2947  8.6515e-06  7.0352e-08  6.7663e-08  3.8456e-08  0:21:00  553

 Reversed flow on 53 faces (27.5% area) of pressure-outlet 19.

 Reversed flow on 178 faces (35.4% area) of pressure-outlet 18.
  2948  8.5992e-06  7.0008e-08  6.9247e-08  3.8298e-08  0:20:56  552

 Reversed flow on 53 faces (27.5% area) of pressure-outlet 19.

 Reversed flow on 178 faces (35.4% area) of pressure-outlet 18.

  iter  continuity  x-velocity  y-velocity  z-velocity     time/iter
  2949  8.8099e-06  7.0211e-08  7.0907e-08  3.8289e-08  0:20:52  551

 Reversed flow on 53 faces (27.5% area) of pressure-outlet 19.

 Reversed flow on 178 faces (35.4% area) of pressure-outlet 18.
  2950  8.9886e-06  7.0689e-08  7.2428e-08  3.8774e-08  0:20:50  550

 Reversed flow on 53 faces (27.5% area) of pressure-outlet 19.

 Reversed flow on 178 faces (35.4% area) of pressure-outlet 18.
  2951  9.2969e-06  7.2047e-08  7.4626e-08  3.9889e-08  0:21:02  549

 Reversed flow on 53 faces (27.5% area) of pressure-outlet 19.

 Reversed flow on 178 faces (35.4% area) of pressure-outlet 18.
  2952  9.2934e-06  7.2603e-08  7.6775e-08  4.1278e-08  0:21:34  548

 Reversed flow on 53 faces (27.5% area) of pressure-outlet 19.

 Reversed flow on 178 faces (35.4% area) of pressure-outlet 18.
  2953  9.3701e-06  7.2780e-08  7.7864e-08  4.2511e-08  0:21:44  547

 Reversed flow on 53 faces (27.5% area) of pressure-outlet 19.

 Reversed flow on 178 faces (35.4% area) of pressure-outlet 18.
  2954  9.4641e-06  7.3386e-08  7.9959e-08  4.3840e-08  0:21:42  546

 Reversed flow on 53 faces (27.5% area) of pressure-outlet 19.

 Reversed flow on 178 faces (35.4% area) of pressure-outlet 18.
  2955  9.6895e-06  7.4446e-08  8.1743e-08  4.5321e-08  0:22:04  545

 Reversed flow on 53 faces (27.5% area) of pressure-outlet 19.

 Reversed flow on 178 faces (35.4% area) of pressure-outlet 18.
  2956  9.5654e-06  7.5069e-08  8.2471e-08  4.6476e-08  0:22:38  544

 Reversed flow on 53 faces (27.5% area) of pressure-outlet 19.

 Reversed flow on 178 faces (35.4% area) of pressure-outlet 18.
  2957  9.5711e-06  7.5856e-08  8.2212e-08  4.7147e-08  0:23:06  543

 Reversed flow on 53 faces (27.5% area) of pressure-outlet 19.

 Reversed flow on 178 faces (35.4% area) of pressure-outlet 18.
  2958  9.6299e-06  7.6582e-08  8.5276e-08  4.7593e-08  0:23:52  542

 Reversed flow on 53 faces (27.5% area) of pressure-outlet 19.

 Reversed flow on 178 faces (35.4% area) of pressure-outlet 18.
  2959  9.7441e-06  7.7610e-08  8.8380e-08  4.7894e-08  0:23:47  541

 Reversed flow on 53 faces (27.5% area) of pressure-outlet 19.

 Reversed flow on 178 faces (35.4% area) of pressure-outlet 18.

  iter  continuity  x-velocity  y-velocity  z-velocity     time/iter
  2960  9.5542e-06  7.8091e-08  9.0418e-08  4.7873e-08  0:23:12  540

 Reversed flow on 53 faces (27.5% area) of pressure-outlet 19.

 Reversed flow on 178 faces (35.4% area) of pressure-outlet 18.
  2961  9.5584e-06  7.8706e-08  9.2060e-08  4.7902e-08  0:22:40  539

 Reversed flow on 53 faces (27.5% area) of pressure-outlet 19.

 Reversed flow on 178 faces (35.4% area) of pressure-outlet 18.
  2962  9.7532e-06  8.0208e-08  9.5512e-08  4.8481e-08  0:22:14  538

 Reversed flow on 53 faces (27.5% area) of pressure-outlet 19.

 Reversed flow on 178 faces (35.4% area) of pressure-outlet 18.
  2963  1.0545e-05  8.4346e-08  1.0170e-07  4.9913e-08  0:21:51  537

 Reversed flow on 53 faces (27.5% area) of pressure-outlet 19.

 Reversed flow on 178 faces (35.4% area) of pressure-outlet 18.
  2964  1.1282e-05  8.9022e-08  1.0603e-07  5.2376e-08  0:21:34  536

 Reversed flow on 53 faces (27.5% area) of pressure-outlet 19.

 Reversed flow on 178 faces (35.4% area) of pressure-outlet 18.
  2965  1.1920e-05  9.4623e-08  1.0628e-07  5.6379e-08  0:21:18  535

 Reversed flow on 53 faces (27.5% area) of pressure-outlet 19.

 Reversed flow on 178 faces (35.4% area) of pressure-outlet 18.
  2966  1.2340e-05  9.8896e-08  1.0746e-07  6.0424e-08  0:21:04  534

 Reversed flow on 53 faces (27.5% area) of pressure-outlet 19.

 Reversed flow on 178 faces (35.4% area) of pressure-outlet 18.
  2967  1.2610e-05  1.0154e-07  1.0692e-07  6.2966e-08  0:20:56  533

 Reversed flow on 53 faces (27.5% area) of pressure-outlet 19.

 Reversed flow on 178 faces (35.4% area) of pressure-outlet 18.
  2968  1.2373e-05  1.0152e-07  1.0666e-07  6.3802e-08  0:20:44  532

 Reversed flow on 53 faces (27.5% area) of pressure-outlet 19.

 Reversed flow on 178 faces (35.4% area) of pressure-outlet 18.
  2969  1.2254e-05  1.0057e-07  1.0525e-07  6.3510e-08  0:20:37  531

 Reversed flow on 53 faces (27.5% area) of pressure-outlet 19.

 Reversed flow on 178 faces (35.4% area) of pressure-outlet 18.
  2970  1.2159e-05  9.8588e-08  1.0347e-07  6.2484e-08  0:20:32  530

 Reversed flow on 53 faces (27.5% area) of pressure-outlet 19.

 Reversed flow on 178 faces (35.4% area) of pressure-outlet 18.

  iter  continuity  x-velocity  y-velocity  z-velocity     time/iter
  2971  1.2161e-05  9.6224e-08  9.9729e-08  6.0987e-08  0:20:26  529

 Reversed flow on 53 faces (27.5% area) of pressure-outlet 19.

 Reversed flow on 178 faces (35.4% area) of pressure-outlet 18.
  2972  1.1848e-05  9.3017e-08  9.4912e-08  5.9053e-08  0:20:20  528

 Reversed flow on 53 faces (27.5% area) of pressure-outlet 19.

 Reversed flow on 178 faces (35.4% area) of pressure-outlet 18.
  2973  1.1574e-05  9.1244e-08  8.9997e-08  5.6800e-08  0:20:22  527

 Reversed flow on 53 faces (27.5% area) of pressure-outlet 19.

 Reversed flow on 178 faces (35.4% area) of pressure-outlet 18.
  2974  1.1224e-05  8.9560e-08  8.5979e-08  5.4737e-08  0:20:18  526

 Reversed flow on 53 faces (27.5% area) of pressure-outlet 19.

 Reversed flow on 178 faces (35.4% area) of pressure-outlet 18.
  2975  1.0993e-05  8.7815e-08  8.2168e-08  5.2770e-08  0:20:24  525

 Reversed flow on 53 faces (27.5% area) of pressure-outlet 19.

 Reversed flow on 178 faces (35.4% area) of pressure-outlet 18.
  2976  1.0433e-05  8.5228e-08  7.8238e-08  5.0434e-08  0:20:36  524

 Reversed flow on 53 faces (27.5% area) of pressure-outlet 19.

 Reversed flow on 178 faces (35.4% area) of pressure-outlet 18.
  2977  9.9709e-06  8.2282e-08  7.4887e-08  4.8031e-08  0:20:34  523

 Reversed flow on 53 faces (27.5% area) of pressure-outlet 19.

 Reversed flow on 178 faces (35.4% area) of pressure-outlet 18.
  2978  9.5623e-06  7.9288e-08  7.2066e-08  4.5835e-08  0:20:29  522

 Reversed flow on 53 faces (27.5% area) of pressure-outlet 19.

 Reversed flow on 178 faces (35.4% area) of pressure-outlet 18.
  2979  9.3908e-06  7.7149e-08  7.0003e-08  4.4083e-08  0:20:22  521

 Reversed flow on 53 faces (27.5% area) of pressure-outlet 19.

 Reversed flow on 178 faces (35.4% area) of pressure-outlet 18.
  2980  8.9042e-06  7.4625e-08  6.7944e-08  4.2190e-08  0:20:18  520

 Reversed flow on 53 faces (27.5% area) of pressure-outlet 19.

 Reversed flow on 178 faces (35.4% area) of pressure-outlet 18.
  2981  8.6304e-06  7.1993e-08  6.6006e-08  4.0421e-08  0:20:16  519

 Reversed flow on 53 faces (27.5% area) of pressure-outlet 19.

 Reversed flow on 178 faces (35.4% area) of pressure-outlet 18.

  iter  continuity  x-velocity  y-velocity  z-velocity     time/iter
  2982  8.3923e-06  6.9487e-08  6.5618e-08  3.9028e-08  0:20:09  518

 Reversed flow on 53 faces (27.5% area) of pressure-outlet 19.

 Reversed flow on 178 faces (35.4% area) of pressure-outlet 18.
  2983  8.2686e-06  6.7610e-08  6.6145e-08  3.8090e-08  0:19:56  517

 Reversed flow on 53 faces (27.5% area) of pressure-outlet 19.

 Reversed flow on 178 faces (35.4% area) of pressure-outlet 18.
  2984  7.9967e-06  6.5830e-08  6.7354e-08  3.7394e-08  0:20:12  516

 Reversed flow on 53 faces (27.5% area) of pressure-outlet 19.

 Reversed flow on 178 faces (35.4% area) of pressure-outlet 18.
  2985  8.0344e-06  6.4770e-08  6.8801e-08  3.6946e-08  0:20:03  515

 Reversed flow on 53 faces (27.5% area) of pressure-outlet 19.

 Reversed flow on 178 faces (35.4% area) of pressure-outlet 18.
  2986  8.1043e-06  6.4317e-08  7.0195e-08  3.6852e-08  0:19:49  514

 Reversed flow on 53 faces (27.5% area) of pressure-outlet 19.

 Reversed flow on 178 faces (35.4% area) of pressure-outlet 18.
  2987  8.3904e-06  6.4948e-08  7.1923e-08  3.7606e-08  0:19:56  513

 Reversed flow on 53 faces (27.5% area) of pressure-outlet 19.

 Reversed flow on 178 faces (35.4% area) of pressure-outlet 18.
  2988  8.4995e-06  6.6053e-08  7.4377e-08  3.8704e-08  0:19:51  512

 Reversed flow on 53 faces (27.5% area) of pressure-outlet 19.

 Reversed flow on 178 faces (35.4% area) of pressure-outlet 18.
  2989  8.7186e-06  6.7572e-08  7.6072e-08  3.9969e-08  0:20:09  511

 Reversed flow on 53 faces (27.5% area) of pressure-outlet 19.

 Reversed flow on 178 faces (35.4% area) of pressure-outlet 18.
  2990  9.0290e-06  6.9644e-08  7.7808e-08  4.1626e-08  0:20:01  510

 Reversed flow on 53 faces (27.5% area) of pressure-outlet 19.

 Reversed flow on 178 faces (35.4% area) of pressure-outlet 18.
  2991  9.4913e-06  7.2756e-08  8.0410e-08  4.3672e-08  0:20:05  509

 Reversed flow on 53 faces (27.5% area) of pressure-outlet 19.

 Reversed flow on 178 faces (35.4% area) of pressure-outlet 18.
  2992  9.6059e-06  7.5282e-08  8.2349e-08  4.5387e-08  0:20:00  508

 Reversed flow on 53 faces (27.5% area) of pressure-outlet 19.

 Reversed flow on 178 faces (35.4% area) of pressure-outlet 18.

  iter  continuity  x-velocity  y-velocity  z-velocity     time/iter
  2993  9.8436e-06  7.7938e-08  8.2912e-08  4.6805e-08  0:19:52  507

 Reversed flow on 53 faces (27.5% area) of pressure-outlet 19.

 Reversed flow on 178 faces (35.4% area) of pressure-outlet 18.
  2994  1.0050e-05  8.0454e-08  8.4005e-08  4.7998e-08  0:19:47  506

 Reversed flow on 53 faces (27.5% area) of pressure-outlet 19.

 Reversed flow on 178 faces (35.4% area) of pressure-outlet 18.
  2995  1.0355e-05  8.3238e-08  8.7738e-08  4.8975e-08  0:19:46  505

 Reversed flow on 53 faces (27.5% area) of pressure-outlet 19.

 Reversed flow on 178 faces (35.4% area) of pressure-outlet 18.
  2996  1.0319e-05  8.4883e-08  9.0706e-08  4.9424e-08  0:19:38  504

 Reversed flow on 53 faces (27.5% area) of pressure-outlet 19.

 Reversed flow on 178 faces (35.4% area) of pressure-outlet 18.
  2997  1.0324e-05  8.5506e-08  9.2791e-08  4.9646e-08  0:19:34  503

 Reversed flow on 53 faces (27.5% area) of pressure-outlet 19.

 Reversed flow on 178 faces (35.4% area) of pressure-outlet 18.
  2998  1.0276e-05  8.5403e-08  9.4577e-08  5.0011e-08  0:19:28  502

 Reversed flow on 53 faces (27.5% area) of pressure-outlet 19.

 Reversed flow on 178 faces (35.4% area) of pressure-outlet 18.
  2999  1.0658e-05  8.7120e-08  9.9188e-08  5.0795e-08  0:19:20  501

 Reversed flow on 53 faces (27.5% area) of pressure-outlet 19.

 Reversed flow on 178 faces (35.4% area) of pressure-outlet 18.
  3000  1.1166e-05  8.9723e-08  1.0476e-07  5.1940e-08  0:19:16  500

 Reversed flow on 53 faces (27.5% area) of pressure-outlet 19.

 Reversed flow on 178 faces (35.4% area) of pressure-outlet 18.
  3001  1.1790e-05  9.3439e-08  1.0667e-07  5.4549e-08  0:19:14  499

 Reversed flow on 53 faces (27.5% area) of pressure-outlet 19.

 Reversed flow on 178 faces (35.4% area) of pressure-outlet 18.
  3002  1.2287e-05  9.7296e-08  1.0750e-07  5.8648e-08  0:19:14  498

 Reversed flow on 53 faces (27.5% area) of pressure-outlet 19.

 Reversed flow on 178 faces (35.4% area) of pressure-outlet 18.
  3003  1.2636e-05  9.9618e-08  1.0798e-07  6.2083e-08  0:19:12  497

 Reversed flow on 53 faces (27.5% area) of pressure-outlet 19.

 Reversed flow on 178 faces (35.4% area) of pressure-outlet 18.

  iter  continuity  x-velocity  y-velocity  z-velocity     time/iter
  3004  1.2315e-05  9.9336e-08  1.0617e-07  6.3368e-08  0:19:10  496

 Reversed flow on 53 faces (27.5% area) of pressure-outlet 19.

 Reversed flow on 178 faces (35.4% area) of pressure-outlet 18.
  3005  1.2053e-05  9.7856e-08  1.0552e-07  6.3359e-08  0:19:11  495

 Reversed flow on 53 faces (27.5% area) of pressure-outlet 19.

 Reversed flow on 178 faces (35.4% area) of pressure-outlet 18.
  3006  1.1844e-05  9.5997e-08  1.0421e-07  6.2675e-08  0:19:08  494

 Reversed flow on 53 faces (27.5% area) of pressure-outlet 19.

 Reversed flow on 178 faces (35.4% area) of pressure-outlet 18.
  3007  1.1720e-05  9.3352e-08  1.0166e-07  6.1241e-08  0:19:09  493

 Reversed flow on 53 faces (27.5% area) of pressure-outlet 19.

 Reversed flow on 178 faces (35.4% area) of pressure-outlet 18.
  3008  1.1438e-05  8.9962e-08  9.6953e-08  5.9150e-08  0:19:06  492

 Reversed flow on 53 faces (27.5% area) of pressure-outlet 19.

 Reversed flow on 178 faces (35.4% area) of pressure-outlet 18.
  3009  1.1268e-05  8.7800e-08  9.2132e-08  5.6969e-08  0:19:05  491

 Reversed flow on 53 faces (27.5% area) of pressure-outlet 19.

 Reversed flow on 178 faces (35.4% area) of pressure-outlet 18.
  3010  1.1009e-05  8.7103e-08  8.7572e-08  5.4905e-08  0:19:01  490

 Reversed flow on 53 faces (27.5% area) of pressure-outlet 19.

 Reversed flow on 178 faces (35.4% area) of pressure-outlet 18.
  3011  1.0912e-05  8.6781e-08  8.4220e-08  5.3218e-08  0:19:11  489

 Reversed flow on 53 faces (27.5% area) of pressure-outlet 19.

 Reversed flow on 178 faces (35.4% area) of pressure-outlet 18.
  3012  1.0522e-05  8.5744e-08  8.0444e-08  5.1282e-08  0:19:09  488

 Reversed flow on 53 faces (27.5% area) of pressure-outlet 19.

 Reversed flow on 178 faces (35.4% area) of pressure-outlet 18.
  3013  1.0193e-05  8.4433e-08  7.6791e-08  4.9130e-08  0:19:05  487

 Reversed flow on 53 faces (27.5% area) of pressure-outlet 19.

 Reversed flow on 178 faces (35.4% area) of pressure-outlet 18.
  3014  9.9341e-06  8.2986e-08  7.4249e-08  4.7317e-08  0:19:01  486

 Reversed flow on 53 faces (27.5% area) of pressure-outlet 19.

 Reversed flow on 178 faces (35.4% area) of pressure-outlet 18.

  iter  continuity  x-velocity  y-velocity  z-velocity     time/iter
  3015  9.8719e-06  8.1803e-08  7.2290e-08  4.5948e-08  0:19:00  485

 Reversed flow on 53 faces (27.5% area) of pressure-outlet 19.

 Reversed flow on 178 faces (35.4% area) of pressure-outlet 18.
  3016  9.5074e-06  8.0001e-08  7.0458e-08  4.4405e-08  0:19:03  484

 Reversed flow on 53 faces (27.5% area) of pressure-outlet 19.

 Reversed flow on 178 faces (35.4% area) of pressure-outlet 18.
  3017  9.3175e-06  7.7983e-08  6.8607e-08  4.2808e-08  0:18:56  483

 Reversed flow on 53 faces (27.5% area) of pressure-outlet 19.

 Reversed flow on 178 faces (35.4% area) of pressure-outlet 18.
  3018  9.1487e-06  7.5571e-08  6.7255e-08  4.1560e-08  0:18:53  482

 Reversed flow on 53 faces (27.5% area) of pressure-outlet 19.

 Reversed flow on 178 faces (35.4% area) of pressure-outlet 18.
  3019  9.0173e-06  7.3472e-08  6.7169e-08  4.0533e-08  0:18:56  481

 Reversed flow on 53 faces (27.5% area) of pressure-outlet 19.

 Reversed flow on 178 faces (35.4% area) of pressure-outlet 18.
  3020  8.6800e-06  7.1203e-08  6.7817e-08  3.9580e-08  0:18:46  480

 Reversed flow on 53 faces (27.5% area) of pressure-outlet 19.

 Reversed flow on 178 faces (35.4% area) of pressure-outlet 18.
  3021  8.5780e-06  6.9266e-08  6.8777e-08  3.8775e-08  0:18:38  479

 Reversed flow on 53 faces (27.5% area) of pressure-outlet 19.

 Reversed flow on 178 faces (35.4% area) of pressure-outlet 18.
  3022  8.4790e-06  6.7402e-08  6.9770e-08  3.8121e-08  0:18:33  478

 Reversed flow on 53 faces (27.5% area) of pressure-outlet 19.

 Reversed flow on 178 faces (35.4% area) of pressure-outlet 18.
  3023  8.6023e-06  6.6378e-08  7.1037e-08  3.8053e-08  0:18:34  477

 Reversed flow on 53 faces (27.5% area) of pressure-outlet 19.

 Reversed flow on 178 faces (35.4% area) of pressure-outlet 18.
  3024  8.5397e-06  6.6099e-08  7.2811e-08  3.8476e-08  0:18:34  476

 Reversed flow on 53 faces (27.5% area) of pressure-outlet 19.

 Reversed flow on 178 faces (35.4% area) of pressure-outlet 18.
  3025  8.5826e-06  6.6245e-08  7.4412e-08  3.8992e-08  0:18:41  475

 Reversed flow on 53 faces (27.5% area) of pressure-outlet 19.

 Reversed flow on 178 faces (35.4% area) of pressure-outlet 18.

  iter  continuity  x-velocity  y-velocity  z-velocity     time/iter
  3026  8.6717e-06  6.6688e-08  7.5612e-08  3.9991e-08  0:18:48  474

 Reversed flow on 53 faces (27.5% area) of pressure-outlet 19.

 Reversed flow on 178 faces (35.4% area) of pressure-outlet 18.
  3027  8.9684e-06  6.8125e-08  7.7702e-08  4.1610e-08  0:18:45  473

 Reversed flow on 53 faces (27.5% area) of pressure-outlet 19.

 Reversed flow on 178 faces (35.4% area) of pressure-outlet 18.
  3028  8.9300e-06  6.9525e-08  7.9854e-08  4.3058e-08  0:18:53  472

 Reversed flow on 53 faces (27.5% area) of pressure-outlet 19.

 Reversed flow on 178 faces (35.4% area) of pressure-outlet 18.
  3029  9.0737e-06  7.1095e-08  8.1291e-08  4.4298e-08  0:18:50  471

 Reversed flow on 53 faces (27.5% area) of pressure-outlet 19.

 Reversed flow on 178 faces (35.4% area) of pressure-outlet 18.
  3030  9.2158e-06  7.2908e-08  8.1619e-08  4.5563e-08  0:18:39  470

 Reversed flow on 53 faces (27.5% area) of pressure-outlet 19.

 Reversed flow on 178 faces (35.4% area) of pressure-outlet 18.
  3031  9.4041e-06  7.5044e-08  8.3592e-08  4.6690e-08  0:18:27  469

 Reversed flow on 53 faces (27.5% area) of pressure-outlet 19.

 Reversed flow on 178 faces (35.4% area) of pressure-outlet 18.
  3032  9.4255e-06  7.7061e-08  8.7008e-08  4.7294e-08  0:18:17  468

 Reversed flow on 53 faces (27.5% area) of pressure-outlet 19.

 Reversed flow on 178 faces (35.4% area) of pressure-outlet 18.
  3033  9.6045e-06  7.8731e-08  8.9752e-08  4.7600e-08  0:17:51  467

 Reversed flow on 53 faces (27.5% area) of pressure-outlet 19.

 Reversed flow on 178 faces (35.4% area) of pressure-outlet 18.
  3034  9.6948e-06  8.0421e-08  9.1865e-08  4.7963e-08  0:16:57  466

 Reversed flow on 53 faces (27.5% area) of pressure-outlet 19.

 Reversed flow on 178 faces (35.4% area) of pressure-outlet 18.
  3035  1.0060e-05  8.2566e-08  9.4526e-08  4.9006e-08  0:16:49  465

 Reversed flow on 53 faces (27.5% area) of pressure-outlet 19.

 Reversed flow on 178 faces (35.4% area) of pressure-outlet 18.
  3036  1.0509e-05  8.6214e-08  9.9927e-08  5.0001e-08  0:16:02  464

 Reversed flow on 53 faces (27.5% area) of pressure-outlet 19.

 Reversed flow on 178 faces (35.4% area) of pressure-outlet 18.

  iter  continuity  x-velocity  y-velocity  z-velocity     time/iter
  3037  1.1377e-05  9.0888e-08  1.0578e-07  5.1764e-08  0:15:31  463

 Reversed flow on 53 faces (27.5% area) of pressure-outlet 19.

 Reversed flow on 178 faces (35.4% area) of pressure-outlet 18.
  3038  1.2189e-05  9.7048e-08  1.0705e-07  5.5580e-08  0:15:13  462

 Reversed flow on 53 faces (27.5% area) of pressure-outlet 19.

 Reversed flow on 178 faces (35.4% area) of pressure-outlet 18.
  3039  1.2973e-05  1.0263e-07  1.0890e-07  6.0386e-08  0:14:44  461

 Reversed flow on 53 faces (27.5% area) of pressure-outlet 19.

 Reversed flow on 178 faces (35.4% area) of pressure-outlet 18.
  3040  1.3049e-05  1.0536e-07  1.0853e-07  6.3384e-08  0:14:18  460

 Reversed flow on 53 faces (27.5% area) of pressure-outlet 19.

 Reversed flow on 178 faces (35.4% area) of pressure-outlet 18.
  3041  1.2920e-05  1.0575e-07  1.0735e-07  6.4579e-08  0:13:57  459

 Reversed flow on 53 faces (27.5% area) of pressure-outlet 19.

 Reversed flow on 178 faces (35.4% area) of pressure-outlet 18.
  3042  1.2725e-05  1.0428e-07  1.0683e-07  6.4902e-08  0:13:43  458

 Reversed flow on 53 faces (27.5% area) of pressure-outlet 19.

 Reversed flow on 178 faces (35.4% area) of pressure-outlet 18.
  3043  1.2549e-05  1.0161e-07  1.0548e-07  6.4260e-08  0:13:30  457

 Reversed flow on 53 faces (27.5% area) of pressure-outlet 19.

 Reversed flow on 178 faces (35.4% area) of pressure-outlet 18.
  3044  1.2089e-05  9.7203e-08  1.0167e-07  6.2130e-08  0:13:20  456

 Reversed flow on 53 faces (27.5% area) of pressure-outlet 19.

 Reversed flow on 178 faces (35.4% area) of pressure-outlet 18.
  3045  1.1835e-05  9.2764e-08  9.6547e-08  5.9769e-08  0:13:11  455

 Reversed flow on 53 faces (27.5% area) of pressure-outlet 19.

 Reversed flow on 178 faces (35.4% area) of pressure-outlet 18.
  3046  1.1490e-05  8.9788e-08  9.1553e-08  5.7426e-08  0:13:02  454

 Reversed flow on 53 faces (27.5% area) of pressure-outlet 19.

 Reversed flow on 178 faces (35.4% area) of pressure-outlet 18.
  3047  1.1235e-05  8.7638e-08  8.7009e-08  5.5221e-08  0:13:08  453

 Reversed flow on 53 faces (27.5% area) of pressure-outlet 19.

 Reversed flow on 178 faces (35.4% area) of pressure-outlet 18.

  iter  continuity  x-velocity  y-velocity  z-velocity     time/iter
  3048  1.0719e-05  8.5014e-08  8.3013e-08  5.2931e-08  0:13:09  452

 Reversed flow on 53 faces (27.5% area) of pressure-outlet 19.

 Reversed flow on 178 faces (35.4% area) of pressure-outlet 18.
  3049  1.0221e-05  8.2446e-08  7.8565e-08  5.0348e-08  0:13:04  451

 Reversed flow on 53 faces (27.5% area) of pressure-outlet 19.

 Reversed flow on 178 faces (35.4% area) of pressure-outlet 18.
  3050  9.7720e-06  7.9922e-08  7.4905e-08  4.7877e-08  0:12:55  450

 Reversed flow on 53 faces (27.5% area) of pressure-outlet 19.

 Reversed flow on 178 faces (35.4% area) of pressure-outlet 18.
  3051  9.5300e-06  7.7946e-08  7.2431e-08  4.5956e-08  0:13:02  449

 Reversed flow on 53 faces (27.5% area) of pressure-outlet 19.

 Reversed flow on 178 faces (35.4% area) of pressure-outlet 18.
  3052  9.0659e-06  7.5584e-08  7.0073e-08  4.4035e-08  0:13:15  448

 Reversed flow on 53 faces (27.5% area) of pressure-outlet 19.

 Reversed flow on 178 faces (35.4% area) of pressure-outlet 18.
  3053  8.8391e-06  7.3738e-08  6.7954e-08  4.2137e-08  0:13:33  447

 Reversed flow on 53 faces (27.5% area) of pressure-outlet 19.

 Reversed flow on 178 faces (35.4% area) of pressure-outlet 18.
  3054  8.7060e-06  7.2234e-08  6.6335e-08  4.0640e-08  0:13:41  446

 Reversed flow on 53 faces (27.5% area) of pressure-outlet 19.

 Reversed flow on 178 faces (35.4% area) of pressure-outlet 18.
  3055  8.6687e-06  7.1038e-08  6.5526e-08  3.9654e-08  0:13:34  445

 Reversed flow on 53 faces (27.5% area) of pressure-outlet 19.

 Reversed flow on 178 faces (35.4% area) of pressure-outlet 18.
  3056  8.4143e-06  6.9803e-08  6.5958e-08  3.8737e-08  0:13:27  444

 Reversed flow on 53 faces (27.5% area) of pressure-outlet 19.

 Reversed flow on 178 faces (35.4% area) of pressure-outlet 18.
  3057  8.3946e-06  6.9048e-08  6.7065e-08  3.8069e-08  0:13:25  443

 Reversed flow on 53 faces (27.5% area) of pressure-outlet 19.

 Reversed flow on 178 faces (35.4% area) of pressure-outlet 18.
  3058  8.4028e-06  6.8402e-08  6.8340e-08  3.7689e-08  0:13:25  442

 Reversed flow on 53 faces (27.5% area) of pressure-outlet 19.

 Reversed flow on 178 faces (35.4% area) of pressure-outlet 18.

  iter  continuity  x-velocity  y-velocity  z-velocity     time/iter
  3059  8.6404e-06  6.8450e-08  6.9982e-08  3.7807e-08  0:13:16  441

 Reversed flow on 53 faces (27.5% area) of pressure-outlet 19.

 Reversed flow on 178 faces (35.4% area) of pressure-outlet 18.
  3060  8.7050e-06  6.8724e-08  7.1948e-08  3.8341e-08  0:13:12  440

 Reversed flow on 53 faces (27.5% area) of pressure-outlet 19.

 Reversed flow on 178 faces (35.4% area) of pressure-outlet 18.
  3061  8.8720e-06  6.9251e-08  7.3876e-08  3.9048e-08  0:13:10  439

 Reversed flow on 53 faces (27.5% area) of pressure-outlet 19.

 Reversed flow on 178 faces (35.4% area) of pressure-outlet 18.
  3062  9.0551e-06  6.9924e-08  7.5720e-08  4.0133e-08  0:13:08  438

 Reversed flow on 53 faces (27.5% area) of pressure-outlet 19.

 Reversed flow on 178 faces (35.4% area) of pressure-outlet 18.
  3063  9.3720e-06  7.1114e-08  7.7251e-08  4.1850e-08  0:13:04  437

 Reversed flow on 53 faces (27.5% area) of pressure-outlet 19.

 Reversed flow on 178 faces (35.4% area) of pressure-outlet 18.
  3064  9.3776e-06  7.2415e-08  7.9605e-08  4.3436e-08  0:12:59  436

 Reversed flow on 53 faces (27.5% area) of pressure-outlet 19.

 Reversed flow on 178 faces (35.4% area) of pressure-outlet 18.
  3065  9.5227e-06  7.3684e-08  8.1288e-08  4.4731e-08  0:12:55  435

 Reversed flow on 53 faces (27.5% area) of pressure-outlet 19.

 Reversed flow on 178 faces (35.4% area) of pressure-outlet 18.
  3066  9.6398e-06  7.4931e-08  8.2354e-08  4.5971e-08  0:12:53  434

 Reversed flow on 53 faces (27.5% area) of pressure-outlet 19.

 Reversed flow on 178 faces (35.4% area) of pressure-outlet 18.
  3067  9.7298e-06  7.6253e-08  8.1982e-08  4.7064e-08  0:12:50  433

 Reversed flow on 53 faces (27.5% area) of pressure-outlet 19.

 Reversed flow on 178 faces (35.4% area) of pressure-outlet 18.
  3068  9.5878e-06  7.6998e-08  8.4777e-08  4.7609e-08  0:12:49  432

 Reversed flow on 53 faces (27.5% area) of pressure-outlet 19.

 Reversed flow on 178 faces (35.4% area) of pressure-outlet 18.
  3069  9.6664e-06  7.8184e-08  8.7694e-08  4.7692e-08  0:12:47  431

 Reversed flow on 53 faces (27.5% area) of pressure-outlet 19.

 Reversed flow on 178 faces (35.4% area) of pressure-outlet 18.

  iter  continuity  x-velocity  y-velocity  z-velocity     time/iter
  3070  9.6039e-06  7.8764e-08  8.9809e-08  4.7618e-08  0:12:45  430

 Reversed flow on 53 faces (27.5% area) of pressure-outlet 19.

 Reversed flow on 178 faces (35.4% area) of pressure-outlet 18.
  3071  9.7020e-06  7.9657e-08  9.1868e-08  4.7864e-08  0:12:42  429

 Reversed flow on 53 faces (27.5% area) of pressure-outlet 19.

 Reversed flow on 178 faces (35.4% area) of pressure-outlet 18.
  3072  9.7176e-06  8.0343e-08  9.4448e-08  4.8399e-08  0:12:39  428

 Reversed flow on 53 faces (27.5% area) of pressure-outlet 19.

 Reversed flow on 178 faces (35.4% area) of pressure-outlet 18.
  3073  1.0199e-05  8.3310e-08  1.0007e-07  4.9101e-08  0:12:37  427

 Reversed flow on 53 faces (27.5% area) of pressure-outlet 19.

 Reversed flow on 178 faces (35.4% area) of pressure-outlet 18.
  3074  1.1026e-05  8.7461e-08  1.0599e-07  5.1225e-08  0:12:34  426

 Reversed flow on 53 faces (27.5% area) of pressure-outlet 19.

 Reversed flow on 178 faces (35.4% area) of pressure-outlet 18.
  3075  1.1877e-05  9.3268e-08  1.0655e-07  5.5652e-08  0:12:32  425

 Reversed flow on 53 faces (27.5% area) of pressure-outlet 19.

 Reversed flow on 178 faces (35.4% area) of pressure-outlet 18.
  3076  1.2108e-05  9.7025e-08  1.0744e-07  5.9625e-08  0:12:30  424

 Reversed flow on 53 faces (27.5% area) of pressure-outlet 19.

 Reversed flow on 178 faces (35.4% area) of pressure-outlet 18.
  3077  1.2215e-05  9.8834e-08  1.0625e-07  6.1862e-08  0:12:28  423

 Reversed flow on 53 faces (27.5% area) of pressure-outlet 19.

 Reversed flow on 178 faces (35.4% area) of pressure-outlet 18.
  3078  1.2168e-05  9.9191e-08  1.0609e-07  6.2950e-08  0:12:27  422

 Reversed flow on 53 faces (27.5% area) of pressure-outlet 19.

 Reversed flow on 178 faces (35.4% area) of pressure-outlet 18.
  3079  1.2195e-05  9.8954e-08  1.0528e-07  6.3205e-08  0:12:28  421

 Reversed flow on 53 faces (27.5% area) of pressure-outlet 19.

 Reversed flow on 178 faces (35.4% area) of pressure-outlet 18.
  3080  1.1947e-05  9.6890e-08  1.0335e-07  6.2073e-08  0:12:25  420

 Reversed flow on 53 faces (27.5% area) of pressure-outlet 19.

 Reversed flow on 178 faces (35.4% area) of pressure-outlet 18.

  iter  continuity  x-velocity  y-velocity  z-velocity     time/iter
  3081  1.1881e-05  9.4465e-08  9.9417e-08  6.0183e-08  0:12:23  419

 Reversed flow on 53 faces (27.5% area) of pressure-outlet 19.

 Reversed flow on 178 faces (35.4% area) of pressure-outlet 18.
  3082  1.1786e-05  9.2086e-08  9.4936e-08  5.8477e-08  0:12:22  418

 Reversed flow on 53 faces (27.5% area) of pressure-outlet 19.

 Reversed flow on 178 faces (35.4% area) of pressure-outlet 18.
  3083  1.1755e-05  9.1684e-08  9.0431e-08  5.6682e-08  0:12:20  417

 Reversed flow on 53 faces (27.5% area) of pressure-outlet 19.

 Reversed flow on 178 faces (35.4% area) of pressure-outlet 18.
  3084  1.1419e-05  9.0737e-08  8.6359e-08  5.4777e-08  0:12:18  416

 Reversed flow on 53 faces (27.5% area) of pressure-outlet 19.

 Reversed flow on 178 faces (35.4% area) of pressure-outlet 18.
  3085  1.1123e-05  8.9786e-08  8.2411e-08  5.2748e-08  0:12:16  415

 Reversed flow on 53 faces (27.5% area) of pressure-outlet 19.

 Reversed flow on 178 faces (35.4% area) of pressure-outlet 18.
  3086  1.0721e-05  8.8171e-08  7.8617e-08  5.0678e-08  0:12:18  414

 Reversed flow on 53 faces (27.5% area) of pressure-outlet 19.

 Reversed flow on 178 faces (35.4% area) of pressure-outlet 18.
  3087  1.0463e-05  8.5842e-08  7.5739e-08  4.8825e-08  0:12:18  413

 Reversed flow on 53 faces (27.5% area) of pressure-outlet 19.

 Reversed flow on 178 faces (35.4% area) of pressure-outlet 18.
  3088  9.8597e-06  8.2518e-08  7.2925e-08  4.6762e-08  0:12:17  412

 Reversed flow on 53 faces (27.5% area) of pressure-outlet 19.

 Reversed flow on 178 faces (35.4% area) of pressure-outlet 18.
  3089  9.4980e-06  7.9477e-08  7.0311e-08  4.4626e-08  0:12:18  411

 Reversed flow on 53 faces (27.5% area) of pressure-outlet 19.

 Reversed flow on 178 faces (35.4% area) of pressure-outlet 18.
  3090  9.1869e-06  7.6497e-08  6.8163e-08  4.2709e-08  0:12:14  410

 Reversed flow on 53 faces (27.5% area) of pressure-outlet 19.

 Reversed flow on 178 faces (35.4% area) of pressure-outlet 18.
  3091  8.9996e-06  7.3796e-08  6.6351e-08  4.1256e-08  0:12:12  409

 Reversed flow on 53 faces (27.5% area) of pressure-outlet 19.

 Reversed flow on 178 faces (35.4% area) of pressure-outlet 18.

  iter  continuity  x-velocity  y-velocity  z-velocity     time/iter
  3092  8.5793e-06  7.0572e-08  6.5726e-08  3.9825e-08  0:12:08  408

 Reversed flow on 53 faces (27.5% area) of pressure-outlet 19.

 Reversed flow on 178 faces (35.4% area) of pressure-outlet 18.
  3093  8.3633e-06  6.7865e-08  6.5914e-08  3.8523e-08  0:12:06  407

 Reversed flow on 53 faces (27.5% area) of pressure-outlet 19.

 Reversed flow on 178 faces (35.4% area) of pressure-outlet 18.
  3094  8.1406e-06  6.5618e-08  6.6607e-08  3.7488e-08  0:12:02  406

 Reversed flow on 53 faces (27.5% area) of pressure-outlet 19.

 Reversed flow on 178 faces (35.4% area) of pressure-outlet 18.
  3095  8.1617e-06  6.4294e-08  6.7783e-08  3.7006e-08  0:12:02  405

 Reversed flow on 53 faces (27.5% area) of pressure-outlet 19.

 Reversed flow on 178 faces (35.4% area) of pressure-outlet 18.
  3096  8.0644e-06  6.3467e-08  6.9421e-08  3.6790e-08  0:11:58  404

 Reversed flow on 53 faces (27.5% area) of pressure-outlet 19.

 Reversed flow on 178 faces (35.4% area) of pressure-outlet 18.
  3097  8.1556e-06  6.3286e-08  7.0852e-08  3.6985e-08  0:11:56  403

 Reversed flow on 53 faces (27.5% area) of pressure-outlet 19.

 Reversed flow on 178 faces (35.4% area) of pressure-outlet 18.
  3098  8.3383e-06  6.3885e-08  7.2825e-08  3.7708e-08  0:11:53  402

 Reversed flow on 53 faces (27.5% area) of pressure-outlet 19.

 Reversed flow on 178 faces (35.4% area) of pressure-outlet 18.
  3099  8.7032e-06  6.5758e-08  7.4870e-08  3.9205e-08  0:11:50  401

 Reversed flow on 53 faces (27.5% area) of pressure-outlet 19.

 Reversed flow on 178 faces (35.4% area) of pressure-outlet 18.
  3100  8.7927e-06  6.7644e-08  7.6703e-08  4.0881e-08  0:11:49  400

 Reversed flow on 53 faces (27.5% area) of pressure-outlet 19.

 Reversed flow on 178 faces (35.4% area) of pressure-outlet 18.
  3101  9.0722e-06  7.0331e-08  7.9166e-08  4.2534e-08  0:11:46  399

 Reversed flow on 53 faces (27.5% area) of pressure-outlet 19.

 Reversed flow on 178 faces (35.4% area) of pressure-outlet 18.
  3102  9.3726e-06  7.2988e-08  8.1224e-08  4.4224e-08  0:11:44  398

 Reversed flow on 53 faces (27.5% area) of pressure-outlet 19.

 Reversed flow on 178 faces (35.4% area) of pressure-outlet 18.

  iter  continuity  x-velocity  y-velocity  z-velocity     time/iter
  3103  9.6711e-06  7.5868e-08  8.2304e-08  4.5967e-08  0:11:43  397

 Reversed flow on 53 faces (27.5% area) of pressure-outlet 19.

 Reversed flow on 178 faces (35.4% area) of pressure-outlet 18.
  3104  9.6794e-06  7.8216e-08  8.3113e-08  4.7258e-08  0:11:43  396

 Reversed flow on 53 faces (27.5% area) of pressure-outlet 19.

 Reversed flow on 178 faces (35.4% area) of pressure-outlet 18.
  3105  9.9078e-06  8.0473e-08  8.6569e-08  4.8053e-08  0:11:41  395

 Reversed flow on 53 faces (27.5% area) of pressure-outlet 19.

 Reversed flow on 178 faces (35.4% area) of pressure-outlet 18.
  3106  1.0030e-05  8.2022e-08  8.9638e-08  4.8462e-08  0:11:39  394

 Reversed flow on 53 faces (27.5% area) of pressure-outlet 19.

 Reversed flow on 178 faces (35.4% area) of pressure-outlet 18.
  3107  1.0216e-05  8.3442e-08  9.2201e-08  4.9038e-08  0:11:38  393

 Reversed flow on 53 faces (27.5% area) of pressure-outlet 19.

 Reversed flow on 178 faces (35.4% area) of pressure-outlet 18.
  3108  1.0139e-05  8.3905e-08  9.4092e-08  4.9540e-08  0:11:36  392

 Reversed flow on 53 faces (27.5% area) of pressure-outlet 19.

 Reversed flow on 178 faces (35.4% area) of pressure-outlet 18.
  3109  1.0398e-05  8.5481e-08  9.7806e-08  5.0065e-08  0:11:34  391

 Reversed flow on 53 faces (27.5% area) of pressure-outlet 19.

 Reversed flow on 178 faces (35.4% area) of pressure-outlet 18.
  3110  1.1051e-05  8.8800e-08  1.0358e-07  5.1314e-08  0:11:32  390

 Reversed flow on 53 faces (27.5% area) of pressure-outlet 19.

 Reversed flow on 178 faces (35.4% area) of pressure-outlet 18.
  3111  1.1937e-05  9.3362e-08  1.0713e-07  5.4209e-08  0:11:29  389

 Reversed flow on 53 faces (27.5% area) of pressure-outlet 19.

 Reversed flow on 178 faces (35.4% area) of pressure-outlet 18.
  3112  1.2269e-05  9.7150e-08  1.0751e-07  5.8078e-08  0:11:28  388

 Reversed flow on 53 faces (27.5% area) of pressure-outlet 19.

 Reversed flow on 178 faces (35.4% area) of pressure-outlet 18.
  3113  1.2454e-05  9.9268e-08  1.0750e-07  6.1222e-08  0:11:27  387

 Reversed flow on 53 faces (27.5% area) of pressure-outlet 19.

 Reversed flow on 178 faces (35.4% area) of pressure-outlet 18.

  iter  continuity  x-velocity  y-velocity  z-velocity     time/iter
  3114  1.2390e-05  9.9907e-08  1.0610e-07  6.2838e-08  0:11:25  386

 Reversed flow on 53 faces (27.5% area) of pressure-outlet 19.

 Reversed flow on 178 faces (35.4% area) of pressure-outlet 18.
  3115  1.2263e-05  9.9080e-08  1.0599e-07  6.3379e-08  0:11:25  385

 Reversed flow on 53 faces (27.5% area) of pressure-outlet 19.

 Reversed flow on 178 faces (35.4% area) of pressure-outlet 18.
  3116  1.1854e-05  9.6522e-08  1.0414e-07  6.2460e-08  0:11:54  384

 Reversed flow on 53 faces (27.5% area) of pressure-outlet 19.

 Reversed flow on 178 faces (35.4% area) of pressure-outlet 18.
  3117  1.1582e-05  9.3137e-08  1.0131e-07  6.0628e-08  0:11:45  383

 Reversed flow on 53 faces (27.5% area) of pressure-outlet 19.

 Reversed flow on 178 faces (35.4% area) of pressure-outlet 18.
  3118  1.1344e-05  8.9713e-08  9.7085e-08  5.8583e-08  0:11:38  382

 Reversed flow on 53 faces (27.5% area) of pressure-outlet 19.

 Reversed flow on 178 faces (35.4% area) of pressure-outlet 18.
  3119  1.1241e-05  8.7034e-08  9.2559e-08  5.6667e-08  0:11:31  381

 Reversed flow on 53 faces (27.5% area) of pressure-outlet 19.

 Reversed flow on 178 faces (35.4% area) of pressure-outlet 18.
  3120  1.0824e-05  8.5377e-08  8.7767e-08  5.4462e-08  0:11:25  380

 Reversed flow on 53 faces (27.5% area) of pressure-outlet 19.

 Reversed flow on 178 faces (35.4% area) of pressure-outlet 18.
  3121  1.0490e-05  8.4105e-08  8.3701e-08  5.2317e-08  0:11:20  379

 Reversed flow on 53 faces (27.5% area) of pressure-outlet 19.

 Reversed flow on 178 faces (35.4% area) of pressure-outlet 18.
  3122  1.0201e-05  8.2790e-08  7.9855e-08  5.0289e-08  0:11:16  378

 Reversed flow on 53 faces (27.5% area) of pressure-outlet 19.

 Reversed flow on 178 faces (35.4% area) of pressure-outlet 18.
  3123  1.0051e-05  8.1802e-08  7.6562e-08  4.8470e-08  0:11:12  377

 Reversed flow on 53 faces (27.5% area) of pressure-outlet 19.

 Reversed flow on 178 faces (35.4% area) of pressure-outlet 18.
  3124  9.6312e-06  8.0279e-08  7.3846e-08  4.6598e-08  0:11:08  376

 Reversed flow on 53 faces (27.5% area) of pressure-outlet 19.

 Reversed flow on 178 faces (35.4% area) of pressure-outlet 18.

  iter  continuity  x-velocity  y-velocity  z-velocity     time/iter
  3125  9.4346e-06  7.9068e-08  7.1324e-08  4.4780e-08  0:11:05  375

 Reversed flow on 53 faces (27.5% area) of pressure-outlet 19.

 Reversed flow on 178 faces (35.4% area) of pressure-outlet 18.
  3126  9.3317e-06  7.8009e-08  6.9519e-08  4.3321e-08  0:11:03  374

 Reversed flow on 53 faces (27.5% area) of pressure-outlet 19.

 Reversed flow on 178 faces (35.4% area) of pressure-outlet 18.
  3127  9.3190e-06  7.7299e-08  6.7963e-08  4.2162e-08  0:11:00  373

 Reversed flow on 53 faces (27.5% area) of pressure-outlet 19.

 Reversed flow on 178 faces (35.4% area) of pressure-outlet 18.
  3128  9.0954e-06  7.6016e-08  6.6675e-08  4.1104e-08  0:10:57  372

 Reversed flow on 53 faces (27.5% area) of pressure-outlet 19.

 Reversed flow on 178 faces (35.4% area) of pressure-outlet 18.
  3129  9.0257e-06  7.4722e-08  6.6738e-08  4.0114e-08  0:10:55  371

 Reversed flow on 53 faces (27.5% area) of pressure-outlet 19.

 Reversed flow on 178 faces (35.4% area) of pressure-outlet 18.
  3130  8.9024e-06  7.3680e-08  6.7338e-08  3.9314e-08  0:10:53  370

 Reversed flow on 53 faces (27.5% area) of pressure-outlet 19.

 Reversed flow on 178 faces (35.4% area) of pressure-outlet 18.
  3131  8.9071e-06  7.2542e-08  6.8569e-08  3.9017e-08  0:10:52  369

 Reversed flow on 53 faces (27.5% area) of pressure-outlet 19.

 Reversed flow on 178 faces (35.4% area) of pressure-outlet 18.
  3132  8.7355e-06  7.0862e-08  7.0161e-08  3.8760e-08  0:10:49  368

 Reversed flow on 53 faces (27.5% area) of pressure-outlet 19.

 Reversed flow on 178 faces (35.4% area) of pressure-outlet 18.
  3133  8.7053e-06  6.9228e-08  7.1358e-08  3.8456e-08  0:10:50  367

 Reversed flow on 53 faces (27.5% area) of pressure-outlet 19.

 Reversed flow on 178 faces (35.4% area) of pressure-outlet 18.
  3134  8.7386e-06  6.8258e-08  7.2638e-08  3.8695e-08  0:10:47  366

 Reversed flow on 53 faces (27.5% area) of pressure-outlet 19.

 Reversed flow on 178 faces (35.4% area) of pressure-outlet 18.
  3135  8.9562e-06  6.8171e-08  7.4588e-08  3.9634e-08  0:10:46  365

 Reversed flow on 53 faces (27.5% area) of pressure-outlet 19.

 Reversed flow on 178 faces (35.4% area) of pressure-outlet 18.

  iter  continuity  x-velocity  y-velocity  z-velocity     time/iter
  3136  8.8639e-06  6.8153e-08  7.6080e-08  4.0758e-08  0:10:44  364

 Reversed flow on 53 faces (27.5% area) of pressure-outlet 19.

 Reversed flow on 178 faces (35.4% area) of pressure-outlet 18.
  3137  9.0029e-06  6.8523e-08  7.7631e-08  4.1944e-08  0:10:43  363

 Reversed flow on 53 faces (27.5% area) of pressure-outlet 19.

 Reversed flow on 178 faces (35.4% area) of pressure-outlet 18.
  3138  9.1470e-06  6.9528e-08  7.9624e-08  4.3294e-08  0:10:41  362

 Reversed flow on 53 faces (27.5% area) of pressure-outlet 19.

 Reversed flow on 178 faces (35.4% area) of pressure-outlet 18.
  3139  9.3261e-06  7.1043e-08  8.1194e-08  4.4671e-08  0:10:39  361

 Reversed flow on 53 faces (27.5% area) of pressure-outlet 19.

 Reversed flow on 178 faces (35.4% area) of pressure-outlet 18.
  3140  9.2105e-06  7.2409e-08  8.1517e-08  4.5776e-08  0:10:38  360

 Reversed flow on 53 faces (27.5% area) of pressure-outlet 19.

 Reversed flow on 178 faces (35.4% area) of pressure-outlet 18.
  3141  9.2750e-06  7.3895e-08  8.2665e-08  4.6460e-08  0:10:38  359

 Reversed flow on 53 faces (27.5% area) of pressure-outlet 19.

 Reversed flow on 178 faces (35.4% area) of pressure-outlet 18.
  3142  9.3734e-06  7.5600e-08  8.5993e-08  4.6857e-08  0:10:35  358

 Reversed flow on 53 faces (27.5% area) of pressure-outlet 19.

 Reversed flow on 178 faces (35.4% area) of pressure-outlet 18.
  3143  9.6172e-06  7.7461e-08  8.9100e-08  4.7367e-08  0:10:34  357

 Reversed flow on 53 faces (27.5% area) of pressure-outlet 19.

 Reversed flow on 178 faces (35.4% area) of pressure-outlet 18.
  3144  9.5906e-06  7.9074e-08  9.1363e-08  4.7705e-08  0:10:31  356

 Reversed flow on 53 faces (27.5% area) of pressure-outlet 19.

 Reversed flow on 178 faces (35.4% area) of pressure-outlet 18.
  3145  9.7290e-06  8.0566e-08  9.3340e-08  4.8228e-08  0:10:29  355

 Reversed flow on 53 faces (27.5% area) of pressure-outlet 19.

 Reversed flow on 178 faces (35.4% area) of pressure-outlet 18.
  3146  1.0200e-05  8.4082e-08  9.8551e-08  4.9173e-08  0:10:29  354

 Reversed flow on 53 faces (27.5% area) of pressure-outlet 19.

 Reversed flow on 178 faces (35.4% area) of pressure-outlet 18.

  iter  continuity  x-velocity  y-velocity  z-velocity     time/iter
  3147  1.1231e-05  8.9363e-08  1.0516e-07  5.1274e-08  0:10:28  353

 Reversed flow on 53 faces (27.5% area) of pressure-outlet 19.

 Reversed flow on 178 faces (35.4% area) of pressure-outlet 18.
  3148  1.1860e-05  9.4889e-08  1.0704e-07  5.4685e-08  0:10:26  352

 Reversed flow on 53 faces (27.5% area) of pressure-outlet 19.

 Reversed flow on 178 faces (35.4% area) of pressure-outlet 18.
  3149  1.2468e-05  9.9893e-08  1.0800e-07  5.9054e-08  0:10:24  351

 Reversed flow on 53 faces (27.5% area) of pressure-outlet 19.

 Reversed flow on 178 faces (35.4% area) of pressure-outlet 18.
  3150  1.2795e-05  1.0305e-07  1.0840e-07  6.2503e-08  0:10:22  350

 Reversed flow on 53 faces (27.5% area) of pressure-outlet 19.

 Reversed flow on 178 faces (35.4% area) of pressure-outlet 18.
  3151  1.2878e-05  1.0419e-07  1.0765e-07  6.4405e-08  0:10:19  349

 Reversed flow on 53 faces (27.5% area) of pressure-outlet 19.

 Reversed flow on 178 faces (35.4% area) of pressure-outlet 18.
  3152  1.2579e-05  1.0275e-07  1.0703e-07  6.4671e-08  0:10:17  348

 Reversed flow on 53 faces (27.5% area) of pressure-outlet 19.

 Reversed flow on 178 faces (35.4% area) of pressure-outlet 18.
  3153  1.2377e-05  1.0039e-07  1.0534e-07  6.3854e-08  0:10:15  347

 Reversed flow on 53 faces (27.5% area) of pressure-outlet 19.

 Reversed flow on 178 faces (35.4% area) of pressure-outlet 18.
  3154  1.2114e-05  9.7217e-08  1.0234e-07  6.2184e-08  0:10:14  346

 Reversed flow on 53 faces (27.5% area) of pressure-outlet 19.

 Reversed flow on 178 faces (35.4% area) of pressure-outlet 18.
  3155  1.2051e-05  9.3802e-08  9.7812e-08  6.0290e-08  0:10:13  345

 Reversed flow on 53 faces (27.5% area) of pressure-outlet 19.

 Reversed flow on 178 faces (35.4% area) of pressure-outlet 18.
  3156  1.1616e-05  9.0549e-08  9.2741e-08  5.7940e-08  0:10:11  344

 Reversed flow on 53 faces (27.5% area) of pressure-outlet 19.

 Reversed flow on 178 faces (35.4% area) of pressure-outlet 18.
  3157  1.1174e-05  8.8123e-08  8.7603e-08  5.5405e-08  0:10:08  343

 Reversed flow on 53 faces (27.5% area) of pressure-outlet 19.

 Reversed flow on 178 faces (35.4% area) of pressure-outlet 18.

  iter  continuity  x-velocity  y-velocity  z-velocity     time/iter
  3158  1.0777e-05  8.5983e-08  8.3672e-08  5.3089e-08  0:10:06  342

 Reversed flow on 53 faces (27.5% area) of pressure-outlet 19.

 Reversed flow on 178 faces (35.4% area) of pressure-outlet 18.
  3159  1.0499e-05  8.4146e-08  7.9708e-08  5.0913e-08  0:10:04  341

 Reversed flow on 53 faces (27.5% area) of pressure-outlet 19.

 Reversed flow on 178 faces (35.4% area) of pressure-outlet 18.
  3160  9.8707e-06  8.1389e-08  7.5833e-08  4.8406e-08  0:10:03  340

 Reversed flow on 53 faces (27.5% area) of pressure-outlet 19.

 Reversed flow on 178 faces (35.4% area) of pressure-outlet 18.
  3161  9.4506e-06  7.8747e-08  7.2823e-08  4.6024e-08  0:10:01  339

 Reversed flow on 53 faces (27.5% area) of pressure-outlet 19.

 Reversed flow on 178 faces (35.4% area) of pressure-outlet 18.
  3162  9.1426e-06  7.6407e-08  7.0469e-08  4.4077e-08  0:09:59  338

 Reversed flow on 53 faces (27.5% area) of pressure-outlet 19.

 Reversed flow on 178 faces (35.4% area) of pressure-outlet 18.
  3163  8.9515e-06  7.4505e-08  6.8621e-08  4.2447e-08  0:09:57  337

 Reversed flow on 53 faces (27.5% area) of pressure-outlet 19.

 Reversed flow on 178 faces (35.4% area) of pressure-outlet 18.
  3164  8.5819e-06  7.2297e-08  6.6979e-08  4.0888e-08  0:09:57  336

 Reversed flow on 53 faces (27.5% area) of pressure-outlet 19.

 Reversed flow on 178 faces (35.4% area) of pressure-outlet 18.
  3165  8.4362e-06  7.0339e-08  6.5819e-08  3.9617e-08  0:09:55  335

 Reversed flow on 53 faces (27.5% area) of pressure-outlet 19.

 Reversed flow on 178 faces (35.4% area) of pressure-outlet 18.
  3166  8.2398e-06  6.8590e-08  6.5772e-08  3.8487e-08  0:09:53  334

 Reversed flow on 53 faces (27.5% area) of pressure-outlet 19.

 Reversed flow on 178 faces (35.4% area) of pressure-outlet 18.
  3167  8.2697e-06  6.7586e-08  6.6682e-08  3.7919e-08  0:09:50  333

 Reversed flow on 53 faces (27.5% area) of pressure-outlet 19.

 Reversed flow on 178 faces (35.4% area) of pressure-outlet 18.
  3168  8.1725e-06  6.6816e-08  6.8260e-08  3.7627e-08  0:09:48  332

 Reversed flow on 53 faces (27.5% area) of pressure-outlet 19.

 Reversed flow on 178 faces (35.4% area) of pressure-outlet 18.

  iter  continuity  x-velocity  y-velocity  z-velocity     time/iter
  3169  8.2736e-06  6.6639e-08  6.9685e-08  3.7341e-08  0:09:45  331

 Reversed flow on 53 faces (27.5% area) of pressure-outlet 19.

 Reversed flow on 178 faces (35.4% area) of pressure-outlet 18.
  3170  8.4953e-06  6.7088e-08  7.1191e-08  3.7582e-08  0:09:42  330

 Reversed flow on 53 faces (27.5% area) of pressure-outlet 19.

 Reversed flow on 178 faces (35.4% area) of pressure-outlet 18.
  3171  8.9000e-06  6.8497e-08  7.3326e-08  3.8705e-08  0:09:41  329

 Reversed flow on 53 faces (27.5% area) of pressure-outlet 19.

 Reversed flow on 178 faces (35.4% area) of pressure-outlet 18.
  3172  8.9992e-06  7.0046e-08  7.5544e-08  3.9951e-08  0:09:39  328

 Reversed flow on 53 faces (27.5% area) of pressure-outlet 19.

 Reversed flow on 178 faces (35.4% area) of pressure-outlet 18.
  3173  9.2856e-06  7.1927e-08  7.7054e-08  4.1444e-08  0:09:36  327

 Reversed flow on 53 faces (27.5% area) of pressure-outlet 19.

 Reversed flow on 178 faces (35.4% area) of pressure-outlet 18.
  3174  9.6223e-06  7.4164e-08  7.9369e-08  4.3244e-08  0:09:37  326

 Reversed flow on 53 faces (27.5% area) of pressure-outlet 19.

 Reversed flow on 178 faces (35.4% area) of pressure-outlet 18.
  3175  9.9471e-06  7.6947e-08  8.1573e-08  4.5124e-08  0:09:34  325

 Reversed flow on 53 faces (27.5% area) of pressure-outlet 19.

 Reversed flow on 178 faces (35.4% area) of pressure-outlet 18.
  3176  9.9209e-06  7.8525e-08  8.3135e-08  4.6692e-08  0:09:31  324

 Reversed flow on 53 faces (27.5% area) of pressure-outlet 19.

 Reversed flow on 178 faces (35.4% area) of pressure-outlet 18.
  3177  9.9760e-06  7.9564e-08  8.3049e-08  4.7781e-08  0:09:26  323

 Reversed flow on 53 faces (27.5% area) of pressure-outlet 19.

 Reversed flow on 178 faces (35.4% area) of pressure-outlet 18.
  3178  9.9214e-06  7.9962e-08  8.4937e-08  4.8353e-08  0:09:20  322

 Reversed flow on 53 faces (27.5% area) of pressure-outlet 19.

 Reversed flow on 178 faces (35.4% area) of pressure-outlet 18.
  3179  1.0061e-05  8.1038e-08  8.8121e-08  4.8779e-08  0:09:17  321

 Reversed flow on 53 faces (27.5% area) of pressure-outlet 19.

 Reversed flow on 178 faces (35.4% area) of pressure-outlet 18.

  iter  continuity  x-velocity  y-velocity  z-velocity     time/iter
  3180  9.9198e-06  8.1031e-08  9.0530e-08  4.8864e-08  0:09:16  320

 Reversed flow on 53 faces (27.5% area) of pressure-outlet 19.

 Reversed flow on 178 faces (35.4% area) of pressure-outlet 18.
  3181  9.8387e-06  8.0976e-08  9.1982e-08  4.8693e-08  0:09:15  319

 Reversed flow on 53 faces (27.5% area) of pressure-outlet 19.

 Reversed flow on 178 faces (35.4% area) of pressure-outlet 18.
  3182  9.9056e-06  8.0900e-08  9.4156e-08  4.9091e-08  0:09:11  318

 Reversed flow on 53 faces (27.5% area) of pressure-outlet 19.

 Reversed flow on 178 faces (35.4% area) of pressure-outlet 18.
  3183  1.0480e-05  8.3825e-08  9.9927e-08  5.0027e-08  0:09:07  317

 Reversed flow on 53 faces (27.5% area) of pressure-outlet 19.

 Reversed flow on 178 faces (35.4% area) of pressure-outlet 18.
  3184  1.1037e-05  8.7111e-08  1.0565e-07  5.1554e-08  0:09:02  316

 Reversed flow on 53 faces (27.5% area) of pressure-outlet 19.

 Reversed flow on 178 faces (35.4% area) of pressure-outlet 18.
  3185  1.1629e-05  9.1848e-08  1.0566e-07  5.4935e-08  0:08:56  315

 Reversed flow on 53 faces (27.5% area) of pressure-outlet 19.

 Reversed flow on 178 faces (35.4% area) of pressure-outlet 18.
  3186  1.2084e-05  9.5939e-08  1.0707e-07  5.9051e-08  0:08:52  314

 Reversed flow on 53 faces (27.5% area) of pressure-outlet 19.

 Reversed flow on 178 faces (35.4% area) of pressure-outlet 18.
  3187  1.2351e-05  9.8519e-08  1.0685e-07  6.1994e-08  0:08:47  313

 Reversed flow on 53 faces (27.5% area) of pressure-outlet 19.

 Reversed flow on 178 faces (35.4% area) of pressure-outlet 18.
  3188  1.2116e-05  9.8503e-08  1.0589e-07  6.2979e-08  0:08:43  312

 Reversed flow on 53 faces (27.5% area) of pressure-outlet 19.

 Reversed flow on 178 faces (35.4% area) of pressure-outlet 18.
  3189  1.2011e-05  9.7860e-08  1.0477e-07  6.2939e-08  0:08:40  311

 Reversed flow on 53 faces (27.5% area) of pressure-outlet 19.

 Reversed flow on 178 faces (35.4% area) of pressure-outlet 18.
  3190  1.1872e-05  9.6564e-08  1.0365e-07  6.2252e-08  0:08:36  310

 Reversed flow on 53 faces (27.5% area) of pressure-outlet 19.

 Reversed flow on 178 faces (35.4% area) of pressure-outlet 18.

  iter  continuity  x-velocity  y-velocity  z-velocity     time/iter
  3191  1.1897e-05  9.4765e-08  1.0060e-07  6.0810e-08  0:08:33  309

 Reversed flow on 53 faces (27.5% area) of pressure-outlet 19.

 Reversed flow on 178 faces (35.4% area) of pressure-outlet 18.
  3192  1.1701e-05  9.2056e-08  9.6052e-08  5.9028e-08  0:08:31  308

 Reversed flow on 53 faces (27.5% area) of pressure-outlet 19.

 Reversed flow on 178 faces (35.4% area) of pressure-outlet 18.
  3193  1.1486e-05  9.0845e-08  9.1207e-08  5.6947e-08  0:08:29  307

 Reversed flow on 53 faces (27.5% area) of pressure-outlet 19.

 Reversed flow on 178 faces (35.4% area) of pressure-outlet 18.
  3194  1.1257e-05  9.0002e-08  8.7102e-08  5.5059e-08  0:08:27  306

 Reversed flow on 53 faces (27.5% area) of pressure-outlet 19.

 Reversed flow on 178 faces (35.4% area) of pressure-outlet 18.
  3195  1.1166e-05  8.9290e-08  8.3804e-08  5.3473e-08  0:08:25  305

 Reversed flow on 53 faces (27.5% area) of pressure-outlet 19.

 Reversed flow on 178 faces (35.4% area) of pressure-outlet 18.
  3196  1.0663e-05  8.7442e-08  7.9889e-08  5.1420e-08  0:08:23  304

 Reversed flow on 53 faces (27.5% area) of pressure-outlet 19.

 Reversed flow on 178 faces (35.4% area) of pressure-outlet 18.
  3197  1.0305e-05  8.5079e-08  7.6394e-08  4.9178e-08  0:08:21  303

 Reversed flow on 53 faces (27.5% area) of pressure-outlet 19.

 Reversed flow on 178 faces (35.4% area) of pressure-outlet 18.
  3198  9.9837e-06  8.2739e-08  7.3843e-08  4.7281e-08  0:08:19  302

 Reversed flow on 53 faces (27.5% area) of pressure-outlet 19.

 Reversed flow on 178 faces (35.4% area) of pressure-outlet 18.
  3199  9.7912e-06  8.0648e-08  7.1621e-08  4.5644e-08  0:08:17  301

 Reversed flow on 53 faces (27.5% area) of pressure-outlet 19.

 Reversed flow on 178 faces (35.4% area) of pressure-outlet 18.
  3200  9.3495e-06  7.8042e-08  6.9551e-08  4.3794e-08  0:08:15  300

 Reversed flow on 53 faces (27.5% area) of pressure-outlet 19.

 Reversed flow on 178 faces (35.4% area) of pressure-outlet 18.
  3201  9.0990e-06  7.5372e-08  6.7640e-08  4.2089e-08  0:08:14  299

 Reversed flow on 53 faces (27.5% area) of pressure-outlet 19.

 Reversed flow on 178 faces (35.4% area) of pressure-outlet 18.

  iter  continuity  x-velocity  y-velocity  z-velocity     time/iter
  3202  8.7808e-06  7.2260e-08  6.6463e-08  4.0532e-08  0:08:12  298

 Reversed flow on 53 faces (27.5% area) of pressure-outlet 19.

 Reversed flow on 178 faces (35.4% area) of pressure-outlet 18.
  3203  8.6313e-06  6.9980e-08  6.6472e-08  3.9333e-08  0:08:10  297

 Reversed flow on 53 faces (27.5% area) of pressure-outlet 19.

 Reversed flow on 178 faces (35.4% area) of pressure-outlet 18.
  3204  8.3106e-06  6.7963e-08  6.7421e-08  3.8417e-08  0:08:08  296

 Reversed flow on 53 faces (27.5% area) of pressure-outlet 19.

 Reversed flow on 178 faces (35.4% area) of pressure-outlet 18.
  3205  8.1690e-06  6.6153e-08  6.8324e-08  3.7511e-08  0:08:06  295

 Reversed flow on 53 faces (27.5% area) of pressure-outlet 19.

 Reversed flow on 178 faces (35.4% area) of pressure-outlet 18.
  3206  8.1507e-06  6.4817e-08  6.9454e-08  3.6960e-08  0:08:05  294

 Reversed flow on 53 faces (27.5% area) of pressure-outlet 19.

 Reversed flow on 178 faces (35.4% area) of pressure-outlet 18.
  3207  8.3636e-06  6.4651e-08  7.1075e-08  3.7357e-08  0:08:12  293

 Reversed flow on 53 faces (27.5% area) of pressure-outlet 19.

 Reversed flow on 178 faces (35.4% area) of pressure-outlet 18.
  3208  8.2945e-06  6.4689e-08  7.3206e-08  3.8015e-08  0:08:09  292

 Reversed flow on 53 faces (27.5% area) of pressure-outlet 19.

 Reversed flow on 178 faces (35.4% area) of pressure-outlet 18.
  3209  8.4512e-06  6.5401e-08  7.4999e-08  3.8984e-08  0:08:06  291

 Reversed flow on 53 faces (27.5% area) of pressure-outlet 19.

 Reversed flow on 178 faces (35.4% area) of pressure-outlet 18.
  3210  8.6844e-06  6.6706e-08  7.6355e-08  4.0512e-08  0:08:03  290

 Reversed flow on 53 faces (27.5% area) of pressure-outlet 19.

 Reversed flow on 178 faces (35.4% area) of pressure-outlet 18.
  3211  9.0035e-06  6.9017e-08  7.8968e-08  4.2340e-08  0:08:01  289

 Reversed flow on 53 faces (27.5% area) of pressure-outlet 19.

 Reversed flow on 178 faces (35.4% area) of pressure-outlet 18.
  3212  9.1007e-06  7.1131e-08  8.1046e-08  4.3973e-08  0:07:58  288

 Reversed flow on 53 faces (27.5% area) of pressure-outlet 19.

 Reversed flow on 178 faces (35.4% area) of pressure-outlet 18.

  iter  continuity  x-velocity  y-velocity  z-velocity     time/iter
  3213  9.3583e-06  7.3496e-08  8.2199e-08  4.5430e-08  0:07:56  287

 Reversed flow on 53 faces (27.5% area) of pressure-outlet 19.

 Reversed flow on 178 faces (35.4% area) of pressure-outlet 18.
  3214  9.5077e-06  7.6056e-08  8.2201e-08  4.6588e-08  0:07:54  286

 Reversed flow on 53 faces (27.5% area) of pressure-outlet 19.

 Reversed flow on 178 faces (35.4% area) of pressure-outlet 18.
  3215  9.8468e-06  7.8926e-08  8.5684e-08  4.7699e-08  0:07:52  285

 Reversed flow on 53 faces (27.5% area) of pressure-outlet 19.

 Reversed flow on 178 faces (35.4% area) of pressure-outlet 18.
  3216  9.9630e-06  8.1240e-08  8.9099e-08  4.8374e-08  0:07:50  284

 Reversed flow on 53 faces (27.5% area) of pressure-outlet 19.

 Reversed flow on 178 faces (35.4% area) of pressure-outlet 18.
  3217  1.0090e-05  8.3096e-08  9.1312e-08  4.8681e-08  0:07:50  283

 Reversed flow on 53 faces (27.5% area) of pressure-outlet 19.

 Reversed flow on 178 faces (35.4% area) of pressure-outlet 18.
  3218  1.0244e-05  8.4897e-08  9.3422e-08  4.9197e-08  0:07:48  282

 Reversed flow on 53 faces (27.5% area) of pressure-outlet 19.

 Reversed flow on 178 faces (35.4% area) of pressure-outlet 18.
  3219  1.0730e-05  8.7607e-08  9.7174e-08  5.0441e-08  0:07:46  281

 Reversed flow on 53 faces (27.5% area) of pressure-outlet 19.

 Reversed flow on 178 faces (35.4% area) of pressure-outlet 18.
  3220  1.1209e-05  9.1614e-08  1.0305e-07  5.1685e-08  0:07:44  280

 Reversed flow on 53 faces (27.5% area) of pressure-outlet 19.

 Reversed flow on 178 faces (35.4% area) of pressure-outlet 18.
  3221  1.1970e-05  9.5536e-08  1.0753e-07  5.3973e-08  0:07:42  279

 Reversed flow on 53 faces (27.5% area) of pressure-outlet 19.

 Reversed flow on 178 faces (35.4% area) of pressure-outlet 18.
  3222  1.2550e-05  9.9998e-08  1.0792e-07  5.8099e-08  0:07:42  278

 Reversed flow on 53 faces (27.5% area) of pressure-outlet 19.

 Reversed flow on 178 faces (35.4% area) of pressure-outlet 18.
  3223  1.2904e-05  1.0288e-07  1.0897e-07  6.2099e-08  0:07:42  277

 Reversed flow on 53 faces (27.5% area) of pressure-outlet 19.

 Reversed flow on 178 faces (35.4% area) of pressure-outlet 18.

  iter  continuity  x-velocity  y-velocity  z-velocity     time/iter
  3224  1.2688e-05  1.0292e-07  1.0732e-07  6.3852e-08  0:07:37  276

 Reversed flow on 53 faces (27.5% area) of pressure-outlet 19.

 Reversed flow on 178 faces (35.4% area) of pressure-outlet 18.
  3225  1.2461e-05  1.0132e-07  1.0652e-07  6.4249e-08  0:07:32  275

 Reversed flow on 53 faces (27.5% area) of pressure-outlet 19.

 Reversed flow on 178 faces (35.4% area) of pressure-outlet 18.
  3226  1.2187e-05  9.9081e-08  1.0516e-07  6.3829e-08  0:07:29  274

 Reversed flow on 53 faces (27.5% area) of pressure-outlet 19.

 Reversed flow on 178 faces (35.4% area) of pressure-outlet 18.
  3227  1.2050e-05  9.5820e-08  1.0314e-07  6.2526e-08  0:07:26  273

 Reversed flow on 53 faces (27.5% area) of pressure-outlet 19.

 Reversed flow on 178 faces (35.4% area) of pressure-outlet 18.
  3228  1.1667e-05  9.1661e-08  9.8747e-08  6.0273e-08  0:07:23  272

 Reversed flow on 53 faces (27.5% area) of pressure-outlet 19.

 Reversed flow on 178 faces (35.4% area) of pressure-outlet 18.
  3229  1.1347e-05  8.7972e-08  9.3569e-08  5.7910e-08  0:07:20  271

 Reversed flow on 53 faces (27.5% area) of pressure-outlet 19.

 Reversed flow on 178 faces (35.4% area) of pressure-outlet 18.
  3230  1.0998e-05  8.6168e-08  8.8648e-08  5.5471e-08  0:07:18  270

 Reversed flow on 53 faces (27.5% area) of pressure-outlet 19.

 Reversed flow on 178 faces (35.4% area) of pressure-outlet 18.
  3231  1.0807e-05  8.4878e-08  8.4810e-08  5.3478e-08  0:07:15  269

 Reversed flow on 53 faces (27.5% area) of pressure-outlet 19.

 Reversed flow on 178 faces (35.4% area) of pressure-outlet 18.
  3232  1.0314e-05  8.3073e-08  8.0825e-08  5.1294e-08  0:07:13  268

 Reversed flow on 53 faces (27.5% area) of pressure-outlet 19.

 Reversed flow on 178 faces (35.4% area) of pressure-outlet 18.
  3233  9.9571e-06  8.1454e-08  7.6806e-08  4.8931e-08  0:07:11  267

 Reversed flow on 53 faces (27.5% area) of pressure-outlet 19.

 Reversed flow on 178 faces (35.4% area) of pressure-outlet 18.
  3234  9.7023e-06  8.0057e-08  7.4036e-08  4.6921e-08  0:07:09  266

 Reversed flow on 53 faces (27.5% area) of pressure-outlet 19.

 Reversed flow on 178 faces (35.4% area) of pressure-outlet 18.

  iter  continuity  x-velocity  y-velocity  z-velocity     time/iter
  3235  9.5557e-06  7.9071e-08  7.1829e-08  4.5372e-08  0:07:07  265

 Reversed flow on 53 faces (27.5% area) of pressure-outlet 19.

 Reversed flow on 178 faces (35.4% area) of pressure-outlet 18.
  3236  9.2444e-06  7.7780e-08  6.9966e-08  4.3803e-08  0:07:06  264

 Reversed flow on 53 faces (27.5% area) of pressure-outlet 19.

 Reversed flow on 178 faces (35.4% area) of pressure-outlet 18.
  3237  9.1330e-06  7.6670e-08  6.8290e-08  4.2312e-08  0:07:04  263

 Reversed flow on 53 faces (27.5% area) of pressure-outlet 19.

 Reversed flow on 178 faces (35.4% area) of pressure-outlet 18.
  3238  8.9838e-06  7.5222e-08  6.6788e-08  4.1081e-08  0:07:02  262

 Reversed flow on 53 faces (27.5% area) of pressure-outlet 19.

 Reversed flow on 178 faces (35.4% area) of pressure-outlet 18.
  3239  8.9767e-06  7.3883e-08  6.6693e-08  4.0277e-08  0:07:00  261

 Reversed flow on 53 faces (27.5% area) of pressure-outlet 19.

 Reversed flow on 178 faces (35.4% area) of pressure-outlet 18.
  3240  8.7572e-06  7.2432e-08  6.7568e-08  3.9594e-08  0:06:59  260

 Reversed flow on 53 faces (27.5% area) of pressure-outlet 19.

 Reversed flow on 178 faces (35.4% area) of pressure-outlet 18.
  3241  8.6690e-06  7.0954e-08  6.8583e-08  3.8910e-08  0:06:57  259

 Reversed flow on 53 faces (27.5% area) of pressure-outlet 19.

 Reversed flow on 178 faces (35.4% area) of pressure-outlet 18.
  3242  8.6643e-06  6.9493e-08  6.9788e-08  3.8483e-08  0:06:55  258

 Reversed flow on 53 faces (27.5% area) of pressure-outlet 19.

 Reversed flow on 178 faces (35.4% area) of pressure-outlet 18.
  3243  8.8714e-06  6.8950e-08  7.1351e-08  3.8608e-08  0:06:54  257

 Reversed flow on 53 faces (27.5% area) of pressure-outlet 19.

 Reversed flow on 178 faces (35.4% area) of pressure-outlet 18.
  3244  8.7861e-06  6.8492e-08  7.2943e-08  3.9024e-08  0:06:52  256

 Reversed flow on 53 faces (27.5% area) of pressure-outlet 19.

 Reversed flow on 178 faces (35.4% area) of pressure-outlet 18.
  3245  8.8839e-06  6.8445e-08  7.4733e-08  3.9593e-08  0:06:51  255

 Reversed flow on 53 faces (27.5% area) of pressure-outlet 19.

 Reversed flow on 178 faces (35.4% area) of pressure-outlet 18.

  iter  continuity  x-velocity  y-velocity  z-velocity     time/iter
  3246  8.9979e-06  6.8717e-08  7.6236e-08  4.0654e-08  0:06:49  254

 Reversed flow on 53 faces (27.5% area) of pressure-outlet 19.

 Reversed flow on 178 faces (35.4% area) of pressure-outlet 18.
  3247  9.1939e-06  6.9371e-08  7.7707e-08  4.2092e-08  0:06:47  253

 Reversed flow on 53 faces (27.5% area) of pressure-outlet 19.

 Reversed flow on 178 faces (35.4% area) of pressure-outlet 18.
  3248  9.1541e-06  7.0605e-08  7.9839e-08  4.3434e-08  0:06:45  252

 Reversed flow on 53 faces (27.5% area) of pressure-outlet 19.

 Reversed flow on 178 faces (35.4% area) of pressure-outlet 18.
  3249  9.2879e-06  7.2032e-08  8.1335e-08  4.4597e-08  0:06:44  251

 Reversed flow on 53 faces (27.5% area) of pressure-outlet 19.

 Reversed flow on 178 faces (35.4% area) of pressure-outlet 18.
  3250  9.2966e-06  7.3235e-08  8.1628e-08  4.5548e-08  0:06:42  250

 Reversed flow on 53 faces (27.5% area) of pressure-outlet 19.

 Reversed flow on 178 faces (35.4% area) of pressure-outlet 18.
  3251  9.4199e-06  7.4817e-08  8.2398e-08  4.6490e-08  0:06:40  249

 Reversed flow on 53 faces (27.5% area) of pressure-outlet 19.

 Reversed flow on 178 faces (35.4% area) of pressure-outlet 18.
  3252  9.3890e-06  7.6247e-08  8.5924e-08  4.7054e-08  0:06:38  248

 Reversed flow on 53 faces (27.5% area) of pressure-outlet 19.

 Reversed flow on 178 faces (35.4% area) of pressure-outlet 18.
  3253  9.4236e-06  7.7199e-08  8.8645e-08  4.7117e-08  0:06:37  247

 Reversed flow on 53 faces (27.5% area) of pressure-outlet 19.

 Reversed flow on 178 faces (35.4% area) of pressure-outlet 18.
  3254  9.4597e-06  7.8249e-08  9.0902e-08  4.7323e-08  0:06:36  246

 Reversed flow on 53 faces (27.5% area) of pressure-outlet 19.

 Reversed flow on 178 faces (35.4% area) of pressure-outlet 18.
  3255  9.7094e-06  7.9777e-08  9.3281e-08  4.8187e-08  0:06:34  245

 Reversed flow on 53 faces (27.5% area) of pressure-outlet 19.

 Reversed flow on 178 faces (35.4% area) of pressure-outlet 18.
  3256  9.9136e-06  8.2126e-08  9.7650e-08  4.8913e-08  0:06:33  244

 Reversed flow on 53 faces (27.5% area) of pressure-outlet 19.

 Reversed flow on 178 faces (35.4% area) of pressure-outlet 18.

  iter  continuity  x-velocity  y-velocity  z-velocity     time/iter
  3257  1.0690e-05  8.6240e-08  1.0334e-07  5.0232e-08  0:06:31  243

 Reversed flow on 53 faces (27.5% area) of pressure-outlet 19.

 Reversed flow on 178 faces (35.4% area) of pressure-outlet 18.
  3258  1.1569e-05  9.1815e-08  1.0645e-07  5.3395e-08  0:06:29  242

 Reversed flow on 53 faces (27.5% area) of pressure-outlet 19.

 Reversed flow on 178 faces (35.4% area) of pressure-outlet 18.
  3259  1.2361e-05  9.7873e-08  1.0780e-07  5.8123e-08  0:06:27  241

 Reversed flow on 53 faces (27.5% area) of pressure-outlet 19.

 Reversed flow on 178 faces (35.4% area) of pressure-outlet 18.
  3260  1.2599e-05  1.0130e-07  1.0807e-07  6.1631e-08  0:06:26  240

 Reversed flow on 53 faces (27.5% area) of pressure-outlet 19.

 Reversed flow on 178 faces (35.4% area) of pressure-outlet 18.
  3261  1.2672e-05  1.0277e-07  1.0654e-07  6.3372e-08  0:06:24  239

 Reversed flow on 53 faces (27.5% area) of pressure-outlet 19.

 Reversed flow on 178 faces (35.4% area) of pressure-outlet 18.
  3262  1.2604e-05  1.0298e-07  1.0676e-07  6.4154e-08  0:06:24  238

 Reversed flow on 53 faces (27.5% area) of pressure-outlet 19.

 Reversed flow on 178 faces (35.4% area) of pressure-outlet 18.
  3263  1.2669e-05  1.0240e-07  1.0577e-07  6.4079e-08  0:06:24  237

 Reversed flow on 53 faces (27.5% area) of pressure-outlet 19.

 Reversed flow on 178 faces (35.4% area) of pressure-outlet 18.
  3264  1.2411e-05  9.9918e-08  1.0305e-07  6.2629e-08  0:06:22  236

 Reversed flow on 53 faces (27.5% area) of pressure-outlet 19.

 Reversed flow on 178 faces (35.4% area) of pressure-outlet 18.
  3265  1.2229e-05  9.7146e-08  9.8424e-08  6.0676e-08  0:06:20  235

 Reversed flow on 53 faces (27.5% area) of pressure-outlet 19.

 Reversed flow on 178 faces (35.4% area) of pressure-outlet 18.
  3266  1.1954e-05  9.4133e-08  9.3769e-08  5.8692e-08  0:06:17  234

 Reversed flow on 53 faces (27.5% area) of pressure-outlet 19.

 Reversed flow on 178 faces (35.4% area) of pressure-outlet 18.
  3267  1.1716e-05  9.2070e-08  8.9128e-08  5.6662e-08  0:06:15  233

 Reversed flow on 53 faces (27.5% area) of pressure-outlet 19.

 Reversed flow on 178 faces (35.4% area) of pressure-outlet 18.

  iter  continuity  x-velocity  y-velocity  z-velocity     time/iter
  3268  1.1121e-05  8.9326e-08  8.4933e-08  5.4342e-08  0:06:13  232

 Reversed flow on 53 faces (27.5% area) of pressure-outlet 19.

 Reversed flow on 178 faces (35.4% area) of pressure-outlet 18.
  3269  1.0653e-05  8.6395e-08  8.0379e-08  5.1770e-08  0:06:12  231

 Reversed flow on 53 faces (27.5% area) of pressure-outlet 19.

 Reversed flow on 178 faces (35.4% area) of pressure-outlet 18.
  3270  1.0219e-05  8.3483e-08  7.6547e-08  4.9352e-08  0:06:10  230

 Reversed flow on 53 faces (27.5% area) of pressure-outlet 19.

 Reversed flow on 178 faces (35.4% area) of pressure-outlet 18.
  3271  9.8992e-06  8.0724e-08  7.3724e-08  4.7307e-08  0:06:08  229

 Reversed flow on 53 faces (27.5% area) of pressure-outlet 19.

 Reversed flow on 178 faces (35.4% area) of pressure-outlet 18.
  3272  9.3752e-06  7.7481e-08  7.1031e-08  4.5165e-08  0:06:07  228

 Reversed flow on 53 faces (27.5% area) of pressure-outlet 19.

 Reversed flow on 178 faces (35.4% area) of pressure-outlet 18.
  3273  9.0669e-06  7.4820e-08  6.8776e-08  4.3122e-08  0:06:05  227

 Reversed flow on 53 faces (27.5% area) of pressure-outlet 19.

 Reversed flow on 178 faces (35.4% area) of pressure-outlet 18.
  3274  8.7320e-06  7.2340e-08  6.6672e-08  4.1199e-08  0:06:20  226

 Reversed flow on 53 faces (27.5% area) of pressure-outlet 19.

 Reversed flow on 178 faces (35.4% area) of pressure-outlet 18.
  3275  8.5893e-06  7.0151e-08  6.5153e-08  3.9834e-08  0:06:15  225

 Reversed flow on 53 faces (27.5% area) of pressure-outlet 19.

 Reversed flow on 178 faces (35.4% area) of pressure-outlet 18.
  3276  8.2434e-06  6.7910e-08  6.5286e-08  3.8648e-08  0:06:10  224

 Reversed flow on 53 faces (27.5% area) of pressure-outlet 19.

 Reversed flow on 178 faces (35.4% area) of pressure-outlet 18.
  3277  8.0808e-06  6.6215e-08  6.5812e-08  3.7561e-08  0:06:07  223

 Reversed flow on 53 faces (27.5% area) of pressure-outlet 19.

 Reversed flow on 178 faces (35.4% area) of pressure-outlet 18.
  3278  8.0502e-06  6.5098e-08  6.6857e-08  3.6890e-08  0:06:03  222

 Reversed flow on 53 faces (27.5% area) of pressure-outlet 19.

 Reversed flow on 178 faces (35.4% area) of pressure-outlet 18.

  iter  continuity  x-velocity  y-velocity  z-velocity     time/iter
  3279  8.2779e-06  6.5114e-08  6.8535e-08  3.6852e-08  0:06:00  221

 Reversed flow on 53 faces (27.5% area) of pressure-outlet 19.

 Reversed flow on 178 faces (35.4% area) of pressure-outlet 18.
  3280  8.2731e-06  6.5401e-08  7.0357e-08  3.7065e-08  0:05:58  220

 Reversed flow on 53 faces (27.5% area) of pressure-outlet 19.

 Reversed flow on 178 faces (35.4% area) of pressure-outlet 18.
  3281  8.4905e-06  6.6390e-08  7.2218e-08  3.7702e-08  0:05:55  219

 Reversed flow on 53 faces (27.5% area) of pressure-outlet 19.

 Reversed flow on 178 faces (35.4% area) of pressure-outlet 18.
  3282  8.7736e-06  6.7879e-08  7.4465e-08  3.8867e-08  0:05:53  218

 Reversed flow on 53 faces (27.5% area) of pressure-outlet 19.

 Reversed flow on 178 faces (35.4% area) of pressure-outlet 18.
  3283  9.1043e-06  6.9898e-08  7.6298e-08  4.0622e-08  0:05:51  217

 Reversed flow on 53 faces (27.5% area) of pressure-outlet 19.

 Reversed flow on 178 faces (35.4% area) of pressure-outlet 18.
  3284  9.2382e-06  7.1826e-08  7.8575e-08  4.2458e-08  0:05:49  216

 Reversed flow on 53 faces (27.5% area) of pressure-outlet 19.

 Reversed flow on 178 faces (35.4% area) of pressure-outlet 18.
  3285  9.5221e-06  7.4089e-08  8.0860e-08  4.4167e-08  0:05:47  215

 Reversed flow on 53 faces (27.5% area) of pressure-outlet 19.

 Reversed flow on 178 faces (35.4% area) of pressure-outlet 18.
  3286  9.6964e-06  7.5872e-08  8.2433e-08  4.5640e-08  0:05:45  214

 Reversed flow on 53 faces (27.5% area) of pressure-outlet 19.

 Reversed flow on 178 faces (35.4% area) of pressure-outlet 18.
  3287  9.9187e-06  7.7739e-08  8.2850e-08  4.7148e-08  0:05:43  213

 Reversed flow on 53 faces (27.5% area) of pressure-outlet 19.

 Reversed flow on 178 faces (35.4% area) of pressure-outlet 18.
  3288  9.8685e-06  7.9118e-08  8.4595e-08  4.8145e-08  0:05:41  212

 Reversed flow on 53 faces (27.5% area) of pressure-outlet 19.

 Reversed flow on 178 faces (35.4% area) of pressure-outlet 18.
  3289  9.9322e-06  8.0403e-08  8.7616e-08  4.8434e-08  0:05:40  211

 Reversed flow on 53 faces (27.5% area) of pressure-outlet 19.

 Reversed flow on 178 faces (35.4% area) of pressure-outlet 18.

  iter  continuity  x-velocity  y-velocity  z-velocity     time/iter
  3290  9.9499e-06  8.0993e-08  9.0155e-08  4.8511e-08  0:05:38  210

 Reversed flow on 53 faces (27.5% area) of pressure-outlet 19.

 Reversed flow on 178 faces (35.4% area) of pressure-outlet 18.
  3291  1.0063e-05  8.1782e-08  9.2347e-08  4.8877e-08  0:05:36  209

 Reversed flow on 53 faces (27.5% area) of pressure-outlet 19.

 Reversed flow on 178 faces (35.4% area) of pressure-outlet 18.
  3292  9.9162e-06  8.1583e-08  9.4207e-08  4.9163e-08  0:05:35  208

 Reversed flow on 53 faces (27.5% area) of pressure-outlet 19.

 Reversed flow on 178 faces (35.4% area) of pressure-outlet 18.
  3293  1.0256e-05  8.3746e-08  9.8832e-08  4.9491e-08  0:05:33  207

 Reversed flow on 53 faces (27.5% area) of pressure-outlet 19.

 Reversed flow on 178 faces (35.4% area) of pressure-outlet 18.
  3294  1.1000e-05  8.7433e-08  1.0478e-07  5.1011e-08  0:05:31  206

 Reversed flow on 53 faces (27.5% area) of pressure-outlet 19.

 Reversed flow on 178 faces (35.4% area) of pressure-outlet 18.
  3295  1.1736e-05  9.2488e-08  1.0620e-07  5.4446e-08  0:05:30  205

 Reversed flow on 53 faces (27.5% area) of pressure-outlet 19.

 Reversed flow on 178 faces (35.4% area) of pressure-outlet 18.
  3296  1.2053e-05  9.6156e-08  1.0706e-07  5.8408e-08  0:05:28  204

 Reversed flow on 53 faces (27.5% area) of pressure-outlet 19.

 Reversed flow on 178 faces (35.4% area) of pressure-outlet 18.
  3297  1.2209e-05  9.8054e-08  1.0660e-07  6.1092e-08  0:05:27  203

 Reversed flow on 53 faces (27.5% area) of pressure-outlet 19.

 Reversed flow on 178 faces (35.4% area) of pressure-outlet 18.
  3298  1.2055e-05  9.8241e-08  1.0572e-07  6.2389e-08  0:05:25  202

 Reversed flow on 53 faces (27.5% area) of pressure-outlet 19.

 Reversed flow on 178 faces (35.4% area) of pressure-outlet 18.
  3299  1.2032e-05  9.7483e-08  1.0540e-07  6.2827e-08  0:05:23  201

 Reversed flow on 53 faces (27.5% area) of pressure-outlet 19.

 Reversed flow on 178 faces (35.4% area) of pressure-outlet 18.
  3300  1.1726e-05  9.5322e-08  1.0380e-07  6.1986e-08  0:05:22  200

 Reversed flow on 53 faces (27.5% area) of pressure-outlet 19.

 Reversed flow on 178 faces (35.4% area) of pressure-outlet 18.

  iter  continuity  x-velocity  y-velocity  z-velocity     time/iter
  3301  1.1498e-05  9.2418e-08  1.0035e-07  6.0120e-08  0:05:20  199

 Reversed flow on 53 faces (27.5% area) of pressure-outlet 19.

 Reversed flow on 178 faces (35.4% area) of pressure-outlet 18.
  3302  1.1410e-05  8.9650e-08  9.5898e-08  5.8238e-08  0:05:18  198

 Reversed flow on 53 faces (27.5% area) of pressure-outlet 19.

 Reversed flow on 178 faces (35.4% area) of pressure-outlet 18.
  3303  1.1405e-05  8.8439e-08  9.1518e-08  5.6464e-08  0:05:17  197

 Reversed flow on 53 faces (27.5% area) of pressure-outlet 19.

 Reversed flow on 178 faces (35.4% area) of pressure-outlet 18.
  3304  1.1019e-05  8.7547e-08  8.6951e-08  5.4433e-08  0:05:15  196

 Reversed flow on 53 faces (27.5% area) of pressure-outlet 19.

 Reversed flow on 178 faces (35.4% area) of pressure-outlet 18.
  3305  1.0807e-05  8.6808e-08  8.3087e-08  5.2449e-08  0:05:14  195

 Reversed flow on 53 faces (27.5% area) of pressure-outlet 19.

 Reversed flow on 178 faces (35.4% area) of pressure-outlet 18.
  3306  1.0585e-05  8.5980e-08  7.9357e-08  5.0552e-08  0:05:12  194

 Reversed flow on 53 faces (27.5% area) of pressure-outlet 19.

 Reversed flow on 178 faces (35.4% area) of pressure-outlet 18.
  3307  1.0433e-05  8.5169e-08  7.6210e-08  4.8825e-08  0:05:10  193

 Reversed flow on 53 faces (27.5% area) of pressure-outlet 19.

 Reversed flow on 178 faces (35.4% area) of pressure-outlet 18.
  3308  1.0052e-05  8.3659e-08  7.3686e-08  4.7057e-08  0:05:08  192

 Reversed flow on 53 faces (27.5% area) of pressure-outlet 19.

 Reversed flow on 178 faces (35.4% area) of pressure-outlet 18.
  3309  9.8793e-06  8.2403e-08  7.1450e-08  4.5375e-08  0:05:07  191

 Reversed flow on 53 faces (27.5% area) of pressure-outlet 19.

 Reversed flow on 178 faces (35.4% area) of pressure-outlet 18.
  3310  9.6079e-06  8.0882e-08  6.9495e-08  4.3757e-08  0:05:05  190

 Reversed flow on 53 faces (27.5% area) of pressure-outlet 19.

 Reversed flow on 178 faces (35.4% area) of pressure-outlet 18.
  3311  9.4588e-06  7.8674e-08  6.7845e-08  4.2483e-08  0:05:04  189

 Reversed flow on 53 faces (27.5% area) of pressure-outlet 19.

 Reversed flow on 178 faces (35.4% area) of pressure-outlet 18.

  iter  continuity  x-velocity  y-velocity  z-velocity     time/iter
  3312  9.0534e-06  7.5538e-08  6.6832e-08  4.1227e-08  0:05:02  188

 Reversed flow on 53 faces (27.5% area) of pressure-outlet 19.

 Reversed flow on 178 faces (35.4% area) of pressure-outlet 18.
  3313  8.7355e-06  7.2520e-08  6.6526e-08  3.9763e-08  0:05:00  187

 Reversed flow on 53 faces (27.5% area) of pressure-outlet 19.

 Reversed flow on 178 faces (35.4% area) of pressure-outlet 18.
  3314  8.4926e-06  6.9704e-08  6.6945e-08  3.8612e-08  0:04:59  186

 Reversed flow on 53 faces (27.5% area) of pressure-outlet 19.

 Reversed flow on 178 faces (35.4% area) of pressure-outlet 18.
  3315  8.5138e-06  6.7741e-08  6.8066e-08  3.8127e-08  0:04:58  185

 Reversed flow on 53 faces (27.5% area) of pressure-outlet 19.

 Reversed flow on 178 faces (35.4% area) of pressure-outlet 18.
  3316  8.2993e-06  6.5818e-08  6.9377e-08  3.7631e-08  0:04:56  184

 Reversed flow on 53 faces (27.5% area) of pressure-outlet 19.

 Reversed flow on 178 faces (35.4% area) of pressure-outlet 18.
  3317  8.3330e-06  6.4525e-08  7.0592e-08  3.7432e-08  0:04:54  183

 Reversed flow on 53 faces (27.5% area) of pressure-outlet 19.

 Reversed flow on 178 faces (35.4% area) of pressure-outlet 18.
  3318  8.4256e-06  6.4151e-08  7.2297e-08  3.7874e-08  0:04:53  182

 Reversed flow on 53 faces (27.5% area) of pressure-outlet 19.

 Reversed flow on 178 faces (35.4% area) of pressure-outlet 18.
  3319  8.5943e-06  6.4761e-08  7.4072e-08  3.8851e-08  0:04:51  181

 Reversed flow on 53 faces (27.5% area) of pressure-outlet 19.

 Reversed flow on 178 faces (35.4% area) of pressure-outlet 18.
  3320  8.5584e-06  6.5521e-08  7.5444e-08  4.0104e-08  0:04:49  180

 Reversed flow on 53 faces (27.5% area) of pressure-outlet 19.

 Reversed flow on 178 faces (35.4% area) of pressure-outlet 18.
  3321  8.7822e-06  6.7096e-08  7.7747e-08  4.1550e-08  0:04:48  179

 Reversed flow on 53 faces (27.5% area) of pressure-outlet 19.

 Reversed flow on 178 faces (35.4% area) of pressure-outlet 18.
  3322  8.9608e-06  6.8916e-08  7.9605e-08  4.2951e-08  0:04:46  178

 Reversed flow on 53 faces (27.5% area) of pressure-outlet 19.

 Reversed flow on 178 faces (35.4% area) of pressure-outlet 18.

  iter  continuity  x-velocity  y-velocity  z-velocity     time/iter
  3323  9.2835e-06  7.1525e-08  8.1078e-08  4.4562e-08  0:04:45  177

 Reversed flow on 53 faces (27.5% area) of pressure-outlet 19.

 Reversed flow on 178 faces (35.4% area) of pressure-outlet 18.
  3324  9.3294e-06  7.4112e-08  8.1288e-08  4.5958e-08  0:04:43  176

 Reversed flow on 53 faces (27.5% area) of pressure-outlet 19.

 Reversed flow on 178 faces (35.4% area) of pressure-outlet 18.
  3325  9.4700e-06  7.6480e-08  8.4050e-08  4.6753e-08  0:04:41  175

 Reversed flow on 53 faces (27.5% area) of pressure-outlet 19.

 Reversed flow on 178 faces (35.4% area) of pressure-outlet 18.
  3326  9.6724e-06  7.8984e-08  8.7469e-08  4.7328e-08  0:04:40  174

 Reversed flow on 53 faces (27.5% area) of pressure-outlet 19.

 Reversed flow on 178 faces (35.4% area) of pressure-outlet 18.
  3327  9.9786e-06  8.1358e-08  9.0532e-08  4.8106e-08  0:04:38  173

 Reversed flow on 53 faces (27.5% area) of pressure-outlet 19.

 Reversed flow on 178 faces (35.4% area) of pressure-outlet 18.
  3328  9.9192e-06  8.2871e-08  9.2638e-08  4.8582e-08  0:04:36  172

 Reversed flow on 53 faces (27.5% area) of pressure-outlet 19.

 Reversed flow on 178 faces (35.4% area) of pressure-outlet 18.
  3329  1.0156e-05  8.4316e-08  9.5103e-08  4.9330e-08  0:04:35  171

 Reversed flow on 53 faces (27.5% area) of pressure-outlet 19.

 Reversed flow on 178 faces (35.4% area) of pressure-outlet 18.
  3330  1.0790e-05  8.8148e-08  1.0124e-07  5.0550e-08  0:04:33  170

 Reversed flow on 53 faces (27.5% area) of pressure-outlet 19.

 Reversed flow on 178 faces (35.4% area) of pressure-outlet 18.
  3331  1.1780e-05  9.2781e-08  1.0780e-07  5.2988e-08  0:04:32  169

 Reversed flow on 53 faces (27.5% area) of pressure-outlet 19.

 Reversed flow on 178 faces (35.4% area) of pressure-outlet 18.
  3332  1.2307e-05  9.7544e-08  1.0762e-07  5.7000e-08  0:04:30  168

 Reversed flow on 53 faces (27.5% area) of pressure-outlet 19.

 Reversed flow on 178 faces (35.4% area) of pressure-outlet 18.
  3333  1.2706e-05  1.0103e-07  1.0841e-07  6.0918e-08  0:04:28  167

 Reversed flow on 53 faces (27.5% area) of pressure-outlet 19.

 Reversed flow on 178 faces (35.4% area) of pressure-outlet 18.

  iter  continuity  x-velocity  y-velocity  z-velocity     time/iter
  3334  1.2741e-05  1.0250e-07  1.0753e-07  6.3358e-08  0:04:27  166

 Reversed flow on 53 faces (27.5% area) of pressure-outlet 19.

 Reversed flow on 178 faces (35.4% area) of pressure-outlet 18.
  3335  1.2675e-05  1.0204e-07  1.0707e-07  6.4372e-08  0:04:25  165

 Reversed flow on 53 faces (27.5% area) of pressure-outlet 19.

 Reversed flow on 178 faces (35.4% area) of pressure-outlet 18.
  3336  1.2290e-05  9.9670e-08  1.0547e-07  6.3938e-08  0:04:23  164

 Reversed flow on 53 faces (27.5% area) of pressure-outlet 19.

 Reversed flow on 178 faces (35.4% area) of pressure-outlet 18.
  3337  1.1941e-05  9.6183e-08  1.0325e-07  6.2383e-08  0:04:22  163

 Reversed flow on 53 faces (27.5% area) of pressure-outlet 19.

 Reversed flow on 178 faces (35.4% area) of pressure-outlet 18.
  3338  1.1678e-05  9.2615e-08  9.9280e-08  6.0160e-08  0:04:20  162

 Reversed flow on 53 faces (27.5% area) of pressure-outlet 19.

 Reversed flow on 178 faces (35.4% area) of pressure-outlet 18.
  3339  1.1570e-05  8.9132e-08  9.4601e-08  5.8146e-08  0:04:18  161

 Reversed flow on 53 faces (27.5% area) of pressure-outlet 19.

 Reversed flow on 178 faces (35.4% area) of pressure-outlet 18.
  3340  1.1042e-05  8.6700e-08  8.9425e-08  5.5578e-08  0:04:17  160

 Reversed flow on 53 faces (27.5% area) of pressure-outlet 19.

 Reversed flow on 178 faces (35.4% area) of pressure-outlet 18.
  3341  1.0651e-05  8.4707e-08  8.4846e-08  5.3105e-08  0:04:15  159

 Reversed flow on 53 faces (27.5% area) of pressure-outlet 19.

 Reversed flow on 178 faces (35.4% area) of pressure-outlet 18.
  3342  1.0311e-05  8.2929e-08  8.1181e-08  5.0978e-08  0:04:14  158

 Reversed flow on 53 faces (27.5% area) of pressure-outlet 19.

 Reversed flow on 178 faces (35.4% area) of pressure-outlet 18.
  3343  1.0007e-05  8.1274e-08  7.7537e-08  4.8968e-08  0:04:12  157

 Reversed flow on 53 faces (27.5% area) of pressure-outlet 19.

 Reversed flow on 178 faces (35.4% area) of pressure-outlet 18.
  3344  9.5184e-06  7.8986e-08  7.4371e-08  4.6817e-08  0:04:11  156

 Reversed flow on 53 faces (27.5% area) of pressure-outlet 19.

 Reversed flow on 178 faces (35.4% area) of pressure-outlet 18.

  iter  continuity  x-velocity  y-velocity  z-velocity     time/iter
  3345  9.2330e-06  7.7251e-08  7.1804e-08  4.4914e-08  0:04:09  155

 Reversed flow on 53 faces (27.5% area) of pressure-outlet 19.

 Reversed flow on 178 faces (35.4% area) of pressure-outlet 18.
  3346  8.9968e-06  7.5599e-08  6.9640e-08  4.3220e-08  0:04:08  154

 Reversed flow on 53 faces (27.5% area) of pressure-outlet 19.

 Reversed flow on 178 faces (35.4% area) of pressure-outlet 18.
  3347  8.9545e-06  7.4511e-08  6.7968e-08  4.1855e-08  0:04:06  153

 Reversed flow on 53 faces (27.5% area) of pressure-outlet 19.

 Reversed flow on 178 faces (35.4% area) of pressure-outlet 18.
  3348  8.7299e-06  7.3213e-08  6.6706e-08  4.0710e-08  0:04:04  152

 Reversed flow on 53 faces (27.5% area) of pressure-outlet 19.

 Reversed flow on 178 faces (35.4% area) of pressure-outlet 18.
  3349  8.6189e-06  7.1938e-08  6.6157e-08  3.9578e-08  0:04:03  151

 Reversed flow on 53 faces (27.5% area) of pressure-outlet 19.

 Reversed flow on 178 faces (35.4% area) of pressure-outlet 18.
  3350  8.5669e-06  7.0897e-08  6.6533e-08  3.8717e-08  0:04:01  150

 Reversed flow on 53 faces (27.5% area) of pressure-outlet 19.

 Reversed flow on 178 faces (35.4% area) of pressure-outlet 18.
  3351  8.7250e-06  7.0622e-08  6.7898e-08  3.8524e-08  0:03:59  149

 Reversed flow on 53 faces (27.5% area) of pressure-outlet 19.

 Reversed flow on 178 faces (35.4% area) of pressure-outlet 18.
  3352  8.6474e-06  7.0300e-08  6.9505e-08  3.8377e-08  0:03:58  148

 Reversed flow on 53 faces (27.5% area) of pressure-outlet 19.

 Reversed flow on 178 faces (35.4% area) of pressure-outlet 18.
  3353  8.8247e-06  7.0360e-08  7.1049e-08  3.8327e-08  0:03:56  147

 Reversed flow on 53 faces (27.5% area) of pressure-outlet 19.

 Reversed flow on 178 faces (35.4% area) of pressure-outlet 18.
  3354  9.0607e-06  7.1072e-08  7.2750e-08  3.8957e-08  0:03:55  146

 Reversed flow on 53 faces (27.5% area) of pressure-outlet 19.

 Reversed flow on 178 faces (35.4% area) of pressure-outlet 18.
  3355  9.2923e-06  7.2065e-08  7.4956e-08  4.0082e-08  0:03:53  145

 Reversed flow on 53 faces (27.5% area) of pressure-outlet 19.

 Reversed flow on 178 faces (35.4% area) of pressure-outlet 18.

  iter  continuity  x-velocity  y-velocity  z-velocity     time/iter
  3356  9.2451e-06  7.2300e-08  7.6819e-08  4.1337e-08  0:03:51  144

 Reversed flow on 53 faces (27.5% area) of pressure-outlet 19.

 Reversed flow on 178 faces (35.4% area) of pressure-outlet 18.
  3357  9.3776e-06  7.2479e-08  7.8186e-08  4.2673e-08  0:03:50  143

 Reversed flow on 53 faces (27.5% area) of pressure-outlet 19.

 Reversed flow on 178 faces (35.4% area) of pressure-outlet 18.
  3358  9.4424e-06  7.3210e-08  8.0154e-08  4.3947e-08  0:03:48  142

 Reversed flow on 53 faces (27.5% area) of pressure-outlet 19.

 Reversed flow on 178 faces (35.4% area) of pressure-outlet 18.
  3359  9.6409e-06  7.4149e-08  8.1739e-08  4.5352e-08  0:03:47  141

 Reversed flow on 53 faces (27.5% area) of pressure-outlet 19.

 Reversed flow on 178 faces (35.4% area) of pressure-outlet 18.
  3360  9.5785e-06  7.4998e-08  8.2518e-08  4.6590e-08  0:03:45  140

 Reversed flow on 53 faces (27.5% area) of pressure-outlet 19.

 Reversed flow on 178 faces (35.4% area) of pressure-outlet 18.
  3361  9.5470e-06  7.5693e-08  8.2533e-08  4.7172e-08  0:03:43  139

 Reversed flow on 53 faces (27.5% area) of pressure-outlet 19.

 Reversed flow on 178 faces (35.4% area) of pressure-outlet 18.
  3362  9.5816e-06  7.6426e-08  8.5548e-08  4.7521e-08  0:03:42  138

 Reversed flow on 53 faces (27.5% area) of pressure-outlet 19.

 Reversed flow on 178 faces (35.4% area) of pressure-outlet 18.
  3363  9.7588e-06  7.7634e-08  8.8716e-08  4.7882e-08  0:03:40  137

 Reversed flow on 53 faces (27.5% area) of pressure-outlet 19.

 Reversed flow on 178 faces (35.4% area) of pressure-outlet 18.
  3364  9.5372e-06  7.8135e-08  9.0702e-08  4.7843e-08  0:03:38  136

 Reversed flow on 53 faces (27.5% area) of pressure-outlet 19.

 Reversed flow on 178 faces (35.4% area) of pressure-outlet 18.
  3365  9.5173e-06  7.8652e-08  9.2193e-08  4.7875e-08  0:03:37  135

 Reversed flow on 53 faces (27.5% area) of pressure-outlet 19.

 Reversed flow on 178 faces (35.4% area) of pressure-outlet 18.
  3366  9.8376e-06  8.0637e-08  9.6317e-08  4.8598e-08  0:03:35  134

 Reversed flow on 53 faces (27.5% area) of pressure-outlet 19.

 Reversed flow on 178 faces (35.4% area) of pressure-outlet 18.

  iter  continuity  x-velocity  y-velocity  z-velocity     time/iter
  3367  1.0655e-05  8.4965e-08  1.0249e-07  5.0140e-08  0:03:34  133

 Reversed flow on 53 faces (27.5% area) of pressure-outlet 19.

 Reversed flow on 178 faces (35.4% area) of pressure-outlet 18.
  3368  1.1349e-05  8.9860e-08  1.0596e-07  5.2743e-08  0:03:32  132

 Reversed flow on 53 faces (27.5% area) of pressure-outlet 19.

 Reversed flow on 178 faces (35.4% area) of pressure-outlet 18.
  3369  1.2032e-05  9.5422e-08  1.0664e-07  5.6891e-08  0:03:30  131

 Reversed flow on 53 faces (27.5% area) of pressure-outlet 19.

 Reversed flow on 178 faces (35.4% area) of pressure-outlet 18.
  3370  1.2390e-05  9.9549e-08  1.0762e-07  6.0823e-08  0:03:29  130

 Reversed flow on 53 faces (27.5% area) of pressure-outlet 19.

 Reversed flow on 178 faces (35.4% area) of pressure-outlet 18.
  3371  1.2608e-05  1.0187e-07  1.0684e-07  6.3171e-08  0:03:27  129

 Reversed flow on 53 faces (27.5% area) of pressure-outlet 19.

 Reversed flow on 178 faces (35.4% area) of pressure-outlet 18.
  3372  1.2422e-05  1.0174e-07  1.0674e-07  6.3915e-08  0:03:27  128

 Reversed flow on 53 faces (27.5% area) of pressure-outlet 19.

 Reversed flow on 178 faces (35.4% area) of pressure-outlet 18.
  3373  1.2270e-05  1.0066e-07  1.0531e-07  6.3575e-08  0:03:27  127

 Reversed flow on 53 faces (27.5% area) of pressure-outlet 19.

 Reversed flow on 178 faces (35.4% area) of pressure-outlet 18.
  3374  1.2138e-05  9.8438e-08  1.0318e-07  6.2387e-08  0:03:25  126

 Reversed flow on 53 faces (27.5% area) of pressure-outlet 19.

 Reversed flow on 178 faces (35.4% area) of pressure-outlet 18.
  3375  1.2189e-05  9.5973e-08  9.9361e-08  6.0882e-08  0:03:23  125

 Reversed flow on 53 faces (27.5% area) of pressure-outlet 19.

 Reversed flow on 178 faces (35.4% area) of pressure-outlet 18.
  3376  1.1829e-05  9.2846e-08  9.4539e-08  5.8922e-08  0:03:21  124

 Reversed flow on 53 faces (27.5% area) of pressure-outlet 19.

 Reversed flow on 178 faces (35.4% area) of pressure-outlet 18.
  3377  1.1509e-05  9.0917e-08  8.9465e-08  5.6592e-08  0:03:19  123

 Reversed flow on 53 faces (27.5% area) of pressure-outlet 19.

 Reversed flow on 178 faces (35.4% area) of pressure-outlet 18.

  iter  continuity  x-velocity  y-velocity  z-velocity     time/iter
  3378  1.1211e-05  8.9306e-08  8.5619e-08  5.4539e-08  0:03:17  122

 Reversed flow on 53 faces (27.5% area) of pressure-outlet 19.

 Reversed flow on 178 faces (35.4% area) of pressure-outlet 18.
  3379  1.0934e-05  8.7469e-08  8.1762e-08  5.2546e-08  0:03:15  121

 Reversed flow on 53 faces (27.5% area) of pressure-outlet 19.

 Reversed flow on 178 faces (35.4% area) of pressure-outlet 18.
  3380  1.0336e-05  8.4689e-08  7.7741e-08  5.0103e-08  0:03:14  120

 Reversed flow on 53 faces (27.5% area) of pressure-outlet 19.

 Reversed flow on 178 faces (35.4% area) of pressure-outlet 18.
  3381  9.9308e-06  8.1787e-08  7.4600e-08  4.7782e-08  0:03:13  119

 Reversed flow on 53 faces (27.5% area) of pressure-outlet 19.

 Reversed flow on 178 faces (35.4% area) of pressure-outlet 18.
  3382  9.5012e-06  7.8913e-08  7.1804e-08  4.5587e-08  0:03:15  118

 Reversed flow on 53 faces (27.5% area) of pressure-outlet 19.

 Reversed flow on 178 faces (35.4% area) of pressure-outlet 18.
  3383  9.3014e-06  7.6734e-08  6.9628e-08  4.3766e-08  0:03:14  117

 Reversed flow on 53 faces (27.5% area) of pressure-outlet 19.

 Reversed flow on 178 faces (35.4% area) of pressure-outlet 18.
  3384  8.8778e-06  7.4272e-08  6.7743e-08  4.1977e-08  0:03:12  116

 Reversed flow on 53 faces (27.5% area) of pressure-outlet 19.

 Reversed flow on 178 faces (35.4% area) of pressure-outlet 18.
  3385  8.5816e-06  7.1621e-08  6.5864e-08  4.0227e-08  0:03:09  115

 Reversed flow on 53 faces (27.5% area) of pressure-outlet 19.

 Reversed flow on 178 faces (35.4% area) of pressure-outlet 18.
  3386  8.3202e-06  6.9101e-08  6.5490e-08  3.8800e-08  0:03:06  114

 Reversed flow on 53 faces (27.5% area) of pressure-outlet 19.

 Reversed flow on 178 faces (35.4% area) of pressure-outlet 18.
  3387  8.2674e-06  6.7384e-08  6.6250e-08  3.7989e-08  0:03:04  113

 Reversed flow on 53 faces (27.5% area) of pressure-outlet 19.

 Reversed flow on 178 faces (35.4% area) of pressure-outlet 18.
  3388  7.9838e-06  6.5672e-08  6.7498e-08  3.7344e-08  0:03:02  112

 Reversed flow on 53 faces (27.5% area) of pressure-outlet 19.

 Reversed flow on 178 faces (35.4% area) of pressure-outlet 18.

  iter  continuity  x-velocity  y-velocity  z-velocity     time/iter
  3389  8.0046e-06  6.4622e-08  6.8828e-08  3.6862e-08  0:03:00  111

 Reversed flow on 53 faces (27.5% area) of pressure-outlet 19.

 Reversed flow on 178 faces (35.4% area) of pressure-outlet 18.
  3390  8.1523e-06  6.4437e-08  7.0390e-08  3.6917e-08  0:02:58  110

 Reversed flow on 53 faces (27.5% area) of pressure-outlet 19.

 Reversed flow on 178 faces (35.4% area) of pressure-outlet 18.
  3391  8.4237e-06  6.5149e-08  7.2168e-08  3.7714e-08  0:02:56  109

 Reversed flow on 53 faces (27.5% area) of pressure-outlet 19.

 Reversed flow on 178 faces (35.4% area) of pressure-outlet 18.
  3392  8.5059e-06  6.6206e-08  7.4469e-08  3.8760e-08  0:02:54  108

 Reversed flow on 53 faces (27.5% area) of pressure-outlet 19.

 Reversed flow on 178 faces (35.4% area) of pressure-outlet 18.
  3393  8.7972e-06  6.8013e-08  7.6307e-08  4.0186e-08  0:02:53  107

 Reversed flow on 53 faces (27.5% area) of pressure-outlet 19.

 Reversed flow on 178 faces (35.4% area) of pressure-outlet 18.
  3394  9.0888e-06  7.0151e-08  7.8120e-08  4.1855e-08  0:02:51  106

 Reversed flow on 53 faces (27.5% area) of pressure-outlet 19.

 Reversed flow on 178 faces (35.4% area) of pressure-outlet 18.
  3395  9.5149e-06  7.3106e-08  8.0515e-08  4.3826e-08  0:02:49  105

 Reversed flow on 53 faces (27.5% area) of pressure-outlet 19.

 Reversed flow on 178 faces (35.4% area) of pressure-outlet 18.
  3396  9.6957e-06  7.5837e-08  8.2594e-08  4.5650e-08  0:02:47  104

 Reversed flow on 53 faces (27.5% area) of pressure-outlet 19.

 Reversed flow on 178 faces (35.4% area) of pressure-outlet 18.
  3397  9.8914e-06  7.8436e-08  8.3024e-08  4.7017e-08  0:02:46  103

 Reversed flow on 53 faces (27.5% area) of pressure-outlet 19.

 Reversed flow on 178 faces (35.4% area) of pressure-outlet 18.
  3398  1.0061e-05  8.0715e-08  8.4228e-08  4.8079e-08  0:02:44  102

 Reversed flow on 53 faces (27.5% area) of pressure-outlet 19.

 Reversed flow on 178 faces (35.4% area) of pressure-outlet 18.
  3399  1.0415e-05  8.3707e-08  8.8115e-08  4.9121e-08  0:02:43  101

 Reversed flow on 53 faces (27.5% area) of pressure-outlet 19.

 Reversed flow on 178 faces (35.4% area) of pressure-outlet 18.

  iter  continuity  x-velocity  y-velocity  z-velocity     time/iter
  3400  1.0299e-05  8.4873e-08  9.0993e-08  4.9512e-08  0:02:41  100

 Reversed flow on 53 faces (27.5% area) of pressure-outlet 19.

 Reversed flow on 178 faces (35.4% area) of pressure-outlet 18.
  3401  1.0256e-05  8.5162e-08  9.2812e-08  4.9584e-08  0:02:39   99

 Reversed flow on 53 faces (27.5% area) of pressure-outlet 19.

 Reversed flow on 178 faces (35.4% area) of pressure-outlet 18.
  3402  1.0278e-05  8.5048e-08  9.4800e-08  5.0043e-08  0:02:38   98

 Reversed flow on 53 faces (27.5% area) of pressure-outlet 19.

 Reversed flow on 178 faces (35.4% area) of pressure-outlet 18.
  3403  1.0657e-05  8.7002e-08  9.9608e-08  5.0784e-08  0:02:36   97

 Reversed flow on 53 faces (27.5% area) of pressure-outlet 19.

 Reversed flow on 178 faces (35.4% area) of pressure-outlet 18.
  3404  1.1174e-05  8.9591e-08  1.0509e-07  5.1978e-08  0:02:34   96

 Reversed flow on 53 faces (27.5% area) of pressure-outlet 19.

 Reversed flow on 178 faces (35.4% area) of pressure-outlet 18.
  3405  1.1841e-05  9.3532e-08  1.0669e-07  5.4818e-08  0:02:33   95

 Reversed flow on 53 faces (27.5% area) of pressure-outlet 19.

 Reversed flow on 178 faces (35.4% area) of pressure-outlet 18.
  3406  1.2289e-05  9.7285e-08  1.0764e-07  5.8936e-08  0:02:31   94

 Reversed flow on 53 faces (27.5% area) of pressure-outlet 19.

 Reversed flow on 178 faces (35.4% area) of pressure-outlet 18.
  3407  1.2585e-05  9.9461e-08  1.0783e-07  6.2196e-08  0:02:29   93

 Reversed flow on 53 faces (27.5% area) of pressure-outlet 19.

 Reversed flow on 178 faces (35.4% area) of pressure-outlet 18.
  3408  1.2308e-05  9.9193e-08  1.0625e-07  6.3380e-08  0:02:28   92

 Reversed flow on 53 faces (27.5% area) of pressure-outlet 19.

 Reversed flow on 178 faces (35.4% area) of pressure-outlet 18.
  3409  1.2018e-05  9.7721e-08  1.0547e-07  6.3349e-08  0:02:26   91

 Reversed flow on 53 faces (27.5% area) of pressure-outlet 19.

 Reversed flow on 178 faces (35.4% area) of pressure-outlet 18.
  3410  1.1790e-05  9.5740e-08  1.0407e-07  6.2570e-08  0:02:25   90

 Reversed flow on 53 faces (27.5% area) of pressure-outlet 19.

 Reversed flow on 178 faces (35.4% area) of pressure-outlet 18.

  iter  continuity  x-velocity  y-velocity  z-velocity     time/iter
  3411  1.1740e-05  9.3199e-08  1.0147e-07  6.1118e-08  0:02:23   89

 Reversed flow on 53 faces (27.5% area) of pressure-outlet 19.

 Reversed flow on 178 faces (35.4% area) of pressure-outlet 18.
  3412  1.1446e-05  8.9938e-08  9.6760e-08  5.9085e-08  0:02:22   88

 Reversed flow on 53 faces (27.5% area) of pressure-outlet 19.

 Reversed flow on 178 faces (35.4% area) of pressure-outlet 18.
  3413  1.1253e-05  8.7961e-08  9.1803e-08  5.6832e-08  0:02:20   87

 Reversed flow on 53 faces (27.5% area) of pressure-outlet 19.

 Reversed flow on 178 faces (35.4% area) of pressure-outlet 18.
  3414  1.1050e-05  8.7345e-08  8.7421e-08  5.4852e-08  0:02:18   86

 Reversed flow on 53 faces (27.5% area) of pressure-outlet 19.

 Reversed flow on 178 faces (35.4% area) of pressure-outlet 18.
  3415  1.0922e-05  8.7086e-08  8.4130e-08  5.3211e-08  0:02:17   85

 Reversed flow on 53 faces (27.5% area) of pressure-outlet 19.

 Reversed flow on 178 faces (35.4% area) of pressure-outlet 18.
  3416  1.0506e-05  8.5914e-08  8.0213e-08  5.1205e-08  0:02:15   84

 Reversed flow on 53 faces (27.5% area) of pressure-outlet 19.

 Reversed flow on 178 faces (35.4% area) of pressure-outlet 18.
  3417  1.0234e-05  8.4656e-08  7.6727e-08  4.9121e-08  0:02:14   83

 Reversed flow on 53 faces (27.5% area) of pressure-outlet 19.

 Reversed flow on 178 faces (35.4% area) of pressure-outlet 18.
  3418  9.9454e-06  8.3147e-08  7.4230e-08  4.7328e-08  0:02:12   82

 Reversed flow on 53 faces (27.5% area) of pressure-outlet 19.

 Reversed flow on 178 faces (35.4% area) of pressure-outlet 18.
  3419  9.8509e-06  8.1785e-08  7.2148e-08  4.5880e-08  0:02:10   81

 Reversed flow on 53 faces (27.5% area) of pressure-outlet 19.

 Reversed flow on 178 faces (35.4% area) of pressure-outlet 18.
  3420  9.5359e-06  7.9984e-08  7.0458e-08  4.4396e-08  0:02:09   80

 Reversed flow on 53 faces (27.5% area) of pressure-outlet 19.

 Reversed flow on 178 faces (35.4% area) of pressure-outlet 18.
  3421  9.3097e-06  7.7827e-08  6.8581e-08  4.2785e-08  0:02:07   79

 Reversed flow on 53 faces (27.5% area) of pressure-outlet 19.

 Reversed flow on 178 faces (35.4% area) of pressure-outlet 18.

  iter  continuity  x-velocity  y-velocity  z-velocity     time/iter
  3422  9.0956e-06  7.5231e-08  6.7129e-08  4.1437e-08  0:02:05   78

 Reversed flow on 53 faces (27.5% area) of pressure-outlet 19.

 Reversed flow on 178 faces (35.4% area) of pressure-outlet 18.
  3423  9.0259e-06  7.3246e-08  6.7199e-08  4.0472e-08  0:02:04   77

 Reversed flow on 53 faces (27.5% area) of pressure-outlet 19.

 Reversed flow on 178 faces (35.4% area) of pressure-outlet 18.
  3424  8.6507e-06  7.0931e-08  6.7879e-08  3.9504e-08  0:02:02   76

 Reversed flow on 53 faces (27.5% area) of pressure-outlet 19.

 Reversed flow on 178 faces (35.4% area) of pressure-outlet 18.
  3425  8.5136e-06  6.8838e-08  6.8701e-08  3.8614e-08  0:02:01   75

 Reversed flow on 53 faces (27.5% area) of pressure-outlet 19.

 Reversed flow on 178 faces (35.4% area) of pressure-outlet 18.
  3426  8.4823e-06  6.7080e-08  6.9850e-08  3.8064e-08  0:01:59   74

 Reversed flow on 53 faces (27.5% area) of pressure-outlet 19.

 Reversed flow on 178 faces (35.4% area) of pressure-outlet 18.
  3427  8.5762e-06  6.6216e-08  7.1104e-08  3.8008e-08  0:01:58   73

 Reversed flow on 53 faces (27.5% area) of pressure-outlet 19.

 Reversed flow on 178 faces (35.4% area) of pressure-outlet 18.
  3428  8.4836e-06  6.5871e-08  7.2750e-08  3.8369e-08  0:01:56   72

 Reversed flow on 53 faces (27.5% area) of pressure-outlet 19.

 Reversed flow on 178 faces (35.4% area) of pressure-outlet 18.
  3429  8.5937e-06  6.6139e-08  7.4508e-08  3.9006e-08  0:01:57   71

 Reversed flow on 53 faces (27.5% area) of pressure-outlet 19.

 Reversed flow on 178 faces (35.4% area) of pressure-outlet 18.
  3430  8.6582e-06  6.6612e-08  7.5666e-08  4.0037e-08  0:01:55   70

 Reversed flow on 53 faces (27.5% area) of pressure-outlet 19.

 Reversed flow on 178 faces (35.4% area) of pressure-outlet 18.
  3431  8.9270e-06  6.8043e-08  7.7736e-08  4.1614e-08  0:01:53   69

 Reversed flow on 53 faces (27.5% area) of pressure-outlet 19.

 Reversed flow on 178 faces (35.4% area) of pressure-outlet 18.
  3432  8.9563e-06  6.9597e-08  8.0043e-08  4.3171e-08  0:01:55   68

 Reversed flow on 53 faces (27.5% area) of pressure-outlet 19.

 Reversed flow on 178 faces (35.4% area) of pressure-outlet 18.

  iter  continuity  x-velocity  y-velocity  z-velocity     time/iter
  3433  9.0790e-06  7.1192e-08  8.1383e-08  4.4404e-08  0:01:53   67

 Reversed flow on 53 faces (27.5% area) of pressure-outlet 19.

 Reversed flow on 178 faces (35.4% area) of pressure-outlet 18.
  3434  9.1878e-06  7.2986e-08  8.1444e-08  4.5591e-08  0:01:50   66

 Reversed flow on 53 faces (27.5% area) of pressure-outlet 19.

 Reversed flow on 178 faces (35.4% area) of pressure-outlet 18.
  3435  9.4534e-06  7.5309e-08  8.3876e-08  4.6781e-08  0:01:48   65

 Reversed flow on 53 faces (27.5% area) of pressure-outlet 19.

 Reversed flow on 178 faces (35.4% area) of pressure-outlet 18.
  3436  9.4574e-06  7.7340e-08  8.7239e-08  4.7349e-08  0:01:45   64

 Reversed flow on 53 faces (27.5% area) of pressure-outlet 19.

 Reversed flow on 178 faces (35.4% area) of pressure-outlet 18.
  3437  9.5989e-06  7.8898e-08  8.9788e-08  4.7590e-08  0:01:43   63

 Reversed flow on 53 faces (27.5% area) of pressure-outlet 19.

 Reversed flow on 178 faces (35.4% area) of pressure-outlet 18.
  3438  9.7603e-06  8.0817e-08  9.2039e-08  4.8054e-08  0:01:41   62

 Reversed flow on 53 faces (27.5% area) of pressure-outlet 19.

 Reversed flow on 178 faces (35.4% area) of pressure-outlet 18.
  3439  1.0118e-05  8.2973e-08  9.4753e-08  4.9136e-08  0:01:39   61

 Reversed flow on 53 faces (27.5% area) of pressure-outlet 19.

 Reversed flow on 178 faces (35.4% area) of pressure-outlet 18.
  3440  1.0566e-05  8.6696e-08  1.0023e-07  5.0106e-08  0:01:37   60

 Reversed flow on 53 faces (27.5% area) of pressure-outlet 19.

 Reversed flow on 178 faces (35.4% area) of pressure-outlet 18.
  3441  1.1514e-05  9.1558e-08  1.0627e-07  5.2045e-08  0:01:36   59

 Reversed flow on 53 faces (27.5% area) of pressure-outlet 19.

 Reversed flow on 178 faces (35.4% area) of pressure-outlet 18.
  3442  1.2282e-05  9.7725e-08  1.0715e-07  5.6023e-08  0:01:34   58

 Reversed flow on 53 faces (27.5% area) of pressure-outlet 19.

 Reversed flow on 178 faces (35.4% area) of pressure-outlet 18.
  3443  1.2996e-05  1.0302e-07  1.0891e-07  6.0714e-08  0:01:32   57

 Reversed flow on 53 faces (27.5% area) of pressure-outlet 19.

 Reversed flow on 178 faces (35.4% area) of pressure-outlet 18.

  iter  continuity  x-velocity  y-velocity  z-velocity     time/iter
  3444  1.3089e-05  1.0569e-07  1.0844e-07  6.3590e-08  0:01:30   56

 Reversed flow on 53 faces (27.5% area) of pressure-outlet 19.

 Reversed flow on 178 faces (35.4% area) of pressure-outlet 18.
  3445  1.2879e-05  1.0553e-07  1.0738e-07  6.4685e-08  0:01:29   55

 Reversed flow on 53 faces (27.5% area) of pressure-outlet 19.

 Reversed flow on 178 faces (35.4% area) of pressure-outlet 18.
  3446  1.2640e-05  1.0373e-07  1.0649e-07  6.4807e-08  0:01:27   54

 Reversed flow on 53 faces (27.5% area) of pressure-outlet 19.

 Reversed flow on 178 faces (35.4% area) of pressure-outlet 18.
  3447  1.2506e-05  1.0090e-07  1.0516e-07  6.4042e-08  0:01:25   53

 Reversed flow on 53 faces (27.5% area) of pressure-outlet 19.

 Reversed flow on 178 faces (35.4% area) of pressure-outlet 18.
  3448  1.2028e-05  9.6544e-08  1.0119e-07  6.1873e-08  0:01:24   52

 Reversed flow on 53 faces (27.5% area) of pressure-outlet 19.

 Reversed flow on 178 faces (35.4% area) of pressure-outlet 18.
  3449  1.1758e-05  9.2018e-08  9.5947e-08  5.9487e-08  0:01:22   51

 Reversed flow on 53 faces (27.5% area) of pressure-outlet 19.

 Reversed flow on 178 faces (35.4% area) of pressure-outlet 18.
  3450  1.1457e-05  8.9241e-08  9.1052e-08  5.7135e-08  0:01:21   50

 Reversed flow on 53 faces (27.5% area) of pressure-outlet 19.

 Reversed flow on 178 faces (35.4% area) of pressure-outlet 18.
  3451  1.1171e-05  8.7105e-08  8.6649e-08  5.4971e-08  0:01:19   49

 Reversed flow on 53 faces (27.5% area) of pressure-outlet 19.

 Reversed flow on 178 faces (35.4% area) of pressure-outlet 18.
  3452  1.0623e-05  8.4487e-08  8.2514e-08  5.2617e-08  0:01:17   48

 Reversed flow on 53 faces (27.5% area) of pressure-outlet 19.

 Reversed flow on 178 faces (35.4% area) of pressure-outlet 18.
  3453  1.0184e-05  8.2124e-08  7.8207e-08  5.0081e-08  0:01:16   47

 Reversed flow on 53 faces (27.5% area) of pressure-outlet 19.

 Reversed flow on 178 faces (35.4% area) of pressure-outlet 18.
  3454  9.7137e-06  7.9645e-08  7.4650e-08  4.7631e-08  0:01:14   46

 Reversed flow on 53 faces (27.5% area) of pressure-outlet 19.

 Reversed flow on 178 faces (35.4% area) of pressure-outlet 18.

  iter  continuity  x-velocity  y-velocity  z-velocity     time/iter
  3455  9.4546e-06  7.7606e-08  7.2098e-08  4.5695e-08  0:01:12   45

 Reversed flow on 53 faces (27.5% area) of pressure-outlet 19.

 Reversed flow on 178 faces (35.4% area) of pressure-outlet 18.
  3456  9.0764e-06  7.5503e-08  6.9952e-08  4.3900e-08  0:01:11   44

 Reversed flow on 53 faces (27.5% area) of pressure-outlet 19.

 Reversed flow on 178 faces (35.4% area) of pressure-outlet 18.
  3457  8.8369e-06  7.3789e-08  6.7864e-08  4.2025e-08  0:01:09   43

 Reversed flow on 53 faces (27.5% area) of pressure-outlet 19.

 Reversed flow on 178 faces (35.4% area) of pressure-outlet 18.
  3458  8.6845e-06  7.2285e-08  6.6150e-08  4.0496e-08  0:01:08   42

 Reversed flow on 53 faces (27.5% area) of pressure-outlet 19.

 Reversed flow on 178 faces (35.4% area) of pressure-outlet 18.
  3459  8.7130e-06  7.1212e-08  6.5648e-08  3.9644e-08  0:01:06   41

 Reversed flow on 53 faces (27.5% area) of pressure-outlet 19.

 Reversed flow on 178 faces (35.4% area) of pressure-outlet 18.
  3460  8.4327e-06  7.0052e-08  6.6154e-08  3.8753e-08  0:01:04   40

 Reversed flow on 53 faces (27.5% area) of pressure-outlet 19.

 Reversed flow on 178 faces (35.4% area) of pressure-outlet 18.
  3461  8.3947e-06  6.9178e-08  6.7174e-08  3.8053e-08  0:01:03   39

 Reversed flow on 53 faces (27.5% area) of pressure-outlet 19.

 Reversed flow on 178 faces (35.4% area) of pressure-outlet 18.
  3462  8.4740e-06  6.8684e-08  6.8641e-08  3.7793e-08  0:01:01   38

 Reversed flow on 53 faces (27.5% area) of pressure-outlet 19.

 Reversed flow on 178 faces (35.4% area) of pressure-outlet 18.
  3463  8.6862e-06  6.8716e-08  7.0283e-08  3.7939e-08  0:00:59   37

 Reversed flow on 53 faces (27.5% area) of pressure-outlet 19.

 Reversed flow on 178 faces (35.4% area) of pressure-outlet 18.
  3464  8.7107e-06  6.8830e-08  7.2080e-08  3.8428e-08  0:00:58   36

 Reversed flow on 53 faces (27.5% area) of pressure-outlet 19.

 Reversed flow on 178 faces (35.4% area) of pressure-outlet 18.
  3465  8.9351e-06  6.9424e-08  7.4228e-08  3.9256e-08  0:00:56   35

 Reversed flow on 53 faces (27.5% area) of pressure-outlet 19.

 Reversed flow on 178 faces (35.4% area) of pressure-outlet 18.

  iter  continuity  x-velocity  y-velocity  z-velocity     time/iter
  3466  9.0786e-06  7.0010e-08  7.5979e-08  4.0352e-08  0:00:55   34

 Reversed flow on 53 faces (27.5% area) of pressure-outlet 19.

 Reversed flow on 178 faces (35.4% area) of pressure-outlet 18.
  3467  9.3583e-06  7.1088e-08  7.7252e-08  4.1976e-08  0:00:53   33

 Reversed flow on 53 faces (27.5% area) of pressure-outlet 19.

 Reversed flow on 178 faces (35.4% area) of pressure-outlet 18.
  3468  9.4168e-06  7.2535e-08  7.9882e-08  4.3645e-08  0:00:51   32

 Reversed flow on 53 faces (27.5% area) of pressure-outlet 19.

 Reversed flow on 178 faces (35.4% area) of pressure-outlet 18.
  3469  9.5194e-06  7.3705e-08  8.1472e-08  4.4869e-08  0:00:50   31

 Reversed flow on 53 faces (27.5% area) of pressure-outlet 19.

 Reversed flow on 178 faces (35.4% area) of pressure-outlet 18.
  3470  9.5869e-06  7.4723e-08  8.2254e-08  4.5987e-08  0:00:48   30

 Reversed flow on 53 faces (27.5% area) of pressure-outlet 19.

 Reversed flow on 178 faces (35.4% area) of pressure-outlet 18.
  3471  9.7362e-06  7.6155e-08  8.2161e-08  4.7130e-08  0:00:47   29

 Reversed flow on 53 faces (27.5% area) of pressure-outlet 19.

 Reversed flow on 178 faces (35.4% area) of pressure-outlet 18.
  3472  9.5704e-06  7.7042e-08  8.5094e-08  4.7581e-08  0:00:45   28

 Reversed flow on 53 faces (27.5% area) of pressure-outlet 19.

 Reversed flow on 178 faces (35.4% area) of pressure-outlet 18.
  3473  9.6113e-06  7.8078e-08  8.7816e-08  4.7564e-08  0:00:43   27

 Reversed flow on 53 faces (27.5% area) of pressure-outlet 19.

 Reversed flow on 178 faces (35.4% area) of pressure-outlet 18.
  3474  9.6102e-06  7.8743e-08  9.0039e-08  4.7579e-08  0:00:42   26

 Reversed flow on 53 faces (27.5% area) of pressure-outlet 19.

 Reversed flow on 178 faces (35.4% area) of pressure-outlet 18.
  3475  9.6861e-06  7.9627e-08  9.2091e-08  4.7863e-08  0:00:40   25

 Reversed flow on 53 faces (27.5% area) of pressure-outlet 19.

 Reversed flow on 178 faces (35.4% area) of pressure-outlet 18.
  3476  9.7091e-06  8.0485e-08  9.4940e-08  4.8367e-08  0:00:39   24

 Reversed flow on 53 faces (27.5% area) of pressure-outlet 19.

 Reversed flow on 178 faces (35.4% area) of pressure-outlet 18.

  iter  continuity  x-velocity  y-velocity  z-velocity     time/iter
  3477  1.0295e-05  8.3686e-08  1.0073e-07  4.9278e-08  0:00:37   23

 Reversed flow on 53 faces (27.5% area) of pressure-outlet 19.

 Reversed flow on 178 faces (35.4% area) of pressure-outlet 18.
  3478  1.1095e-05  8.8000e-08  1.0595e-07  5.1588e-08  0:00:35   22

 Reversed flow on 53 faces (27.5% area) of pressure-outlet 19.

 Reversed flow on 178 faces (35.4% area) of pressure-outlet 18.
  3479  1.1897e-05  9.3753e-08  1.0654e-07  5.6006e-08  0:00:34   21

 Reversed flow on 53 faces (27.5% area) of pressure-outlet 19.

 Reversed flow on 178 faces (35.4% area) of pressure-outlet 18.
  3480  1.2171e-05  9.7404e-08  1.0748e-07  5.9927e-08  0:00:32   20

 Reversed flow on 53 faces (27.5% area) of pressure-outlet 19.

 Reversed flow on 178 faces (35.4% area) of pressure-outlet 18.
  3481  1.2231e-05  9.9112e-08  1.0620e-07  6.2034e-08  0:00:31   19

 Reversed flow on 53 faces (27.5% area) of pressure-outlet 19.

 Reversed flow on 178 faces (35.4% area) of pressure-outlet 18.
  3482  1.2161e-05  9.9321e-08  1.0605e-07  6.3009e-08  0:00:29   18

 Reversed flow on 53 faces (27.5% area) of pressure-outlet 19.

 Reversed flow on 178 faces (35.4% area) of pressure-outlet 18.
  3483  1.2245e-05  9.9132e-08  1.0528e-07  6.3201e-08  0:00:27   17

 Reversed flow on 53 faces (27.5% area) of pressure-outlet 19.

 Reversed flow on 178 faces (35.4% area) of pressure-outlet 18.
  3484  1.1978e-05  9.7035e-08  1.0320e-07  6.2031e-08  0:00:26   16

 Reversed flow on 53 faces (27.5% area) of pressure-outlet 19.

 Reversed flow on 178 faces (35.4% area) of pressure-outlet 18.
  3485  1.1890e-05  9.4509e-08  9.9010e-08  6.0088e-08  0:00:24   15

 Reversed flow on 53 faces (27.5% area) of pressure-outlet 19.

 Reversed flow on 178 faces (35.4% area) of pressure-outlet 18.
  3486  1.1841e-05  9.2329e-08  9.4612e-08  5.8405e-08  0:00:22   14

 Reversed flow on 53 faces (27.5% area) of pressure-outlet 19.

 Reversed flow on 178 faces (35.4% area) of pressure-outlet 18.
  3487  1.1770e-05  9.1926e-08  9.0147e-08  5.6631e-08  0:00:21   13

 Reversed flow on 53 faces (27.5% area) of pressure-outlet 19.

 Reversed flow on 178 faces (35.4% area) of pressure-outlet 18.

  iter  continuity  x-velocity  y-velocity  z-velocity     time/iter
  3488  1.1396e-05  9.0872e-08  8.6006e-08  5.4647e-08  0:00:19   12

 Reversed flow on 53 faces (27.5% area) of pressure-outlet 19.

 Reversed flow on 178 faces (35.4% area) of pressure-outlet 18.
  3489  1.1124e-05  8.9939e-08  8.2126e-08  5.2646e-08  0:00:18   11

 Reversed flow on 53 faces (27.5% area) of pressure-outlet 19.

 Reversed flow on 178 faces (35.4% area) of pressure-outlet 18.
  3490  1.0666e-05  8.7867e-08  7.8345e-08  5.0540e-08  0:00:16   10

 Reversed flow on 53 faces (27.5% area) of pressure-outlet 19.

 Reversed flow on 178 faces (35.4% area) of pressure-outlet 18.
  3491  1.0361e-05  8.5224e-08  7.5361e-08  4.8579e-08  0:00:14    9

 Reversed flow on 53 faces (27.5% area) of pressure-outlet 19.

 Reversed flow on 178 faces (35.4% area) of pressure-outlet 18.
  3492  9.8111e-06  8.2013e-08  7.2660e-08  4.6546e-08  0:00:13    8

 Reversed flow on 53 faces (27.5% area) of pressure-outlet 19.

 Reversed flow on 178 faces (35.4% area) of pressure-outlet 18.
  3493  9.4300e-06  7.8942e-08  7.0062e-08  4.4398e-08  0:00:11    7

 Reversed flow on 53 faces (27.5% area) of pressure-outlet 19.

 Reversed flow on 178 faces (35.4% area) of pressure-outlet 18.
  3494  9.1080e-06  7.5896e-08  6.7815e-08  4.2441e-08  0:00:10    6

 Reversed flow on 53 faces (27.5% area) of pressure-outlet 19.

 Reversed flow on 178 faces (35.4% area) of pressure-outlet 18.
  3495  8.9799e-06  7.3243e-08  6.6168e-08  4.1070e-08  0:00:08    5

 Reversed flow on 53 faces (27.5% area) of pressure-outlet 19.

 Reversed flow on 178 faces (35.4% area) of pressure-outlet 18.
  3496  8.5263e-06  7.0034e-08  6.5668e-08  3.9656e-08  0:00:06    4

 Reversed flow on 53 faces (27.5% area) of pressure-outlet 19.

 Reversed flow on 178 faces (35.4% area) of pressure-outlet 18.
  3497  8.2779e-06  6.7355e-08  6.5783e-08  3.8292e-08  0:00:05    3

 Reversed flow on 53 faces (27.5% area) of pressure-outlet 19.

 Reversed flow on 178 faces (35.4% area) of pressure-outlet 18.
  3498  8.1319e-06  6.5390e-08  6.6641e-08  3.7374e-08  0:00:03    2

 Reversed flow on 53 faces (27.5% area) of pressure-outlet 19.

 Reversed flow on 178 faces (35.4% area) of pressure-outlet 18.

  iter  continuity  x-velocity  y-velocity  z-velocity     time/iter
  3499  8.1369e-06  6.4153e-08  6.7846e-08  3.6908e-08  0:00:02    1

 Reversed flow on 53 faces (27.5% area) of pressure-outlet 19.

 Reversed flow on 178 faces (35.4% area) of pressure-outlet 18.
  3500  8.0216e-06  6.3254e-08  6.9387e-08  3.6673e-08  0:00:00    0

> 
adjoint/                parallel/               server/
define/                 parametric-study/       solve/
display/                plot/                   surface/
exit                    preferences/            turbo-setup/
file/                   print-license-usage     views/
mesh/                   report/

> ; ===========================================================
; DATA EXPORT
; ===========================================================

adjoint/                parallel/               server/
define/                 parametric-study/       solve/
display/                plot/                   surface/
exit                    preferences/            turbo-setup/
file/                   print-license-usage     views/
mesh/                   report/

> /surface/zone-surface interior-data fluid_domain

> 
adjoint/                parallel/               server/
define/                 parametric-study/       solve/
display/                plot/                   surface/
exit                    preferences/            turbo-setup/
file/                   print-license-usage     views/
mesh/                   report/

> ; Save case and data
/file/write-case-data "results/coronary2/Re450/bifurcation_Re450.cas.h5"Fast-loading "C:\PROGRA~1\ANSYSI~1\v252\fluent\fluent25.2.0\\addons\afd\lib\hdfio.bin"
Done.

Writing to DESKTOP-BBN4MI6:"C:\Users\radie\Desktop\1_TrainingSIMS\realvesselSIM2\results/coronary2/Re450/bifurcation_Re450.cas.h5" in NODE0 mode and compression level 1 ...
Grouping cells for Laplace smoothing ...
      700623 cells,     1 zone  ...
     1564982 faces,     5 zones ...
      256491 nodes,     1 zone  ...
  Done.
Done.

Writing to DESKTOP-BBN4MI6:"C:\Users\radie\Desktop\1_TrainingSIMS\realvesselSIM2\results/coronary2/Re450/bifurcation_Re450.dat.h5" in NODE0 mode and compression level 1 ...
  Writing results.
Done.


> 
adjoint/                parallel/               server/
define/                 parametric-study/       solve/
display/                plot/                   surface/
exit                    preferences/            turbo-setup/
file/                   print-license-usage     views/
mesh/                   report/

> ; Export interior field data
/file/export/ascii "results/coronary2/Re450/interior_full_Re450.csv" interior-data () no x-coordinate y-coordinate z-coordinate pressure x-velocity y-velocity z-velocity velocity-magnitude ()

Location/Cell-Centered?,
if Cell-Centered not chosen, node values of scalars are reported [no] ; Respond to the single prompt:
; Location/Cell-Centered? [no]
no

Writing "results/coronary2/Re450/interior_full_Re450.csv"...

Writing information to ascii file ...
Done.


> 
adjoint/                parallel/               server/
define/                 parametric-study/       solve/
display/                plot/                   surface/
exit                    preferences/            turbo-setup/
file/                   print-license-usage     views/
mesh/                   report/

> ; Export wall data
/file/export/ascii "results/coronary2/Re450/wall_data_Re450.csv" wall-fluid_domain () no x-coordinate y-coordinate z-coordinate pressure wall-shear x-wall-shear y-wall-shear z-wall-shear ()

Location/Cell-Centered?,
if Cell-Centered not chosen, node values of scalars are reported [no] ; Location/Cell-Centered? [no]
no

Writing "results/coronary2/Re450/wall_data_Re450.csv"...

Writing information to ascii file ...
Done.


> 
adjoint/                parallel/               server/
define/                 parametric-study/       solve/
display/                plot/                   surface/
exit                    preferences/            turbo-setup/
file/                   print-license-usage     views/
mesh/                   report/

> ; Export outlet data
/file/export/ascii "results/coronary2/Re450/outlets_Re450.csv" outlet_1 outlet_2 () no x-coordinate y-coordinate z-coordinate pressure velocity-magnitude ()

Location/Cell-Centered?,
if Cell-Centered not chosen, node values of scalars are reported [no] ; Location/Cell-Centered? [no]
no

Writing "results/coronary2/Re450/outlets_Re450.csv"...

Writing information to ascii file ...
Done.


> 
adjoint/                parallel/               server/
define/                 parametric-study/       solve/
display/                plot/                   surface/
exit                    preferences/            turbo-setup/
file/                   print-license-usage     views/
mesh/                   report/

> /exit 
Posting ANSYS Product Improvement Program performance data 
Done.
Auto-Transcript Stop Time:  12:11:53, 25 Feb 2026 E. Australia Standard Time 
Total Transcript Time: 1 Hour 42 Minute 4 Second.

Automatic transcript closed.
