
Opening input/output transcript to file "C:\Users\radie\Desktop\1_TrainingSIMS\realvesselSIM2\\fluent-20260225-075021-18076.trn".
Auto-Transcript Start Time:  07:50:21, 25 Feb 2026 E. Australia Standard Time 

              Welcome to ANSYS Fluent 2025 R2.04

              Copyright 1987-2025 ANSYS, Inc. All Rights Reserved.
              Unauthorized use, distribution or duplication is prohibited.
              This product is subject to U.S. laws governing export and re-export.
              For full Legal Notice, see documentation.

Build Time: Oct  7 2025 15:34:38 EDT  Build Id: 10205  
 
Connected License Server List:	1055@localhost

     --------------------------------------------------------------
     This is an academic version of ANSYS FLUENT. Usage of this product
     license is limited to the terms and conditions specified in your ANSYS
     license form, additional terms section.
     --------------------------------------------------------------
Host spawning Node 0 on machine "DESKTOP-BBN4MI6" (win64).

-----------------------------------------------------------------------------------
ID    Hostname         Core  O.S.         PID    Vendor                           
-----------------------------------------------------------------------------------
n3    DESKTOP-BBN4MI6  4/12  Windows-x64  31536  Intel(R) Core(TM) i5-10400F      
n2    DESKTOP-BBN4MI6  3/12  Windows-x64  17732  Intel(R) Core(TM) i5-10400F      
n1    DESKTOP-BBN4MI6  2/12  Windows-x64  25380  Intel(R) Core(TM) i5-10400F      
n0*   DESKTOP-BBN4MI6  1/12  Windows-x64  1744   Intel(R) Core(TM) i5-10400F      
host  DESKTOP-BBN4MI6        Windows-x64  6360   Intel(R) Core(TM) i5-10400F      

MPI Option Selected: intel
Selected system interconnect: default
-----------------------------------------------------------------------------------

Cleanup script file is C:\\Users\\radie\\Desktop\\1_TrainingSIMS\\realvesselSIM2\\cleanup-fluent-DESKTOP-BBN4MI6-6360.bat

Posting ANSYS Product Improvement Program startup data
Done.

Reading journal file results/coronary2/Re250/run_coronary2_Re250.jou...

> ; ===========================================================
; bifurcation_template_robust.jou  (BATCH-SAFE EXPORT FIX)
; Validated for ANSYS Fluent 2025 R2 (25.2)
; Mesh -> laminar -> water-liquid -> BCs -> iterate -> export
; ===========================================================

/file/set-tui-version "25.2"

> /file/set-batch-options yes no yes

> ; overwrite files? yes
; hide questions?  no   (keep no because BC sections still use scripted responses)
; exit on error?   yes

define/                 parametric-study/       solve/
display/                plot/                   surface/
exit                    preferences/            switch-to-meshing-mode
file/                   print-license-usage     turbo-setup/
mesh/                   report/                 views/
parallel/               server/

> ; Prevent overwrite prompts during export/write
/file/confirm-overwrite? no

> 
define/                 parametric-study/       solve/
display/                plot/                   surface/
exit                    preferences/            switch-to-meshing-mode
file/                   print-license-usage     turbo-setup/
mesh/                   report/                 views/
parallel/               server/

> /file/read-case "coronary2.msh"Multicore SMT processors detected. Processor affinity set!

Reading "coronary2.msh"...

Buffering for file scan...

ANSYS(R) TGLib(TM) 3D, revision 24.1.0
Warning: Skipping edges zones section(s).
   35982 nodes.
   41815 nodes.
  178694 nodes.
 1481898 mixed interior faces, zone 2633.
   81602 triangular wall faces, zone 20.
     244 mixed pressure-outlet faces, zone 19.
     344 mixed pressure-outlet faces, zone 18.
     894 mixed velocity-inlet faces, zone 17.
  700623 mixed cells, zone 2584.

Building...
     mesh
	auto partitioning mesh by Metis (fast),
	distributing mesh
		parts....,
		faces....,
		nodes....,
		cells....,
        bandwidth reduction using Reverse Cuthill-McKee: 176553/1496 = 118.017
     materials,
     interface,
     domains,
     zones,
	Skipping thread 13 of domain 1 (not referenced by grid).
	Skipping thread 14 of domain 1 (not referenced by grid).
	Skipping thread 15 of domain 1 (not referenced by grid).
	Skipping thread 16 of domain 1 (not referenced by grid).
	Skipping thread 10 of domain 1 (not referenced by grid).
	interior--fluid_domain
	wall-fluid_domain
	outlet_2
	outlet_1
	inlet
	fluid_domain
     parallel,
Done.


> 
adjoint/                parallel/               server/
define/                 parametric-study/       solve/
display/                plot/                   surface/
exit                    preferences/            turbo-setup/
file/                   print-license-usage     views/
mesh/                   report/

> ; ---------- Models ----------
/define/models/solver/pressure-based yes

> /define/models/viscous/laminar yes

> 
adjoint/                parallel/               server/
define/                 parametric-study/       solve/
display/                plot/                   surface/
exit                    preferences/            turbo-setup/
file/                   print-license-usage     views/
mesh/                   report/

> ; ---------- Materials ----------
/define/materials/copy fluid water-liquid

Material "water-liquid" copied from database: fluent-database.


> /define/boundary-conditions/fluid (fluid_domain)
fluid_domain yes water-liquid
Specify source terms? [no] no
Specify fixed values? [no] no
Frame Motion? [no] no
Use Profile for Reference Frame X-Origin of Rotation-Axis? [no] no
Reference Frame X-Origin of Rotation-Axis (constant or expression) (in [m]) [0] 0
Use Profile for Reference Frame Y-Origin of Rotation-Axis? [no] no
Reference Frame Y-Origin of Rotation-Axis (constant or expression) (in [m]) [0] 0
Use Profile for Reference Frame Z-Origin of Rotation-Axis? [no] no
Reference Frame Z-Origin of Rotation-Axis (constant or expression) (in [m]) [0] 0
Use Profile for Reference Frame X-Component of Rotation-Axis? [no] no
Reference Frame X-Component of Rotation-Axis (constant or expression) [0] 0
Use Profile for Reference Frame Y-Component of Rotation-Axis? [no] no
Reference Frame Y-Component of Rotation-Axis (constant or expression) [0] 0
Use Profile for Reference Frame Z-Component of Rotation-Axis? [no] no
Reference Frame Z-Component of Rotation-Axis (constant or expression) [1] 1
Mesh Motion? [no] no
Enter yes or no to continue [no] no
Porous zone? [no] no
3D Fan Zone? [no] no

> 
adjoint/                parallel/               server/
define/                 parametric-study/       solve/
display/                plot/                   surface/
exit                    preferences/            turbo-setup/
file/                   print-license-usage     views/
mesh/                   report/

> ; ---------- Boundary Conditions ----------
; INLET
/define/boundary-conditions/velocity-inlet (inlet)
inlet
Velocity Specification Method: Magnitude and Direction [no] no
Velocity Specification Method: Components [no] no
Velocity Specification Method: Magnitude, Normal to Boundary [yes] yes
Reference Frame: Absolute [yes] yes
Use Profile for Velocity Magnitude? [no] no
Velocity Magnitude (constant or expression) (in [m/s]) [0] 0.05849433652522564
Use Profile for Supersonic/Initial Gauge Pressure? [no] no
Supersonic/Initial Gauge Pressure (constant or expression) (in [Pa]) [0] 0

> 
adjoint/                parallel/               server/
define/                 parametric-study/       solve/
display/                plot/                   surface/
exit                    preferences/            turbo-setup/
file/                   print-license-usage     views/
mesh/                   report/

> ; OUTLETS
/define/boundary-conditions/pressure-outlet (outlet_1 outlet_2)
outlet_1
Backflow Reference Frame: Absolute [yes] yes
Use Profile for Gauge Pressure? [no] no
Gauge Pressure (constant or expression) (in [Pa]) [0] 0
Backflow Direction Specification Method: Direction Vector [no] no
Backflow Direction Specification Method: Normal to Boundary [yes] yes
Backflow Pressure Specification: Total Pressure [yes] yes
Radial Equilibrium Pressure Distribution [no] no
Average Pressure Specification? [no] no
Specify targeted mass flow rate [no] no

> 
adjoint/                parallel/               server/
define/                 parametric-study/       solve/
display/                plot/                   surface/
exit                    preferences/            turbo-setup/
file/                   print-license-usage     views/
mesh/                   report/

> /define/boundary-conditions/pressure-outlet (outlet_1 outlet_2)
outlet_2
Backflow Reference Frame: Absolute [yes] yes
Use Profile for Gauge Pressure? [no] no
Gauge Pressure (constant or expression) (in [Pa]) [0] 0
Backflow Direction Specification Method: Direction Vector [no] no
Backflow Direction Specification Method: Normal to Boundary [yes] yes
Backflow Pressure Specification: Total Pressure [yes] yes
Radial Equilibrium Pressure Distribution [no] no
Average Pressure Specification? [no] no
Specify targeted mass flow rate [no] no

> 
adjoint/                parallel/               server/
define/                 parametric-study/       solve/
display/                plot/                   surface/
exit                    preferences/            turbo-setup/
file/                   print-license-usage     views/
mesh/                   report/

> ; WALLS
/define/boundary-conditions/wall (wall-fluid_domain)
wall-fluid_domain
Wall Motion [motion-bc-stationary]: Change current value? [no] no
Shear Boundary Condition [shear-bc-noslip]: Change current value? [no] no

> 
adjoint/                parallel/               server/
define/                 parametric-study/       solve/
display/                plot/                   surface/
exit                    preferences/            turbo-setup/
file/                   print-license-usage     views/
mesh/                   report/

> ; ---------- Solution Methods ----------
/solve/set/p-v-coupling 24

> /solve/set/discretization-scheme/pressure 12

> /solve/set/discretization-scheme/mom 4

> 
adjoint/                parallel/               server/
define/                 parametric-study/       solve/
display/                plot/                   surface/
exit                    preferences/            turbo-setup/
file/                   print-license-usage     views/
mesh/                   report/

> ; ---------- Solution Controls ----------
/solve/monitors/residual/convergence-criteria 1e-6 1e-5 1e-5 1e-5

> /solve/monitors/residual/print? yes

> 
adjoint/                parallel/               server/
define/                 parametric-study/       solve/
display/                plot/                   surface/
exit                    preferences/            turbo-setup/
file/                   print-license-usage     views/
mesh/                   report/

> ; ---------- Initialization ----------
/solve/initialize/compute-defaults/velocity-inlet (inlet)
inlet

> /solve/initialize/initialize-flow

> 
adjoint/                parallel/               server/
define/                 parametric-study/       solve/
display/                plot/                   surface/
exit                    preferences/            turbo-setup/
file/                   print-license-usage     views/
mesh/                   report/

> ; ---------- Solve ----------
/solve/iterate 3500

  iter  continuity  x-velocity  y-velocity  z-velocity     time/iter

 Reversed flow on 244 faces (100.0% area) of pressure-outlet 19.
     1  1.0000e+00  5.7164e-03  8.0765e-03  7.9259e-03  1:53:32 3499

 Reversed flow on 80 faces (23.2% area) of pressure-outlet 19.

 Reversed flow on 168 faces (42.7% area) of pressure-outlet 18.
     2  7.6091e-01  9.9206e-03  1.4980e-02  1.5780e-02  1:50:08 3498

 Reversed flow on 155 faces (61.2% area) of pressure-outlet 19.

 Reversed flow on 163 faces (38.3% area) of pressure-outlet 18.
     3  3.3586e-01  4.4369e-03  6.1476e-03  5.3751e-03  1:47:21 3497

 Reversed flow on 51 faces (20.2% area) of pressure-outlet 19.

 Reversed flow on 111 faces (23.4% area) of pressure-outlet 18.
     4  2.0854e-01  2.2991e-03  2.9083e-03  2.1111e-03  1:50:38 3496

 Reversed flow on 25 faces (7.3% area) of pressure-outlet 19.

 Reversed flow on 110 faces (18.2% area) of pressure-outlet 18.
     5  1.6222e-01  1.6514e-03  1.7997e-03  1.1710e-03  1:53:41 3495

 Reversed flow on 9 faces (2.5% area) of pressure-outlet 19.

 Reversed flow on 118 faces (18.1% area) of pressure-outlet 18.
     6  1.3631e-01  1.2935e-03  1.2747e-03  7.5884e-04  1:55:45 3494

 Reversed flow on 3 faces (0.7% area) of pressure-outlet 19.

 Reversed flow on 129 faces (19.6% area) of pressure-outlet 18.
     7  1.1723e-01  1.0936e-03  9.8981e-04  5.8287e-04  2:03:47 3493

 Reversed flow on 1 face (0.1% area) of pressure-outlet 19.

 Reversed flow on 148 faces (22.5% area) of pressure-outlet 18.
     8  1.1267e-01  1.1190e-03  9.0855e-04  5.8483e-04  2:04:46 3492

 Reversed flow on 192 faces (32.9% area) of pressure-outlet 18.
     9  9.9842e-02  9.5958e-04  7.4001e-04  4.7351e-04  2:05:24 3491

 Reversed flow on 189 faces (33.1% area) of pressure-outlet 18.
    10  8.8894e-02  8.6364e-04  6.5248e-04  4.3052e-04  2:06:03 3490

 Reversed flow on 197 faces (34.0% area) of pressure-outlet 18.
    11  8.1177e-02  7.8533e-04  5.9279e-04  3.9672e-04  2:06:43 3489

 Reversed flow on 208 faces (36.2% area) of pressure-outlet 18.

  iter  continuity  x-velocity  y-velocity  z-velocity     time/iter
    12  7.5172e-02  7.2297e-04  5.4904e-04  3.6857e-04  2:05:28 3488

 Reversed flow on 203 faces (35.5% area) of pressure-outlet 18.
    13  7.0277e-02  6.7510e-04  5.1703e-04  3.5052e-04  1:59:06 3487

 Reversed flow on 205 faces (36.9% area) of pressure-outlet 18.
    14  6.2480e-02  5.8708e-04  4.5733e-04  3.0316e-04  1:59:07 3486

 Reversed flow on 194 faces (36.3% area) of pressure-outlet 18.
    15  5.8419e-02  5.4927e-04  4.3579e-04  2.8938e-04  1:59:09 3485

 Reversed flow on 199 faces (36.5% area) of pressure-outlet 18.
    16  5.5819e-02  5.1518e-04  4.1519e-04  2.7538e-04  1:59:09 3484

 Reversed flow on 198 faces (36.0% area) of pressure-outlet 18.
    17  5.3803e-02  4.8251e-04  3.9442e-04  2.6145e-04  1:53:58 3483

 Reversed flow on 5 faces (2.5% area) of pressure-outlet 19.

 Reversed flow on 205 faces (36.9% area) of pressure-outlet 18.
    18  4.9127e-02  4.2778e-04  3.5581e-04  2.3124e-04  1:49:49 3482

 Reversed flow on 5 faces (2.5% area) of pressure-outlet 19.

 Reversed flow on 194 faces (35.7% area) of pressure-outlet 18.
    19  4.5421e-02  3.9175e-04  3.2996e-04  2.1531e-04  1:46:31 3481

 Reversed flow on 10 faces (4.2% area) of pressure-outlet 19.

 Reversed flow on 201 faces (36.5% area) of pressure-outlet 18.
    20  4.1958e-02  3.5805e-04  3.0560e-04  1.9875e-04  1:49:00 3480

 Reversed flow on 15 faces (7.3% area) of pressure-outlet 19.

 Reversed flow on 194 faces (35.9% area) of pressure-outlet 18.
    21  4.0388e-02  3.4225e-04  2.9496e-04  1.9328e-04  1:50:57 3479

 Reversed flow on 13 faces (6.6% area) of pressure-outlet 19.

 Reversed flow on 197 faces (36.4% area) of pressure-outlet 18.
    22  3.9842e-02  3.3246e-04  2.8730e-04  1.9049e-04  1:47:25 3478

 Reversed flow on 18 faces (9.6% area) of pressure-outlet 19.

 Reversed flow on 214 faces (38.5% area) of pressure-outlet 18.

  iter  continuity  x-velocity  y-velocity  z-velocity     time/iter
    23  3.6789e-02  2.9728e-04  2.5871e-04  1.6956e-04  1:44:30 3477

 Reversed flow on 21 faces (11.9% area) of pressure-outlet 19.

 Reversed flow on 201 faces (37.6% area) of pressure-outlet 18.
    24  3.4097e-02  2.7411e-04  2.3971e-04  1.5786e-04  1:42:16 3476

 Reversed flow on 20 faces (11.1% area) of pressure-outlet 19.

 Reversed flow on 201 faces (37.4% area) of pressure-outlet 18.
    25  3.1663e-02  2.5422e-04  2.2228e-04  1.4750e-04  1:40:25 3475

 Reversed flow on 22 faces (11.8% area) of pressure-outlet 19.

 Reversed flow on 197 faces (36.8% area) of pressure-outlet 18.
    26  2.9705e-02  2.3720e-04  2.0686e-04  1.3868e-04  1:38:58 3474

 Reversed flow on 25 faces (12.9% area) of pressure-outlet 19.

 Reversed flow on 199 faces (37.1% area) of pressure-outlet 18.
    27  2.7772e-02  2.1995e-04  1.9234e-04  1.2940e-04  1:42:55 3473

 Reversed flow on 28 faces (13.8% area) of pressure-outlet 19.

 Reversed flow on 193 faces (37.3% area) of pressure-outlet 18.
    28  2.7105e-02  2.1280e-04  1.8618e-04  1.2669e-04  1:40:58 3472

 Reversed flow on 28 faces (13.8% area) of pressure-outlet 19.

 Reversed flow on 194 faces (37.8% area) of pressure-outlet 18.
    29  2.5273e-02  1.9299e-04  1.6995e-04  1.1500e-04  1:39:20 3471

 Reversed flow on 29 faces (14.3% area) of pressure-outlet 19.

 Reversed flow on 191 faces (37.4% area) of pressure-outlet 18.
    30  2.3617e-02  1.7835e-04  1.5757e-04  1.0748e-04  1:38:03 3470

 Reversed flow on 30 faces (14.4% area) of pressure-outlet 19.

 Reversed flow on 189 faces (37.1% area) of pressure-outlet 18.
    31  2.2097e-02  1.6470e-04  1.4610e-04  1.0002e-04  1:42:07 3469

 Reversed flow on 30 faces (14.4% area) of pressure-outlet 19.

 Reversed flow on 188 faces (37.1% area) of pressure-outlet 18.
    32  2.1067e-02  1.5642e-04  1.3852e-04  9.6169e-05  1:45:26 3468

 Reversed flow on 30 faces (14.4% area) of pressure-outlet 19.

 Reversed flow on 187 faces (37.1% area) of pressure-outlet 18.
    33  2.0154e-02  1.4820e-04  1.3093e-04  9.2375e-05  1:42:54 3467

 Reversed flow on 32 faces (15.2% area) of pressure-outlet 19.

 Reversed flow on 189 faces (37.1% area) of pressure-outlet 18.

  iter  continuity  x-velocity  y-velocity  z-velocity     time/iter
    34  1.8562e-02  1.3332e-04  1.1823e-04  8.3281e-05  1:46:01 3466

 Reversed flow on 32 faces (15.2% area) of pressure-outlet 19.

 Reversed flow on 188 faces (37.1% area) of pressure-outlet 18.
    35  1.7664e-02  1.2764e-04  1.1236e-04  8.0549e-05  1:43:23 3465

 Reversed flow on 32 faces (15.2% area) of pressure-outlet 19.

 Reversed flow on 191 faces (37.6% area) of pressure-outlet 18.
    36  1.6336e-02  1.1519e-04  1.0183e-04  7.2783e-05  1:46:24 3464

 Reversed flow on 32 faces (15.2% area) of pressure-outlet 19.

 Reversed flow on 188 faces (37.5% area) of pressure-outlet 18.
    37  1.5457e-02  1.0972e-04  9.6583e-05  6.9570e-05  1:48:50 3463

 Reversed flow on 34 faces (16.0% area) of pressure-outlet 19.

 Reversed flow on 191 faces (37.2% area) of pressure-outlet 18.
    38  1.4712e-02  1.0266e-04  9.0872e-05  6.5316e-05  1:50:49 3462

 Reversed flow on 34 faces (16.0% area) of pressure-outlet 19.

 Reversed flow on 188 faces (37.1% area) of pressure-outlet 18.
    39  1.3919e-02  9.6375e-05  8.4986e-05  6.1642e-05  1:47:10 3461

 Reversed flow on 34 faces (16.0% area) of pressure-outlet 19.

 Reversed flow on 189 faces (37.2% area) of pressure-outlet 18.
    40  1.2802e-02  8.6916e-05  7.6838e-05  5.5701e-05  1:49:29 3460

 Reversed flow on 34 faces (16.0% area) of pressure-outlet 19.

 Reversed flow on 182 faces (36.7% area) of pressure-outlet 18.
    41  1.2189e-02  8.3608e-05  7.3652e-05  5.3819e-05  1:46:07 3459

 Reversed flow on 35 faces (16.4% area) of pressure-outlet 19.

 Reversed flow on 182 faces (36.8% area) of pressure-outlet 18.
    42  1.1247e-02  7.5680e-05  6.7012e-05  4.8499e-05  1:48:31 3458

 Reversed flow on 37 faces (16.8% area) of pressure-outlet 19.

 Reversed flow on 178 faces (36.3% area) of pressure-outlet 18.
    43  1.0663e-02  7.2390e-05  6.3927e-05  4.6619e-05  1:50:25 3457

 Reversed flow on 38 faces (17.0% area) of pressure-outlet 19.

 Reversed flow on 180 faces (36.8% area) of pressure-outlet 18.
    44  1.0020e-02  6.7534e-05  5.9543e-05  4.3697e-05  1:52:00 3456

 Reversed flow on 38 faces (17.0% area) of pressure-outlet 19.

 Reversed flow on 181 faces (37.1% area) of pressure-outlet 18.

  iter  continuity  x-velocity  y-velocity  z-velocity     time/iter
    45  9.6023e-03  6.5092e-05  5.6968e-05  4.2412e-05  1:48:09 3455

 Reversed flow on 38 faces (17.0% area) of pressure-outlet 19.

 Reversed flow on 181 faces (37.1% area) of pressure-outlet 18.
    46  8.8012e-03  5.8159e-05  5.1180e-05  3.7944e-05  1:50:08 3454

 Reversed flow on 38 faces (17.0% area) of pressure-outlet 19.

 Reversed flow on 180 faces (37.0% area) of pressure-outlet 18.
    47  8.3194e-03  5.5732e-05  4.8862e-05  3.6594e-05  1:51:51 3453

 Reversed flow on 38 faces (17.0% area) of pressure-outlet 19.

 Reversed flow on 186 faces (37.5% area) of pressure-outlet 18.
    48  7.8203e-03  5.1831e-05  4.5626e-05  3.4055e-05  1:53:05 3452

 Reversed flow on 38 faces (17.0% area) of pressure-outlet 19.

 Reversed flow on 183 faces (37.3% area) of pressure-outlet 18.
    49  7.3940e-03  4.9177e-05  4.3125e-05  3.2413e-05  1:54:04 3451

 Reversed flow on 39 faces (17.9% area) of pressure-outlet 19.

 Reversed flow on 187 faces (37.5% area) of pressure-outlet 18.
    50  6.9780e-03  4.6323e-05  4.0506e-05  3.0531e-05  1:54:51 3450

 Reversed flow on 39 faces (17.9% area) of pressure-outlet 19.

 Reversed flow on 185 faces (37.9% area) of pressure-outlet 18.
    51  6.6921e-03  4.4669e-05  3.8676e-05  2.9384e-05  1:50:21 3449

 Reversed flow on 39 faces (17.9% area) of pressure-outlet 19.

 Reversed flow on 184 faces (37.6% area) of pressure-outlet 18.
    52  6.1508e-03  4.0192e-05  3.5059e-05  2.6367e-05  1:51:52 3448

 Reversed flow on 39 faces (17.9% area) of pressure-outlet 19.

 Reversed flow on 184 faces (37.6% area) of pressure-outlet 18.
    53  5.9382e-03  3.9584e-05  3.4342e-05  2.6033e-05  1:53:02 3447

 Reversed flow on 39 faces (17.9% area) of pressure-outlet 19.

 Reversed flow on 185 faces (37.9% area) of pressure-outlet 18.
    54  5.8597e-03  3.9154e-05  3.3600e-05  2.5680e-05  1:48:52 3446

 Reversed flow on 39 faces (17.9% area) of pressure-outlet 19.

 Reversed flow on 186 faces (38.0% area) of pressure-outlet 18.
    55  5.3565e-03  3.4637e-05  2.9855e-05  2.2620e-05  1:45:31 3445

 Reversed flow on 39 faces (17.9% area) of pressure-outlet 19.

 Reversed flow on 183 faces (37.8% area) of pressure-outlet 18.

  iter  continuity  x-velocity  y-velocity  z-velocity     time/iter
    56  4.9994e-03  3.2948e-05  2.8201e-05  2.1661e-05  1:42:51 3444

 Reversed flow on 39 faces (17.9% area) of pressure-outlet 19.

 Reversed flow on 185 faces (37.9% area) of pressure-outlet 18.
    57  4.6095e-03  3.0267e-05  2.5971e-05  1.9887e-05  1:40:50 3443

 Reversed flow on 39 faces (17.9% area) of pressure-outlet 19.

 Reversed flow on 184 faces (37.9% area) of pressure-outlet 18.
    58  4.2536e-03  2.8140e-05  2.4201e-05  1.8574e-05  1:39:06 3442

 Reversed flow on 39 faces (17.9% area) of pressure-outlet 19.

 Reversed flow on 184 faces (37.9% area) of pressure-outlet 18.
    59  3.9452e-03  2.6220e-05  2.2602e-05  1.7374e-05  1:42:45 3441

 Reversed flow on 39 faces (17.9% area) of pressure-outlet 19.

 Reversed flow on 184 faces (37.9% area) of pressure-outlet 18.
    60  3.7734e-03  2.5448e-05  2.1916e-05  1.6902e-05  1:45:42 3440

 Reversed flow on 39 faces (17.9% area) of pressure-outlet 19.

 Reversed flow on 184 faces (37.9% area) of pressure-outlet 18.
    61  3.6121e-03  2.4299e-05  2.0845e-05  1.6124e-05  1:48:03 3439

 Reversed flow on 39 faces (17.9% area) of pressure-outlet 19.

 Reversed flow on 184 faces (37.9% area) of pressure-outlet 18.
    62  3.4244e-03  2.2820e-05  1.9588e-05  1.5179e-05  1:49:56 3438

 Reversed flow on 39 faces (17.9% area) of pressure-outlet 19.

 Reversed flow on 184 faces (37.9% area) of pressure-outlet 18.
    63  3.2772e-03  2.1839e-05  1.8827e-05  1.4436e-05  1:51:26 3437

 Reversed flow on 39 faces (17.9% area) of pressure-outlet 19.

 Reversed flow on 185 faces (38.0% area) of pressure-outlet 18.
    64  3.1753e-03  2.1250e-05  1.8075e-05  1.4027e-05  1:47:33 3436

 Reversed flow on 39 faces (17.9% area) of pressure-outlet 19.

 Reversed flow on 186 faces (38.1% area) of pressure-outlet 18.
    65  2.9457e-03  1.9198e-05  1.6355e-05  1.2586e-05  1:44:26 3435

 Reversed flow on 39 faces (17.9% area) of pressure-outlet 19.

 Reversed flow on 186 faces (38.1% area) of pressure-outlet 18.
    66  2.7471e-03  1.7997e-05  1.5374e-05  1.1825e-05  1:46:58 3434

 Reversed flow on 39 faces (17.9% area) of pressure-outlet 19.

 Reversed flow on 186 faces (38.1% area) of pressure-outlet 18.

  iter  continuity  x-velocity  y-velocity  z-velocity     time/iter
    67  2.6315e-03  1.7514e-05  1.4817e-05  1.1536e-05  1:43:57 3433

 Reversed flow on 39 faces (17.9% area) of pressure-outlet 19.

 Reversed flow on 187 faces (38.2% area) of pressure-outlet 18.
    68  2.4348e-03  1.5925e-05  1.3488e-05  1.0406e-05  1:41:33 3432

 Reversed flow on 39 faces (17.9% area) of pressure-outlet 19.

 Reversed flow on 184 faces (38.0% area) of pressure-outlet 18.
    69  2.2649e-03  1.4909e-05  1.2644e-05  9.7386e-06  1:44:46 3431

 Reversed flow on 39 faces (17.9% area) of pressure-outlet 19.

 Reversed flow on 184 faces (38.0% area) of pressure-outlet 18.
    70  2.2379e-03  1.5279e-05  1.2783e-05  9.9806e-06  1:42:11 3430

 Reversed flow on 39 faces (17.9% area) of pressure-outlet 19.

 Reversed flow on 186 faces (38.1% area) of pressure-outlet 18.
    71  2.0806e-03  1.3649e-05  1.1429e-05  8.8145e-06  1:40:06 3429

 Reversed flow on 39 faces (17.9% area) of pressure-outlet 19.

 Reversed flow on 183 faces (37.9% area) of pressure-outlet 18.
    72  1.9545e-03  1.2996e-05  1.0831e-05  8.4024e-06  1:38:27 3428

 Reversed flow on 39 faces (17.9% area) of pressure-outlet 19.

 Reversed flow on 184 faces (38.0% area) of pressure-outlet 18.
    73  1.8245e-03  1.2115e-05  1.0144e-05  7.7946e-06  1:37:08 3427

 Reversed flow on 39 faces (17.9% area) of pressure-outlet 19.

 Reversed flow on 184 faces (38.0% area) of pressure-outlet 18.
    74  1.7093e-03  1.1449e-05  9.5406e-06  7.3709e-06  1:41:05 3426

 Reversed flow on 39 faces (17.9% area) of pressure-outlet 19.

 Reversed flow on 183 faces (37.8% area) of pressure-outlet 18.
    75  1.6439e-03  1.1157e-05  9.2714e-06  7.1838e-06  1:39:13 3425

 Reversed flow on 39 faces (17.9% area) of pressure-outlet 19.

 Reversed flow on 184 faces (37.9% area) of pressure-outlet 18.
    76  1.5507e-03  1.0384e-05  8.6395e-06  6.6508e-06  1:37:45 3424

 Reversed flow on 39 faces (17.9% area) of pressure-outlet 19.

 Reversed flow on 184 faces (37.9% area) of pressure-outlet 18.
    77  1.4579e-03  9.7807e-06  8.1371e-06  6.2802e-06  1:41:36 3423

 Reversed flow on 39 faces (17.9% area) of pressure-outlet 19.

 Reversed flow on 183 faces (37.8% area) of pressure-outlet 18.

  iter  continuity  x-velocity  y-velocity  z-velocity     time/iter
    78  1.4086e-03  9.5753e-06  7.9451e-06  6.1664e-06  1:39:39 3422

 Reversed flow on 39 faces (17.9% area) of pressure-outlet 19.

 Reversed flow on 183 faces (37.8% area) of pressure-outlet 18.
    79  1.3282e-03  8.8915e-06  7.4101e-06  5.6898e-06  1:38:02 3421

 Reversed flow on 39 faces (17.9% area) of pressure-outlet 19.

 Reversed flow on 183 faces (37.8% area) of pressure-outlet 18.
    80  1.2464e-03  8.3630e-06  6.9805e-06  5.3561e-06  1:41:49 3420

 Reversed flow on 39 faces (17.9% area) of pressure-outlet 19.

 Reversed flow on 183 faces (37.8% area) of pressure-outlet 18.
    81  1.2254e-03  8.3983e-06  6.9599e-06  5.4016e-06  1:39:45 3419

 Reversed flow on 39 faces (17.9% area) of pressure-outlet 19.

 Reversed flow on 183 faces (37.5% area) of pressure-outlet 18.
    82  1.1627e-03  7.7966e-06  6.4750e-06  4.9819e-06  1:38:06 3418

 Reversed flow on 39 faces (17.9% area) of pressure-outlet 19.

 Reversed flow on 188 faces (37.9% area) of pressure-outlet 18.
    83  1.0991e-03  7.3963e-06  6.1509e-06  4.7575e-06  1:36:48 3417

 Reversed flow on 39 faces (17.9% area) of pressure-outlet 19.

 Reversed flow on 188 faces (37.9% area) of pressure-outlet 18.
    84  1.0527e-03  7.1316e-06  5.9052e-06  4.6033e-06  1:35:44 3416

 Reversed flow on 39 faces (17.9% area) of pressure-outlet 19.

 Reversed flow on 186 faces (37.8% area) of pressure-outlet 18.
    85  9.9185e-04  6.7257e-06  5.5480e-06  4.3213e-06  1:34:52 3415

 Reversed flow on 39 faces (17.9% area) of pressure-outlet 19.

 Reversed flow on 182 faces (37.5% area) of pressure-outlet 18.
    86  9.3495e-04  6.4097e-06  5.2527e-06  4.0839e-06  1:34:11 3414

 Reversed flow on 39 faces (17.9% area) of pressure-outlet 19.

 Reversed flow on 182 faces (37.5% area) of pressure-outlet 18.
    87  8.9266e-04  6.1978e-06  5.0452e-06  3.9094e-06  1:33:35 3413

 Reversed flow on 39 faces (17.9% area) of pressure-outlet 19.

 Reversed flow on 181 faces (37.4% area) of pressure-outlet 18.
    88  8.4472e-04  5.8855e-06  4.7615e-06  3.7028e-06  1:33:08 3412

 Reversed flow on 39 faces (17.9% area) of pressure-outlet 19.

 Reversed flow on 182 faces (37.4% area) of pressure-outlet 18.

  iter  continuity  x-velocity  y-velocity  z-velocity     time/iter
    89  8.1570e-04  5.7531e-06  4.6289e-06  3.6097e-06  1:32:45 3411

 Reversed flow on 39 faces (17.9% area) of pressure-outlet 19.

 Reversed flow on 182 faces (37.4% area) of pressure-outlet 18.
    90  7.7084e-04  5.4197e-06  4.3496e-06  3.3909e-06  1:32:28 3410

 Reversed flow on 39 faces (17.9% area) of pressure-outlet 19.

 Reversed flow on 182 faces (37.4% area) of pressure-outlet 18.
    91  7.3551e-04  5.2166e-06  4.1725e-06  3.2563e-06  1:33:47 3409

 Reversed flow on 39 faces (17.9% area) of pressure-outlet 19.

 Reversed flow on 183 faces (37.5% area) of pressure-outlet 18.
    92  7.0020e-04  4.9950e-06  3.9753e-06  3.1198e-06  1:33:16 3408

 Reversed flow on 39 faces (17.9% area) of pressure-outlet 19.

 Reversed flow on 183 faces (37.5% area) of pressure-outlet 18.
    93  6.6702e-04  4.7756e-06  3.7915e-06  2.9734e-06  1:32:50 3407

 Reversed flow on 39 faces (17.9% area) of pressure-outlet 19.

 Reversed flow on 183 faces (37.5% area) of pressure-outlet 18.
    94  6.3491e-04  4.5587e-06  3.6141e-06  2.8375e-06  1:32:29 3406

 Reversed flow on 39 faces (17.9% area) of pressure-outlet 19.

 Reversed flow on 183 faces (37.5% area) of pressure-outlet 18.
    95  6.0421e-04  4.3423e-06  3.4540e-06  2.7029e-06  1:32:11 3405

 Reversed flow on 39 faces (17.9% area) of pressure-outlet 19.

 Reversed flow on 183 faces (37.5% area) of pressure-outlet 18.
    96  5.7706e-04  4.1700e-06  3.3136e-06  2.6090e-06  1:31:58 3404

 Reversed flow on 39 faces (17.9% area) of pressure-outlet 19.

 Reversed flow on 183 faces (37.5% area) of pressure-outlet 18.
    97  5.4692e-04  3.9239e-06  3.1391e-06  2.4578e-06  1:31:47 3403

 Reversed flow on 39 faces (17.9% area) of pressure-outlet 19.

 Reversed flow on 183 faces (37.5% area) of pressure-outlet 18.
    98  5.1942e-04  3.7282e-06  2.9984e-06  2.3394e-06  1:31:38 3402

 Reversed flow on 39 faces (17.9% area) of pressure-outlet 19.

 Reversed flow on 183 faces (37.5% area) of pressure-outlet 18.
    99  4.9331e-04  3.5411e-06  2.8633e-06  2.2276e-06  1:31:30 3401

 Reversed flow on 39 faces (17.9% area) of pressure-outlet 19.

 Reversed flow on 183 faces (37.5% area) of pressure-outlet 18.

  iter  continuity  x-velocity  y-velocity  z-velocity     time/iter
   100  4.6879e-04  3.3612e-06  2.7343e-06  2.1241e-06  1:31:24 3400

 Reversed flow on 39 faces (17.9% area) of pressure-outlet 19.

 Reversed flow on 183 faces (37.5% area) of pressure-outlet 18.
   101  4.4590e-04  3.1959e-06  2.6151e-06  2.0236e-06  1:31:19 3399

 Reversed flow on 39 faces (17.9% area) of pressure-outlet 19.

 Reversed flow on 183 faces (37.5% area) of pressure-outlet 18.
   102  4.2487e-04  3.0473e-06  2.5094e-06  1.9333e-06  1:31:14 3398

 Reversed flow on 39 faces (17.9% area) of pressure-outlet 19.

 Reversed flow on 183 faces (37.5% area) of pressure-outlet 18.
   103  4.0523e-04  2.9084e-06  2.4075e-06  1.8534e-06  1:36:11 3397

 Reversed flow on 39 faces (17.9% area) of pressure-outlet 19.

 Reversed flow on 183 faces (37.5% area) of pressure-outlet 18.
   104  3.9561e-04  2.8518e-06  2.3711e-06  1.8231e-06  1:35:06 3396

 Reversed flow on 39 faces (17.9% area) of pressure-outlet 19.

 Reversed flow on 183 faces (37.5% area) of pressure-outlet 18.
   105  3.7816e-04  2.6875e-06  2.2394e-06  1.7131e-06  1:34:17 3395

 Reversed flow on 39 faces (17.9% area) of pressure-outlet 19.

 Reversed flow on 183 faces (37.5% area) of pressure-outlet 18.
   106  3.6029e-04  2.5603e-06  2.1412e-06  1.6333e-06  1:33:36 3394

 Reversed flow on 39 faces (17.9% area) of pressure-outlet 19.

 Reversed flow on 183 faces (37.5% area) of pressure-outlet 18.
   107  3.4377e-04  2.4453e-06  2.0487e-06  1.5614e-06  1:33:04 3393

 Reversed flow on 39 faces (17.9% area) of pressure-outlet 19.

 Reversed flow on 183 faces (37.5% area) of pressure-outlet 18.
   108  3.2834e-04  2.3333e-06  1.9625e-06  1.4927e-06  1:37:37 3392

 Reversed flow on 39 faces (17.9% area) of pressure-outlet 19.

 Reversed flow on 183 faces (37.5% area) of pressure-outlet 18.
   109  3.2521e-04  2.3540e-06  1.9796e-06  1.5019e-06  1:36:12 3391

 Reversed flow on 39 faces (17.9% area) of pressure-outlet 19.

 Reversed flow on 183 faces (37.5% area) of pressure-outlet 18.
   110  3.1196e-04  2.2061e-06  1.8627e-06  1.3993e-06  1:38:56 3390

 Reversed flow on 39 faces (17.9% area) of pressure-outlet 19.

 Reversed flow on 183 faces (37.5% area) of pressure-outlet 18.

  iter  continuity  x-velocity  y-velocity  z-velocity     time/iter
   111  2.9695e-04  2.1052e-06  1.7784e-06  1.3358e-06  1:37:17 3389

 Reversed flow on 39 faces (17.9% area) of pressure-outlet 19.

 Reversed flow on 183 faces (37.5% area) of pressure-outlet 18.
   112  2.8209e-04  2.0016e-06  1.6902e-06  1.2729e-06  1:35:59 3388

 Reversed flow on 39 faces (17.9% area) of pressure-outlet 19.

 Reversed flow on 183 faces (37.5% area) of pressure-outlet 18.
   113  2.6883e-04  1.9144e-06  1.6156e-06  1.2214e-06  1:34:54 3387

 Reversed flow on 39 faces (17.9% area) of pressure-outlet 19.

 Reversed flow on 183 faces (37.5% area) of pressure-outlet 18.
   114  2.5729e-04  1.8358e-06  1.5445e-06  1.1768e-06  1:34:01 3386

 Reversed flow on 39 faces (17.9% area) of pressure-outlet 19.

 Reversed flow on 183 faces (37.5% area) of pressure-outlet 18.
   115  2.4633e-04  1.7579e-06  1.4766e-06  1.1317e-06  1:33:19 3385

 Reversed flow on 39 faces (17.9% area) of pressure-outlet 19.

 Reversed flow on 183 faces (37.5% area) of pressure-outlet 18.
   116  2.3619e-04  1.6875e-06  1.4103e-06  1.0909e-06  1:32:45 3384

 Reversed flow on 39 faces (17.9% area) of pressure-outlet 19.

 Reversed flow on 183 faces (37.5% area) of pressure-outlet 18.
   117  2.2587e-04  1.6145e-06  1.3440e-06  1.0440e-06  1:32:19 3383

 Reversed flow on 39 faces (17.9% area) of pressure-outlet 19.

 Reversed flow on 183 faces (37.5% area) of pressure-outlet 18.
   118  2.1721e-04  1.5549e-06  1.2888e-06  1.0066e-06  1:31:57 3382

 Reversed flow on 39 faces (17.9% area) of pressure-outlet 19.

 Reversed flow on 183 faces (37.5% area) of pressure-outlet 18.
   119  2.0772e-04  1.4878e-06  1.2294e-06  9.6201e-07  1:31:41 3381

 Reversed flow on 39 faces (17.9% area) of pressure-outlet 19.

 Reversed flow on 183 faces (37.5% area) of pressure-outlet 18.
   120  2.0014e-04  1.4451e-06  1.1857e-06  9.3419e-07  1:31:26 3380

 Reversed flow on 39 faces (17.9% area) of pressure-outlet 19.

 Reversed flow on 183 faces (37.5% area) of pressure-outlet 18.
   121  1.9201e-04  1.3840e-06  1.1326e-06  8.9280e-07  1:31:14 3379

 Reversed flow on 39 faces (17.9% area) of pressure-outlet 19.

 Reversed flow on 183 faces (37.5% area) of pressure-outlet 18.

  iter  continuity  x-velocity  y-velocity  z-velocity     time/iter
   122  1.8496e-04  1.3413e-06  1.0928e-06  8.6365e-07  1:31:03 3378

 Reversed flow on 39 faces (17.9% area) of pressure-outlet 19.

 Reversed flow on 183 faces (37.5% area) of pressure-outlet 18.
   123  1.7782e-04  1.2916e-06  1.0500e-06  8.3256e-07  1:30:54 3377

 Reversed flow on 39 faces (17.9% area) of pressure-outlet 19.

 Reversed flow on 183 faces (37.5% area) of pressure-outlet 18.
   124  1.7149e-04  1.2518e-06  1.0148e-06  8.0470e-07  1:30:46 3376

 Reversed flow on 39 faces (17.9% area) of pressure-outlet 19.

 Reversed flow on 183 faces (37.5% area) of pressure-outlet 18.
   125  1.6536e-04  1.2073e-06  9.7773e-07  7.7457e-07  1:30:41 3375

 Reversed flow on 39 faces (17.9% area) of pressure-outlet 19.

 Reversed flow on 183 faces (37.5% area) of pressure-outlet 18.
   126  1.5964e-04  1.1667e-06  9.4446e-07  7.4673e-07  1:30:38 3374

 Reversed flow on 39 faces (17.9% area) of pressure-outlet 19.

 Reversed flow on 183 faces (37.5% area) of pressure-outlet 18.
   127  1.5370e-04  1.1281e-06  9.1263e-07  7.2009e-07  1:30:34 3373

 Reversed flow on 39 faces (17.9% area) of pressure-outlet 19.

 Reversed flow on 183 faces (37.5% area) of pressure-outlet 18.
   128  1.4839e-04  1.0920e-06  8.8280e-07  6.9399e-07  1:30:28 3372

 Reversed flow on 39 faces (17.9% area) of pressure-outlet 19.

 Reversed flow on 183 faces (37.5% area) of pressure-outlet 18.
   129  1.4322e-04  1.0579e-06  8.5765e-07  6.7240e-07  1:30:27 3371

 Reversed flow on 39 faces (17.9% area) of pressure-outlet 19.

 Reversed flow on 183 faces (37.5% area) of pressure-outlet 18.
   130  1.3831e-04  1.0246e-06  8.2842e-07  6.4917e-07  1:30:25 3370

 Reversed flow on 39 faces (17.9% area) of pressure-outlet 19.

 Reversed flow on 183 faces (37.5% area) of pressure-outlet 18.
   131  1.3317e-04  9.8957e-07  8.0099e-07  6.2541e-07  1:30:21 3369

 Reversed flow on 39 faces (17.9% area) of pressure-outlet 19.

 Reversed flow on 183 faces (37.5% area) of pressure-outlet 18.
   132  1.2867e-04  9.5827e-07  7.7505e-07  6.0577e-07  1:30:18 3368

 Reversed flow on 39 faces (17.9% area) of pressure-outlet 19.

 Reversed flow on 183 faces (37.5% area) of pressure-outlet 18.

  iter  continuity  x-velocity  y-velocity  z-velocity     time/iter
   133  1.2379e-04  9.2384e-07  7.4843e-07  5.8238e-07  1:30:16 3367

 Reversed flow on 39 faces (17.9% area) of pressure-outlet 19.

 Reversed flow on 183 faces (37.5% area) of pressure-outlet 18.
   134  1.1961e-04  8.9493e-07  7.2369e-07  5.6406e-07  1:30:12 3366

 Reversed flow on 39 faces (17.9% area) of pressure-outlet 19.

 Reversed flow on 183 faces (37.5% area) of pressure-outlet 18.
   135  1.1467e-04  8.5956e-07  6.9711e-07  5.3999e-07  1:30:10 3365

 Reversed flow on 39 faces (17.9% area) of pressure-outlet 19.

 Reversed flow on 183 faces (37.5% area) of pressure-outlet 18.
   136  1.1057e-04  8.3316e-07  6.7411e-07  5.2327e-07  1:30:09 3364

 Reversed flow on 39 faces (17.9% area) of pressure-outlet 19.

 Reversed flow on 183 faces (37.5% area) of pressure-outlet 18.
   137  1.0607e-04  7.9977e-07  6.4896e-07  5.0038e-07  1:30:06 3363

 Reversed flow on 39 faces (17.9% area) of pressure-outlet 19.

 Reversed flow on 183 faces (37.5% area) of pressure-outlet 18.
   138  1.0248e-04  7.7503e-07  6.2790e-07  4.8425e-07  1:30:03 3362

 Reversed flow on 39 faces (17.9% area) of pressure-outlet 19.

 Reversed flow on 183 faces (37.5% area) of pressure-outlet 18.
   139  9.8570e-05  7.4774e-07  6.0608e-07  4.6654e-07  1:30:02 3361

 Reversed flow on 39 faces (17.9% area) of pressure-outlet 19.

 Reversed flow on 183 faces (37.5% area) of pressure-outlet 18.
   140  9.4839e-05  7.2073e-07  5.8513e-07  4.4755e-07  1:30:01 3360

 Reversed flow on 39 faces (17.9% area) of pressure-outlet 19.

 Reversed flow on 183 faces (37.5% area) of pressure-outlet 18.
   141  9.1226e-05  6.9557e-07  5.6542e-07  4.3032e-07  1:30:00 3359

 Reversed flow on 39 faces (17.9% area) of pressure-outlet 19.

 Reversed flow on 183 faces (37.5% area) of pressure-outlet 18.
   142  8.8155e-05  6.7307e-07  5.4742e-07  4.1479e-07  1:30:04 3358

 Reversed flow on 39 faces (17.9% area) of pressure-outlet 19.

 Reversed flow on 183 faces (37.5% area) of pressure-outlet 18.
   143  8.4746e-05  6.5008e-07  5.2887e-07  3.9953e-07  1:30:00 3357

 Reversed flow on 39 faces (17.9% area) of pressure-outlet 19.

 Reversed flow on 183 faces (37.5% area) of pressure-outlet 18.

  iter  continuity  x-velocity  y-velocity  z-velocity     time/iter
   144  8.1738e-05  6.2822e-07  5.1098e-07  3.8515e-07  1:29:58 3356

 Reversed flow on 39 faces (17.9% area) of pressure-outlet 19.

 Reversed flow on 183 faces (37.5% area) of pressure-outlet 18.
   145  7.8697e-05  6.0693e-07  4.9311e-07  3.7074e-07  1:29:55 3355

 Reversed flow on 39 faces (17.9% area) of pressure-outlet 19.

 Reversed flow on 183 faces (37.5% area) of pressure-outlet 18.
   146  7.6121e-05  5.8711e-07  4.7677e-07  3.5789e-07  1:29:52 3354

 Reversed flow on 39 faces (17.9% area) of pressure-outlet 19.

 Reversed flow on 183 faces (37.5% area) of pressure-outlet 18.
   147  7.3269e-05  5.6832e-07  4.6138e-07  3.4616e-07  1:29:50 3353

 Reversed flow on 39 faces (17.9% area) of pressure-outlet 19.

 Reversed flow on 183 faces (37.5% area) of pressure-outlet 18.
   148  7.0811e-05  5.5071e-07  4.4688e-07  3.3486e-07  1:29:48 3352

 Reversed flow on 39 faces (17.9% area) of pressure-outlet 19.

 Reversed flow on 183 faces (37.5% area) of pressure-outlet 18.
   149  6.8385e-05  5.3374e-07  4.3283e-07  3.2442e-07  1:29:44 3351

 Reversed flow on 39 faces (17.9% area) of pressure-outlet 19.

 Reversed flow on 183 faces (37.5% area) of pressure-outlet 18.
   150  6.6543e-05  5.1972e-07  4.2106e-07  3.1632e-07  1:29:44 3350

 Reversed flow on 39 faces (17.9% area) of pressure-outlet 19.

 Reversed flow on 183 faces (37.5% area) of pressure-outlet 18.
   151  6.4312e-05  5.0450e-07  4.0891e-07  3.0714e-07  1:29:44 3349

 Reversed flow on 39 faces (17.9% area) of pressure-outlet 19.

 Reversed flow on 183 faces (37.5% area) of pressure-outlet 18.
   152  6.2444e-05  4.9033e-07  3.9762e-07  2.9889e-07  1:29:44 3348

 Reversed flow on 39 faces (17.9% area) of pressure-outlet 19.

 Reversed flow on 183 faces (37.5% area) of pressure-outlet 18.
   153  6.0652e-05  4.7771e-07  3.8736e-07  2.9142e-07  1:29:41 3347

 Reversed flow on 39 faces (17.9% area) of pressure-outlet 19.

 Reversed flow on 183 faces (37.5% area) of pressure-outlet 18.
   154  5.9255e-05  4.6626e-07  3.7730e-07  2.8442e-07  1:29:39 3346

 Reversed flow on 39 faces (17.9% area) of pressure-outlet 19.

 Reversed flow on 183 faces (37.5% area) of pressure-outlet 18.

  iter  continuity  x-velocity  y-velocity  z-velocity     time/iter
   155  5.7469e-05  4.5465e-07  3.6700e-07  2.7752e-07  1:29:38 3345

 Reversed flow on 39 faces (17.9% area) of pressure-outlet 19.

 Reversed flow on 183 faces (37.5% area) of pressure-outlet 18.
   156  5.6319e-05  4.4685e-07  3.5914e-07  2.7331e-07  1:29:37 3344

 Reversed flow on 39 faces (17.9% area) of pressure-outlet 19.

 Reversed flow on 183 faces (37.5% area) of pressure-outlet 18.
   157  5.5088e-05  4.3733e-07  3.5058e-07  2.6790e-07  1:29:35 3343

 Reversed flow on 39 faces (17.9% area) of pressure-outlet 19.

 Reversed flow on 183 faces (37.5% area) of pressure-outlet 18.
   158  5.4096e-05  4.2807e-07  3.4277e-07  2.6276e-07  1:29:44 3342

 Reversed flow on 39 faces (17.9% area) of pressure-outlet 19.

 Reversed flow on 183 faces (37.5% area) of pressure-outlet 18.
   159  5.2681e-05  4.1814e-07  3.3510e-07  2.5874e-07  1:29:40 3341

 Reversed flow on 39 faces (17.9% area) of pressure-outlet 19.

 Reversed flow on 183 faces (37.5% area) of pressure-outlet 18.
   160  5.1311e-05  4.0573e-07  3.2588e-07  2.5220e-07  1:29:35 3340

 Reversed flow on 39 faces (17.9% area) of pressure-outlet 19.

 Reversed flow on 183 faces (37.5% area) of pressure-outlet 18.
   161  4.9950e-05  3.9560e-07  3.1769e-07  2.4771e-07  1:29:32 3339

 Reversed flow on 39 faces (17.9% area) of pressure-outlet 19.

 Reversed flow on 183 faces (37.5% area) of pressure-outlet 18.
   162  4.8875e-05  3.8502e-07  3.0942e-07  2.4244e-07  1:29:28 3338

 Reversed flow on 39 faces (17.9% area) of pressure-outlet 19.

 Reversed flow on 183 faces (37.5% area) of pressure-outlet 18.
   163  4.7257e-05  3.7368e-07  3.0074e-07  2.3664e-07  1:29:26 3337

 Reversed flow on 39 faces (17.9% area) of pressure-outlet 19.

 Reversed flow on 183 faces (37.5% area) of pressure-outlet 18.
   164  4.5853e-05  3.6226e-07  2.9206e-07  2.3042e-07  1:29:24 3336

 Reversed flow on 39 faces (17.9% area) of pressure-outlet 19.

 Reversed flow on 183 faces (37.5% area) of pressure-outlet 18.
   165  4.4355e-05  3.5106e-07  2.8388e-07  2.2438e-07  1:29:22 3335

 Reversed flow on 39 faces (17.9% area) of pressure-outlet 19.

 Reversed flow on 183 faces (37.5% area) of pressure-outlet 18.

  iter  continuity  x-velocity  y-velocity  z-velocity     time/iter
   166  4.3051e-05  3.3883e-07  2.7541e-07  2.1784e-07  1:29:20 3334

 Reversed flow on 39 faces (17.9% area) of pressure-outlet 19.

 Reversed flow on 183 faces (37.5% area) of pressure-outlet 18.
   167  4.1297e-05  3.2682e-07  2.6596e-07  2.1141e-07  1:29:16 3333

 Reversed flow on 39 faces (17.9% area) of pressure-outlet 19.

 Reversed flow on 183 faces (37.5% area) of pressure-outlet 18.
   168  3.9793e-05  3.1470e-07  2.5618e-07  2.0466e-07  1:29:14 3332

 Reversed flow on 39 faces (17.9% area) of pressure-outlet 19.

 Reversed flow on 183 faces (37.5% area) of pressure-outlet 18.
   169  3.8253e-05  3.0324e-07  2.4682e-07  1.9844e-07  1:29:13 3331

 Reversed flow on 39 faces (17.9% area) of pressure-outlet 19.

 Reversed flow on 183 faces (37.5% area) of pressure-outlet 18.
   170  3.7058e-05  2.9260e-07  2.3819e-07  1.9262e-07  1:29:12 3330

 Reversed flow on 39 faces (17.9% area) of pressure-outlet 19.

 Reversed flow on 183 faces (37.5% area) of pressure-outlet 18.
   171  3.5463e-05  2.8185e-07  2.2923e-07  1.8663e-07  1:29:11 3329

 Reversed flow on 39 faces (17.9% area) of pressure-outlet 19.

 Reversed flow on 183 faces (37.5% area) of pressure-outlet 18.
   172  3.4149e-05  2.7135e-07  2.2024e-07  1.8058e-07  1:29:08 3328

 Reversed flow on 39 faces (17.9% area) of pressure-outlet 19.

 Reversed flow on 183 faces (37.5% area) of pressure-outlet 18.
   173  3.2800e-05  2.6119e-07  2.1204e-07  1.7503e-07  1:29:05 3327

 Reversed flow on 39 faces (17.9% area) of pressure-outlet 19.

 Reversed flow on 183 faces (37.5% area) of pressure-outlet 18.
   174  3.1800e-05  2.5155e-07  2.0467e-07  1.6987e-07  1:29:05 3326

 Reversed flow on 39 faces (17.9% area) of pressure-outlet 19.

 Reversed flow on 183 faces (37.5% area) of pressure-outlet 18.
   175  3.0408e-05  2.4193e-07  1.9686e-07  1.6430e-07  1:29:04 3325

 Reversed flow on 39 faces (17.9% area) of pressure-outlet 19.

 Reversed flow on 183 faces (37.5% area) of pressure-outlet 18.
   176  2.9264e-05  2.3254e-07  1.8906e-07  1.5816e-07  1:29:01 3324

 Reversed flow on 39 faces (17.9% area) of pressure-outlet 19.

 Reversed flow on 183 faces (37.5% area) of pressure-outlet 18.

  iter  continuity  x-velocity  y-velocity  z-velocity     time/iter
   177  2.8084e-05  2.2389e-07  1.8193e-07  1.5242e-07  1:28:59 3323

 Reversed flow on 39 faces (17.9% area) of pressure-outlet 19.

 Reversed flow on 183 faces (37.5% area) of pressure-outlet 18.
   178  2.7333e-05  2.1674e-07  1.7615e-07  1.4765e-07  1:28:57 3322

 Reversed flow on 39 faces (17.9% area) of pressure-outlet 19.

 Reversed flow on 183 faces (37.5% area) of pressure-outlet 18.
   179  2.6168e-05  2.0887e-07  1.6994e-07  1.4240e-07  1:28:59 3321

 Reversed flow on 39 faces (17.9% area) of pressure-outlet 19.

 Reversed flow on 183 faces (37.5% area) of pressure-outlet 18.
   180  2.5252e-05  2.0133e-07  1.6387e-07  1.3729e-07  1:28:57 3320

 Reversed flow on 39 faces (17.9% area) of pressure-outlet 19.

 Reversed flow on 183 faces (37.5% area) of pressure-outlet 18.
   181  2.4315e-05  1.9463e-07  1.5852e-07  1.3273e-07  1:28:56 3319

 Reversed flow on 39 faces (17.9% area) of pressure-outlet 19.

 Reversed flow on 183 faces (37.5% area) of pressure-outlet 18.
   182  2.3745e-05  1.8876e-07  1.5408e-07  1.2865e-07  1:28:52 3318

 Reversed flow on 39 faces (17.9% area) of pressure-outlet 19.

 Reversed flow on 183 faces (37.5% area) of pressure-outlet 18.
   183  2.2787e-05  1.8278e-07  1.4938e-07  1.2448e-07  1:28:50 3317

 Reversed flow on 39 faces (17.9% area) of pressure-outlet 19.

 Reversed flow on 183 faces (37.5% area) of pressure-outlet 18.
   184  2.2086e-05  1.7702e-07  1.4485e-07  1.2030e-07  1:28:49 3316

 Reversed flow on 39 faces (17.9% area) of pressure-outlet 19.

 Reversed flow on 183 faces (37.5% area) of pressure-outlet 18.
   185  2.1327e-05  1.7191e-07  1.4078e-07  1.1662e-07  1:28:47 3315

 Reversed flow on 39 faces (17.9% area) of pressure-outlet 19.

 Reversed flow on 183 faces (37.5% area) of pressure-outlet 18.
   186  2.0927e-05  1.6751e-07  1.3735e-07  1.1342e-07  1:28:47 3314

 Reversed flow on 39 faces (17.9% area) of pressure-outlet 19.

 Reversed flow on 183 faces (37.5% area) of pressure-outlet 18.
   187  2.0133e-05  1.6292e-07  1.3356e-07  1.1005e-07  1:28:46 3313

 Reversed flow on 39 faces (17.9% area) of pressure-outlet 19.

 Reversed flow on 183 faces (37.5% area) of pressure-outlet 18.

  iter  continuity  x-velocity  y-velocity  z-velocity     time/iter
   188  1.9634e-05  1.5854e-07  1.2985e-07  1.0676e-07  1:28:46 3312

 Reversed flow on 39 faces (17.9% area) of pressure-outlet 19.

 Reversed flow on 183 faces (37.5% area) of pressure-outlet 18.
   189  1.9095e-05  1.5480e-07  1.2667e-07  1.0398e-07  1:28:45 3311

 Reversed flow on 39 faces (17.9% area) of pressure-outlet 19.

 Reversed flow on 183 faces (37.5% area) of pressure-outlet 18.
   190  1.8890e-05  1.5164e-07  1.2400e-07  1.0168e-07  1:28:45 3310

 Reversed flow on 39 faces (17.9% area) of pressure-outlet 19.

 Reversed flow on 183 faces (37.5% area) of pressure-outlet 18.
   191  1.8263e-05  1.4812e-07  1.2084e-07  9.9270e-08  1:28:43 3309

 Reversed flow on 39 faces (17.9% area) of pressure-outlet 19.

 Reversed flow on 183 faces (37.5% area) of pressure-outlet 18.
   192  1.7904e-05  1.4471e-07  1.1768e-07  9.6820e-08  1:28:41 3308

 Reversed flow on 39 faces (17.9% area) of pressure-outlet 19.

 Reversed flow on 183 faces (37.5% area) of pressure-outlet 18.
   193  1.7481e-05  1.4179e-07  1.1496e-07  9.4768e-08  1:28:38 3307

 Reversed flow on 39 faces (17.9% area) of pressure-outlet 19.

 Reversed flow on 183 faces (37.5% area) of pressure-outlet 18.
   194  1.7381e-05  1.3936e-07  1.1288e-07  9.3090e-08  1:28:35 3306

 Reversed flow on 39 faces (17.9% area) of pressure-outlet 19.

 Reversed flow on 183 faces (37.5% area) of pressure-outlet 18.
   195  1.6829e-05  1.3638e-07  1.1020e-07  9.1094e-08  1:28:33 3305

 Reversed flow on 39 faces (17.9% area) of pressure-outlet 19.

 Reversed flow on 183 faces (37.5% area) of pressure-outlet 18.
   196  1.6544e-05  1.3361e-07  1.0749e-07  8.9122e-08  1:28:30 3304

 Reversed flow on 39 faces (17.9% area) of pressure-outlet 19.

 Reversed flow on 183 faces (37.5% area) of pressure-outlet 18.
   197  1.6166e-05  1.3121e-07  1.0499e-07  8.7459e-08  1:28:28 3303

 Reversed flow on 39 faces (17.9% area) of pressure-outlet 19.

 Reversed flow on 183 faces (37.5% area) of pressure-outlet 18.
   198  1.6122e-05  1.2933e-07  1.0317e-07  8.6104e-08  1:28:25 3302

 Reversed flow on 39 faces (17.9% area) of pressure-outlet 19.

 Reversed flow on 183 faces (37.5% area) of pressure-outlet 18.

  iter  continuity  x-velocity  y-velocity  z-velocity     time/iter
   199  1.5649e-05  1.2704e-07  1.0098e-07  8.4502e-08  1:28:23 3301

 Reversed flow on 39 faces (17.9% area) of pressure-outlet 19.

 Reversed flow on 183 faces (37.5% area) of pressure-outlet 18.
   200  1.5435e-05  1.2481e-07  9.8784e-08  8.2817e-08  1:28:25 3300

 Reversed flow on 39 faces (17.9% area) of pressure-outlet 19.

 Reversed flow on 183 faces (37.5% area) of pressure-outlet 18.
   201  1.5156e-05  1.2310e-07  9.7037e-08  8.1501e-08  1:28:24 3299

 Reversed flow on 39 faces (17.9% area) of pressure-outlet 19.

 Reversed flow on 183 faces (37.5% area) of pressure-outlet 18.
   202  1.5222e-05  1.2199e-07  9.6232e-08  8.0575e-08  1:28:22 3298

 Reversed flow on 39 faces (17.9% area) of pressure-outlet 19.

 Reversed flow on 183 faces (37.5% area) of pressure-outlet 18.
   203  1.4881e-05  1.2056e-07  9.4941e-08  7.9518e-08  1:28:21 3297

 Reversed flow on 39 faces (17.9% area) of pressure-outlet 19.

 Reversed flow on 183 faces (37.5% area) of pressure-outlet 18.
   204  1.4816e-05  1.1930e-07  9.3946e-08  7.8480e-08  1:28:18 3296

 Reversed flow on 39 faces (17.9% area) of pressure-outlet 19.

 Reversed flow on 183 faces (37.5% area) of pressure-outlet 18.
   205  1.4688e-05  1.1871e-07  9.3517e-08  7.7846e-08  1:28:16 3295

 Reversed flow on 39 faces (17.9% area) of pressure-outlet 19.

 Reversed flow on 183 faces (37.5% area) of pressure-outlet 18.
   206  1.4896e-05  1.1874e-07  9.3725e-08  7.7585e-08  1:28:13 3294

 Reversed flow on 39 faces (17.9% area) of pressure-outlet 19.

 Reversed flow on 183 faces (37.5% area) of pressure-outlet 18.
   207  1.4690e-05  1.1833e-07  9.3192e-08  7.7195e-08  1:28:13 3293

 Reversed flow on 39 faces (17.9% area) of pressure-outlet 19.

 Reversed flow on 183 faces (37.5% area) of pressure-outlet 18.
   208  1.4727e-05  1.1783e-07  9.2342e-08  7.6714e-08  1:28:09 3292

 Reversed flow on 39 faces (17.9% area) of pressure-outlet 19.

 Reversed flow on 183 faces (37.5% area) of pressure-outlet 18.
   209  1.4657e-05  1.1777e-07  9.1799e-08  7.6549e-08  1:28:07 3291

 Reversed flow on 39 faces (17.9% area) of pressure-outlet 19.

 Reversed flow on 183 faces (37.5% area) of pressure-outlet 18.

  iter  continuity  x-velocity  y-velocity  z-velocity     time/iter
   210  1.4899e-05  1.1800e-07  9.1666e-08  7.6635e-08  1:28:06 3290

 Reversed flow on 39 faces (17.9% area) of pressure-outlet 19.

 Reversed flow on 183 faces (37.5% area) of pressure-outlet 18.
   211  1.4669e-05  1.1749e-07  9.0748e-08  7.6303e-08  1:28:05 3289

 Reversed flow on 39 faces (17.9% area) of pressure-outlet 19.

 Reversed flow on 183 faces (37.5% area) of pressure-outlet 18.
   212  1.4662e-05  1.1684e-07  8.9716e-08  7.5764e-08  1:28:03 3288

 Reversed flow on 39 faces (17.9% area) of pressure-outlet 19.

 Reversed flow on 183 faces (37.5% area) of pressure-outlet 18.
   213  1.4550e-05  1.1649e-07  8.9127e-08  7.5466e-08  1:28:02 3287

 Reversed flow on 39 faces (17.9% area) of pressure-outlet 19.

 Reversed flow on 183 faces (37.5% area) of pressure-outlet 18.
   214  1.4748e-05  1.1651e-07  8.8936e-08  7.5376e-08  1:28:02 3286

 Reversed flow on 39 faces (17.9% area) of pressure-outlet 19.

 Reversed flow on 183 faces (37.5% area) of pressure-outlet 18.
   215  1.4479e-05  1.1587e-07  8.7883e-08  7.4814e-08  1:28:20 3285

 Reversed flow on 39 faces (17.9% area) of pressure-outlet 19.

 Reversed flow on 183 faces (37.5% area) of pressure-outlet 18.
   216  1.4432e-05  1.1511e-07  8.6655e-08  7.3980e-08  1:28:17 3284

 Reversed flow on 39 faces (17.9% area) of pressure-outlet 19.

 Reversed flow on 183 faces (37.5% area) of pressure-outlet 18.
   217  1.4271e-05  1.1465e-07  8.5882e-08  7.3315e-08  1:28:12 3283

 Reversed flow on 39 faces (17.9% area) of pressure-outlet 19.

 Reversed flow on 183 faces (37.5% area) of pressure-outlet 18.
   218  1.4420e-05  1.1455e-07  8.5674e-08  7.2879e-08  1:28:09 3282

 Reversed flow on 39 faces (17.9% area) of pressure-outlet 19.

 Reversed flow on 183 faces (37.5% area) of pressure-outlet 18.
   219  1.4108e-05  1.1382e-07  8.4800e-08  7.2061e-08  1:28:07 3281

 Reversed flow on 39 faces (17.9% area) of pressure-outlet 19.

 Reversed flow on 183 faces (37.5% area) of pressure-outlet 18.
   220  1.4029e-05  1.1295e-07  8.3823e-08  7.1100e-08  1:28:01 3280

 Reversed flow on 39 faces (17.9% area) of pressure-outlet 19.

 Reversed flow on 183 faces (37.5% area) of pressure-outlet 18.

  iter  continuity  x-velocity  y-velocity  z-velocity     time/iter
   221  1.3871e-05  1.1240e-07  8.3428e-08  7.0338e-08  1:27:58 3279

 Reversed flow on 39 faces (17.9% area) of pressure-outlet 19.

 Reversed flow on 183 faces (37.5% area) of pressure-outlet 18.
   222  1.4043e-05  1.1221e-07  8.3462e-08  6.9822e-08  1:27:54 3278

 Reversed flow on 39 faces (17.9% area) of pressure-outlet 19.

 Reversed flow on 183 faces (37.5% area) of pressure-outlet 18.
   223  1.3744e-05  1.1146e-07  8.2668e-08  6.8953e-08  1:27:51 3277

 Reversed flow on 39 faces (17.9% area) of pressure-outlet 19.

 Reversed flow on 183 faces (37.5% area) of pressure-outlet 18.
   224  1.3648e-05  1.1060e-07  8.1199e-08  6.7904e-08  1:27:49 3276

 Reversed flow on 39 faces (17.9% area) of pressure-outlet 19.

 Reversed flow on 183 faces (37.5% area) of pressure-outlet 18.
   225  1.3445e-05  1.0992e-07  8.0144e-08  6.7021e-08  1:27:47 3275

 Reversed flow on 39 faces (17.9% area) of pressure-outlet 19.

 Reversed flow on 183 faces (37.5% area) of pressure-outlet 18.
   226  1.3540e-05  1.0950e-07  7.9635e-08  6.6340e-08  1:27:44 3274

 Reversed flow on 39 faces (17.9% area) of pressure-outlet 19.

 Reversed flow on 183 faces (37.5% area) of pressure-outlet 18.
   227  1.3155e-05  1.0835e-07  7.8573e-08  6.5298e-08  1:27:41 3273

 Reversed flow on 39 faces (17.9% area) of pressure-outlet 19.

 Reversed flow on 183 faces (37.5% area) of pressure-outlet 18.
   228  1.3014e-05  1.0710e-07  7.7461e-08  6.4122e-08  1:27:37 3272

 Reversed flow on 39 faces (17.9% area) of pressure-outlet 19.

 Reversed flow on 183 faces (37.5% area) of pressure-outlet 18.
   229  1.2785e-05  1.0609e-07  7.6689e-08  6.3211e-08  1:27:37 3271

 Reversed flow on 39 faces (17.9% area) of pressure-outlet 19.

 Reversed flow on 183 faces (37.5% area) of pressure-outlet 18.
   230  1.2873e-05  1.0541e-07  7.6367e-08  6.2575e-08  1:27:43 3270

 Reversed flow on 39 faces (17.9% area) of pressure-outlet 19.

 Reversed flow on 183 faces (37.5% area) of pressure-outlet 18.
   231  1.2501e-05  1.0402e-07  7.5335e-08  6.1518e-08  1:27:39 3269

 Reversed flow on 39 faces (17.9% area) of pressure-outlet 19.

 Reversed flow on 183 faces (37.5% area) of pressure-outlet 18.

  iter  continuity  x-velocity  y-velocity  z-velocity     time/iter
   232  1.2370e-05  1.0259e-07  7.4244e-08  6.0309e-08  1:27:37 3268

 Reversed flow on 39 faces (17.9% area) of pressure-outlet 19.

 Reversed flow on 183 faces (37.5% area) of pressure-outlet 18.
   233  1.2161e-05  1.0168e-07  7.3714e-08  5.9423e-08  1:27:34 3267

 Reversed flow on 39 faces (17.9% area) of pressure-outlet 19.

 Reversed flow on 183 faces (37.5% area) of pressure-outlet 18.
   234  1.2269e-05  1.0122e-07  7.3554e-08  5.8806e-08  1:27:30 3266

 Reversed flow on 39 faces (17.9% area) of pressure-outlet 19.

 Reversed flow on 183 faces (37.5% area) of pressure-outlet 18.
   235  1.1912e-05  1.0029e-07  7.2598e-08  5.7807e-08  1:27:29 3265

 Reversed flow on 39 faces (17.9% area) of pressure-outlet 19.

 Reversed flow on 183 faces (37.5% area) of pressure-outlet 18.
   236  1.1781e-05  9.9339e-08  7.1445e-08  5.6674e-08  1:27:27 3264

 Reversed flow on 39 faces (17.9% area) of pressure-outlet 19.

 Reversed flow on 183 faces (37.5% area) of pressure-outlet 18.
   237  1.1558e-05  9.8742e-08  7.0673e-08  5.5841e-08  1:27:24 3263

 Reversed flow on 39 faces (17.9% area) of pressure-outlet 19.

 Reversed flow on 183 faces (37.5% area) of pressure-outlet 18.
   238  1.1651e-05  9.8520e-08  7.0587e-08  5.5268e-08  1:27:23 3262

 Reversed flow on 39 faces (17.9% area) of pressure-outlet 19.

 Reversed flow on 183 faces (37.5% area) of pressure-outlet 18.
   239  1.1269e-05  9.7604e-08  6.9719e-08  5.4296e-08  1:27:22 3261

 Reversed flow on 39 faces (17.9% area) of pressure-outlet 19.

 Reversed flow on 183 faces (37.5% area) of pressure-outlet 18.
   240  1.1127e-05  9.6582e-08  6.8719e-08  5.3221e-08  1:27:18 3260

 Reversed flow on 39 faces (17.9% area) of pressure-outlet 19.

 Reversed flow on 183 faces (37.5% area) of pressure-outlet 18.
   241  1.0902e-05  9.5913e-08  6.8405e-08  5.2408e-08  1:27:17 3259

 Reversed flow on 39 faces (17.9% area) of pressure-outlet 19.

 Reversed flow on 183 faces (37.5% area) of pressure-outlet 18.
   242  1.1021e-05  9.5658e-08  6.8640e-08  5.1940e-08  1:27:23 3258

 Reversed flow on 39 faces (17.9% area) of pressure-outlet 19.

 Reversed flow on 183 faces (37.5% area) of pressure-outlet 18.

  iter  continuity  x-velocity  y-velocity  z-velocity     time/iter
   243  1.0694e-05  9.4753e-08  6.8354e-08  5.1148e-08  1:27:19 3257

 Reversed flow on 39 faces (17.9% area) of pressure-outlet 19.

 Reversed flow on 183 faces (37.5% area) of pressure-outlet 18.
   244  1.0612e-05  9.3896e-08  6.8069e-08  5.0313e-08  1:27:18 3256

 Reversed flow on 39 faces (17.9% area) of pressure-outlet 19.

 Reversed flow on 183 faces (37.5% area) of pressure-outlet 18.
   245  1.0430e-05  9.3401e-08  6.8162e-08  4.9769e-08  1:27:16 3255

 Reversed flow on 39 faces (17.9% area) of pressure-outlet 19.

 Reversed flow on 183 faces (37.5% area) of pressure-outlet 18.
   246  1.0592e-05  9.3404e-08  6.8765e-08  4.9588e-08  1:27:15 3254

 Reversed flow on 39 faces (17.9% area) of pressure-outlet 19.

 Reversed flow on 183 faces (37.5% area) of pressure-outlet 18.
   247  1.0307e-05  9.2772e-08  6.8512e-08  4.9130e-08  1:27:14 3253

 Reversed flow on 39 faces (17.9% area) of pressure-outlet 19.

 Reversed flow on 183 faces (37.5% area) of pressure-outlet 18.
   248  1.0256e-05  9.2177e-08  6.8079e-08  4.8584e-08  1:27:12 3252

 Reversed flow on 39 faces (17.9% area) of pressure-outlet 19.

 Reversed flow on 183 faces (37.5% area) of pressure-outlet 18.
   249  1.0102e-05  9.1824e-08  6.7885e-08  4.8245e-08  1:27:09 3251

 Reversed flow on 39 faces (17.9% area) of pressure-outlet 19.

 Reversed flow on 183 faces (37.5% area) of pressure-outlet 18.
   250  1.0281e-05  9.1913e-08  6.8150e-08  4.8277e-08  1:27:08 3250

 Reversed flow on 39 faces (17.9% area) of pressure-outlet 19.

 Reversed flow on 183 faces (37.5% area) of pressure-outlet 18.
   251  9.9904e-06  9.1371e-08  6.7519e-08  4.7870e-08  1:27:06 3249

 Reversed flow on 39 faces (17.9% area) of pressure-outlet 19.

 Reversed flow on 183 faces (37.5% area) of pressure-outlet 18.
   252  9.9211e-06  9.0711e-08  6.6903e-08  4.7289e-08  1:27:04 3248

 Reversed flow on 39 faces (17.9% area) of pressure-outlet 19.

 Reversed flow on 183 faces (37.5% area) of pressure-outlet 18.
   253  9.7432e-06  9.0293e-08  6.6566e-08  4.6881e-08  1:27:01 3247

 Reversed flow on 39 faces (17.9% area) of pressure-outlet 19.

 Reversed flow on 183 faces (37.5% area) of pressure-outlet 18.

  iter  continuity  x-velocity  y-velocity  z-velocity     time/iter
   254  9.8873e-06  9.0290e-08  6.6643e-08  4.6770e-08  1:27:03 3246

 Reversed flow on 39 faces (17.9% area) of pressure-outlet 19.

 Reversed flow on 183 faces (37.5% area) of pressure-outlet 18.
   255  9.5721e-06  8.9591e-08  6.5887e-08  4.6234e-08  1:27:01 3245

 Reversed flow on 39 faces (17.9% area) of pressure-outlet 19.

 Reversed flow on 183 faces (37.5% area) of pressure-outlet 18.
   256  9.4861e-06  8.8793e-08  6.5117e-08  4.5526e-08  1:26:59 3244

 Reversed flow on 39 faces (17.9% area) of pressure-outlet 19.

 Reversed flow on 183 faces (37.5% area) of pressure-outlet 18.
   257  9.2938e-06  8.8276e-08  6.4808e-08  4.5008e-08  1:26:58 3243

 Reversed flow on 39 faces (17.9% area) of pressure-outlet 19.

 Reversed flow on 183 faces (37.5% area) of pressure-outlet 18.
   258  9.4263e-06  8.8166e-08  6.5001e-08  4.4802e-08  1:26:54 3242

 Reversed flow on 39 faces (17.9% area) of pressure-outlet 19.

 Reversed flow on 183 faces (37.5% area) of pressure-outlet 18.
   259  9.1060e-06  8.7380e-08  6.4475e-08  4.4199e-08  1:26:52 3241

 Reversed flow on 39 faces (17.9% area) of pressure-outlet 19.

 Reversed flow on 183 faces (37.5% area) of pressure-outlet 18.
   260  9.0316e-06  8.6531e-08  6.4099e-08  4.3492e-08  1:26:48 3240

 Reversed flow on 39 faces (17.9% area) of pressure-outlet 19.

 Reversed flow on 183 faces (37.5% area) of pressure-outlet 18.
   261  8.8749e-06  8.6017e-08  6.4058e-08  4.3051e-08  1:26:47 3239

 Reversed flow on 39 faces (17.9% area) of pressure-outlet 19.

 Reversed flow on 183 faces (37.5% area) of pressure-outlet 18.
   262  9.0507e-06  8.5981e-08  6.4681e-08  4.2963e-08  1:26:45 3238

 Reversed flow on 39 faces (17.9% area) of pressure-outlet 19.

 Reversed flow on 183 faces (37.5% area) of pressure-outlet 18.
   263  8.7664e-06  8.5360e-08  6.4678e-08  4.2484e-08  1:26:43 3237

 Reversed flow on 39 faces (17.9% area) of pressure-outlet 19.

 Reversed flow on 183 faces (37.5% area) of pressure-outlet 18.
   264  8.7230e-06  8.4751e-08  6.4645e-08  4.1916e-08  1:26:41 3236

 Reversed flow on 39 faces (17.9% area) of pressure-outlet 19.

 Reversed flow on 183 faces (37.5% area) of pressure-outlet 18.

  iter  continuity  x-velocity  y-velocity  z-velocity     time/iter
   265  8.5952e-06  8.4572e-08  6.4913e-08  4.1627e-08  1:26:38 3235

 Reversed flow on 39 faces (17.9% area) of pressure-outlet 19.

 Reversed flow on 183 faces (37.5% area) of pressure-outlet 18.
   266  8.7948e-06  8.4838e-08  6.5621e-08  4.1704e-08  1:26:36 3234

 Reversed flow on 39 faces (17.9% area) of pressure-outlet 19.

 Reversed flow on 183 faces (37.5% area) of pressure-outlet 18.
   267  8.5326e-06  8.4499e-08  6.5560e-08  4.1423e-08  1:26:33 3233

 Reversed flow on 39 faces (17.9% area) of pressure-outlet 19.

 Reversed flow on 183 faces (37.5% area) of pressure-outlet 18.
   268  8.5103e-06  8.4201e-08  6.5403e-08  4.1063e-08  1:30:13 3232

 Reversed flow on 39 faces (17.9% area) of pressure-outlet 19.

 Reversed flow on 183 faces (37.5% area) of pressure-outlet 18.
   269  8.4014e-06  8.4226e-08  6.5530e-08  4.0976e-08  1:29:28 3231

 Reversed flow on 39 faces (17.9% area) of pressure-outlet 19.

 Reversed flow on 183 faces (37.5% area) of pressure-outlet 18.
   270  8.6170e-06  8.4643e-08  6.6067e-08  4.1237e-08  1:28:51 3230

 Reversed flow on 39 faces (17.9% area) of pressure-outlet 19.

 Reversed flow on 183 faces (37.5% area) of pressure-outlet 18.
   271  8.3688e-06  8.4372e-08  6.5793e-08  4.1071e-08  1:28:20 3229

 Reversed flow on 39 faces (17.9% area) of pressure-outlet 19.

 Reversed flow on 183 faces (37.5% area) of pressure-outlet 18.
   272  8.3529e-06  8.4035e-08  6.5538e-08  4.0742e-08  1:27:55 3228

 Reversed flow on 39 faces (17.9% area) of pressure-outlet 19.

 Reversed flow on 183 faces (37.5% area) of pressure-outlet 18.
   273  8.2422e-06  8.4013e-08  6.5559e-08  4.0624e-08  1:27:35 3227

 Reversed flow on 39 faces (17.9% area) of pressure-outlet 19.

 Reversed flow on 183 faces (37.5% area) of pressure-outlet 18.
   274  8.4498e-06  8.4377e-08  6.5944e-08  4.0779e-08  1:27:19 3226

 Reversed flow on 39 faces (17.9% area) of pressure-outlet 19.

 Reversed flow on 183 faces (37.5% area) of pressure-outlet 18.
   275  8.1771e-06  8.3997e-08  6.5409e-08  4.0463e-08  1:27:05 3225

 Reversed flow on 39 faces (17.9% area) of pressure-outlet 19.

 Reversed flow on 183 faces (37.5% area) of pressure-outlet 18.

  iter  continuity  x-velocity  y-velocity  z-velocity     time/iter
   276  8.1337e-06  8.3506e-08  6.4659e-08  3.9998e-08  1:26:54 3224

 Reversed flow on 39 faces (17.9% area) of pressure-outlet 19.

 Reversed flow on 183 faces (37.5% area) of pressure-outlet 18.
   277  7.9860e-06  8.3238e-08  6.4487e-08  3.9706e-08  1:26:46 3223

 Reversed flow on 39 faces (17.9% area) of pressure-outlet 19.

 Reversed flow on 183 faces (37.5% area) of pressure-outlet 18.
   278  8.1572e-06  8.3315e-08  6.4782e-08  3.9681e-08  1:26:39 3222

 Reversed flow on 39 faces (17.9% area) of pressure-outlet 19.

 Reversed flow on 183 faces (37.5% area) of pressure-outlet 18.
   279  7.8515e-06  8.2583e-08  6.4169e-08  3.9195e-08  1:26:32 3221

 Reversed flow on 39 faces (17.9% area) of pressure-outlet 19.

 Reversed flow on 183 faces (37.5% area) of pressure-outlet 18.
   280  7.7927e-06  8.1738e-08  6.3654e-08  3.8595e-08  1:26:27 3220

 Reversed flow on 39 faces (17.9% area) of pressure-outlet 19.

 Reversed flow on 183 faces (37.5% area) of pressure-outlet 18.
   281  7.6381e-06  8.1121e-08  6.3546e-08  3.8169e-08  1:26:50 3219

 Reversed flow on 39 faces (17.9% area) of pressure-outlet 19.

 Reversed flow on 183 faces (37.5% area) of pressure-outlet 18.
   282  7.8354e-06  8.0944e-08  6.4136e-08  3.8107e-08  1:26:42 3218

 Reversed flow on 39 faces (17.9% area) of pressure-outlet 19.

 Reversed flow on 183 faces (37.5% area) of pressure-outlet 18.
   283  7.5657e-06  8.0107e-08  6.3996e-08  3.7688e-08  1:26:42 3217

 Reversed flow on 39 faces (17.9% area) of pressure-outlet 19.

 Reversed flow on 183 faces (37.5% area) of pressure-outlet 18.
   284  7.5456e-06  7.9240e-08  6.3812e-08  3.7194e-08  1:26:40 3216

 Reversed flow on 39 faces (17.9% area) of pressure-outlet 19.

 Reversed flow on 183 faces (37.5% area) of pressure-outlet 18.
   285  7.4232e-06  7.8641e-08  6.3831e-08  3.6809e-08  1:26:34 3215

 Reversed flow on 39 faces (17.9% area) of pressure-outlet 19.

 Reversed flow on 183 faces (37.5% area) of pressure-outlet 18.
   286  7.6066e-06  7.7846e-08  6.4277e-08  3.6905e-08  1:26:27 3214

 Reversed flow on 39 faces (17.9% area) of pressure-outlet 19.

 Reversed flow on 183 faces (37.5% area) of pressure-outlet 18.

  iter  continuity  x-velocity  y-velocity  z-velocity     time/iter
   287  7.3003e-06  7.5973e-08  6.3752e-08  3.6605e-08  1:26:21 3213

 Reversed flow on 39 faces (17.9% area) of pressure-outlet 19.

 Reversed flow on 183 faces (37.5% area) of pressure-outlet 18.
   288  7.2506e-06  7.4268e-08  6.2932e-08  3.6183e-08  1:26:16 3212

 Reversed flow on 39 faces (17.9% area) of pressure-outlet 19.

 Reversed flow on 183 faces (37.5% area) of pressure-outlet 18.
   289  7.0897e-06  7.3102e-08  6.2105e-08  3.5779e-08  1:26:13 3211

 Reversed flow on 39 faces (17.9% area) of pressure-outlet 19.

 Reversed flow on 183 faces (37.5% area) of pressure-outlet 18.
   290  7.2580e-06  7.2497e-08  6.1754e-08  3.5786e-08  1:26:08 3210

 Reversed flow on 39 faces (17.9% area) of pressure-outlet 19.

 Reversed flow on 183 faces (37.5% area) of pressure-outlet 18.
   291  6.9535e-06  7.1113e-08  6.0661e-08  3.5363e-08  1:26:07 3209

 Reversed flow on 39 faces (17.9% area) of pressure-outlet 19.

 Reversed flow on 183 faces (37.5% area) of pressure-outlet 18.
   292  6.8903e-06  6.9700e-08  5.9491e-08  3.4842e-08  1:26:04 3208

 Reversed flow on 39 faces (17.9% area) of pressure-outlet 19.

 Reversed flow on 183 faces (37.5% area) of pressure-outlet 18.
   293  6.7006e-06  6.8369e-08  5.8340e-08  3.4357e-08  1:26:00 3207

 Reversed flow on 39 faces (17.9% area) of pressure-outlet 19.

 Reversed flow on 183 faces (37.5% area) of pressure-outlet 18.
   294  6.8288e-06  6.7448e-08  5.7638e-08  3.4208e-08  1:25:57 3206

 Reversed flow on 39 faces (17.9% area) of pressure-outlet 19.

 Reversed flow on 183 faces (37.5% area) of pressure-outlet 18.
   295  6.4936e-06  6.5771e-08  5.6133e-08  3.3555e-08  1:25:53 3205

 Reversed flow on 39 faces (17.9% area) of pressure-outlet 19.

 Reversed flow on 183 faces (37.5% area) of pressure-outlet 18.
   296  6.3901e-06  6.4047e-08  5.4805e-08  3.2741e-08  1:25:51 3204

 Reversed flow on 39 faces (17.9% area) of pressure-outlet 19.

 Reversed flow on 183 faces (37.5% area) of pressure-outlet 18.
   297  6.1571e-06  6.2442e-08  5.3591e-08  3.1946e-08  1:25:47 3203

 Reversed flow on 39 faces (17.9% area) of pressure-outlet 19.

 Reversed flow on 183 faces (37.5% area) of pressure-outlet 18.

  iter  continuity  x-velocity  y-velocity  z-velocity     time/iter
   298  6.2576e-06  6.1310e-08  5.2887e-08  3.1536e-08  1:25:48 3202

 Reversed flow on 39 faces (17.9% area) of pressure-outlet 19.

 Reversed flow on 183 faces (37.5% area) of pressure-outlet 18.
   299  5.8951e-06  5.9380e-08  5.1547e-08  3.0645e-08  1:25:46 3201

 Reversed flow on 39 faces (17.9% area) of pressure-outlet 19.

 Reversed flow on 183 faces (37.5% area) of pressure-outlet 18.
   300  5.7809e-06  5.7405e-08  5.0226e-08  2.9659e-08  1:25:44 3200

 Reversed flow on 39 faces (17.9% area) of pressure-outlet 19.

 Reversed flow on 183 faces (37.5% area) of pressure-outlet 18.
   301  5.5730e-06  5.5673e-08  4.9226e-08  2.8858e-08  1:25:42 3199

 Reversed flow on 39 faces (17.9% area) of pressure-outlet 19.

 Reversed flow on 183 faces (37.5% area) of pressure-outlet 18.
   302  5.6917e-06  5.4464e-08  4.8827e-08  2.8445e-08  1:25:41 3198

 Reversed flow on 39 faces (17.9% area) of pressure-outlet 19.

 Reversed flow on 183 faces (37.5% area) of pressure-outlet 18.
   303  5.3341e-06  5.2514e-08  4.7626e-08  2.7559e-08  1:25:38 3197

 Reversed flow on 39 faces (17.9% area) of pressure-outlet 19.

 Reversed flow on 183 faces (37.5% area) of pressure-outlet 18.
   304  5.2253e-06  5.0646e-08  4.6372e-08  2.6578e-08  1:25:36 3196

 Reversed flow on 39 faces (17.9% area) of pressure-outlet 19.

 Reversed flow on 183 faces (37.5% area) of pressure-outlet 18.
   305  5.0267e-06  4.9119e-08  4.5356e-08  2.5850e-08  1:25:35 3195

 Reversed flow on 39 faces (17.9% area) of pressure-outlet 19.

 Reversed flow on 183 faces (37.5% area) of pressure-outlet 18.
   306  5.1529e-06  4.8071e-08  4.4791e-08  2.5510e-08  1:25:34 3194

 Reversed flow on 39 faces (17.9% area) of pressure-outlet 19.

 Reversed flow on 183 faces (37.5% area) of pressure-outlet 18.
   307  4.8061e-06  4.6375e-08  4.3395e-08  2.4743e-08  1:25:35 3193

 Reversed flow on 39 faces (17.9% area) of pressure-outlet 19.

 Reversed flow on 183 faces (37.5% area) of pressure-outlet 18.
   308  4.7013e-06  4.4693e-08  4.1932e-08  2.3893e-08  1:25:34 3192

 Reversed flow on 39 faces (17.9% area) of pressure-outlet 19.

 Reversed flow on 183 faces (37.5% area) of pressure-outlet 18.

  iter  continuity  x-velocity  y-velocity  z-velocity     time/iter
   309  4.5068e-06  4.3332e-08  4.0727e-08  2.3284e-08  1:25:30 3191

 Reversed flow on 39 faces (17.9% area) of pressure-outlet 19.

 Reversed flow on 183 faces (37.5% area) of pressure-outlet 18.
   310  4.6290e-06  4.2349e-08  3.9965e-08  2.2991e-08  1:25:29 3190

 Reversed flow on 39 faces (17.9% area) of pressure-outlet 19.

 Reversed flow on 183 faces (37.5% area) of pressure-outlet 18.
   311  4.2766e-06  4.0645e-08  3.8500e-08  2.2263e-08  1:25:25 3189

 Reversed flow on 39 faces (17.9% area) of pressure-outlet 19.

 Reversed flow on 183 faces (37.5% area) of pressure-outlet 18.
   312  4.1682e-06  3.9021e-08  3.7013e-08  2.1441e-08  1:25:21 3188

 Reversed flow on 39 faces (17.9% area) of pressure-outlet 19.

 Reversed flow on 183 faces (37.5% area) of pressure-outlet 18.
   313  3.9699e-06  3.7745e-08  3.5772e-08  2.0808e-08  1:26:47 3187

 Reversed flow on 39 faces (17.9% area) of pressure-outlet 19.

 Reversed flow on 183 faces (37.5% area) of pressure-outlet 18.
   314  4.0998e-06  3.6937e-08  3.4967e-08  2.0506e-08  1:26:29 3186

 Reversed flow on 39 faces (17.9% area) of pressure-outlet 19.

 Reversed flow on 183 faces (37.5% area) of pressure-outlet 18.
   315  3.7504e-06  3.5419e-08  3.3264e-08  1.9752e-08  1:26:13 3185

 Reversed flow on 39 faces (17.9% area) of pressure-outlet 19.

 Reversed flow on 183 faces (37.5% area) of pressure-outlet 18.
   316  3.6423e-06  3.3908e-08  3.1749e-08  1.8908e-08  1:26:00 3184

 Reversed flow on 39 faces (17.9% area) of pressure-outlet 19.

 Reversed flow on 183 faces (37.5% area) of pressure-outlet 18.
   317  3.4282e-06  3.2643e-08  3.0629e-08  1.8170e-08  1:25:47 3183

 Reversed flow on 39 faces (17.9% area) of pressure-outlet 19.

 Reversed flow on 183 faces (37.5% area) of pressure-outlet 18.
   318  3.5455e-06  3.1868e-08  3.0064e-08  1.7799e-08  1:25:39 3182

 Reversed flow on 39 faces (17.9% area) of pressure-outlet 19.

 Reversed flow on 183 faces (37.5% area) of pressure-outlet 18.
   319  3.2049e-06  3.0388e-08  2.8803e-08  1.7040e-08  1:25:32 3181

 Reversed flow on 39 faces (17.9% area) of pressure-outlet 19.

 Reversed flow on 183 faces (37.5% area) of pressure-outlet 18.

  iter  continuity  x-velocity  y-velocity  z-velocity     time/iter
   320  3.1252e-06  2.8965e-08  2.7785e-08  1.6273e-08  1:25:26 3180

 Reversed flow on 39 faces (17.9% area) of pressure-outlet 19.

 Reversed flow on 183 faces (37.5% area) of pressure-outlet 18.
   321  2.9579e-06  2.7789e-08  2.7153e-08  1.5590e-08  1:25:22 3179

 Reversed flow on 39 faces (17.9% area) of pressure-outlet 19.

 Reversed flow on 183 faces (37.5% area) of pressure-outlet 18.
   322  3.1358e-06  2.7296e-08  2.7370e-08  1.5431e-08  1:25:18 3178

 Reversed flow on 39 faces (17.9% area) of pressure-outlet 19.

 Reversed flow on 183 faces (37.5% area) of pressure-outlet 18.
   323  2.8606e-06  2.6250e-08  2.6856e-08  1.4974e-08  1:25:14 3177

 Reversed flow on 39 faces (17.9% area) of pressure-outlet 19.

 Reversed flow on 183 faces (37.5% area) of pressure-outlet 18.
   324  2.8615e-06  2.5374e-08  2.6357e-08  1.4493e-08  1:25:10 3176

 Reversed flow on 39 faces (17.9% area) of pressure-outlet 19.

 Reversed flow on 183 faces (37.5% area) of pressure-outlet 18.
   325  2.7344e-06  2.4628e-08  2.5928e-08  1.4043e-08  1:25:06 3175

 Reversed flow on 39 faces (17.9% area) of pressure-outlet 19.

 Reversed flow on 183 faces (37.5% area) of pressure-outlet 18.
   326  2.9297e-06  2.4521e-08  2.6012e-08  1.4117e-08  1:25:04 3174

 Reversed flow on 39 faces (17.9% area) of pressure-outlet 19.

 Reversed flow on 183 faces (37.5% area) of pressure-outlet 18.
   327  2.6888e-06  2.3961e-08  2.5309e-08  1.3948e-08  1:25:01 3173

 Reversed flow on 39 faces (17.9% area) of pressure-outlet 19.

 Reversed flow on 183 faces (37.5% area) of pressure-outlet 18.
   328  2.7184e-06  2.3413e-08  2.4521e-08  1.3723e-08  1:25:05 3172

 Reversed flow on 39 faces (17.9% area) of pressure-outlet 19.

 Reversed flow on 183 faces (37.5% area) of pressure-outlet 18.
   329  2.5913e-06  2.2834e-08  2.3698e-08  1.3396e-08  1:25:03 3171

 Reversed flow on 39 faces (17.9% area) of pressure-outlet 19.

 Reversed flow on 183 faces (37.5% area) of pressure-outlet 18.
   330  2.7684e-06  2.2735e-08  2.3499e-08  1.3468e-08  1:25:04 3170

 Reversed flow on 39 faces (17.9% area) of pressure-outlet 19.

 Reversed flow on 183 faces (37.5% area) of pressure-outlet 18.

  iter  continuity  x-velocity  y-velocity  z-velocity     time/iter
   331  2.5175e-06  2.2151e-08  2.2699e-08  1.3283e-08  1:25:00 3169

 Reversed flow on 39 faces (17.9% area) of pressure-outlet 19.

 Reversed flow on 183 faces (37.5% area) of pressure-outlet 18.
   332  2.5293e-06  2.1495e-08  2.1793e-08  1.2966e-08  1:24:56 3168

 Reversed flow on 39 faces (17.9% area) of pressure-outlet 19.

 Reversed flow on 183 faces (37.5% area) of pressure-outlet 18.
   333  2.3792e-06  2.0781e-08  2.0829e-08  1.2518e-08  1:24:55 3167

 Reversed flow on 39 faces (17.9% area) of pressure-outlet 19.

 Reversed flow on 183 faces (37.5% area) of pressure-outlet 18.
   334  2.5367e-06  2.0577e-08  2.0370e-08  1.2446e-08  1:24:53 3166

 Reversed flow on 39 faces (17.9% area) of pressure-outlet 19.

 Reversed flow on 183 faces (37.5% area) of pressure-outlet 18.
   335  2.2602e-06  1.9866e-08  1.9584e-08  1.2067e-08  1:24:51 3165

 Reversed flow on 39 faces (17.9% area) of pressure-outlet 19.

 Reversed flow on 183 faces (37.5% area) of pressure-outlet 18.
   336  2.2478e-06  1.9157e-08  1.8817e-08  1.1574e-08  1:24:50 3164

 Reversed flow on 39 faces (17.9% area) of pressure-outlet 19.

 Reversed flow on 183 faces (37.5% area) of pressure-outlet 18.
   337  2.0886e-06  1.8438e-08  1.8088e-08  1.1036e-08  1:25:04 3163

 Reversed flow on 39 faces (17.9% area) of pressure-outlet 19.

 Reversed flow on 183 faces (37.5% area) of pressure-outlet 18.
   338  2.2634e-06  1.8275e-08  1.8092e-08  1.0958e-08  1:24:58 3162

 Reversed flow on 39 faces (17.9% area) of pressure-outlet 19.

 Reversed flow on 183 faces (37.5% area) of pressure-outlet 18.
   339  2.0014e-06  1.7550e-08  1.7591e-08  1.0539e-08  1:24:55 3161

 Reversed flow on 39 faces (17.9% area) of pressure-outlet 19.

 Reversed flow on 183 faces (37.5% area) of pressure-outlet 18.
   340  2.0207e-06  1.6886e-08  1.7230e-08  1.0100e-08  1:24:52 3160

 Reversed flow on 39 faces (17.9% area) of pressure-outlet 19.

 Reversed flow on 183 faces (37.5% area) of pressure-outlet 18.
   341  1.9097e-06  1.6416e-08  1.7145e-08  9.7358e-09  1:24:47 3159

 Reversed flow on 39 faces (17.9% area) of pressure-outlet 19.

 Reversed flow on 183 faces (37.5% area) of pressure-outlet 18.

  iter  continuity  x-velocity  y-velocity  z-velocity     time/iter
   342  2.1369e-06  1.6548e-08  1.7697e-08  9.8541e-09  1:24:43 3158

 Reversed flow on 39 faces (17.9% area) of pressure-outlet 19.

 Reversed flow on 183 faces (37.5% area) of pressure-outlet 18.
   343  1.9029e-06  1.6047e-08  1.7518e-08  9.5576e-09  1:24:40 3157

 Reversed flow on 39 faces (17.9% area) of pressure-outlet 19.

 Reversed flow on 183 faces (37.5% area) of pressure-outlet 18.
   344  1.9301e-06  1.5647e-08  1.7347e-08  9.2607e-09  1:24:41 3156

 Reversed flow on 39 faces (17.9% area) of pressure-outlet 19.

 Reversed flow on 183 faces (37.5% area) of pressure-outlet 18.
   345  1.8490e-06  1.5441e-08  1.7323e-08  9.1205e-09  1:24:40 3155

 Reversed flow on 39 faces (17.9% area) of pressure-outlet 19.

 Reversed flow on 183 faces (37.5% area) of pressure-outlet 18.
   346  2.1073e-06  1.5853e-08  1.7826e-08  9.4555e-09  1:24:35 3154

 Reversed flow on 39 faces (17.9% area) of pressure-outlet 19.

 Reversed flow on 183 faces (37.5% area) of pressure-outlet 18.
   347  1.8901e-06  1.5558e-08  1.7489e-08  9.3671e-09  1:24:32 3153

 Reversed flow on 39 faces (17.9% area) of pressure-outlet 19.

 Reversed flow on 183 faces (37.5% area) of pressure-outlet 18.
   348  1.9239e-06  1.5303e-08  1.7116e-08  9.2556e-09  1:24:29 3152

 Reversed flow on 39 faces (17.9% area) of pressure-outlet 19.

 Reversed flow on 183 faces (37.5% area) of pressure-outlet 18.
   349  1.8526e-06  1.5237e-08  1.6910e-08  9.2449e-09  1:24:27 3151

 Reversed flow on 39 faces (17.9% area) of pressure-outlet 19.

 Reversed flow on 183 faces (37.5% area) of pressure-outlet 18.
   350  2.1172e-06  1.5687e-08  1.7291e-08  9.6418e-09  1:24:27 3150

 Reversed flow on 39 faces (17.9% area) of pressure-outlet 19.

 Reversed flow on 183 faces (37.5% area) of pressure-outlet 18.
   351  1.8929e-06  1.5385e-08  1.6905e-08  9.5486e-09  1:24:24 3149

 Reversed flow on 39 faces (17.9% area) of pressure-outlet 19.

 Reversed flow on 183 faces (37.5% area) of pressure-outlet 18.
   352  1.9165e-06  1.5135e-08  1.6443e-08  9.3944e-09  1:24:21 3148

 Reversed flow on 39 faces (17.9% area) of pressure-outlet 19.

 Reversed flow on 183 faces (37.5% area) of pressure-outlet 18.

  iter  continuity  x-velocity  y-velocity  z-velocity     time/iter
   353  1.8257e-06  1.5038e-08  1.6084e-08  9.2795e-09  1:24:18 3147

 Reversed flow on 39 faces (17.9% area) of pressure-outlet 19.

 Reversed flow on 183 faces (37.5% area) of pressure-outlet 18.
   354  2.0668e-06  1.5452e-08  1.6194e-08  9.5496e-09  1:24:16 3146

 Reversed flow on 39 faces (17.9% area) of pressure-outlet 19.

 Reversed flow on 183 faces (37.5% area) of pressure-outlet 18.
   355  1.8169e-06  1.5072e-08  1.5551e-08  9.3186e-09  1:24:14 3145

 Reversed flow on 39 faces (17.9% area) of pressure-outlet 19.

 Reversed flow on 183 faces (37.5% area) of pressure-outlet 18.
   356  1.8179e-06  1.4692e-08  1.5060e-08  9.0123e-09  1:24:14 3144

 Reversed flow on 39 faces (17.9% area) of pressure-outlet 19.

 Reversed flow on 183 faces (37.5% area) of pressure-outlet 18.
   357  1.6879e-06  1.4377e-08  1.4716e-08  8.6607e-09  1:24:12 3143

 Reversed flow on 39 faces (17.9% area) of pressure-outlet 19.

 Reversed flow on 183 faces (37.5% area) of pressure-outlet 18.
   358  1.9018e-06  1.4571e-08  1.4994e-08  8.7600e-09  1:24:18 3142

 Reversed flow on 39 faces (17.9% area) of pressure-outlet 19.

 Reversed flow on 183 faces (37.5% area) of pressure-outlet 18.
   359  1.6486e-06  1.4036e-08  1.4792e-08  8.4736e-09  1:24:21 3141

 Reversed flow on 39 faces (17.9% area) of pressure-outlet 19.

 Reversed flow on 183 faces (37.5% area) of pressure-outlet 18.
   360  1.6966e-06  1.3600e-08  1.4665e-08  8.1909e-09  1:24:17 3140

 Reversed flow on 39 faces (17.9% area) of pressure-outlet 19.

 Reversed flow on 183 faces (37.5% area) of pressure-outlet 18.
   361  1.6123e-06  1.3301e-08  1.4937e-08  7.9187e-09  1:24:16 3139

 Reversed flow on 39 faces (17.9% area) of pressure-outlet 19.

 Reversed flow on 183 faces (37.5% area) of pressure-outlet 18.
   362  1.8523e-06  1.3610e-08  1.5843e-08  8.1338e-09  1:24:14 3138

 Reversed flow on 39 faces (17.9% area) of pressure-outlet 19.

 Reversed flow on 183 faces (37.5% area) of pressure-outlet 18.
   363  1.6585e-06  1.3457e-08  1.6046e-08  8.1060e-09  1:24:13 3137

 Reversed flow on 39 faces (17.9% area) of pressure-outlet 19.

 Reversed flow on 183 faces (37.5% area) of pressure-outlet 18.

  iter  continuity  x-velocity  y-velocity  z-velocity     time/iter
   364  1.7515e-06  1.3391e-08  1.6168e-08  8.0539e-09  1:24:10 3136

 Reversed flow on 39 faces (17.9% area) of pressure-outlet 19.

 Reversed flow on 183 faces (37.5% area) of pressure-outlet 18.
   365  1.6879e-06  1.3371e-08  1.6231e-08  7.9890e-09  1:24:11 3135

 Reversed flow on 39 faces (17.9% area) of pressure-outlet 19.

 Reversed flow on 183 faces (37.5% area) of pressure-outlet 18.
   366  1.9292e-06  1.3906e-08  1.6725e-08  8.3400e-09  1:24:24 3134

 Reversed flow on 39 faces (17.9% area) of pressure-outlet 19.

 Reversed flow on 183 faces (37.5% area) of pressure-outlet 18.
   367  1.7479e-06  1.3982e-08  1.6523e-08  8.5151e-09  1:24:17 3133

 Reversed flow on 39 faces (17.9% area) of pressure-outlet 19.

 Reversed flow on 183 faces (37.5% area) of pressure-outlet 18.
   368  1.8295e-06  1.3983e-08  1.6150e-08  8.5626e-09  1:24:11 3132

 Reversed flow on 39 faces (17.9% area) of pressure-outlet 19.

 Reversed flow on 183 faces (37.5% area) of pressure-outlet 18.
   369  1.7456e-06  1.3902e-08  1.5784e-08  8.4727e-09  1:24:07 3131

 Reversed flow on 39 faces (17.9% area) of pressure-outlet 19.

 Reversed flow on 183 faces (37.5% area) of pressure-outlet 18.
   370  1.9567e-06  1.4235e-08  1.6003e-08  8.7299e-09  1:24:04 3130

 Reversed flow on 39 faces (17.9% area) of pressure-outlet 19.

 Reversed flow on 183 faces (37.5% area) of pressure-outlet 18.
   371  1.7463e-06  1.4133e-08  1.5568e-08  8.7644e-09  1:24:03 3129

 Reversed flow on 39 faces (17.9% area) of pressure-outlet 19.

 Reversed flow on 183 faces (37.5% area) of pressure-outlet 18.
   372  1.7921e-06  1.3928e-08  1.4961e-08  8.6082e-09  1:24:00 3128

 Reversed flow on 39 faces (17.9% area) of pressure-outlet 19.

 Reversed flow on 183 faces (37.5% area) of pressure-outlet 18.
   373  1.6754e-06  1.3659e-08  1.4281e-08  8.3261e-09  1:23:54 3127

 Reversed flow on 39 faces (17.9% area) of pressure-outlet 19.

 Reversed flow on 183 faces (37.5% area) of pressure-outlet 18.
   374  1.8586e-06  1.3837e-08  1.4367e-08  8.4052e-09  1:23:52 3126

 Reversed flow on 39 faces (17.9% area) of pressure-outlet 19.

 Reversed flow on 183 faces (37.5% area) of pressure-outlet 18.

  iter  continuity  x-velocity  y-velocity  z-velocity     time/iter
   375  1.6102e-06  1.3515e-08  1.3938e-08  8.1980e-09  1:23:48 3125

 Reversed flow on 39 faces (17.9% area) of pressure-outlet 19.

 Reversed flow on 183 faces (37.5% area) of pressure-outlet 18.
   376  1.6284e-06  1.3128e-08  1.3483e-08  7.8743e-09  1:23:46 3124

 Reversed flow on 39 faces (17.9% area) of pressure-outlet 19.

 Reversed flow on 183 faces (37.5% area) of pressure-outlet 18.
   377  1.5069e-06  1.2727e-08  1.3111e-08  7.5214e-09  1:23:42 3123

 Reversed flow on 39 faces (17.9% area) of pressure-outlet 19.

 Reversed flow on 183 faces (37.5% area) of pressure-outlet 18.
   378  1.7127e-06  1.2865e-08  1.3538e-08  7.6196e-09  1:23:40 3122

 Reversed flow on 39 faces (17.9% area) of pressure-outlet 19.

 Reversed flow on 183 faces (37.5% area) of pressure-outlet 18.
   379  1.4872e-06  1.2423e-08  1.3359e-08  7.3710e-09  1:23:40 3121

 Reversed flow on 39 faces (17.9% area) of pressure-outlet 19.

 Reversed flow on 183 faces (37.5% area) of pressure-outlet 18.
   380  1.5342e-06  1.2101e-08  1.3415e-08  7.1223e-09  1:23:37 3120

 Reversed flow on 39 faces (17.9% area) of pressure-outlet 19.

 Reversed flow on 183 faces (37.5% area) of pressure-outlet 18.
   381  1.4469e-06  1.1889e-08  1.3578e-08  6.9188e-09  1:23:34 3119

 Reversed flow on 39 faces (17.9% area) of pressure-outlet 19.

 Reversed flow on 183 faces (37.5% area) of pressure-outlet 18.
   382  1.6982e-06  1.2277e-08  1.4359e-08  7.1798e-09  1:23:33 3118

 Reversed flow on 39 faces (17.9% area) of pressure-outlet 19.

 Reversed flow on 183 faces (37.5% area) of pressure-outlet 18.
   383  1.4872e-06  1.2008e-08  1.4346e-08  7.0096e-09  1:23:32 3117

 Reversed flow on 39 faces (17.9% area) of pressure-outlet 19.

 Reversed flow on 183 faces (37.5% area) of pressure-outlet 18.
   384  1.5356e-06  1.1813e-08  1.4324e-08  6.8787e-09  1:23:29 3116

 Reversed flow on 39 faces (17.9% area) of pressure-outlet 19.

 Reversed flow on 183 faces (37.5% area) of pressure-outlet 18.
   385  1.4717e-06  1.1854e-08  1.4418e-08  6.8748e-09  1:23:26 3115

 Reversed flow on 39 faces (17.9% area) of pressure-outlet 19.

 Reversed flow on 183 faces (37.5% area) of pressure-outlet 18.

  iter  continuity  x-velocity  y-velocity  z-velocity     time/iter
   386  1.7491e-06  1.2481e-08  1.5038e-08  7.3373e-09  1:23:25 3114

 Reversed flow on 39 faces (17.9% area) of pressure-outlet 19.

 Reversed flow on 183 faces (37.5% area) of pressure-outlet 18.
   387  1.5456e-06  1.2329e-08  1.4777e-08  7.3344e-09  1:23:26 3113

 Reversed flow on 39 faces (17.9% area) of pressure-outlet 19.

 Reversed flow on 183 faces (37.5% area) of pressure-outlet 18.
   388  1.5911e-06  1.2215e-08  1.4470e-08  7.2956e-09  1:23:23 3112

 Reversed flow on 39 faces (17.9% area) of pressure-outlet 19.

 Reversed flow on 183 faces (37.5% area) of pressure-outlet 18.
   389  1.5298e-06  1.2298e-08  1.4346e-08  7.3384e-09  1:23:23 3111

 Reversed flow on 39 faces (17.9% area) of pressure-outlet 19.

 Reversed flow on 183 faces (37.5% area) of pressure-outlet 18.
   390  1.8065e-06  1.2902e-08  1.4924e-08  7.7909e-09  1:23:20 3110

 Reversed flow on 39 faces (17.9% area) of pressure-outlet 19.

 Reversed flow on 183 faces (37.5% area) of pressure-outlet 18.
   391  1.5897e-06  1.2727e-08  1.4557e-08  7.7328e-09  1:23:18 3109

 Reversed flow on 39 faces (17.9% area) of pressure-outlet 19.

 Reversed flow on 183 faces (37.5% area) of pressure-outlet 18.
   392  1.6182e-06  1.2573e-08  1.4087e-08  7.6045e-09  1:23:19 3108

 Reversed flow on 39 faces (17.9% area) of pressure-outlet 19.

 Reversed flow on 183 faces (37.5% area) of pressure-outlet 18.
   393  1.5302e-06  1.2571e-08  1.3701e-08  7.5049e-09  1:23:19 3107

 Reversed flow on 39 faces (17.9% area) of pressure-outlet 19.

 Reversed flow on 183 faces (37.5% area) of pressure-outlet 18.
   394  1.7749e-06  1.3056e-08  1.3895e-08  7.7835e-09  1:23:17 3106

 Reversed flow on 39 faces (17.9% area) of pressure-outlet 19.

 Reversed flow on 183 faces (37.5% area) of pressure-outlet 18.
   395  1.5237e-06  1.2710e-08  1.3460e-08  7.5490e-09  1:23:14 3105

 Reversed flow on 39 faces (17.9% area) of pressure-outlet 19.

 Reversed flow on 183 faces (37.5% area) of pressure-outlet 18.
   396  1.5260e-06  1.2374e-08  1.3023e-08  7.2441e-09  1:23:11 3104

 Reversed flow on 39 faces (17.9% area) of pressure-outlet 19.

 Reversed flow on 183 faces (37.5% area) of pressure-outlet 18.

  iter  continuity  x-velocity  y-velocity  z-velocity     time/iter
   397  1.4042e-06  1.2085e-08  1.2662e-08  6.9176e-09  1:23:09 3103

 Reversed flow on 39 faces (17.9% area) of pressure-outlet 19.

 Reversed flow on 183 faces (37.5% area) of pressure-outlet 18.
   398  1.6272e-06  1.2305e-08  1.3316e-08  7.0406e-09  1:23:07 3102

 Reversed flow on 39 faces (17.9% area) of pressure-outlet 19.

 Reversed flow on 183 faces (37.5% area) of pressure-outlet 18.
   399  1.3993e-06  1.1847e-08  1.3169e-08  6.8123e-09  1:23:05 3101

 Reversed flow on 39 faces (17.9% area) of pressure-outlet 19.

 Reversed flow on 183 faces (37.5% area) of pressure-outlet 18.
   400  1.4662e-06  1.1543e-08  1.3396e-08  6.6248e-09  1:23:03 3100

 Reversed flow on 39 faces (17.9% area) of pressure-outlet 19.

 Reversed flow on 183 faces (37.5% area) of pressure-outlet 18.
   401  1.3924e-06  1.1358e-08  1.3766e-08  6.4215e-09  1:23:00 3099

 Reversed flow on 39 faces (17.9% area) of pressure-outlet 19.

 Reversed flow on 183 faces (37.5% area) of pressure-outlet 18.
   402  1.6413e-06  1.1769e-08  1.4724e-08  6.6826e-09  1:22:59 3098

 Reversed flow on 39 faces (17.9% area) of pressure-outlet 19.

 Reversed flow on 183 faces (37.5% area) of pressure-outlet 18.
   403  1.4647e-06  1.1733e-08  1.4956e-08  6.7297e-09  1:23:02 3097

 Reversed flow on 39 faces (17.9% area) of pressure-outlet 19.

 Reversed flow on 183 faces (37.5% area) of pressure-outlet 18.
   404  1.5660e-06  1.1769e-08  1.5052e-08  6.7851e-09  1:22:59 3096

 Reversed flow on 39 faces (17.9% area) of pressure-outlet 19.

 Reversed flow on 183 faces (37.5% area) of pressure-outlet 18.
   405  1.5067e-06  1.1864e-08  1.5045e-08  6.7755e-09  1:22:56 3095

 Reversed flow on 39 faces (17.9% area) of pressure-outlet 19.

 Reversed flow on 183 faces (37.5% area) of pressure-outlet 18.
   406  1.7519e-06  1.2419e-08  1.5479e-08  7.1550e-09  1:22:54 3094

 Reversed flow on 39 faces (17.9% area) of pressure-outlet 19.

 Reversed flow on 183 faces (37.5% area) of pressure-outlet 18.
   407  1.5698e-06  1.2497e-08  1.5205e-08  7.3611e-09  1:22:51 3093

 Reversed flow on 39 faces (17.9% area) of pressure-outlet 19.

 Reversed flow on 183 faces (37.5% area) of pressure-outlet 18.

  iter  continuity  x-velocity  y-velocity  z-velocity     time/iter
   408  1.6494e-06  1.2491e-08  1.4804e-08  7.4065e-09  1:22:49 3092

 Reversed flow on 39 faces (17.9% area) of pressure-outlet 19.

 Reversed flow on 183 faces (37.5% area) of pressure-outlet 18.
   409  1.5617e-06  1.2393e-08  1.4501e-08  7.3135e-09  1:22:48 3091

 Reversed flow on 39 faces (17.9% area) of pressure-outlet 19.

 Reversed flow on 183 faces (37.5% area) of pressure-outlet 18.
   410  1.7707e-06  1.2725e-08  1.4644e-08  7.5553e-09  1:22:47 3090

 Reversed flow on 39 faces (17.9% area) of pressure-outlet 19.

 Reversed flow on 183 faces (37.5% area) of pressure-outlet 18.
   411  1.5544e-06  1.2603e-08  1.4117e-08  7.5579e-09  1:22:46 3089

 Reversed flow on 39 faces (17.9% area) of pressure-outlet 19.

 Reversed flow on 183 faces (37.5% area) of pressure-outlet 18.
   412  1.5954e-06  1.2375e-08  1.3428e-08  7.3708e-09  1:22:43 3088

 Reversed flow on 39 faces (17.9% area) of pressure-outlet 19.

 Reversed flow on 183 faces (37.5% area) of pressure-outlet 18.
   413  1.4740e-06  1.2079e-08  1.2900e-08  7.0661e-09  1:22:42 3087

 Reversed flow on 39 faces (17.9% area) of pressure-outlet 19.

 Reversed flow on 183 faces (37.5% area) of pressure-outlet 18.
   414  1.6553e-06  1.2259e-08  1.3057e-08  7.1369e-09  1:22:40 3086

 Reversed flow on 39 faces (17.9% area) of pressure-outlet 19.

 Reversed flow on 183 faces (37.5% area) of pressure-outlet 18.
   415  1.4036e-06  1.1902e-08  1.2627e-08  6.9112e-09  1:22:38 3085

 Reversed flow on 39 faces (17.9% area) of pressure-outlet 19.

 Reversed flow on 183 faces (37.5% area) of pressure-outlet 18.
   416  1.4283e-06  1.1500e-08  1.2180e-08  6.5963e-09  1:22:36 3084

 Reversed flow on 39 faces (17.9% area) of pressure-outlet 19.

 Reversed flow on 183 faces (37.5% area) of pressure-outlet 18.
   417  1.3158e-06  1.1116e-08  1.2058e-08  6.2732e-09  1:22:43 3083

 Reversed flow on 39 faces (17.9% area) of pressure-outlet 19.

 Reversed flow on 183 faces (37.5% area) of pressure-outlet 18.
   418  1.5426e-06  1.1301e-08  1.2527e-08  6.4101e-09  1:22:40 3082

 Reversed flow on 39 faces (17.9% area) of pressure-outlet 19.

 Reversed flow on 183 faces (37.5% area) of pressure-outlet 18.

  iter  continuity  x-velocity  y-velocity  z-velocity     time/iter
   419  1.3227e-06  1.0928e-08  1.2566e-08  6.2018e-09  1:22:39 3081

 Reversed flow on 39 faces (17.9% area) of pressure-outlet 19.

 Reversed flow on 183 faces (37.5% area) of pressure-outlet 18.
   420  1.3683e-06  1.0646e-08  1.2667e-08  5.9776e-09  1:22:36 3080

 Reversed flow on 39 faces (17.9% area) of pressure-outlet 19.

 Reversed flow on 183 faces (37.5% area) of pressure-outlet 18.
   421  1.2882e-06  1.0500e-08  1.2897e-08  5.8173e-09  1:22:33 3079

 Reversed flow on 39 faces (17.9% area) of pressure-outlet 19.

 Reversed flow on 183 faces (37.5% area) of pressure-outlet 18.
   422  1.5562e-06  1.0987e-08  1.3708e-08  6.1212e-09  1:22:30 3078

 Reversed flow on 39 faces (17.9% area) of pressure-outlet 19.

 Reversed flow on 183 faces (37.5% area) of pressure-outlet 18.
   423  1.3508e-06  1.0748e-08  1.3694e-08  6.0222e-09  1:22:28 3077

 Reversed flow on 39 faces (17.9% area) of pressure-outlet 19.

 Reversed flow on 183 faces (37.5% area) of pressure-outlet 18.
   424  1.3978e-06  1.0620e-08  1.3649e-08  5.9333e-09  1:22:25 3076

 Reversed flow on 39 faces (17.9% area) of pressure-outlet 19.

 Reversed flow on 183 faces (37.5% area) of pressure-outlet 18.
   425  1.3408e-06  1.0749e-08  1.3748e-08  5.9991e-09  1:22:24 3075

 Reversed flow on 39 faces (17.9% area) of pressure-outlet 19.

 Reversed flow on 183 faces (37.5% area) of pressure-outlet 18.
   426  1.6262e-06  1.1393e-08  1.4359e-08  6.5062e-09  1:22:27 3074

 Reversed flow on 39 faces (17.9% area) of pressure-outlet 19.

 Reversed flow on 183 faces (37.5% area) of pressure-outlet 18.
   427  1.4250e-06  1.1242e-08  1.4064e-08  6.5400e-09  1:25:52 3073

 Reversed flow on 39 faces (17.9% area) of pressure-outlet 19.

 Reversed flow on 183 faces (37.5% area) of pressure-outlet 18.
   428  1.4695e-06  1.1115e-08  1.3716e-08  6.5062e-09  1:25:09 3072

 Reversed flow on 39 faces (17.9% area) of pressure-outlet 19.

 Reversed flow on 183 faces (37.5% area) of pressure-outlet 18.
   429  1.4092e-06  1.1207e-08  1.3745e-08  6.5699e-09  1:24:34 3071

 Reversed flow on 39 faces (17.9% area) of pressure-outlet 19.

 Reversed flow on 183 faces (37.5% area) of pressure-outlet 18.

  iter  continuity  x-velocity  y-velocity  z-velocity     time/iter
   430  1.6872e-06  1.1831e-08  1.4269e-08  7.0296e-09  1:24:11 3070

 Reversed flow on 39 faces (17.9% area) of pressure-outlet 19.

 Reversed flow on 183 faces (37.5% area) of pressure-outlet 18.
   431  1.4663e-06  1.1633e-08  1.3820e-08  6.9674e-09  1:23:48 3069

 Reversed flow on 39 faces (17.9% area) of pressure-outlet 19.

 Reversed flow on 183 faces (37.5% area) of pressure-outlet 18.
   432  1.4892e-06  1.1449e-08  1.3235e-08  6.8173e-09  1:23:27 3068

 Reversed flow on 39 faces (17.9% area) of pressure-outlet 19.

 Reversed flow on 183 faces (37.5% area) of pressure-outlet 18.
   433  1.3952e-06  1.1416e-08  1.2739e-08  6.6919e-09  1:23:12 3067

 Reversed flow on 39 faces (17.9% area) of pressure-outlet 19.

 Reversed flow on 183 faces (37.5% area) of pressure-outlet 18.
   434  1.6326e-06  1.1849e-08  1.3175e-08  6.9290e-09  1:22:58 3066

 Reversed flow on 39 faces (17.9% area) of pressure-outlet 19.

 Reversed flow on 183 faces (37.5% area) of pressure-outlet 18.
   435  1.3730e-06  1.1456e-08  1.2720e-08  6.6633e-09  1:22:46 3065

 Reversed flow on 39 faces (17.9% area) of pressure-outlet 19.

 Reversed flow on 183 faces (37.5% area) of pressure-outlet 18.
   436  1.3724e-06  1.1059e-08  1.2194e-08  6.3413e-09  1:22:38 3064

 Reversed flow on 39 faces (17.9% area) of pressure-outlet 19.

 Reversed flow on 183 faces (37.5% area) of pressure-outlet 18.
   437  1.2571e-06  1.0726e-08  1.2103e-08  5.9994e-09  1:22:27 3063

 Reversed flow on 39 faces (17.9% area) of pressure-outlet 19.

 Reversed flow on 183 faces (37.5% area) of pressure-outlet 18.
   438  1.4910e-06  1.0944e-08  1.2769e-08  6.1421e-09  1:22:21 3062

 Reversed flow on 39 faces (17.9% area) of pressure-outlet 19.

 Reversed flow on 183 faces (37.5% area) of pressure-outlet 18.
   439  1.2814e-06  1.0539e-08  1.2914e-08  5.9673e-09  1:22:15 3061

 Reversed flow on 39 faces (17.9% area) of pressure-outlet 19.

 Reversed flow on 183 faces (37.5% area) of pressure-outlet 18.
   440  1.3539e-06  1.0330e-08  1.3209e-08  5.8404e-09  1:22:14 3060

 Reversed flow on 39 faces (17.9% area) of pressure-outlet 19.

 Reversed flow on 183 faces (37.5% area) of pressure-outlet 18.

  iter  continuity  x-velocity  y-velocity  z-velocity     time/iter
   441  1.2856e-06  1.0197e-08  1.3592e-08  5.6718e-09  1:22:08 3059

 Reversed flow on 39 faces (17.9% area) of pressure-outlet 19.

 Reversed flow on 183 faces (37.5% area) of pressure-outlet 18.
   442  1.5432e-06  1.0694e-08  1.4534e-08  5.9511e-09  1:22:04 3058

 Reversed flow on 39 faces (17.9% area) of pressure-outlet 19.

 Reversed flow on 183 faces (37.5% area) of pressure-outlet 18.
   443  1.3742e-06  1.0732e-08  1.4714e-08  6.1049e-09  1:22:04 3057

 Reversed flow on 39 faces (17.9% area) of pressure-outlet 19.

 Reversed flow on 183 faces (37.5% area) of pressure-outlet 18.
   444  1.4752e-06  1.0862e-08  1.4704e-08  6.2070e-09  1:22:00 3056

 Reversed flow on 39 faces (17.9% area) of pressure-outlet 19.

 Reversed flow on 183 faces (37.5% area) of pressure-outlet 18.
   445  1.4184e-06  1.0986e-08  1.4600e-08  6.2135e-09  1:21:56 3055

 Reversed flow on 39 faces (17.9% area) of pressure-outlet 19.

 Reversed flow on 183 faces (37.5% area) of pressure-outlet 18.
   446  1.6579e-06  1.1514e-08  1.4923e-08  6.6080e-09  1:21:54 3054

 Reversed flow on 39 faces (17.9% area) of pressure-outlet 19.

 Reversed flow on 183 faces (37.5% area) of pressure-outlet 18.
   447  1.4715e-06  1.1585e-08  1.4555e-08  6.8066e-09  1:21:52 3053

 Reversed flow on 39 faces (17.9% area) of pressure-outlet 19.

 Reversed flow on 183 faces (37.5% area) of pressure-outlet 18.
   448  1.5447e-06  1.1545e-08  1.4232e-08  6.8278e-09  1:21:50 3052

 Reversed flow on 39 faces (17.9% area) of pressure-outlet 19.

 Reversed flow on 183 faces (37.5% area) of pressure-outlet 18.
   449  1.4515e-06  1.1429e-08  1.3835e-08  6.7033e-09  1:21:47 3051

 Reversed flow on 39 faces (17.9% area) of pressure-outlet 19.

 Reversed flow on 183 faces (37.5% area) of pressure-outlet 18.
   450  1.6547e-06  1.1748e-08  1.3872e-08  6.9138e-09  1:21:44 3050

 Reversed flow on 39 faces (17.9% area) of pressure-outlet 19.

 Reversed flow on 183 faces (37.5% area) of pressure-outlet 18.
   451  1.4306e-06  1.1593e-08  1.3235e-08  6.8695e-09  1:21:43 3049

 Reversed flow on 39 faces (17.9% area) of pressure-outlet 19.

 Reversed flow on 183 faces (37.5% area) of pressure-outlet 18.

  iter  continuity  x-velocity  y-velocity  z-velocity     time/iter
   452  1.4654e-06  1.1328e-08  1.2607e-08  6.6409e-09  1:21:40 3048

 Reversed flow on 39 faces (17.9% area) of pressure-outlet 19.

 Reversed flow on 183 faces (37.5% area) of pressure-outlet 18.
   453  1.3378e-06  1.1018e-08  1.2199e-08  6.3103e-09  1:21:37 3047

 Reversed flow on 39 faces (17.9% area) of pressure-outlet 19.

 Reversed flow on 183 faces (37.5% area) of pressure-outlet 18.
   454  1.5176e-06  1.1187e-08  1.2368e-08  6.3734e-09  1:21:35 3046

 Reversed flow on 39 faces (17.9% area) of pressure-outlet 19.

 Reversed flow on 183 faces (37.5% area) of pressure-outlet 18.
   455  1.2692e-06  1.0805e-08  1.1918e-08  6.1438e-09  1:21:33 3045

 Reversed flow on 39 faces (17.9% area) of pressure-outlet 19.

 Reversed flow on 183 faces (37.5% area) of pressure-outlet 18.
   456  1.2989e-06  1.0391e-08  1.1709e-08  5.8340e-09  1:21:31 3044

 Reversed flow on 39 faces (17.9% area) of pressure-outlet 19.

 Reversed flow on 183 faces (37.5% area) of pressure-outlet 18.
   457  1.2018e-06  1.0043e-08  1.1598e-08  5.5380e-09  1:21:31 3043

 Reversed flow on 39 faces (17.9% area) of pressure-outlet 19.

 Reversed flow on 183 faces (37.5% area) of pressure-outlet 18.
   458  1.4428e-06  1.0306e-08  1.2301e-08  5.7298e-09  1:21:29 3042

 Reversed flow on 39 faces (17.9% area) of pressure-outlet 19.

 Reversed flow on 183 faces (37.5% area) of pressure-outlet 18.
   459  1.2254e-06  9.9969e-09  1.2388e-08  5.5464e-09  1:21:29 3041

 Reversed flow on 39 faces (17.9% area) of pressure-outlet 19.

 Reversed flow on 183 faces (37.5% area) of pressure-outlet 18.
   460  1.2685e-06  9.7367e-09  1.2516e-08  5.3358e-09  1:21:28 3040

 Reversed flow on 39 faces (17.9% area) of pressure-outlet 19.

 Reversed flow on 183 faces (37.5% area) of pressure-outlet 18.
   461  1.2008e-06  9.6836e-09  1.2774e-08  5.2143e-09  1:21:27 3039

 Reversed flow on 39 faces (17.9% area) of pressure-outlet 19.

 Reversed flow on 183 faces (37.5% area) of pressure-outlet 18.
   462  1.4795e-06  1.0223e-08  1.3593e-08  5.5882e-09  1:21:26 3038

 Reversed flow on 39 faces (17.9% area) of pressure-outlet 19.

 Reversed flow on 183 faces (37.5% area) of pressure-outlet 18.

  iter  continuity  x-velocity  y-velocity  z-velocity     time/iter
   463  1.2791e-06  1.0051e-08  1.3554e-08  5.5497e-09  1:21:25 3037

 Reversed flow on 39 faces (17.9% area) of pressure-outlet 19.

 Reversed flow on 183 faces (37.5% area) of pressure-outlet 18.
   464  1.3273e-06  9.9590e-09  1.3460e-08  5.4954e-09  1:21:22 3036

 Reversed flow on 39 faces (17.9% area) of pressure-outlet 19.

 Reversed flow on 183 faces (37.5% area) of pressure-outlet 18.
   465  1.2800e-06  1.0111e-08  1.3554e-08  5.6171e-09  1:21:20 3035

 Reversed flow on 39 faces (17.9% area) of pressure-outlet 19.

 Reversed flow on 183 faces (37.5% area) of pressure-outlet 18.
   466  1.5694e-06  1.0753e-08  1.4123e-08  6.1610e-09  1:21:18 3034

 Reversed flow on 39 faces (17.9% area) of pressure-outlet 19.

 Reversed flow on 183 faces (37.5% area) of pressure-outlet 18.
   467  1.3689e-06  1.0597e-08  1.3798e-08  6.2180e-09  1:21:14 3033

 Reversed flow on 39 faces (17.9% area) of pressure-outlet 19.

 Reversed flow on 183 faces (37.5% area) of pressure-outlet 18.
   468  1.4120e-06  1.0459e-08  1.3550e-08  6.1760e-09  1:21:12 3032

 Reversed flow on 39 faces (17.9% area) of pressure-outlet 19.

 Reversed flow on 183 faces (37.5% area) of pressure-outlet 18.
   469  1.3542e-06  1.0586e-08  1.3554e-08  6.2561e-09  1:21:08 3031

 Reversed flow on 39 faces (17.9% area) of pressure-outlet 19.

 Reversed flow on 183 faces (37.5% area) of pressure-outlet 18.
   470  1.6288e-06  1.1206e-08  1.4005e-08  6.7120e-09  1:21:06 3030

 Reversed flow on 39 faces (17.9% area) of pressure-outlet 19.

 Reversed flow on 183 faces (37.5% area) of pressure-outlet 18.
   471  1.4045e-06  1.0999e-08  1.3457e-08  6.6351e-09  1:21:06 3029

 Reversed flow on 39 faces (17.9% area) of pressure-outlet 19.

 Reversed flow on 183 faces (37.5% area) of pressure-outlet 18.
   472  1.4216e-06  1.0784e-08  1.2749e-08  6.4529e-09  1:21:04 3028

 Reversed flow on 39 faces (17.9% area) of pressure-outlet 19.

 Reversed flow on 183 faces (37.5% area) of pressure-outlet 18.
   473  1.3206e-06  1.0706e-08  1.2490e-08  6.2900e-09  1:21:03 3027

 Reversed flow on 39 faces (17.9% area) of pressure-outlet 19.

 Reversed flow on 183 faces (37.5% area) of pressure-outlet 18.

  iter  continuity  x-velocity  y-velocity  z-velocity     time/iter
   474  1.5494e-06  1.1096e-08  1.2908e-08  6.4952e-09  1:21:02 3026

 Reversed flow on 39 faces (17.9% area) of pressure-outlet 19.

 Reversed flow on 183 faces (37.5% area) of pressure-outlet 18.
   475  1.2844e-06  1.0706e-08  1.2396e-08  6.2068e-09  1:21:00 3025

 Reversed flow on 39 faces (17.9% area) of pressure-outlet 19.

 Reversed flow on 183 faces (37.5% area) of pressure-outlet 18.
   476  1.2946e-06  1.0266e-08  1.2016e-08  5.8815e-09  1:21:00 3024

 Reversed flow on 39 faces (17.9% area) of pressure-outlet 19.

 Reversed flow on 183 faces (37.5% area) of pressure-outlet 18.
   477  1.1829e-06  9.9035e-09  1.2064e-08  5.5565e-09  1:21:00 3023

 Reversed flow on 39 faces (17.9% area) of pressure-outlet 19.

 Reversed flow on 183 faces (37.5% area) of pressure-outlet 18.
   478  1.4388e-06  1.0148e-08  1.2917e-08  5.7237e-09  1:20:58 3022

 Reversed flow on 39 faces (17.9% area) of pressure-outlet 19.

 Reversed flow on 183 faces (37.5% area) of pressure-outlet 18.
   479  1.2359e-06  9.8748e-09  1.3234e-08  5.6452e-09  1:20:55 3021

 Reversed flow on 39 faces (17.9% area) of pressure-outlet 19.

 Reversed flow on 183 faces (37.5% area) of pressure-outlet 18.
   480  1.3171e-06  9.7077e-09  1.3554e-08  5.5613e-09  1:20:53 3020

 Reversed flow on 39 faces (17.9% area) of pressure-outlet 19.

 Reversed flow on 183 faces (37.5% area) of pressure-outlet 18.
   481  1.2588e-06  9.6750e-09  1.3934e-08  5.4133e-09  1:20:52 3019

 Reversed flow on 39 faces (17.9% area) of pressure-outlet 19.

 Reversed flow on 183 faces (37.5% area) of pressure-outlet 18.
   482  1.5215e-06  1.0208e-08  1.4797e-08  5.7724e-09  1:20:55 3018

 Reversed flow on 39 faces (17.9% area) of pressure-outlet 19.

 Reversed flow on 183 faces (37.5% area) of pressure-outlet 18.
   483  1.3524e-06  1.0348e-08  1.4873e-08  5.9976e-09  1:20:53 3017

 Reversed flow on 39 faces (17.9% area) of pressure-outlet 19.

 Reversed flow on 183 faces (37.5% area) of pressure-outlet 18.
   484  1.4571e-06  1.0527e-08  1.4749e-08  6.1252e-09  1:20:50 3016

 Reversed flow on 39 faces (17.9% area) of pressure-outlet 19.

 Reversed flow on 183 faces (37.5% area) of pressure-outlet 18.

  iter  continuity  x-velocity  y-velocity  z-velocity     time/iter
   485  1.3960e-06  1.0620e-08  1.4528e-08  6.1467e-09  1:20:49 3015

 Reversed flow on 39 faces (17.9% area) of pressure-outlet 19.

 Reversed flow on 183 faces (37.5% area) of pressure-outlet 18.
   486  1.6294e-06  1.1124e-08  1.4720e-08  6.5350e-09  1:20:45 3014

 Reversed flow on 39 faces (17.9% area) of pressure-outlet 19.

 Reversed flow on 183 faces (37.5% area) of pressure-outlet 18.
   487  1.4376e-06  1.1166e-08  1.4411e-08  6.7126e-09  1:20:53 3013

 Reversed flow on 39 faces (17.9% area) of pressure-outlet 19.

 Reversed flow on 183 faces (37.5% area) of pressure-outlet 18.
   488  1.5039e-06  1.1089e-08  1.3986e-08  6.6979e-09  1:22:19 3012

 Reversed flow on 39 faces (17.9% area) of pressure-outlet 19.

 Reversed flow on 183 faces (37.5% area) of pressure-outlet 18.
   489  1.4034e-06  1.0940e-08  1.3460e-08  6.5310e-09  1:22:47 3011

 Reversed flow on 39 faces (17.9% area) of pressure-outlet 19.

 Reversed flow on 183 faces (37.5% area) of pressure-outlet 18.
   490  1.5978e-06  1.1224e-08  1.3361e-08  6.6996e-09  1:22:19 3010

 Reversed flow on 39 faces (17.9% area) of pressure-outlet 19.

 Reversed flow on 183 faces (37.5% area) of pressure-outlet 18.
   491  1.3662e-06  1.1021e-08  1.2666e-08  6.6034e-09  1:21:56 3009

 Reversed flow on 39 faces (17.9% area) of pressure-outlet 19.

 Reversed flow on 183 faces (37.5% area) of pressure-outlet 18.
   492  1.3921e-06  1.0715e-08  1.2223e-08  6.3298e-09  1:21:38 3008

 Reversed flow on 39 faces (17.9% area) of pressure-outlet 19.

 Reversed flow on 183 faces (37.5% area) of pressure-outlet 18.
   493  1.2576e-06  1.0367e-08  1.1788e-08  5.9673e-09  1:21:25 3007

 Reversed flow on 39 faces (17.9% area) of pressure-outlet 19.

 Reversed flow on 183 faces (37.5% area) of pressure-outlet 18.
   494  1.4412e-06  1.0518e-08  1.1924e-08  6.0465e-09  1:21:11 3006

 Reversed flow on 39 faces (17.9% area) of pressure-outlet 19.

 Reversed flow on 183 faces (37.5% area) of pressure-outlet 18.
   495  1.1987e-06  1.0098e-08  1.1629e-08  5.7973e-09  1:21:01 3005

 Reversed flow on 39 faces (17.9% area) of pressure-outlet 19.

 Reversed flow on 183 faces (37.5% area) of pressure-outlet 18.

  iter  continuity  x-velocity  y-velocity  z-velocity     time/iter
   496  1.2367e-06  9.6798e-09  1.1449e-08  5.4888e-09  1:20:53 3004

 Reversed flow on 39 faces (17.9% area) of pressure-outlet 19.

 Reversed flow on 183 faces (37.5% area) of pressure-outlet 18.
   497  1.1489e-06  9.3508e-09  1.1481e-08  5.2180e-09  1:20:47 3003

 Reversed flow on 39 faces (17.9% area) of pressure-outlet 19.

 Reversed flow on 183 faces (37.5% area) of pressure-outlet 18.
   498  1.3964e-06  9.7259e-09  1.2297e-08  5.4619e-09  1:20:39 3002

 Reversed flow on 39 faces (17.9% area) of pressure-outlet 19.

 Reversed flow on 183 faces (37.5% area) of pressure-outlet 18.
   499  1.1790e-06  9.4122e-09  1.2388e-08  5.2857e-09  1:20:35 3001

 Reversed flow on 39 faces (17.9% area) of pressure-outlet 19.

 Reversed flow on 183 faces (37.5% area) of pressure-outlet 18.
   500  1.2243e-06  9.1731e-09  1.2492e-08  5.0652e-09  1:20:30 3000

 Reversed flow on 39 faces (17.9% area) of pressure-outlet 19.

 Reversed flow on 183 faces (37.5% area) of pressure-outlet 18.
   501  1.1638e-06  9.1677e-09  1.2740e-08  4.9946e-09  1:20:24 2999

 Reversed flow on 39 faces (17.9% area) of pressure-outlet 19.

 Reversed flow on 183 faces (37.5% area) of pressure-outlet 18.
   502  1.4472e-06  9.7509e-09  1.3531e-08  5.4339e-09  1:20:21 2998

 Reversed flow on 39 faces (17.9% area) of pressure-outlet 19.

 Reversed flow on 183 faces (37.5% area) of pressure-outlet 18.
   503  1.2465e-06  9.6315e-09  1.3429e-08  5.4234e-09  1:20:19 2997

 Reversed flow on 39 faces (17.9% area) of pressure-outlet 19.

 Reversed flow on 183 faces (37.5% area) of pressure-outlet 18.
   504  1.2962e-06  9.5473e-09  1.3278e-08  5.3893e-09  1:20:17 2996

 Reversed flow on 39 faces (17.9% area) of pressure-outlet 19.

 Reversed flow on 183 faces (37.5% area) of pressure-outlet 18.
   505  1.2501e-06  9.7119e-09  1.3310e-08  5.5354e-09  1:20:14 2995

 Reversed flow on 39 faces (17.9% area) of pressure-outlet 19.

 Reversed flow on 183 faces (37.5% area) of pressure-outlet 18.
   506  1.5375e-06  1.0361e-08  1.3822e-08  6.0810e-09  1:20:12 2994

 Reversed flow on 39 faces (17.9% area) of pressure-outlet 19.

 Reversed flow on 183 faces (37.5% area) of pressure-outlet 18.

  iter  continuity  x-velocity  y-velocity  z-velocity     time/iter
   507  1.3346e-06  1.0211e-08  1.3516e-08  6.1138e-09  1:20:10 2993

 Reversed flow on 39 faces (17.9% area) of pressure-outlet 19.

 Reversed flow on 183 faces (37.5% area) of pressure-outlet 18.
   508  1.3753e-06  1.0087e-08  1.3270e-08  6.0519e-09  1:20:08 2992

 Reversed flow on 39 faces (17.9% area) of pressure-outlet 19.

 Reversed flow on 183 faces (37.5% area) of pressure-outlet 18.
   509  1.3115e-06  1.0216e-08  1.3176e-08  6.1112e-09  1:20:07 2991

 Reversed flow on 39 faces (17.9% area) of pressure-outlet 19.

 Reversed flow on 183 faces (37.5% area) of pressure-outlet 18.
   510  1.5791e-06  1.0820e-08  1.3507e-08  6.5287e-09  1:20:05 2990

 Reversed flow on 39 faces (17.9% area) of pressure-outlet 19.

 Reversed flow on 183 faces (37.5% area) of pressure-outlet 18.
   511  1.3468e-06  1.0592e-08  1.2818e-08  6.4035e-09  1:20:01 2989

 Reversed flow on 39 faces (17.9% area) of pressure-outlet 19.

 Reversed flow on 183 faces (37.5% area) of pressure-outlet 18.
   512  1.3547e-06  1.0324e-08  1.2199e-08  6.1475e-09  1:20:00 2988

 Reversed flow on 39 faces (17.9% area) of pressure-outlet 19.

 Reversed flow on 183 faces (37.5% area) of pressure-outlet 18.
   513  1.2427e-06  1.0191e-08  1.1998e-08  5.9131e-09  1:20:01 2987

 Reversed flow on 39 faces (17.9% area) of pressure-outlet 19.

 Reversed flow on 183 faces (37.5% area) of pressure-outlet 18.
   514  1.4611e-06  1.0538e-08  1.2364e-08  6.0498e-09  1:20:03 2986

 Reversed flow on 39 faces (17.9% area) of pressure-outlet 19.

 Reversed flow on 183 faces (37.5% area) of pressure-outlet 18.
   515  1.2035e-06  1.0053e-08  1.1855e-08  5.7474e-09  1:19:59 2985

 Reversed flow on 39 faces (17.9% area) of pressure-outlet 19.

 Reversed flow on 183 faces (37.5% area) of pressure-outlet 18.
   516  1.2168e-06  9.5713e-09  1.1750e-08  5.4150e-09  1:19:56 2984

 Reversed flow on 39 faces (17.9% area) of pressure-outlet 19.

 Reversed flow on 183 faces (37.5% area) of pressure-outlet 18.
   517  1.1315e-06  9.2328e-09  1.1890e-08  5.0980e-09  1:19:53 2983

 Reversed flow on 39 faces (17.9% area) of pressure-outlet 19.

 Reversed flow on 183 faces (37.5% area) of pressure-outlet 18.

  iter  continuity  x-velocity  y-velocity  z-velocity     time/iter
   518  1.3910e-06  9.5775e-09  1.2996e-08  5.3361e-09  1:19:50 2982

 Reversed flow on 39 faces (17.9% area) of pressure-outlet 19.

 Reversed flow on 183 faces (37.5% area) of pressure-outlet 18.
   519  1.1972e-06  9.3704e-09  1.3367e-08  5.3073e-09  1:19:49 2981

 Reversed flow on 39 faces (17.9% area) of pressure-outlet 19.

 Reversed flow on 183 faces (37.5% area) of pressure-outlet 18.
   520  1.2903e-06  9.3128e-09  1.3714e-08  5.2446e-09  1:19:45 2980

 Reversed flow on 39 faces (17.9% area) of pressure-outlet 19.

 Reversed flow on 183 faces (37.5% area) of pressure-outlet 18.
   521  1.2425e-06  9.3432e-09  1.4053e-08  5.1600e-09  1:19:44 2979

 Reversed flow on 39 faces (17.9% area) of pressure-outlet 19.

 Reversed flow on 183 faces (37.5% area) of pressure-outlet 18.
   522  1.5038e-06  9.9513e-09  1.4820e-08  5.5918e-09  1:19:43 2978

 Reversed flow on 39 faces (17.9% area) of pressure-outlet 19.

 Reversed flow on 183 faces (37.5% area) of pressure-outlet 18.
   523  1.3399e-06  1.0190e-08  1.4794e-08  5.8572e-09  1:19:42 2977

 Reversed flow on 39 faces (17.9% area) of pressure-outlet 19.

 Reversed flow on 183 faces (37.5% area) of pressure-outlet 18.
   524  1.4446e-06  1.0357e-08  1.4553e-08  5.9880e-09  1:19:41 2976

 Reversed flow on 39 faces (17.9% area) of pressure-outlet 19.

 Reversed flow on 183 faces (37.5% area) of pressure-outlet 18.
   525  1.3771e-06  1.0418e-08  1.4189e-08  6.0167e-09  1:19:38 2975

 Reversed flow on 39 faces (17.9% area) of pressure-outlet 19.

 Reversed flow on 183 faces (37.5% area) of pressure-outlet 18.
   526  1.6036e-06  1.0885e-08  1.4384e-08  6.3814e-09  1:19:36 2974

 Reversed flow on 39 faces (17.9% area) of pressure-outlet 19.

 Reversed flow on 183 faces (37.5% area) of pressure-outlet 18.
   527  1.4048e-06  1.0889e-08  1.4041e-08  6.5440e-09  1:19:34 2973

 Reversed flow on 39 faces (17.9% area) of pressure-outlet 19.

 Reversed flow on 183 faces (37.5% area) of pressure-outlet 18.
   528  1.4641e-06  1.0775e-08  1.3494e-08  6.4854e-09  1:19:32 2972

 Reversed flow on 39 faces (17.9% area) of pressure-outlet 19.

 Reversed flow on 183 faces (37.5% area) of pressure-outlet 18.

  iter  continuity  x-velocity  y-velocity  z-velocity     time/iter
   529  1.3543e-06  1.0575e-08  1.2835e-08  6.2745e-09  1:19:32 2971

 Reversed flow on 39 faces (17.9% area) of pressure-outlet 19.

 Reversed flow on 183 faces (37.5% area) of pressure-outlet 18.
   530  1.5421e-06  1.0818e-08  1.2630e-08  6.4056e-09  1:19:31 2970

 Reversed flow on 39 faces (17.9% area) of pressure-outlet 19.

 Reversed flow on 183 faces (37.5% area) of pressure-outlet 18.
   531  1.3019e-06  1.0564e-08  1.2183e-08  6.2643e-09  1:19:29 2969

 Reversed flow on 39 faces (17.9% area) of pressure-outlet 19.

 Reversed flow on 183 faces (37.5% area) of pressure-outlet 18.
   532  1.3199e-06  1.0219e-08  1.1711e-08  5.9462e-09  1:19:29 2968

 Reversed flow on 39 faces (17.9% area) of pressure-outlet 19.

 Reversed flow on 183 faces (37.5% area) of pressure-outlet 18.
   533  1.1856e-06  9.8381e-09  1.1253e-08  5.5929e-09  1:19:27 2967

 Reversed flow on 39 faces (17.9% area) of pressure-outlet 19.

 Reversed flow on 183 faces (37.5% area) of pressure-outlet 18.
   534  1.3815e-06  9.9829e-09  1.1513e-08  5.6777e-09  1:19:24 2966

 Reversed flow on 39 faces (17.9% area) of pressure-outlet 19.

 Reversed flow on 183 faces (37.5% area) of pressure-outlet 18.
   535  1.1467e-06  9.5581e-09  1.1329e-08  5.4296e-09  1:19:22 2965

 Reversed flow on 39 faces (17.9% area) of pressure-outlet 19.

 Reversed flow on 183 faces (37.5% area) of pressure-outlet 18.
   536  1.1945e-06  9.1416e-09  1.1237e-08  5.1227e-09  1:20:44 2964

 Reversed flow on 39 faces (17.9% area) of pressure-outlet 19.

 Reversed flow on 183 faces (37.5% area) of pressure-outlet 18.
   537  1.1105e-06  8.9427e-09  1.1461e-08  4.9175e-09  1:20:25 2963

 Reversed flow on 39 faces (17.9% area) of pressure-outlet 19.

 Reversed flow on 183 faces (37.5% area) of pressure-outlet 18.
   538  1.3644e-06  9.3506e-09  1.2324e-08  5.1953e-09  1:20:10 2962

 Reversed flow on 39 faces (17.9% area) of pressure-outlet 19.

 Reversed flow on 183 faces (37.5% area) of pressure-outlet 18.
   539  1.1545e-06  9.0796e-09  1.2433e-08  5.0268e-09  1:19:56 2961

 Reversed flow on 39 faces (17.9% area) of pressure-outlet 19.

 Reversed flow on 183 faces (37.5% area) of pressure-outlet 18.

  iter  continuity  x-velocity  y-velocity  z-velocity     time/iter
   540  1.2026e-06  8.8857e-09  1.2511e-08  4.8223e-09  1:19:45 2960

 Reversed flow on 39 faces (17.9% area) of pressure-outlet 19.

 Reversed flow on 183 faces (37.5% area) of pressure-outlet 18.
   541  1.1496e-06  8.9412e-09  1.2763e-08  4.8461e-09  1:19:36 2959

 Reversed flow on 39 faces (17.9% area) of pressure-outlet 19.

 Reversed flow on 183 faces (37.5% area) of pressure-outlet 18.
   542  1.4367e-06  9.6165e-09  1.3521e-08  5.3335e-09  1:19:35 2958

 Reversed flow on 39 faces (17.9% area) of pressure-outlet 19.

 Reversed flow on 183 faces (37.5% area) of pressure-outlet 18.
   543  1.2417e-06  9.5376e-09  1.3392e-08  5.3742e-09  1:19:28 2957

 Reversed flow on 39 faces (17.9% area) of pressure-outlet 19.

 Reversed flow on 183 faces (37.5% area) of pressure-outlet 18.
   544  1.2940e-06  9.4585e-09  1.3194e-08  5.3661e-09  1:19:21 2956

 Reversed flow on 39 faces (17.9% area) of pressure-outlet 19.

 Reversed flow on 183 faces (37.5% area) of pressure-outlet 18.
   545  1.2498e-06  9.6463e-09  1.3197e-08  5.5420e-09  1:19:15 2955

 Reversed flow on 39 faces (17.9% area) of pressure-outlet 19.

 Reversed flow on 183 faces (37.5% area) of pressure-outlet 18.
   546  1.5409e-06  1.0329e-08  1.3710e-08  6.1052e-09  1:19:11 2954

 Reversed flow on 39 faces (17.9% area) of pressure-outlet 19.

 Reversed flow on 183 faces (37.5% area) of pressure-outlet 18.
   547  1.3374e-06  1.0197e-08  1.3513e-08  6.1253e-09  1:19:07 2953

 Reversed flow on 39 faces (17.9% area) of pressure-outlet 19.

 Reversed flow on 183 faces (37.5% area) of pressure-outlet 18.
   548  1.3755e-06  1.0092e-08  1.3190e-08  6.0587e-09  1:19:03 2952

 Reversed flow on 39 faces (17.9% area) of pressure-outlet 19.

 Reversed flow on 183 faces (37.5% area) of pressure-outlet 18.
   549  1.3067e-06  1.0218e-08  1.3004e-08  6.0985e-09  1:19:00 2951

 Reversed flow on 39 faces (17.9% area) of pressure-outlet 19.

 Reversed flow on 183 faces (37.5% area) of pressure-outlet 18.
   550  1.5680e-06  1.0825e-08  1.3227e-08  6.4863e-09  1:18:58 2950

 Reversed flow on 39 faces (17.9% area) of pressure-outlet 19.

 Reversed flow on 183 faces (37.5% area) of pressure-outlet 18.

  iter  continuity  x-velocity  y-velocity  z-velocity     time/iter
   551  1.3288e-06  1.0571e-08  1.2527e-08  6.3241e-09  1:18:55 2949

 Reversed flow on 39 faces (17.9% area) of pressure-outlet 19.

 Reversed flow on 183 faces (37.5% area) of pressure-outlet 18.
   552  1.3331e-06  1.0272e-08  1.2104e-08  6.0451e-09  1:19:00 2948

 Reversed flow on 39 faces (17.9% area) of pressure-outlet 19.

 Reversed flow on 183 faces (37.5% area) of pressure-outlet 18.
   553  1.2108e-06  1.0105e-08  1.1888e-08  5.7792e-09  1:18:56 2947

 Reversed flow on 39 faces (17.9% area) of pressure-outlet 19.

 Reversed flow on 183 faces (37.5% area) of pressure-outlet 18.
   554  1.4324e-06  1.0417e-08  1.2182e-08  5.9237e-09  1:18:53 2946

 Reversed flow on 39 faces (17.9% area) of pressure-outlet 19.

 Reversed flow on 183 faces (37.5% area) of pressure-outlet 18.
   555  1.1818e-06  9.9059e-09  1.2070e-08  5.6285e-09  1:18:50 2945

 Reversed flow on 39 faces (17.9% area) of pressure-outlet 19.

 Reversed flow on 183 faces (37.5% area) of pressure-outlet 18.
   556  1.2224e-06  9.4723e-09  1.1981e-08  5.3405e-09  1:18:47 2944

 Reversed flow on 39 faces (17.9% area) of pressure-outlet 19.

 Reversed flow on 183 faces (37.5% area) of pressure-outlet 18.
   557  1.1521e-06  9.2340e-09  1.2481e-08  5.1045e-09  1:18:45 2943

 Reversed flow on 39 faces (17.9% area) of pressure-outlet 19.

 Reversed flow on 183 faces (37.5% area) of pressure-outlet 18.
   558  1.4157e-06  9.6650e-09  1.3663e-08  5.3987e-09  1:18:43 2942

 Reversed flow on 39 faces (17.9% area) of pressure-outlet 19.

 Reversed flow on 183 faces (37.5% area) of pressure-outlet 18.
   559  1.2333e-06  9.5817e-09  1.4078e-08  5.4286e-09  1:18:41 2941

 Reversed flow on 39 faces (17.9% area) of pressure-outlet 19.

 Reversed flow on 183 faces (37.5% area) of pressure-outlet 18.
   560  1.3427e-06  9.6309e-09  1.4418e-08  5.4275e-09  1:18:40 2940

 Reversed flow on 39 faces (17.9% area) of pressure-outlet 19.

 Reversed flow on 183 faces (37.5% area) of pressure-outlet 18.
   561  1.2994e-06  9.7473e-09  1.4679e-08  5.4471e-09  1:18:37 2939

 Reversed flow on 39 faces (17.9% area) of pressure-outlet 19.

 Reversed flow on 183 faces (37.5% area) of pressure-outlet 18.

  iter  continuity  x-velocity  y-velocity  z-velocity     time/iter
   562  1.5596e-06  1.0452e-08  1.5323e-08  5.9133e-09  1:18:36 2938

 Reversed flow on 39 faces (17.9% area) of pressure-outlet 19.

 Reversed flow on 183 faces (37.5% area) of pressure-outlet 18.
   563  1.4020e-06  1.0721e-08  1.5240e-08  6.2096e-09  1:18:35 2937

 Reversed flow on 39 faces (17.9% area) of pressure-outlet 19.

 Reversed flow on 183 faces (37.5% area) of pressure-outlet 18.
   564  1.5015e-06  1.0872e-08  1.4909e-08  6.3711e-09  1:18:34 2936

 Reversed flow on 39 faces (17.9% area) of pressure-outlet 19.

 Reversed flow on 183 faces (37.5% area) of pressure-outlet 18.
   565  1.4317e-06  1.0920e-08  1.4572e-08  6.3821e-09  1:18:32 2935

 Reversed flow on 39 faces (17.9% area) of pressure-outlet 19.

 Reversed flow on 183 faces (37.5% area) of pressure-outlet 18.
   566  1.6488e-06  1.1359e-08  1.4760e-08  6.7140e-09  1:18:30 2934

 Reversed flow on 39 faces (17.9% area) of pressure-outlet 19.

 Reversed flow on 183 faces (37.5% area) of pressure-outlet 18.
   567  1.4454e-06  1.1369e-08  1.4285e-08  6.8206e-09  1:18:28 2933

 Reversed flow on 39 faces (17.9% area) of pressure-outlet 19.

 Reversed flow on 183 faces (37.5% area) of pressure-outlet 18.
   568  1.4960e-06  1.1230e-08  1.3641e-08  6.7009e-09  1:18:28 2932

 Reversed flow on 39 faces (17.9% area) of pressure-outlet 19.

 Reversed flow on 183 faces (37.5% area) of pressure-outlet 18.
   569  1.3814e-06  1.1006e-08  1.2908e-08  6.4439e-09  1:18:27 2931

 Reversed flow on 39 faces (17.9% area) of pressure-outlet 19.

 Reversed flow on 183 faces (37.5% area) of pressure-outlet 18.
   570  1.5643e-06  1.1225e-08  1.2989e-08  6.5495e-09  1:18:26 2930

 Reversed flow on 39 faces (17.9% area) of pressure-outlet 19.

 Reversed flow on 183 faces (37.5% area) of pressure-outlet 18.
   571  1.3184e-06  1.0957e-08  1.2585e-08  6.3717e-09  1:18:24 2929

 Reversed flow on 39 faces (17.9% area) of pressure-outlet 19.

 Reversed flow on 183 faces (37.5% area) of pressure-outlet 18.
   572  1.3373e-06  1.0610e-08  1.2163e-08  6.0774e-09  1:18:21 2928

 Reversed flow on 39 faces (17.9% area) of pressure-outlet 19.

 Reversed flow on 183 faces (37.5% area) of pressure-outlet 18.

  iter  continuity  x-velocity  y-velocity  z-velocity     time/iter
   573  1.2187e-06  1.0258e-08  1.1833e-08  5.7516e-09  1:18:34 2927

 Reversed flow on 39 faces (17.9% area) of pressure-outlet 19.

 Reversed flow on 183 faces (37.5% area) of pressure-outlet 18.
   574  1.4321e-06  1.0458e-08  1.2360e-08  5.8894e-09  1:18:27 2926

 Reversed flow on 39 faces (17.9% area) of pressure-outlet 19.

 Reversed flow on 183 faces (37.5% area) of pressure-outlet 18.
   575  1.2167e-06  1.0073e-08  1.2271e-08  5.6659e-09  1:18:23 2925

 Reversed flow on 39 faces (17.9% area) of pressure-outlet 19.

 Reversed flow on 183 faces (37.5% area) of pressure-outlet 18.
   576  1.2694e-06  9.8133e-09  1.2457e-08  5.4423e-09  1:18:21 2924

 Reversed flow on 39 faces (17.9% area) of pressure-outlet 19.

 Reversed flow on 183 faces (37.5% area) of pressure-outlet 18.
   577  1.1945e-06  9.7086e-09  1.2778e-08  5.3068e-09  1:18:16 2923

 Reversed flow on 39 faces (17.9% area) of pressure-outlet 19.

 Reversed flow on 183 faces (37.5% area) of pressure-outlet 18.
   578  1.4627e-06  1.0211e-08  1.3727e-08  5.6336e-09  1:18:14 2922

 Reversed flow on 39 faces (17.9% area) of pressure-outlet 19.

 Reversed flow on 183 faces (37.5% area) of pressure-outlet 18.
   579  1.2663e-06  1.0044e-08  1.3861e-08  5.5089e-09  1:18:12 2921

 Reversed flow on 39 faces (17.9% area) of pressure-outlet 19.

 Reversed flow on 183 faces (37.5% area) of pressure-outlet 18.
   580  1.3213e-06  9.9309e-09  1.3967e-08  5.4133e-09  1:18:10 2920

 Reversed flow on 39 faces (17.9% area) of pressure-outlet 19.

 Reversed flow on 183 faces (37.5% area) of pressure-outlet 18.
   581  1.2782e-06  1.0132e-08  1.4239e-08  5.5215e-09  1:18:07 2919

 Reversed flow on 39 faces (17.9% area) of pressure-outlet 19.

 Reversed flow on 183 faces (37.5% area) of pressure-outlet 18.
   582  1.5733e-06  1.0900e-08  1.5007e-08  6.0818e-09  1:18:06 2918

 Reversed flow on 39 faces (17.9% area) of pressure-outlet 19.

 Reversed flow on 183 faces (37.5% area) of pressure-outlet 18.
   583  1.3876e-06  1.0873e-08  1.4884e-08  6.1788e-09  1:18:04 2917

 Reversed flow on 39 faces (17.9% area) of pressure-outlet 19.

 Reversed flow on 183 faces (37.5% area) of pressure-outlet 18.

  iter  continuity  x-velocity  y-velocity  z-velocity     time/iter
   584  1.4452e-06  1.0861e-08  1.4686e-08  6.2274e-09  1:18:01 2916

 Reversed flow on 39 faces (17.9% area) of pressure-outlet 19.

 Reversed flow on 183 faces (37.5% area) of pressure-outlet 18.
   585  1.4054e-06  1.1108e-08  1.4689e-08  6.4328e-09  1:21:20 2915

 Reversed flow on 39 faces (17.9% area) of pressure-outlet 19.

 Reversed flow on 183 faces (37.5% area) of pressure-outlet 18.
   586  1.6996e-06  1.1849e-08  1.5413e-08  7.0047e-09  1:20:37 2914

 Reversed flow on 39 faces (17.9% area) of pressure-outlet 19.

 Reversed flow on 183 faces (37.5% area) of pressure-outlet 18.
   587  1.4999e-06  1.1794e-08  1.5184e-08  7.0465e-09  1:20:02 2913

 Reversed flow on 39 faces (17.9% area) of pressure-outlet 19.

 Reversed flow on 183 faces (37.5% area) of pressure-outlet 18.
   588  1.5383e-06  1.1749e-08  1.4815e-08  6.9989e-09  1:19:34 2912

 Reversed flow on 39 faces (17.9% area) of pressure-outlet 19.

 Reversed flow on 183 faces (37.5% area) of pressure-outlet 18.
   589  1.4683e-06  1.1917e-08  1.4551e-08  7.0299e-09  1:19:15 2911

 Reversed flow on 39 faces (17.9% area) of pressure-outlet 19.

 Reversed flow on 183 faces (37.5% area) of pressure-outlet 18.
   590  1.7266e-06  1.2542e-08  1.4702e-08  7.4006e-09  1:18:57 2910

 Reversed flow on 39 faces (17.9% area) of pressure-outlet 19.

 Reversed flow on 183 faces (37.5% area) of pressure-outlet 18.
   591  1.4852e-06  1.2297e-08  1.4371e-08  7.2188e-09  1:18:44 2909

 Reversed flow on 39 faces (17.9% area) of pressure-outlet 19.

 Reversed flow on 183 faces (37.5% area) of pressure-outlet 18.
   592  1.4860e-06  1.2016e-08  1.3965e-08  6.9177e-09  1:18:31 2908

 Reversed flow on 39 faces (17.9% area) of pressure-outlet 19.

 Reversed flow on 183 faces (37.5% area) of pressure-outlet 18.
   593  1.3667e-06  1.1844e-08  1.3682e-08  6.6261e-09  1:18:25 2907

 Reversed flow on 39 faces (17.9% area) of pressure-outlet 19.

 Reversed flow on 183 faces (37.5% area) of pressure-outlet 18.
   594  1.6024e-06  1.2174e-08  1.4369e-08  6.7731e-09  1:18:18 2906

 Reversed flow on 39 faces (17.9% area) of pressure-outlet 19.

 Reversed flow on 183 faces (37.5% area) of pressure-outlet 18.

  iter  continuity  x-velocity  y-velocity  z-velocity     time/iter
   595  1.3706e-06  1.1406e-08  1.4334e-08  6.5558e-09  1:18:10 2905

 Reversed flow on 39 faces (17.9% area) of pressure-outlet 19.

 Reversed flow on 183 faces (37.5% area) of pressure-outlet 18.
   596  1.4339e-06  1.0915e-08  1.4600e-08  6.3120e-09  1:18:03 2904

 Reversed flow on 39 faces (17.9% area) of pressure-outlet 19.

 Reversed flow on 183 faces (37.5% area) of pressure-outlet 18.
   597  1.3591e-06  1.0531e-08  1.5090e-08  6.0720e-09  1:17:58 2903

 Reversed flow on 39 faces (17.9% area) of pressure-outlet 19.

 Reversed flow on 183 faces (37.5% area) of pressure-outlet 18.
   598  1.6088e-06  1.0721e-08  1.6147e-08  6.3106e-09  1:17:51 2902

 Reversed flow on 39 faces (17.9% area) of pressure-outlet 19.

 Reversed flow on 183 faces (37.5% area) of pressure-outlet 18.
   599  1.4294e-06  1.0499e-08  1.6429e-08  6.3177e-09  1:17:46 2901

 Reversed flow on 39 faces (17.9% area) of pressure-outlet 19.

 Reversed flow on 183 faces (37.5% area) of pressure-outlet 18.
   600  1.5331e-06  1.0423e-08  1.6540e-08  6.3589e-09  1:17:43 2900

 Reversed flow on 39 faces (17.9% area) of pressure-outlet 19.

 Reversed flow on 183 faces (37.5% area) of pressure-outlet 18.
   601  1.4771e-06  1.0507e-08  1.6517e-08  6.3611e-09  1:17:40 2899

 Reversed flow on 39 faces (17.9% area) of pressure-outlet 19.

 Reversed flow on 183 faces (37.5% area) of pressure-outlet 18.
   602  1.7274e-06  1.1107e-08  1.6879e-08  6.7577e-09  1:17:36 2898

 Reversed flow on 39 faces (17.9% area) of pressure-outlet 19.

 Reversed flow on 183 faces (37.5% area) of pressure-outlet 18.
   603  1.5514e-06  1.1251e-08  1.6472e-08  7.0132e-09  1:17:34 2897

 Reversed flow on 39 faces (17.9% area) of pressure-outlet 19.

 Reversed flow on 183 faces (37.5% area) of pressure-outlet 18.
   604  1.6315e-06  1.1281e-08  1.5936e-08  7.0900e-09  1:17:31 2896

 Reversed flow on 39 faces (17.9% area) of pressure-outlet 19.

 Reversed flow on 183 faces (37.5% area) of pressure-outlet 18.
   605  1.5359e-06  1.1186e-08  1.5404e-08  6.9888e-09  1:17:36 2895

 Reversed flow on 39 faces (17.9% area) of pressure-outlet 19.

 Reversed flow on 183 faces (37.5% area) of pressure-outlet 18.

  iter  continuity  x-velocity  y-velocity  z-velocity     time/iter
   606  1.7293e-06  1.1477e-08  1.5285e-08  7.1846e-09  1:17:34 2894

 Reversed flow on 39 faces (17.9% area) of pressure-outlet 19.

 Reversed flow on 183 faces (37.5% area) of pressure-outlet 18.
   607  1.5033e-06  1.1324e-08  1.4541e-08  7.1597e-09  1:17:32 2893

 Reversed flow on 39 faces (17.9% area) of pressure-outlet 19.

 Reversed flow on 183 faces (37.5% area) of pressure-outlet 18.
   608  1.5309e-06  1.1006e-08  1.3623e-08  6.9140e-09  1:17:29 2892

 Reversed flow on 39 faces (17.9% area) of pressure-outlet 19.

 Reversed flow on 183 faces (37.5% area) of pressure-outlet 18.
   609  1.3945e-06  1.0592e-08  1.2903e-08  6.5445e-09  1:17:25 2891

 Reversed flow on 39 faces (17.9% area) of pressure-outlet 19.

 Reversed flow on 183 faces (37.5% area) of pressure-outlet 18.
   610  1.5564e-06  1.0640e-08  1.2887e-08  6.5440e-09  1:17:22 2890

 Reversed flow on 39 faces (17.9% area) of pressure-outlet 19.

 Reversed flow on 183 faces (37.5% area) of pressure-outlet 18.
   611  1.2910e-06  1.0150e-08  1.2314e-08  6.2706e-09  1:17:21 2889

 Reversed flow on 39 faces (17.9% area) of pressure-outlet 19.

 Reversed flow on 183 faces (37.5% area) of pressure-outlet 18.
   612  1.3019e-06  9.5947e-09  1.1739e-08  5.8888e-09  1:17:19 2888

 Reversed flow on 39 faces (17.9% area) of pressure-outlet 19.

 Reversed flow on 183 faces (37.5% area) of pressure-outlet 18.
   613  1.1785e-06  9.0677e-09  1.1531e-08  5.5039e-09  1:17:16 2887

 Reversed flow on 39 faces (17.9% area) of pressure-outlet 19.

 Reversed flow on 183 faces (37.5% area) of pressure-outlet 18.
   614  1.3975e-06  9.1397e-09  1.1928e-08  5.5853e-09  1:17:13 2886

 Reversed flow on 39 faces (17.9% area) of pressure-outlet 19.

 Reversed flow on 183 faces (37.5% area) of pressure-outlet 18.
   615  1.1715e-06  8.6708e-09  1.1919e-08  5.3156e-09  1:17:11 2885

 Reversed flow on 39 faces (17.9% area) of pressure-outlet 19.

 Reversed flow on 183 faces (37.5% area) of pressure-outlet 18.
   616  1.2073e-06  8.3062e-09  1.1980e-08  5.0318e-09  1:17:12 2884

 Reversed flow on 39 faces (17.9% area) of pressure-outlet 19.

 Reversed flow on 183 faces (37.5% area) of pressure-outlet 18.

  iter  continuity  x-velocity  y-velocity  z-velocity     time/iter
   617  1.1238e-06  8.1225e-09  1.2196e-08  4.8441e-09  1:17:10 2883

 Reversed flow on 39 faces (17.9% area) of pressure-outlet 19.

 Reversed flow on 183 faces (37.5% area) of pressure-outlet 18.
   618  1.3913e-06  8.5796e-09  1.2993e-08  5.1175e-09  1:17:15 2882

 Reversed flow on 39 faces (17.9% area) of pressure-outlet 19.

 Reversed flow on 183 faces (37.5% area) of pressure-outlet 18.
   619  1.1849e-06  8.3014e-09  1.2948e-08  4.9751e-09  1:17:12 2881

 Reversed flow on 39 faces (17.9% area) of pressure-outlet 19.

 Reversed flow on 183 faces (37.5% area) of pressure-outlet 18.
   620  1.2278e-06  8.1358e-09  1.2868e-08  4.8493e-09  1:17:08 2880

 Reversed flow on 39 faces (17.9% area) of pressure-outlet 19.

 Reversed flow on 183 faces (37.5% area) of pressure-outlet 18.
   621  1.1755e-06  8.2897e-09  1.2964e-08  4.9289e-09  1:17:05 2879

 Reversed flow on 39 faces (17.9% area) of pressure-outlet 19.

 Reversed flow on 183 faces (37.5% area) of pressure-outlet 18.
   622  1.4636e-06  8.9482e-09  1.3565e-08  5.4453e-09  1:17:02 2878

 Reversed flow on 39 faces (17.9% area) of pressure-outlet 19.

 Reversed flow on 183 faces (37.5% area) of pressure-outlet 18.
   623  1.2653e-06  8.7910e-09  1.3242e-08  5.4775e-09  1:16:58 2877

 Reversed flow on 39 faces (17.9% area) of pressure-outlet 19.

 Reversed flow on 183 faces (37.5% area) of pressure-outlet 18.
   624  1.3087e-06  8.6570e-09  1.2864e-08  5.4479e-09  1:16:56 2876

 Reversed flow on 39 faces (17.9% area) of pressure-outlet 19.

 Reversed flow on 183 faces (37.5% area) of pressure-outlet 18.
   625  1.2547e-06  8.7898e-09  1.2886e-08  5.5568e-09  1:16:54 2875

 Reversed flow on 39 faces (17.9% area) of pressure-outlet 19.

 Reversed flow on 183 faces (37.5% area) of pressure-outlet 18.
   626  1.5368e-06  9.4423e-09  1.3423e-08  6.0408e-09  1:16:54 2874

 Reversed flow on 39 faces (17.9% area) of pressure-outlet 19.

 Reversed flow on 183 faces (37.5% area) of pressure-outlet 18.
   627  1.3183e-06  9.2438e-09  1.2959e-08  5.9780e-09  1:16:53 2873

 Reversed flow on 39 faces (17.9% area) of pressure-outlet 19.

 Reversed flow on 183 faces (37.5% area) of pressure-outlet 18.

  iter  continuity  x-velocity  y-velocity  z-velocity     time/iter
   628  1.3388e-06  9.0612e-09  1.2337e-08  5.8212e-09  1:16:50 2872

 Reversed flow on 39 faces (17.9% area) of pressure-outlet 19.

 Reversed flow on 183 faces (37.5% area) of pressure-outlet 18.
   629  1.2490e-06  9.0742e-09  1.1816e-08  5.7258e-09  1:16:48 2871

 Reversed flow on 39 faces (17.9% area) of pressure-outlet 19.

 Reversed flow on 183 faces (37.5% area) of pressure-outlet 18.
   630  1.4876e-06  9.5256e-09  1.2170e-08  5.9662e-09  1:17:07 2870

 Reversed flow on 39 faces (17.9% area) of pressure-outlet 19.

 Reversed flow on 183 faces (37.5% area) of pressure-outlet 18.
   631  1.2251e-06  9.1014e-09  1.1680e-08  5.6645e-09  1:17:01 2869

 Reversed flow on 39 faces (17.9% area) of pressure-outlet 19.

 Reversed flow on 183 faces (37.5% area) of pressure-outlet 18.
   632  1.2124e-06  8.6677e-09  1.1109e-08  5.2933e-09  1:16:56 2868

 Reversed flow on 39 faces (17.9% area) of pressure-outlet 19.

 Reversed flow on 183 faces (37.5% area) of pressure-outlet 18.
   633  1.0950e-06  8.3334e-09  1.0961e-08  4.9434e-09  1:16:51 2867

 Reversed flow on 39 faces (17.9% area) of pressure-outlet 19.

 Reversed flow on 183 faces (37.5% area) of pressure-outlet 18.
   634  1.3261e-06  8.5189e-09  1.1671e-08  5.0592e-09  1:16:47 2866

 Reversed flow on 39 faces (17.9% area) of pressure-outlet 19.

 Reversed flow on 183 faces (37.5% area) of pressure-outlet 18.
   635  1.1181e-06  8.0359e-09  1.1804e-08  4.8285e-09  1:16:43 2865

 Reversed flow on 39 faces (17.9% area) of pressure-outlet 19.

 Reversed flow on 183 faces (37.5% area) of pressure-outlet 18.
   636  1.1890e-06  7.7989e-09  1.2179e-08  4.6845e-09  1:16:41 2864

 Reversed flow on 39 faces (17.9% area) of pressure-outlet 19.

 Reversed flow on 183 faces (37.5% area) of pressure-outlet 18.
   637  1.1267e-06  7.6619e-09  1.2667e-08  4.5237e-09  1:16:38 2863

 Reversed flow on 39 faces (17.9% area) of pressure-outlet 19.

 Reversed flow on 183 faces (37.5% area) of pressure-outlet 18.
   638  1.3931e-06  8.1908e-09  1.3718e-08  4.8141e-09  1:16:37 2862

 Reversed flow on 39 faces (17.9% area) of pressure-outlet 19.

 Reversed flow on 183 faces (37.5% area) of pressure-outlet 18.

  iter  continuity  x-velocity  y-velocity  z-velocity     time/iter
   639  1.2330e-06  8.2415e-09  1.3966e-08  4.9725e-09  1:16:36 2861

 Reversed flow on 39 faces (17.9% area) of pressure-outlet 19.

 Reversed flow on 183 faces (37.5% area) of pressure-outlet 18.
   640  1.3411e-06  8.4093e-09  1.4001e-08  5.1049e-09  1:16:33 2860

 Reversed flow on 39 faces (17.9% area) of pressure-outlet 19.

 Reversed flow on 183 faces (37.5% area) of pressure-outlet 18.
   641  1.2930e-06  8.5920e-09  1.3911e-08  5.1443e-09  1:16:32 2859

 Reversed flow on 39 faces (17.9% area) of pressure-outlet 19.

 Reversed flow on 183 faces (37.5% area) of pressure-outlet 18.
   642  1.5392e-06  9.1641e-09  1.4223e-08  5.5669e-09  1:16:33 2858

 Reversed flow on 39 faces (17.9% area) of pressure-outlet 19.

 Reversed flow on 183 faces (37.5% area) of pressure-outlet 18.
   643  1.3600e-06  9.2541e-09  1.3802e-08  5.8073e-09  1:16:31 2857

 Reversed flow on 39 faces (17.9% area) of pressure-outlet 19.

 Reversed flow on 183 faces (37.5% area) of pressure-outlet 18.
   644  1.4319e-06  9.2274e-09  1.3372e-08  5.8413e-09  1:16:30 2856

 Reversed flow on 39 faces (17.9% area) of pressure-outlet 19.

 Reversed flow on 183 faces (37.5% area) of pressure-outlet 18.
   645  1.3354e-06  9.0966e-09  1.2831e-08  5.7006e-09  1:16:29 2855

 Reversed flow on 39 faces (17.9% area) of pressure-outlet 19.

 Reversed flow on 183 faces (37.5% area) of pressure-outlet 18.
   646  1.5285e-06  9.3726e-09  1.2673e-08  5.8749e-09  1:16:27 2854

 Reversed flow on 39 faces (17.9% area) of pressure-outlet 19.

 Reversed flow on 183 faces (37.5% area) of pressure-outlet 18.
   647  1.2954e-06  9.1625e-09  1.1847e-08  5.7955e-09  1:16:24 2853

 Reversed flow on 39 faces (17.9% area) of pressure-outlet 19.

 Reversed flow on 183 faces (37.5% area) of pressure-outlet 18.
   648  1.3185e-06  8.8249e-09  1.1084e-08  5.5166e-09  1:16:21 2852

 Reversed flow on 39 faces (17.9% area) of pressure-outlet 19.

 Reversed flow on 183 faces (37.5% area) of pressure-outlet 18.
   649  1.1790e-06  8.4362e-09  1.0544e-08  5.1266e-09  1:16:19 2851

 Reversed flow on 39 faces (17.9% area) of pressure-outlet 19.

 Reversed flow on 183 faces (37.5% area) of pressure-outlet 18.

  iter  continuity  x-velocity  y-velocity  z-velocity     time/iter
   650  1.3447e-06  8.5185e-09  1.0599e-08  5.1396e-09  1:16:16 2850

 Reversed flow on 39 faces (17.9% area) of pressure-outlet 19.

 Reversed flow on 183 faces (37.5% area) of pressure-outlet 18.
   651  1.0861e-06  8.0594e-09  1.0054e-08  4.8511e-09  1:16:14 2849

 Reversed flow on 39 faces (17.9% area) of pressure-outlet 19.

 Reversed flow on 183 faces (37.5% area) of pressure-outlet 18.
   652  1.1043e-06  7.5683e-09  9.7864e-09  4.4816e-09  1:16:12 2848

 Reversed flow on 39 faces (17.9% area) of pressure-outlet 19.

 Reversed flow on 183 faces (37.5% area) of pressure-outlet 18.
   653  9.9913e-07  7.1507e-09  9.6104e-09  4.1346e-09  1:16:10 2847
!  653 solution is converged

> 
adjoint/                parallel/               server/
define/                 parametric-study/       solve/
display/                plot/                   surface/
exit                    preferences/            turbo-setup/
file/                   print-license-usage     views/
mesh/                   report/

> ; ===========================================================
; DATA EXPORT
; ===========================================================

adjoint/                parallel/               server/
define/                 parametric-study/       solve/
display/                plot/                   surface/
exit                    preferences/            turbo-setup/
file/                   print-license-usage     views/
mesh/                   report/

> /surface/zone-surface interior-data fluid_domain

> 
adjoint/                parallel/               server/
define/                 parametric-study/       solve/
display/                plot/                   surface/
exit                    preferences/            turbo-setup/
file/                   print-license-usage     views/
mesh/                   report/

> ; Save case and data
/file/write-case-data "results/coronary2/Re250/bifurcation_Re250.cas.h5"Fast-loading "C:\PROGRA~1\ANSYSI~1\v252\fluent\fluent25.2.0\\addons\afd\lib\hdfio.bin"
Done.

Writing to DESKTOP-BBN4MI6:"C:\Users\radie\Desktop\1_TrainingSIMS\realvesselSIM2\results/coronary2/Re250/bifurcation_Re250.cas.h5" in NODE0 mode and compression level 1 ...
Grouping cells for Laplace smoothing ...
      700623 cells,     1 zone  ...
     1564982 faces,     5 zones ...
      256491 nodes,     1 zone  ...
  Done.
Done.

Writing to DESKTOP-BBN4MI6:"C:\Users\radie\Desktop\1_TrainingSIMS\realvesselSIM2\results/coronary2/Re250/bifurcation_Re250.dat.h5" in NODE0 mode and compression level 1 ...
  Writing results.
Done.


> 
adjoint/                parallel/               server/
define/                 parametric-study/       solve/
display/                plot/                   surface/
exit                    preferences/            turbo-setup/
file/                   print-license-usage     views/
mesh/                   report/

> ; Export interior field data
/file/export/ascii "results/coronary2/Re250/interior_full_Re250.csv" interior-data () no x-coordinate y-coordinate z-coordinate pressure x-velocity y-velocity z-velocity velocity-magnitude ()

Location/Cell-Centered?,
if Cell-Centered not chosen, node values of scalars are reported [no] ; Respond to the single prompt:
; Location/Cell-Centered? [no]
no

Writing "results/coronary2/Re250/interior_full_Re250.csv"...

Writing information to ascii file ...
Done.


> 
adjoint/                parallel/               server/
define/                 parametric-study/       solve/
display/                plot/                   surface/
exit                    preferences/            turbo-setup/
file/                   print-license-usage     views/
mesh/                   report/

> ; Export wall data
/file/export/ascii "results/coronary2/Re250/wall_data_Re250.csv" wall-fluid_domain () no x-coordinate y-coordinate z-coordinate pressure wall-shear x-wall-shear y-wall-shear z-wall-shear ()

Location/Cell-Centered?,
if Cell-Centered not chosen, node values of scalars are reported [no] ; Location/Cell-Centered? [no]
no

Writing "results/coronary2/Re250/wall_data_Re250.csv"...

Writing information to ascii file ...
Done.


> 
adjoint/                parallel/               server/
define/                 parametric-study/       solve/
display/                plot/                   surface/
exit                    preferences/            turbo-setup/
file/                   print-license-usage     views/
mesh/                   report/

> ; Export outlet data
/file/export/ascii "results/coronary2/Re250/outlets_Re250.csv" outlet_1 outlet_2 () no x-coordinate y-coordinate z-coordinate pressure velocity-magnitude ()

Location/Cell-Centered?,
if Cell-Centered not chosen, node values of scalars are reported [no] ; Location/Cell-Centered? [no]
no

Writing "results/coronary2/Re250/outlets_Re250.csv"...

Writing information to ascii file ...
Done.


> 
adjoint/                parallel/               server/
define/                 parametric-study/       solve/
display/                plot/                   surface/
exit                    preferences/            turbo-setup/
file/                   print-license-usage     views/
mesh/                   report/

> /exit 
Posting ANSYS Product Improvement Program performance data 
Done.
Auto-Transcript Stop Time:  08:09:01, 25 Feb 2026 E. Australia Standard Time 
Total Transcript Time: 18 Minute 39 Second.

Automatic transcript closed.
