
Opening input/output transcript to file "C:\Users\radie\Desktop\1_TrainingSIMS\realvesselSIM2\\fluent-20260225-083923-27020.trn".
Auto-Transcript Start Time:  08:39:23, 25 Feb 2026 E. Australia Standard Time 

              Welcome to ANSYS Fluent 2025 R2.04

              Copyright 1987-2025 ANSYS, Inc. All Rights Reserved.
              Unauthorized use, distribution or duplication is prohibited.
              This product is subject to U.S. laws governing export and re-export.
              For full Legal Notice, see documentation.

Build Time: Oct  7 2025 15:34:38 EDT  Build Id: 10205  
 
Connected License Server List:	1055@localhost

     --------------------------------------------------------------
     This is an academic version of ANSYS FLUENT. Usage of this product
     license is limited to the terms and conditions specified in your ANSYS
     license form, additional terms section.
     --------------------------------------------------------------
Host spawning Node 0 on machine "DESKTOP-BBN4MI6" (win64).

-----------------------------------------------------------------------------------
ID    Hostname         Core  O.S.         PID    Vendor                           
-----------------------------------------------------------------------------------
n3    DESKTOP-BBN4MI6  4/12  Windows-x64  29072  Intel(R) Core(TM) i5-10400F      
n2    DESKTOP-BBN4MI6  3/12  Windows-x64  27704  Intel(R) Core(TM) i5-10400F      
n1    DESKTOP-BBN4MI6  2/12  Windows-x64  1108   Intel(R) Core(TM) i5-10400F      
n0*   DESKTOP-BBN4MI6  1/12  Windows-x64  19720  Intel(R) Core(TM) i5-10400F      
host  DESKTOP-BBN4MI6        Windows-x64  29016  Intel(R) Core(TM) i5-10400F      

MPI Option Selected: intel
Selected system interconnect: default
-----------------------------------------------------------------------------------

Cleanup script file is C:\\Users\\radie\\Desktop\\1_TrainingSIMS\\realvesselSIM2\\cleanup-fluent-DESKTOP-BBN4MI6-29016.bat

Posting ANSYS Product Improvement Program startup data
Done.

Reading journal file results/coronary2/Re350/run_coronary2_Re350.jou...

> ; ===========================================================
; bifurcation_template_robust.jou  (BATCH-SAFE EXPORT FIX)
; Validated for ANSYS Fluent 2025 R2 (25.2)
; Mesh -> laminar -> water-liquid -> BCs -> iterate -> export
; ===========================================================

/file/set-tui-version "25.2"

> /file/set-batch-options yes no yes

> ; overwrite files? yes
; hide questions?  no   (keep no because BC sections still use scripted responses)
; exit on error?   yes

define/                 parametric-study/       solve/
display/                plot/                   surface/
exit                    preferences/            switch-to-meshing-mode
file/                   print-license-usage     turbo-setup/
mesh/                   report/                 views/
parallel/               server/

> ; Prevent overwrite prompts during export/write
/file/confirm-overwrite? no

> 
define/                 parametric-study/       solve/
display/                plot/                   surface/
exit                    preferences/            switch-to-meshing-mode
file/                   print-license-usage     turbo-setup/
mesh/                   report/                 views/
parallel/               server/

> /file/read-case "coronary2.msh"
DESKTOP-BBN4MI6 is already loaded (20.5071).                       Process affinity not being set.

Reading "coronary2.msh"...

Buffering for file scan...

ANSYS(R) TGLib(TM) 3D, revision 24.1.0
Warning: Skipping edges zones section(s).
   35982 nodes.
   41815 nodes.
  178694 nodes.
 1481898 mixed interior faces, zone 2633.
   81602 triangular wall faces, zone 20.
     244 mixed pressure-outlet faces, zone 19.
     344 mixed pressure-outlet faces, zone 18.
     894 mixed velocity-inlet faces, zone 17.
  700623 mixed cells, zone 2584.

Building...
     mesh
	auto partitioning mesh by Metis (fast),
	distributing mesh
		parts....,
		faces....,
		nodes....,
		cells....,
        bandwidth reduction using Reverse Cuthill-McKee: 176553/1496 = 118.017
     materials,
     interface,
     domains,
     zones,
	Skipping thread 13 of domain 1 (not referenced by grid).
	Skipping thread 14 of domain 1 (not referenced by grid).
	Skipping thread 15 of domain 1 (not referenced by grid).
	Skipping thread 16 of domain 1 (not referenced by grid).
	Skipping thread 10 of domain 1 (not referenced by grid).
	interior--fluid_domain
	wall-fluid_domain
	outlet_2
	outlet_1
	inlet
	fluid_domain
     parallel,
Done.


> 
adjoint/                parallel/               server/
define/                 parametric-study/       solve/
display/                plot/                   surface/
exit                    preferences/            turbo-setup/
file/                   print-license-usage     views/
mesh/                   report/

> ; ---------- Models ----------
/define/models/solver/pressure-based yes

> /define/models/viscous/laminar yes

> 
adjoint/                parallel/               server/
define/                 parametric-study/       solve/
display/                plot/                   surface/
exit                    preferences/            turbo-setup/
file/                   print-license-usage     views/
mesh/                   report/

> ; ---------- Materials ----------
/define/materials/copy fluid water-liquid

Material "water-liquid" copied from database: fluent-database.


> /define/boundary-conditions/fluid (fluid_domain)
fluid_domain yes water-liquid
Specify source terms? [no] no
Specify fixed values? [no] no
Frame Motion? [no] no
Use Profile for Reference Frame X-Origin of Rotation-Axis? [no] no
Reference Frame X-Origin of Rotation-Axis (constant or expression) (in [m]) [0] 0
Use Profile for Reference Frame Y-Origin of Rotation-Axis? [no] no
Reference Frame Y-Origin of Rotation-Axis (constant or expression) (in [m]) [0] 0
Use Profile for Reference Frame Z-Origin of Rotation-Axis? [no] no
Reference Frame Z-Origin of Rotation-Axis (constant or expression) (in [m]) [0] 0
Use Profile for Reference Frame X-Component of Rotation-Axis? [no] no
Reference Frame X-Component of Rotation-Axis (constant or expression) [0] 0
Use Profile for Reference Frame Y-Component of Rotation-Axis? [no] no
Reference Frame Y-Component of Rotation-Axis (constant or expression) [0] 0
Use Profile for Reference Frame Z-Component of Rotation-Axis? [no] no
Reference Frame Z-Component of Rotation-Axis (constant or expression) [1] 1
Mesh Motion? [no] no
Enter yes or no to continue [no] no
Porous zone? [no] no
3D Fan Zone? [no] no

> 
adjoint/                parallel/               server/
define/                 parametric-study/       solve/
display/                plot/                   surface/
exit                    preferences/            turbo-setup/
file/                   print-license-usage     views/
mesh/                   report/

> ; ---------- Boundary Conditions ----------
; INLET
/define/boundary-conditions/velocity-inlet (inlet)
inlet
Velocity Specification Method: Magnitude and Direction [no] no
Velocity Specification Method: Components [no] no
Velocity Specification Method: Magnitude, Normal to Boundary [yes] yes
Reference Frame: Absolute [yes] yes
Use Profile for Velocity Magnitude? [no] no
Velocity Magnitude (constant or expression) (in [m/s]) [0] 0.08189207113531588
Use Profile for Supersonic/Initial Gauge Pressure? [no] no
Supersonic/Initial Gauge Pressure (constant or expression) (in [Pa]) [0] 0

> 
adjoint/                parallel/               server/
define/                 parametric-study/       solve/
display/                plot/                   surface/
exit                    preferences/            turbo-setup/
file/                   print-license-usage     views/
mesh/                   report/

> ; OUTLETS
/define/boundary-conditions/pressure-outlet (outlet_1 outlet_2)
outlet_1
Backflow Reference Frame: Absolute [yes] yes
Use Profile for Gauge Pressure? [no] no
Gauge Pressure (constant or expression) (in [Pa]) [0] 0
Backflow Direction Specification Method: Direction Vector [no] no
Backflow Direction Specification Method: Normal to Boundary [yes] yes
Backflow Pressure Specification: Total Pressure [yes] yes
Radial Equilibrium Pressure Distribution [no] no
Average Pressure Specification? [no] no
Specify targeted mass flow rate [no] no

> 
adjoint/                parallel/               server/
define/                 parametric-study/       solve/
display/                plot/                   surface/
exit                    preferences/            turbo-setup/
file/                   print-license-usage     views/
mesh/                   report/

> /define/boundary-conditions/pressure-outlet (outlet_1 outlet_2)
outlet_2
Backflow Reference Frame: Absolute [yes] yes
Use Profile for Gauge Pressure? [no] no
Gauge Pressure (constant or expression) (in [Pa]) [0] 0
Backflow Direction Specification Method: Direction Vector [no] no
Backflow Direction Specification Method: Normal to Boundary [yes] yes
Backflow Pressure Specification: Total Pressure [yes] yes
Radial Equilibrium Pressure Distribution [no] no
Average Pressure Specification? [no] no
Specify targeted mass flow rate [no] no

> 
adjoint/                parallel/               server/
define/                 parametric-study/       solve/
display/                plot/                   surface/
exit                    preferences/            turbo-setup/
file/                   print-license-usage     views/
mesh/                   report/

> ; WALLS
/define/boundary-conditions/wall (wall-fluid_domain)
wall-fluid_domain
Wall Motion [motion-bc-stationary]: Change current value? [no] no
Shear Boundary Condition [shear-bc-noslip]: Change current value? [no] no

> 
adjoint/                parallel/               server/
define/                 parametric-study/       solve/
display/                plot/                   surface/
exit                    preferences/            turbo-setup/
file/                   print-license-usage     views/
mesh/                   report/

> ; ---------- Solution Methods ----------
/solve/set/p-v-coupling 24

> /solve/set/discretization-scheme/pressure 12

> /solve/set/discretization-scheme/mom 4

> 
adjoint/                parallel/               server/
define/                 parametric-study/       solve/
display/                plot/                   surface/
exit                    preferences/            turbo-setup/
file/                   print-license-usage     views/
mesh/                   report/

> ; ---------- Solution Controls ----------
/solve/monitors/residual/convergence-criteria 1e-6 1e-5 1e-5 1e-5

> /solve/monitors/residual/print? yes

> 
adjoint/                parallel/               server/
define/                 parametric-study/       solve/
display/                plot/                   surface/
exit                    preferences/            turbo-setup/
file/                   print-license-usage     views/
mesh/                   report/

> ; ---------- Initialization ----------
/solve/initialize/compute-defaults/velocity-inlet (inlet)
inlet

> /solve/initialize/initialize-flow

> 
adjoint/                parallel/               server/
define/                 parametric-study/       solve/
display/                plot/                   surface/
exit                    preferences/            turbo-setup/
file/                   print-license-usage     views/
mesh/                   report/

> ; ---------- Solve ----------
/solve/iterate 3500

  iter  continuity  x-velocity  y-velocity  z-velocity     time/iter

 Reversed flow on 244 faces (100.0% area) of pressure-outlet 19.
     1  1.0000e+00  4.6731e-03  6.6041e-03  6.4803e-03  2:27:56 3499

 Reversed flow on 77 faces (23.0% area) of pressure-outlet 19.

 Reversed flow on 168 faces (41.5% area) of pressure-outlet 18.
     2  7.8733e-01  9.3679e-03  1.4322e-02  1.5304e-02  2:24:13 3498

 Reversed flow on 127 faces (58.9% area) of pressure-outlet 19.

 Reversed flow on 156 faces (36.1% area) of pressure-outlet 18.
     3  3.4984e-01  4.0635e-03  5.5947e-03  4.9084e-03  2:21:18 3497

 Reversed flow on 17 faces (4.4% area) of pressure-outlet 19.

 Reversed flow on 97 faces (18.4% area) of pressure-outlet 18.
     4  2.1309e-01  2.2076e-03  2.7997e-03  2.0225e-03  2:26:31 3496

 Reversed flow on 10 faces (3.0% area) of pressure-outlet 19.

 Reversed flow on 116 faces (18.3% area) of pressure-outlet 18.
     5  1.7837e-01  1.6259e-03  1.7257e-03  1.1557e-03  2:30:39 3495

 Reversed flow on 4 faces (1.1% area) of pressure-outlet 19.

 Reversed flow on 121 faces (18.3% area) of pressure-outlet 18.
     6  1.5205e-01  1.3282e-03  1.2676e-03  7.9330e-04  2:33:53 3494

 Reversed flow on 1 face (0.1% area) of pressure-outlet 19.

 Reversed flow on 156 faces (24.2% area) of pressure-outlet 18.
     7  1.3300e-01  1.2268e-03  1.0561e-03  6.6103e-04  2:36:54 3493

 Reversed flow on 184 faces (31.0% area) of pressure-outlet 18.
     8  1.1509e-01  1.0846e-03  8.7772e-04  5.4532e-04  2:39:03 3492

 Reversed flow on 188 faces (32.8% area) of pressure-outlet 18.
     9  1.0288e-01  9.9652e-04  7.7759e-04  5.0402e-04  2:41:16 3491

 Reversed flow on 200 faces (34.9% area) of pressure-outlet 18.
    10  9.3849e-02  9.0558e-04  7.0318e-04  4.5967e-04  2:44:35 3490

 Reversed flow on 205 faces (35.7% area) of pressure-outlet 18.
    11  8.8097e-02  8.5615e-04  6.6349e-04  4.4135e-04  2:36:20 3489

 Reversed flow on 210 faces (37.2% area) of pressure-outlet 18.

  iter  continuity  x-velocity  y-velocity  z-velocity     time/iter
    12  8.0111e-02  7.5846e-04  5.9328e-04  3.8964e-04  2:25:18 3488

 Reversed flow on 2 faces (0.7% area) of pressure-outlet 19.

 Reversed flow on 210 faces (38.7% area) of pressure-outlet 18.
    13  7.2978e-02  6.8443e-04  5.4570e-04  3.5633e-04  2:24:43 3487

 Reversed flow on 13 faces (6.2% area) of pressure-outlet 19.

 Reversed flow on 203 faces (37.1% area) of pressure-outlet 18.
    14  6.9996e-02  6.4626e-04  5.2757e-04  3.4558e-04  2:15:29 3486

 Reversed flow on 17 faces (9.3% area) of pressure-outlet 19.

 Reversed flow on 206 faces (37.6% area) of pressure-outlet 18.
    15  6.5247e-02  5.8688e-04  4.8860e-04  3.1479e-04  2:08:04 3485

 Reversed flow on 22 faces (12.4% area) of pressure-outlet 19.

 Reversed flow on 201 faces (37.1% area) of pressure-outlet 18.
    16  6.0666e-02  5.3618e-04  4.5400e-04  2.9181e-04  2:07:07 3484

 Reversed flow on 24 faces (13.8% area) of pressure-outlet 19.

 Reversed flow on 197 faces (36.8% area) of pressure-outlet 18.
    17  5.8960e-02  5.1648e-04  4.4289e-04  2.8787e-04  2:01:18 3483

 Reversed flow on 29 faces (15.4% area) of pressure-outlet 19.

 Reversed flow on 199 faces (36.9% area) of pressure-outlet 18.
    18  5.5055e-02  4.6919e-04  4.0757e-04  2.6275e-04  2:02:41 3482

 Reversed flow on 29 faces (15.9% area) of pressure-outlet 19.

 Reversed flow on 193 faces (36.7% area) of pressure-outlet 18.
    19  5.3495e-02  4.5313e-04  3.9631e-04  2.6005e-04  1:58:05 3481

 Reversed flow on 34 faces (18.4% area) of pressure-outlet 19.

 Reversed flow on 203 faces (37.8% area) of pressure-outlet 18.
    20  4.9935e-02  4.1188e-04  3.6415e-04  2.3627e-04  1:54:26 3480

 Reversed flow on 32 faces (17.3% area) of pressure-outlet 19.

 Reversed flow on 202 faces (38.0% area) of pressure-outlet 18.
    21  4.6974e-02  3.8500e-04  3.4047e-04  2.2351e-04  1:52:58 3479

 Reversed flow on 35 faces (18.3% area) of pressure-outlet 19.

 Reversed flow on 211 faces (39.1% area) of pressure-outlet 18.
    22  4.4119e-02  3.5779e-04  3.1730e-04  2.0951e-04  2:03:51 3478

 Reversed flow on 38 faces (19.9% area) of pressure-outlet 19.

 Reversed flow on 204 faces (38.6% area) of pressure-outlet 18.

  iter  continuity  x-velocity  y-velocity  z-velocity     time/iter
    23  4.2837e-02  3.4372e-04  3.0520e-04  2.0328e-04  2:04:52 3477

 Reversed flow on 41 faces (21.1% area) of pressure-outlet 19.

 Reversed flow on 217 faces (40.7% area) of pressure-outlet 18.
    24  4.0597e-02  3.1839e-04  2.8297e-04  1.8891e-04  2:05:41 3476

 Reversed flow on 41 faces (20.9% area) of pressure-outlet 19.

 Reversed flow on 207 faces (39.7% area) of pressure-outlet 18.
    25  3.8110e-02  2.9485e-04  2.6172e-04  1.7569e-04  2:14:49 3475

 Reversed flow on 41 faces (20.9% area) of pressure-outlet 19.

 Reversed flow on 201 faces (39.3% area) of pressure-outlet 18.
    26  3.8113e-02  2.9800e-04  2.5978e-04  1.8120e-04  2:13:26 3474

 Reversed flow on 46 faces (22.3% area) of pressure-outlet 19.

 Reversed flow on 215 faces (40.4% area) of pressure-outlet 18.
    27  3.5644e-02  2.6503e-04  2.3292e-04  1.6060e-04  2:12:29 3473

 Reversed flow on 47 faces (22.5% area) of pressure-outlet 19.

 Reversed flow on 201 faces (39.1% area) of pressure-outlet 18.
    28  3.3278e-02  2.4469e-04  2.1537e-04  1.5037e-04  2:11:45 3472

 Reversed flow on 47 faces (22.5% area) of pressure-outlet 19.

 Reversed flow on 200 faces (39.0% area) of pressure-outlet 18.
    29  3.1057e-02  2.2605e-04  1.9982e-04  1.3994e-04  2:11:12 3471

 Reversed flow on 47 faces (22.5% area) of pressure-outlet 19.

 Reversed flow on 197 faces (38.4% area) of pressure-outlet 18.
    30  2.9207e-02  2.1194e-04  1.8687e-04  1.3239e-04  2:10:40 3470

 Reversed flow on 47 faces (22.5% area) of pressure-outlet 19.

 Reversed flow on 197 faces (38.4% area) of pressure-outlet 18.
    31  2.7445e-02  1.9677e-04  1.7424e-04  1.2416e-04  2:10:09 3469

 Reversed flow on 47 faces (22.5% area) of pressure-outlet 19.

 Reversed flow on 192 faces (38.1% area) of pressure-outlet 18.
    32  2.5749e-02  1.8294e-04  1.6187e-04  1.1643e-04  2:09:46 3468

 Reversed flow on 47 faces (22.5% area) of pressure-outlet 19.

 Reversed flow on 194 faces (38.1% area) of pressure-outlet 18.
    33  2.4198e-02  1.7054e-04  1.5065e-04  1.0979e-04  2:16:43 3467

 Reversed flow on 47 faces (22.5% area) of pressure-outlet 19.

 Reversed flow on 192 faces (37.7% area) of pressure-outlet 18.

  iter  continuity  x-velocity  y-velocity  z-velocity     time/iter
    34  2.3728e-02  1.6801e-04  1.4718e-04  1.0886e-04  2:15:33 3466

 Reversed flow on 47 faces (22.5% area) of pressure-outlet 19.

 Reversed flow on 203 faces (38.7% area) of pressure-outlet 18.
    35  2.2170e-02  1.5128e-04  1.3340e-04  9.8700e-05  2:14:02 3465

 Reversed flow on 47 faces (22.5% area) of pressure-outlet 19.

 Reversed flow on 202 faces (38.6% area) of pressure-outlet 18.
    36  2.0714e-02  1.4016e-04  1.2361e-04  9.2527e-05  2:12:50 3464

 Reversed flow on 47 faces (22.5% area) of pressure-outlet 19.

 Reversed flow on 201 faces (38.4% area) of pressure-outlet 18.
    37  1.9385e-02  1.2982e-04  1.1461e-04  8.6336e-05  2:19:09 3463

 Reversed flow on 47 faces (22.5% area) of pressure-outlet 19.

 Reversed flow on 196 faces (38.2% area) of pressure-outlet 18.
    38  1.8603e-02  1.2469e-04  1.1027e-04  8.3673e-05  2:24:18 3462

 Reversed flow on 48 faces (22.7% area) of pressure-outlet 19.

 Reversed flow on 197 faces (38.2% area) of pressure-outlet 18.
    39  1.8100e-02  1.1961e-04  1.0601e-04  8.0571e-05  2:21:05 3461

 Reversed flow on 48 faces (22.7% area) of pressure-outlet 19.

 Reversed flow on 192 faces (38.0% area) of pressure-outlet 18.
    40  1.7044e-02  1.0987e-04  9.7224e-05  7.4252e-05  2:25:51 3460

 Reversed flow on 48 faces (22.7% area) of pressure-outlet 19.

 Reversed flow on 182 faces (36.4% area) of pressure-outlet 18.
    41  1.6743e-02  1.1007e-04  9.6028e-05  7.5195e-05  2:22:29 3459

 Reversed flow on 49 faces (23.7% area) of pressure-outlet 19.

 Reversed flow on 200 faces (38.1% area) of pressure-outlet 18.
    42  1.5665e-02  9.8321e-05  8.6189e-05  6.6703e-05  2:19:48 3458

 Reversed flow on 49 faces (23.7% area) of pressure-outlet 19.

 Reversed flow on 187 faces (36.8% area) of pressure-outlet 18.
    43  1.4542e-02  9.1633e-05  8.0460e-05  6.2510e-05  2:17:39 3457

 Reversed flow on 49 faces (23.7% area) of pressure-outlet 19.

 Reversed flow on 185 faces (36.7% area) of pressure-outlet 18.
    44  1.3630e-02  8.5778e-05  7.5579e-05  5.8649e-05  2:15:51 3456

 Reversed flow on 49 faces (23.7% area) of pressure-outlet 19.

 Reversed flow on 180 faces (35.9% area) of pressure-outlet 18.

  iter  continuity  x-velocity  y-velocity  z-velocity     time/iter
    45  1.2797e-02  8.0426e-05  7.0918e-05  5.5176e-05  2:21:50 3455

 Reversed flow on 49 faces (23.7% area) of pressure-outlet 19.

 Reversed flow on 178 faces (35.3% area) of pressure-outlet 18.
    46  1.2667e-02  8.1920e-05  7.1526e-05  5.6251e-05  2:19:22 3454

 Reversed flow on 50 faces (24.0% area) of pressure-outlet 19.

 Reversed flow on 193 faces (36.5% area) of pressure-outlet 18.
    47  1.1897e-02  7.4164e-05  6.5109e-05  5.0618e-05  2:17:19 3453

 Reversed flow on 50 faces (24.0% area) of pressure-outlet 19.

 Reversed flow on 181 faces (35.6% area) of pressure-outlet 18.
    48  1.1171e-02  6.9848e-05  6.1478e-05  4.7910e-05  2:15:28 3452

 Reversed flow on 50 faces (24.0% area) of pressure-outlet 19.

 Reversed flow on 184 faces (35.8% area) of pressure-outlet 18.
    49  1.0478e-02  6.5396e-05  5.7680e-05  4.4877e-05  2:13:57 3451

 Reversed flow on 50 faces (24.0% area) of pressure-outlet 19.

 Reversed flow on 179 faces (35.3% area) of pressure-outlet 18.
    50  9.8587e-03  6.1977e-05  5.4706e-05  4.2597e-05  2:12:53 3450

 Reversed flow on 51 faces (24.6% area) of pressure-outlet 19.

 Reversed flow on 180 faces (35.3% area) of pressure-outlet 18.
    51  9.3358e-03  5.8584e-05  5.1706e-05  4.0270e-05  2:12:34 3449

 Reversed flow on 51 faces (24.6% area) of pressure-outlet 19.

 Reversed flow on 179 faces (35.3% area) of pressure-outlet 18.
    52  8.8514e-03  5.5413e-05  4.8902e-05  3.8109e-05  2:19:19 3448

 Reversed flow on 51 faces (24.6% area) of pressure-outlet 19.

 Reversed flow on 179 faces (35.3% area) of pressure-outlet 18.
    53  8.6077e-03  5.4627e-05  4.8123e-05  3.7466e-05  2:16:32 3447

 Reversed flow on 51 faces (24.6% area) of pressure-outlet 19.

 Reversed flow on 182 faces (35.6% area) of pressure-outlet 18.
    54  8.1863e-03  5.1132e-05  4.5009e-05  3.4864e-05  2:16:39 3446

 Reversed flow on 51 faces (24.6% area) of pressure-outlet 19.

 Reversed flow on 180 faces (35.5% area) of pressure-outlet 18.
    55  7.7707e-03  4.8628e-05  4.2585e-05  3.3213e-05  2:13:53 3445

 Reversed flow on 51 faces (24.6% area) of pressure-outlet 19.

 Reversed flow on 180 faces (35.5% area) of pressure-outlet 18.

  iter  continuity  x-velocity  y-velocity  z-velocity     time/iter
    56  7.3576e-03  4.6013e-05  4.0052e-05  3.1396e-05  2:19:23 3444

 Reversed flow on 51 faces (24.6% area) of pressure-outlet 19.

 Reversed flow on 178 faces (35.4% area) of pressure-outlet 18.
    57  7.2576e-03  4.6584e-05  3.9957e-05  3.1785e-05  2:16:40 3443

 Reversed flow on 51 faces (24.6% area) of pressure-outlet 19.

 Reversed flow on 180 faces (35.5% area) of pressure-outlet 18.
    58  6.9024e-03  4.2998e-05  3.7031e-05  2.9105e-05  2:14:33 3442

 Reversed flow on 51 faces (24.6% area) of pressure-outlet 19.

 Reversed flow on 178 faces (35.4% area) of pressure-outlet 18.
    59  6.4961e-03  4.0673e-05  3.4918e-05  2.7618e-05  2:15:20 3441

 Reversed flow on 51 faces (24.6% area) of pressure-outlet 19.

 Reversed flow on 178 faces (35.4% area) of pressure-outlet 18.
    60  6.1948e-03  3.9077e-05  3.3433e-05  2.6494e-05  2:13:55 3440

 Reversed flow on 51 faces (24.6% area) of pressure-outlet 19.

 Reversed flow on 178 faces (35.4% area) of pressure-outlet 18.
    61  5.8807e-03  3.6852e-05  3.1612e-05  2.5001e-05  2:12:34 3439

 Reversed flow on 51 faces (24.6% area) of pressure-outlet 19.

 Reversed flow on 178 faces (35.4% area) of pressure-outlet 18.
    62  5.5578e-03  3.4839e-05  2.9984e-05  2.3688e-05  2:11:25 3438

 Reversed flow on 51 faces (24.6% area) of pressure-outlet 19.

 Reversed flow on 178 faces (35.4% area) of pressure-outlet 18.
    63  5.2880e-03  3.3188e-05  2.8572e-05  2.2626e-05  2:10:30 3437

 Reversed flow on 51 faces (24.6% area) of pressure-outlet 19.

 Reversed flow on 178 faces (35.4% area) of pressure-outlet 18.
    64  5.0333e-03  3.1531e-05  2.7148e-05  2.1570e-05  2:09:44 3436

 Reversed flow on 50 faces (24.4% area) of pressure-outlet 19.

 Reversed flow on 178 faces (35.4% area) of pressure-outlet 18.
    65  4.7634e-03  2.9753e-05  2.5654e-05  2.0424e-05  2:16:30 3435

 Reversed flow on 50 faces (24.4% area) of pressure-outlet 19.

 Reversed flow on 178 faces (35.4% area) of pressure-outlet 18.
    66  4.6089e-03  2.9167e-05  2.5037e-05  2.0056e-05  2:21:51 3434

 Reversed flow on 50 faces (24.4% area) of pressure-outlet 19.

 Reversed flow on 179 faces (35.4% area) of pressure-outlet 18.

  iter  continuity  x-velocity  y-velocity  z-velocity     time/iter
    67  4.4889e-03  2.8349e-05  2.4271e-05  1.9524e-05  2:18:53 3433

 Reversed flow on 50 faces (24.4% area) of pressure-outlet 19.

 Reversed flow on 179 faces (35.4% area) of pressure-outlet 18.
    68  4.2326e-03  2.6222e-05  2.2492e-05  1.7987e-05  2:16:32 3432

 Reversed flow on 50 faces (24.4% area) of pressure-outlet 19.

 Reversed flow on 179 faces (35.4% area) of pressure-outlet 18.
    69  3.9857e-03  2.4761e-05  2.1221e-05  1.7058e-05  2:22:03 3431

 Reversed flow on 50 faces (24.4% area) of pressure-outlet 19.

 Reversed flow on 179 faces (35.4% area) of pressure-outlet 18.
    70  3.8801e-03  2.4505e-05  2.0869e-05  1.6979e-05  2:26:30 3430

 Reversed flow on 50 faces (24.4% area) of pressure-outlet 19.

 Reversed flow on 179 faces (35.4% area) of pressure-outlet 18.
    71  3.8642e-03  2.4500e-05  2.0811e-05  1.6986e-05  2:22:54 3429

 Reversed flow on 50 faces (24.4% area) of pressure-outlet 19.

 Reversed flow on 180 faces (35.5% area) of pressure-outlet 18.
    72  3.6415e-03  2.2306e-05  1.8966e-05  1.5378e-05  2:20:00 3428

 Reversed flow on 50 faces (24.4% area) of pressure-outlet 19.

 Reversed flow on 179 faces (35.4% area) of pressure-outlet 18.
    73  3.4107e-03  2.1010e-05  1.7925e-05  1.4570e-05  2:17:29 3427

 Reversed flow on 50 faces (24.4% area) of pressure-outlet 19.

 Reversed flow on 179 faces (35.4% area) of pressure-outlet 18.
    74  3.2138e-03  1.9927e-05  1.7086e-05  1.3834e-05  2:15:30 3426

 Reversed flow on 50 faces (24.4% area) of pressure-outlet 19.

 Reversed flow on 179 faces (35.4% area) of pressure-outlet 18.
    75  3.0445e-03  1.8969e-05  1.6249e-05  1.3211e-05  2:13:53 3425

 Reversed flow on 50 faces (24.4% area) of pressure-outlet 19.

 Reversed flow on 179 faces (35.4% area) of pressure-outlet 18.
    76  2.9093e-03  1.8114e-05  1.5627e-05  1.2606e-05  2:19:56 3424

 Reversed flow on 50 faces (24.4% area) of pressure-outlet 19.

 Reversed flow on 179 faces (35.4% area) of pressure-outlet 18.
    77  2.8497e-03  1.8064e-05  1.5504e-05  1.2566e-05  2:17:28 3423

 Reversed flow on 50 faces (24.4% area) of pressure-outlet 19.

 Reversed flow on 178 faces (35.1% area) of pressure-outlet 18.

  iter  continuity  x-velocity  y-velocity  z-velocity     time/iter
    78  2.7266e-03  1.6914e-05  1.4584e-05  1.1783e-05  2:15:35 3422

 Reversed flow on 50 faces (24.4% area) of pressure-outlet 19.

 Reversed flow on 182 faces (35.2% area) of pressure-outlet 18.
    79  2.6169e-03  1.6243e-05  1.4049e-05  1.1344e-05  2:14:03 3421

 Reversed flow on 50 faces (24.4% area) of pressure-outlet 19.

 Reversed flow on 180 faces (34.9% area) of pressure-outlet 18.
    80  2.5035e-03  1.5560e-05  1.3386e-05  1.0883e-05  2:12:45 3420

 Reversed flow on 50 faces (24.4% area) of pressure-outlet 19.

 Reversed flow on 182 faces (34.9% area) of pressure-outlet 18.
    81  2.4068e-03  1.4999e-05  1.2885e-05  1.0495e-05  2:11:34 3419

 Reversed flow on 50 faces (24.4% area) of pressure-outlet 19.

 Reversed flow on 180 faces (34.7% area) of pressure-outlet 18.
    82  2.3151e-03  1.4339e-05  1.2337e-05  1.0078e-05  2:10:44 3418

 Reversed flow on 50 faces (24.4% area) of pressure-outlet 19.

 Reversed flow on 177 faces (34.6% area) of pressure-outlet 18.
    83  2.1856e-03  1.3540e-05  1.1696e-05  9.5157e-06  2:09:59 3417

 Reversed flow on 50 faces (24.4% area) of pressure-outlet 19.

 Reversed flow on 176 faces (34.6% area) of pressure-outlet 18.
    84  2.0721e-03  1.2969e-05  1.1192e-05  9.1381e-06  2:09:42 3416

 Reversed flow on 51 faces (24.7% area) of pressure-outlet 19.

 Reversed flow on 175 faces (34.5% area) of pressure-outlet 18.
    85  1.9777e-03  1.2482e-05  1.0766e-05  8.8258e-06  2:09:43 3415

 Reversed flow on 51 faces (24.7% area) of pressure-outlet 19.

 Reversed flow on 175 faces (34.5% area) of pressure-outlet 18.
    86  1.8940e-03  1.1965e-05  1.0366e-05  8.4458e-06  2:08:02 3414

 Reversed flow on 51 faces (24.7% area) of pressure-outlet 19.

 Reversed flow on 176 faces (34.6% area) of pressure-outlet 18.
    87  1.8143e-03  1.1494e-05  9.9751e-06  8.0844e-06  2:03:32 3413

 Reversed flow on 51 faces (24.7% area) of pressure-outlet 19.

 Reversed flow on 176 faces (34.6% area) of pressure-outlet 18.
    88  1.7372e-03  1.1067e-05  9.5780e-06  7.7809e-06  2:04:13 3412

 Reversed flow on 51 faces (24.7% area) of pressure-outlet 19.

 Reversed flow on 176 faces (34.6% area) of pressure-outlet 18.

  iter  continuity  x-velocity  y-velocity  z-velocity     time/iter
    89  1.7594e-03  1.1681e-05  9.9630e-06  8.2249e-06  1:58:12 3411

 Reversed flow on 51 faces (24.7% area) of pressure-outlet 19.

 Reversed flow on 177 faces (34.7% area) of pressure-outlet 18.
    90  1.6845e-03  1.0659e-05  9.1339e-06  7.4130e-06  1:54:35 3410

 Reversed flow on 51 faces (24.7% area) of pressure-outlet 19.

 Reversed flow on 176 faces (34.6% area) of pressure-outlet 18.
    91  1.5860e-03  1.0074e-05  8.6588e-06  7.0380e-06  1:52:27 3409

 Reversed flow on 51 faces (24.7% area) of pressure-outlet 19.

 Reversed flow on 176 faces (34.6% area) of pressure-outlet 18.
    92  1.5093e-03  9.7104e-06  8.3078e-06  6.7999e-06  1:48:51 3408

 Reversed flow on 51 faces (24.7% area) of pressure-outlet 19.

 Reversed flow on 176 faces (34.6% area) of pressure-outlet 18.
    93  1.4294e-03  9.1929e-06  7.8766e-06  6.4463e-06  1:45:38 3407

 Reversed flow on 51 faces (24.7% area) of pressure-outlet 19.

 Reversed flow on 176 faces (34.6% area) of pressure-outlet 18.
    94  1.3613e-03  8.8662e-06  7.5483e-06  6.2055e-06  1:43:26 3406

 Reversed flow on 51 faces (24.7% area) of pressure-outlet 19.

 Reversed flow on 176 faces (34.6% area) of pressure-outlet 18.
    95  1.2864e-03  8.3791e-06  7.1449e-06  5.8610e-06  1:41:27 3405

 Reversed flow on 51 faces (24.7% area) of pressure-outlet 19.

 Reversed flow on 177 faces (34.6% area) of pressure-outlet 18.
    96  1.2229e-03  8.0591e-06  6.8450e-06  5.6330e-06  1:39:49 3404

 Reversed flow on 51 faces (24.7% area) of pressure-outlet 19.

 Reversed flow on 177 faces (34.6% area) of pressure-outlet 18.
    97  1.1651e-03  7.6987e-06  6.5224e-06  5.3701e-06  1:38:27 3403

 Reversed flow on 51 faces (24.7% area) of pressure-outlet 19.

 Reversed flow on 177 faces (34.6% area) of pressure-outlet 18.
    98  1.1102e-03  7.3558e-06  6.2165e-06  5.1255e-06  1:37:12 3402

 Reversed flow on 51 faces (24.7% area) of pressure-outlet 19.

 Reversed flow on 177 faces (34.6% area) of pressure-outlet 18.
    99  1.0613e-03  7.0584e-06  5.9517e-06  4.9133e-06  1:36:13 3401

 Reversed flow on 51 faces (24.7% area) of pressure-outlet 19.

 Reversed flow on 177 faces (34.6% area) of pressure-outlet 18.

  iter  continuity  x-velocity  y-velocity  z-velocity     time/iter
   100  1.0134e-03  6.7297e-06  5.6959e-06  4.6867e-06  1:40:36 3400

 Reversed flow on 51 faces (24.7% area) of pressure-outlet 19.

 Reversed flow on 177 faces (34.6% area) of pressure-outlet 18.
   101  1.0259e-03  7.0036e-06  5.9288e-06  4.8498e-06  1:39:03 3399

 Reversed flow on 51 faces (24.7% area) of pressure-outlet 19.

 Reversed flow on 177 faces (34.6% area) of pressure-outlet 18.
   102  9.7742e-04  6.4091e-06  5.4260e-06  4.4044e-06  1:38:04 3398

 Reversed flow on 51 faces (24.7% area) of pressure-outlet 19.

 Reversed flow on 177 faces (34.6% area) of pressure-outlet 18.
   103  9.3004e-04  6.1121e-06  5.2027e-06  4.2110e-06  1:36:56 3397

 Reversed flow on 51 faces (24.7% area) of pressure-outlet 19.

 Reversed flow on 177 faces (34.6% area) of pressure-outlet 18.
   104  8.8209e-04  5.7901e-06  4.9392e-06  3.9892e-06  1:36:00 3396

 Reversed flow on 51 faces (24.7% area) of pressure-outlet 19.

 Reversed flow on 177 faces (34.6% area) of pressure-outlet 18.
   105  8.3396e-04  5.4925e-06  4.6777e-06  3.7774e-06  1:35:17 3395

 Reversed flow on 51 faces (24.7% area) of pressure-outlet 19.

 Reversed flow on 177 faces (34.6% area) of pressure-outlet 18.
   106  7.9483e-04  5.2625e-06  4.4724e-06  3.6093e-06  1:34:37 3394

 Reversed flow on 51 faces (24.7% area) of pressure-outlet 19.

 Reversed flow on 177 faces (34.6% area) of pressure-outlet 18.
   107  7.5730e-04  5.0271e-06  4.2598e-06  3.4389e-06  1:34:00 3393

 Reversed flow on 51 faces (24.7% area) of pressure-outlet 19.

 Reversed flow on 177 faces (34.6% area) of pressure-outlet 18.
   108  7.2531e-04  4.8336e-06  4.0697e-06  3.2984e-06  1:33:34 3392

 Reversed flow on 51 faces (24.7% area) of pressure-outlet 19.

 Reversed flow on 177 faces (34.6% area) of pressure-outlet 18.
   109  6.9278e-04  4.6085e-06  3.8646e-06  3.1371e-06  1:33:21 3391

 Reversed flow on 51 faces (24.7% area) of pressure-outlet 19.

 Reversed flow on 177 faces (34.6% area) of pressure-outlet 18.
   110  6.6278e-04  4.4151e-06  3.6909e-06  3.0023e-06  1:37:56 3390

 Reversed flow on 51 faces (24.7% area) of pressure-outlet 19.

 Reversed flow on 177 faces (34.6% area) of pressure-outlet 18.

  iter  continuity  x-velocity  y-velocity  z-velocity     time/iter
   111  6.3136e-04  4.2079e-06  3.5090e-06  2.8532e-06  1:43:12 3389

 Reversed flow on 51 faces (24.7% area) of pressure-outlet 19.

 Reversed flow on 177 faces (34.6% area) of pressure-outlet 18.
   112  6.3689e-04  4.3815e-06  3.6138e-06  2.9709e-06  1:44:48 3388

 Reversed flow on 51 faces (24.7% area) of pressure-outlet 19.

 Reversed flow on 177 faces (34.6% area) of pressure-outlet 18.
   113  6.0950e-04  4.0074e-06  3.3053e-06  2.6844e-06  1:48:45 3387

 Reversed flow on 51 faces (24.7% area) of pressure-outlet 19.

 Reversed flow on 177 faces (34.6% area) of pressure-outlet 18.
   114  5.8193e-04  3.8397e-06  3.1612e-06  2.5707e-06  1:51:41 3386

 Reversed flow on 51 faces (24.7% area) of pressure-outlet 19.

 Reversed flow on 177 faces (34.6% area) of pressure-outlet 18.
   115  5.5372e-04  3.6427e-06  3.0041e-06  2.4464e-06  1:54:04 3385

 Reversed flow on 51 faces (24.7% area) of pressure-outlet 19.

 Reversed flow on 177 faces (34.6% area) of pressure-outlet 18.
   116  5.2647e-04  3.4885e-06  2.8632e-06  2.3331e-06  1:56:15 3384

 Reversed flow on 51 faces (24.7% area) of pressure-outlet 19.

 Reversed flow on 177 faces (34.6% area) of pressure-outlet 18.
   117  5.1420e-04  3.4632e-06  2.8124e-06  2.3103e-06  1:58:15 3383

 Reversed flow on 51 faces (24.7% area) of pressure-outlet 19.

 Reversed flow on 177 faces (34.6% area) of pressure-outlet 18.
   118  5.0519e-04  3.3820e-06  2.7255e-06  2.2504e-06  2:00:00 3382

 Reversed flow on 51 faces (24.7% area) of pressure-outlet 19.

 Reversed flow on 177 faces (34.6% area) of pressure-outlet 18.
   119  4.8362e-04  3.1962e-06  2.5717e-06  2.1188e-06  2:01:04 3381

 Reversed flow on 51 faces (24.7% area) of pressure-outlet 19.

 Reversed flow on 177 faces (34.6% area) of pressure-outlet 18.
   120  4.6360e-04  3.0995e-06  2.4797e-06  2.0414e-06  2:01:57 3380

 Reversed flow on 51 faces (24.7% area) of pressure-outlet 19.

 Reversed flow on 177 faces (34.6% area) of pressure-outlet 18.
   121  4.4591e-04  2.9931e-06  2.3874e-06  1.9671e-06  2:02:37 3379

 Reversed flow on 51 faces (24.7% area) of pressure-outlet 19.

 Reversed flow on 177 faces (34.6% area) of pressure-outlet 18.

  iter  continuity  x-velocity  y-velocity  z-velocity     time/iter
   122  4.2846e-04  2.8838e-06  2.2988e-06  1.8907e-06  2:03:16 3378

 Reversed flow on 51 faces (24.7% area) of pressure-outlet 19.

 Reversed flow on 177 faces (34.6% area) of pressure-outlet 18.
   123  4.1047e-04  2.7669e-06  2.2116e-06  1.8077e-06  2:03:52 3377

 Reversed flow on 51 faces (24.7% area) of pressure-outlet 19.

 Reversed flow on 177 faces (34.6% area) of pressure-outlet 18.
   124  3.9147e-04  2.6504e-06  2.1173e-06  1.7211e-06  2:04:13 3376

 Reversed flow on 51 faces (24.7% area) of pressure-outlet 19.

 Reversed flow on 177 faces (34.6% area) of pressure-outlet 18.
   125  3.7472e-04  2.5627e-06  2.0354e-06  1.6619e-06  2:04:26 3375

 Reversed flow on 51 faces (24.7% area) of pressure-outlet 19.

 Reversed flow on 177 faces (34.6% area) of pressure-outlet 18.
   126  3.6036e-04  2.4736e-06  1.9592e-06  1.6025e-06  2:04:38 3374

 Reversed flow on 51 faces (24.7% area) of pressure-outlet 19.

 Reversed flow on 177 faces (34.6% area) of pressure-outlet 18.
   127  3.4527e-04  2.3678e-06  1.8707e-06  1.5295e-06  2:04:46 3373

 Reversed flow on 51 faces (24.7% area) of pressure-outlet 19.

 Reversed flow on 177 faces (34.6% area) of pressure-outlet 18.
   128  3.2908e-04  2.2631e-06  1.7783e-06  1.4586e-06  2:04:59 3372

 Reversed flow on 51 faces (24.7% area) of pressure-outlet 19.

 Reversed flow on 177 faces (34.6% area) of pressure-outlet 18.
   129  3.1529e-04  2.1867e-06  1.7067e-06  1.4093e-06  2:06:36 3371

 Reversed flow on 51 faces (24.7% area) of pressure-outlet 19.

 Reversed flow on 177 faces (34.6% area) of pressure-outlet 18.
   130  3.0283e-04  2.0926e-06  1.6387e-06  1.3597e-06  2:06:41 3370

 Reversed flow on 51 faces (24.7% area) of pressure-outlet 19.

 Reversed flow on 177 faces (34.6% area) of pressure-outlet 18.
   131  2.8899e-04  1.9899e-06  1.5656e-06  1.3006e-06  2:08:45 3369

 Reversed flow on 51 faces (24.7% area) of pressure-outlet 19.

 Reversed flow on 177 faces (34.6% area) of pressure-outlet 18.
   132  2.7958e-04  1.9229e-06  1.5185e-06  1.2672e-06  2:10:47 3368

 Reversed flow on 51 faces (24.7% area) of pressure-outlet 19.

 Reversed flow on 177 faces (34.6% area) of pressure-outlet 18.

  iter  continuity  x-velocity  y-velocity  z-velocity     time/iter
   133  2.6953e-04  1.8399e-06  1.4524e-06  1.2170e-06  2:13:51 3367

 Reversed flow on 51 faces (24.7% area) of pressure-outlet 19.

 Reversed flow on 177 faces (34.6% area) of pressure-outlet 18.
   134  2.6343e-04  1.7979e-06  1.4174e-06  1.1962e-06  2:19:24 3366

 Reversed flow on 51 faces (24.7% area) of pressure-outlet 19.

 Reversed flow on 177 faces (34.6% area) of pressure-outlet 18.
   135  2.5304e-04  1.6992e-06  1.3410e-06  1.1304e-06  2:18:40 3365

 Reversed flow on 51 faces (24.7% area) of pressure-outlet 19.

 Reversed flow on 177 faces (34.6% area) of pressure-outlet 18.
   136  2.4453e-04  1.6466e-06  1.2960e-06  1.0940e-06  2:16:01 3364

 Reversed flow on 51 faces (24.7% area) of pressure-outlet 19.

 Reversed flow on 177 faces (34.6% area) of pressure-outlet 18.
   137  2.3435e-04  1.5672e-06  1.2349e-06  1.0482e-06  2:14:21 3363

 Reversed flow on 51 faces (24.7% area) of pressure-outlet 19.

 Reversed flow on 177 faces (34.6% area) of pressure-outlet 18.
   138  2.2516e-04  1.5051e-06  1.1842e-06  1.0103e-06  2:13:15 3362

 Reversed flow on 51 faces (24.7% area) of pressure-outlet 19.

 Reversed flow on 177 faces (34.6% area) of pressure-outlet 18.
   139  2.1580e-04  1.4413e-06  1.1330e-06  9.6949e-07  2:11:56 3361

 Reversed flow on 51 faces (24.7% area) of pressure-outlet 19.

 Reversed flow on 177 faces (34.6% area) of pressure-outlet 18.
   140  2.0643e-04  1.3774e-06  1.0795e-06  9.2747e-07  2:10:38 3360

 Reversed flow on 51 faces (24.7% area) of pressure-outlet 19.

 Reversed flow on 177 faces (34.6% area) of pressure-outlet 18.
   141  2.0024e-04  1.3468e-06  1.0520e-06  9.0903e-07  2:09:36 3359

 Reversed flow on 51 faces (24.7% area) of pressure-outlet 19.

 Reversed flow on 177 faces (34.6% area) of pressure-outlet 18.
   142  1.9441e-04  1.3014e-06  1.0164e-06  8.7892e-07  2:08:59 3358

 Reversed flow on 51 faces (24.7% area) of pressure-outlet 19.

 Reversed flow on 177 faces (34.6% area) of pressure-outlet 18.
   143  1.8805e-04  1.2567e-06  9.7938e-07  8.5006e-07  2:08:23 3357

 Reversed flow on 51 faces (24.7% area) of pressure-outlet 19.

 Reversed flow on 177 faces (34.6% area) of pressure-outlet 18.

  iter  continuity  x-velocity  y-velocity  z-velocity     time/iter
   144  1.8209e-04  1.2136e-06  9.4326e-07  8.2258e-07  2:07:59 3356

 Reversed flow on 51 faces (24.7% area) of pressure-outlet 19.

 Reversed flow on 177 faces (34.6% area) of pressure-outlet 18.
   145  1.7453e-04  1.1591e-06  9.0201e-07  7.8635e-07  2:07:22 3355

 Reversed flow on 51 faces (24.7% area) of pressure-outlet 19.

 Reversed flow on 177 faces (34.6% area) of pressure-outlet 18.
   146  1.6759e-04  1.1170e-06  8.7033e-07  7.5602e-07  2:07:15 3354

 Reversed flow on 51 faces (24.7% area) of pressure-outlet 19.

 Reversed flow on 177 faces (34.6% area) of pressure-outlet 18.
   147  1.6210e-04  1.0891e-06  8.4796e-07  7.3381e-07  2:07:26 3353

 Reversed flow on 51 faces (24.7% area) of pressure-outlet 19.

 Reversed flow on 177 faces (34.6% area) of pressure-outlet 18.
   148  1.5730e-04  1.0579e-06  8.2188e-07  7.1105e-07  2:06:59 3352

 Reversed flow on 51 faces (24.7% area) of pressure-outlet 19.

 Reversed flow on 177 faces (34.6% area) of pressure-outlet 18.
   149  1.5103e-04  1.0114e-06  7.8852e-07  6.7930e-07  2:06:41 3351

 Reversed flow on 51 faces (24.7% area) of pressure-outlet 19.

 Reversed flow on 177 faces (34.6% area) of pressure-outlet 18.
   150  1.4467e-04  9.6999e-07  7.5770e-07  6.5128e-07  2:06:44 3350

 Reversed flow on 51 faces (24.7% area) of pressure-outlet 19.

 Reversed flow on 177 faces (34.6% area) of pressure-outlet 18.
   151  1.3793e-04  9.2745e-07  7.2438e-07  6.2421e-07  2:06:32 3349

 Reversed flow on 51 faces (24.7% area) of pressure-outlet 19.

 Reversed flow on 177 faces (34.6% area) of pressure-outlet 18.
   152  1.3241e-04  8.9537e-07  6.9749e-07  6.0325e-07  2:06:30 3348

 Reversed flow on 51 faces (24.7% area) of pressure-outlet 19.

 Reversed flow on 177 faces (34.6% area) of pressure-outlet 18.
   153  1.2715e-04  8.6014e-07  6.7055e-07  5.8081e-07  2:06:33 3347

 Reversed flow on 51 faces (24.7% area) of pressure-outlet 19.

 Reversed flow on 177 faces (34.6% area) of pressure-outlet 18.
   154  1.2218e-04  8.2714e-07  6.4463e-07  5.5777e-07  2:06:15 3346

 Reversed flow on 51 faces (24.7% area) of pressure-outlet 19.

 Reversed flow on 177 faces (34.6% area) of pressure-outlet 18.

  iter  continuity  x-velocity  y-velocity  z-velocity     time/iter
   155  1.1681e-04  7.9421e-07  6.1844e-07  5.3580e-07  2:06:50 3345

 Reversed flow on 51 faces (24.7% area) of pressure-outlet 19.

 Reversed flow on 177 faces (34.6% area) of pressure-outlet 18.
   156  1.1209e-04  7.6618e-07  5.9525e-07  5.1699e-07  2:07:17 3344

 Reversed flow on 51 faces (24.7% area) of pressure-outlet 19.

 Reversed flow on 177 faces (34.6% area) of pressure-outlet 18.
   157  1.0777e-04  7.3918e-07  5.7454e-07  4.9906e-07  2:07:03 3343

 Reversed flow on 51 faces (24.7% area) of pressure-outlet 19.

 Reversed flow on 177 faces (34.6% area) of pressure-outlet 18.
   158  1.0400e-04  7.1372e-07  5.5484e-07  4.8081e-07  2:07:19 3342

 Reversed flow on 51 faces (24.7% area) of pressure-outlet 19.

 Reversed flow on 177 faces (34.6% area) of pressure-outlet 18.
   159  9.9364e-05  6.8422e-07  5.3226e-07  4.5967e-07  2:07:49 3341

 Reversed flow on 51 faces (24.7% area) of pressure-outlet 19.

 Reversed flow on 177 faces (34.6% area) of pressure-outlet 18.
   160  9.5284e-05  6.6007e-07  5.1276e-07  4.4164e-07  2:08:59 3340

 Reversed flow on 51 faces (24.7% area) of pressure-outlet 19.

 Reversed flow on 177 faces (34.6% area) of pressure-outlet 18.
   161  9.1349e-05  6.3532e-07  4.9323e-07  4.2347e-07  2:09:43 3339

 Reversed flow on 51 faces (24.7% area) of pressure-outlet 19.

 Reversed flow on 177 faces (34.6% area) of pressure-outlet 18.
   162  8.7968e-05  6.1352e-07  4.7486e-07  4.0702e-07  2:08:00 3338

 Reversed flow on 51 faces (24.7% area) of pressure-outlet 19.

 Reversed flow on 177 faces (34.6% area) of pressure-outlet 18.
   163  8.4242e-05  5.9170e-07  4.5588e-07  3.9142e-07  2:07:20 3337

 Reversed flow on 51 faces (24.7% area) of pressure-outlet 19.

 Reversed flow on 177 faces (34.6% area) of pressure-outlet 18.
   164  8.1103e-05  5.7293e-07  4.3916e-07  3.7759e-07  2:07:01 3336

 Reversed flow on 51 faces (24.7% area) of pressure-outlet 19.

 Reversed flow on 177 faces (34.6% area) of pressure-outlet 18.
   165  7.8061e-05  5.5194e-07  4.2416e-07  3.6469e-07  2:06:09 3335

 Reversed flow on 51 faces (24.7% area) of pressure-outlet 19.

 Reversed flow on 177 faces (34.6% area) of pressure-outlet 18.

  iter  continuity  x-velocity  y-velocity  z-velocity     time/iter
   166  7.5638e-05  5.3074e-07  4.1146e-07  3.5287e-07  2:06:06 3334

 Reversed flow on 51 faces (24.7% area) of pressure-outlet 19.

 Reversed flow on 177 faces (34.6% area) of pressure-outlet 18.
   167  7.3009e-05  5.1136e-07  3.9918e-07  3.4119e-07  2:05:53 3333

 Reversed flow on 51 faces (24.7% area) of pressure-outlet 19.

 Reversed flow on 177 faces (34.6% area) of pressure-outlet 18.
   168  7.0625e-05  4.9404e-07  3.8740e-07  3.2917e-07  2:05:41 3332

 Reversed flow on 51 faces (24.7% area) of pressure-outlet 19.

 Reversed flow on 177 faces (34.6% area) of pressure-outlet 18.
   169  6.8189e-05  4.7703e-07  3.7686e-07  3.1752e-07  2:05:41 3331

 Reversed flow on 51 faces (24.7% area) of pressure-outlet 19.

 Reversed flow on 177 faces (34.6% area) of pressure-outlet 18.
   170  6.6222e-05  4.6203e-07  3.6756e-07  3.0709e-07  2:06:06 3330

 Reversed flow on 51 faces (24.7% area) of pressure-outlet 19.

 Reversed flow on 177 faces (34.6% area) of pressure-outlet 18.
   171  6.3755e-05  4.4488e-07  3.5630e-07  2.9590e-07  2:05:55 3329

 Reversed flow on 51 faces (24.7% area) of pressure-outlet 19.

 Reversed flow on 177 faces (34.6% area) of pressure-outlet 18.
   172  6.1640e-05  4.2977e-07  3.4599e-07  2.8533e-07  2:05:29 3328

 Reversed flow on 51 faces (24.7% area) of pressure-outlet 19.

 Reversed flow on 177 faces (34.6% area) of pressure-outlet 18.
   173  5.9300e-05  4.1328e-07  3.3512e-07  2.7362e-07  2:05:16 3327

 Reversed flow on 51 faces (24.7% area) of pressure-outlet 19.

 Reversed flow on 177 faces (34.6% area) of pressure-outlet 18.
   174  5.7491e-05  3.9987e-07  3.2650e-07  2.6403e-07  2:05:24 3326

 Reversed flow on 51 faces (24.7% area) of pressure-outlet 19.

 Reversed flow on 177 faces (34.6% area) of pressure-outlet 18.
   175  5.5229e-05  3.8473e-07  3.1650e-07  2.5355e-07  2:05:44 3325

 Reversed flow on 51 faces (24.7% area) of pressure-outlet 19.

 Reversed flow on 177 faces (34.6% area) of pressure-outlet 18.
   176  5.3188e-05  3.6891e-07  3.0647e-07  2.4251e-07  2:05:55 3324

 Reversed flow on 51 faces (24.7% area) of pressure-outlet 19.

 Reversed flow on 177 faces (34.6% area) of pressure-outlet 18.

  iter  continuity  x-velocity  y-velocity  z-velocity     time/iter
   177  5.1216e-05  3.5604e-07  2.9907e-07  2.3356e-07  2:06:03 3323

 Reversed flow on 51 faces (24.7% area) of pressure-outlet 19.

 Reversed flow on 177 faces (34.6% area) of pressure-outlet 18.
   178  4.9889e-05  3.4640e-07  2.9340e-07  2.2655e-07  2:05:59 3322

 Reversed flow on 51 faces (24.7% area) of pressure-outlet 19.

 Reversed flow on 177 faces (34.6% area) of pressure-outlet 18.
   179  4.8036e-05  3.3405e-07  2.8518e-07  2.1858e-07  2:05:44 3321

 Reversed flow on 51 faces (24.7% area) of pressure-outlet 19.

 Reversed flow on 177 faces (34.6% area) of pressure-outlet 18.
   180  4.6485e-05  3.2279e-07  2.7778e-07  2.1127e-07  2:05:56 3320

 Reversed flow on 51 faces (24.7% area) of pressure-outlet 19.

 Reversed flow on 177 faces (34.6% area) of pressure-outlet 18.
   181  4.4965e-05  3.1278e-07  2.7183e-07  2.0485e-07  2:06:22 3319

 Reversed flow on 51 faces (24.7% area) of pressure-outlet 19.

 Reversed flow on 177 faces (34.6% area) of pressure-outlet 18.
   182  4.4010e-05  3.0564e-07  2.6827e-07  1.9995e-07  2:06:19 3318

 Reversed flow on 51 faces (24.7% area) of pressure-outlet 19.

 Reversed flow on 177 faces (34.6% area) of pressure-outlet 18.
   183  4.2510e-05  2.9559e-07  2.6189e-07  1.9419e-07  2:06:47 3317

 Reversed flow on 51 faces (24.7% area) of pressure-outlet 19.

 Reversed flow on 177 faces (34.6% area) of pressure-outlet 18.
   184  4.1307e-05  2.8686e-07  2.5609e-07  1.8921e-07  2:06:26 3316

 Reversed flow on 51 faces (24.7% area) of pressure-outlet 19.

 Reversed flow on 177 faces (34.6% area) of pressure-outlet 18.
   185  4.0117e-05  2.7935e-07  2.4666e-07  1.8500e-07  2:07:16 3315

 Reversed flow on 51 faces (24.7% area) of pressure-outlet 19.

 Reversed flow on 177 faces (34.6% area) of pressure-outlet 18.
   186  3.9438e-05  2.7433e-07  2.4003e-07  1.8205e-07  2:07:46 3314

 Reversed flow on 51 faces (24.7% area) of pressure-outlet 19.

 Reversed flow on 177 faces (34.6% area) of pressure-outlet 18.
   187  3.8120e-05  2.6597e-07  2.3129e-07  1.7779e-07  2:06:52 3313

 Reversed flow on 51 faces (24.7% area) of pressure-outlet 19.

 Reversed flow on 177 faces (34.6% area) of pressure-outlet 18.

  iter  continuity  x-velocity  y-velocity  z-velocity     time/iter
   188  3.7067e-05  2.5874e-07  2.2343e-07  1.7385e-07  2:06:11 3312

 Reversed flow on 51 faces (24.7% area) of pressure-outlet 19.

 Reversed flow on 177 faces (34.6% area) of pressure-outlet 18.
   189  3.6075e-05  2.5283e-07  2.1714e-07  1.7066e-07  2:05:40 3311

 Reversed flow on 51 faces (24.7% area) of pressure-outlet 19.

 Reversed flow on 177 faces (34.6% area) of pressure-outlet 18.
   190  3.5614e-05  2.4906e-07  2.1272e-07  1.6860e-07  2:05:09 3310

 Reversed flow on 51 faces (24.7% area) of pressure-outlet 19.

 Reversed flow on 177 faces (34.6% area) of pressure-outlet 18.
   191  3.4542e-05  2.4216e-07  2.0614e-07  1.6563e-07  2:04:49 3309

 Reversed flow on 51 faces (24.7% area) of pressure-outlet 19.

 Reversed flow on 177 faces (34.6% area) of pressure-outlet 18.
   192  3.3724e-05  2.3641e-07  2.0030e-07  1.6307e-07  2:05:37 3308

 Reversed flow on 51 faces (24.7% area) of pressure-outlet 19.

 Reversed flow on 177 faces (34.6% area) of pressure-outlet 18.
   193  3.2894e-05  2.3150e-07  1.9551e-07  1.6108e-07  2:05:03 3307

 Reversed flow on 51 faces (24.7% area) of pressure-outlet 19.

 Reversed flow on 177 faces (34.6% area) of pressure-outlet 18.
   194  3.2629e-05  2.2922e-07  1.9289e-07  1.6062e-07  2:04:45 3306

 Reversed flow on 51 faces (24.7% area) of pressure-outlet 19.

 Reversed flow on 177 faces (34.6% area) of pressure-outlet 18.
   195  3.1777e-05  2.2395e-07  1.8799e-07  1.5947e-07  2:04:34 3305

 Reversed flow on 51 faces (24.7% area) of pressure-outlet 19.

 Reversed flow on 177 faces (34.6% area) of pressure-outlet 18.
   196  3.1162e-05  2.1978e-07  1.8386e-07  1.5865e-07  2:04:46 3304

 Reversed flow on 51 faces (24.7% area) of pressure-outlet 19.

 Reversed flow on 177 faces (34.6% area) of pressure-outlet 18.
   197  3.0595e-05  2.1730e-07  1.8100e-07  1.5931e-07  2:04:41 3303

 Reversed flow on 51 faces (24.7% area) of pressure-outlet 19.

 Reversed flow on 177 faces (34.6% area) of pressure-outlet 18.
   198  3.0654e-05  2.1769e-07  1.8076e-07  1.6243e-07  2:04:18 3302

 Reversed flow on 51 faces (24.7% area) of pressure-outlet 19.

 Reversed flow on 177 faces (34.6% area) of pressure-outlet 18.

  iter  continuity  x-velocity  y-velocity  z-velocity     time/iter
   199  3.0226e-05  2.1568e-07  1.7874e-07  1.6568e-07  2:04:05 3301

 Reversed flow on 51 faces (24.7% area) of pressure-outlet 19.

 Reversed flow on 177 faces (34.6% area) of pressure-outlet 18.
   200  3.0225e-05  2.1624e-07  1.7853e-07  1.7029e-07  2:03:57 3300

 Reversed flow on 51 faces (24.7% area) of pressure-outlet 19.

 Reversed flow on 177 faces (34.6% area) of pressure-outlet 18.
   201  3.0310e-05  2.1866e-07  1.8008e-07  1.7428e-07  2:03:54 3299

 Reversed flow on 51 faces (24.7% area) of pressure-outlet 19.

 Reversed flow on 177 faces (34.6% area) of pressure-outlet 18.
   202  3.0993e-05  2.2416e-07  1.8455e-07  1.7846e-07  2:03:44 3298

 Reversed flow on 51 faces (24.7% area) of pressure-outlet 19.

 Reversed flow on 177 faces (34.6% area) of pressure-outlet 18.
   203  3.0781e-05  2.2669e-07  1.8694e-07  1.7612e-07  2:03:40 3297

 Reversed flow on 51 faces (24.7% area) of pressure-outlet 19.

 Reversed flow on 177 faces (34.6% area) of pressure-outlet 18.
   204  3.0621e-05  2.2804e-07  1.8884e-07  1.7240e-07  2:03:35 3296

 Reversed flow on 51 faces (24.7% area) of pressure-outlet 19.

 Reversed flow on 177 faces (34.6% area) of pressure-outlet 18.
   205  3.0128e-05  2.2754e-07  1.8914e-07  1.6709e-07  2:03:26 3295

 Reversed flow on 51 faces (24.7% area) of pressure-outlet 19.

 Reversed flow on 177 faces (34.6% area) of pressure-outlet 18.
   206  2.9899e-05  2.2683e-07  1.8915e-07  1.6030e-07  2:03:23 3294

 Reversed flow on 51 faces (24.7% area) of pressure-outlet 19.

 Reversed flow on 177 faces (34.6% area) of pressure-outlet 18.
   207  2.8914e-05  2.2145e-07  1.8477e-07  1.5179e-07  2:03:20 3293

 Reversed flow on 51 faces (24.7% area) of pressure-outlet 19.

 Reversed flow on 177 faces (34.6% area) of pressure-outlet 18.
   208  2.8125e-05  2.1649e-07  1.7968e-07  1.4512e-07  2:03:07 3292

 Reversed flow on 51 faces (24.7% area) of pressure-outlet 19.

 Reversed flow on 177 faces (34.6% area) of pressure-outlet 18.
   209  2.7246e-05  2.1115e-07  1.7424e-07  1.3925e-07  2:03:17 3291

 Reversed flow on 51 faces (24.7% area) of pressure-outlet 19.

 Reversed flow on 177 faces (34.6% area) of pressure-outlet 18.

  iter  continuity  x-velocity  y-velocity  z-velocity     time/iter
   210  2.6813e-05  2.0732e-07  1.7031e-07  1.3500e-07  2:03:42 3290

 Reversed flow on 51 faces (24.7% area) of pressure-outlet 19.

 Reversed flow on 177 faces (34.6% area) of pressure-outlet 18.
   211  2.5790e-05  2.0041e-07  1.6378e-07  1.2968e-07  2:03:37 3289

 Reversed flow on 51 faces (24.7% area) of pressure-outlet 19.

 Reversed flow on 177 faces (34.6% area) of pressure-outlet 18.
   212  2.5091e-05  1.9488e-07  1.5798e-07  1.2494e-07  2:02:20 3288

 Reversed flow on 51 faces (24.7% area) of pressure-outlet 19.

 Reversed flow on 177 faces (34.6% area) of pressure-outlet 18.
   213  2.4324e-05  1.8956e-07  1.5291e-07  1.2061e-07  1:56:41 3287

 Reversed flow on 51 faces (24.7% area) of pressure-outlet 19.

 Reversed flow on 177 faces (34.6% area) of pressure-outlet 18.
   214  2.4024e-05  1.8620e-07  1.5000e-07  1.1748e-07  1:55:41 3286

 Reversed flow on 51 faces (24.7% area) of pressure-outlet 19.

 Reversed flow on 177 faces (34.6% area) of pressure-outlet 18.
   215  2.3128e-05  1.8022e-07  1.4489e-07  1.1340e-07  1:51:11 3285

 Reversed flow on 51 faces (24.7% area) of pressure-outlet 19.

 Reversed flow on 177 faces (34.6% area) of pressure-outlet 18.
   216  2.2531e-05  1.7591e-07  1.4054e-07  1.1023e-07  1:47:22 3284

 Reversed flow on 51 faces (24.7% area) of pressure-outlet 19.

 Reversed flow on 177 faces (34.6% area) of pressure-outlet 18.
   217  2.1892e-05  1.7192e-07  1.3693e-07  1.0732e-07  1:43:48 3283

 Reversed flow on 51 faces (24.7% area) of pressure-outlet 19.

 Reversed flow on 177 faces (34.6% area) of pressure-outlet 18.
   218  2.1732e-05  1.6996e-07  1.3526e-07  1.0544e-07  1:42:13 3282

 Reversed flow on 51 faces (24.7% area) of pressure-outlet 19.

 Reversed flow on 177 faces (34.6% area) of pressure-outlet 18.
   219  2.0972e-05  1.6544e-07  1.3125e-07  1.0245e-07  1:41:33 3281

 Reversed flow on 51 faces (24.7% area) of pressure-outlet 19.

 Reversed flow on 177 faces (34.6% area) of pressure-outlet 18.
   220  2.0535e-05  1.6263e-07  1.2793e-07  1.0027e-07  1:39:40 3280

 Reversed flow on 51 faces (24.7% area) of pressure-outlet 19.

 Reversed flow on 177 faces (34.6% area) of pressure-outlet 18.

  iter  continuity  x-velocity  y-velocity  z-velocity     time/iter
   221  2.0031e-05  1.6003e-07  1.2534e-07  9.8084e-08  1:37:59 3279

 Reversed flow on 51 faces (24.7% area) of pressure-outlet 19.

 Reversed flow on 177 faces (34.6% area) of pressure-outlet 18.
   222  1.9997e-05  1.5937e-07  1.2459e-07  9.6831e-08  1:36:42 3278

 Reversed flow on 51 faces (24.7% area) of pressure-outlet 19.

 Reversed flow on 177 faces (34.6% area) of pressure-outlet 18.
   223  1.9360e-05  1.5601e-07  1.2138e-07  9.4438e-08  1:35:12 3277

 Reversed flow on 51 faces (24.7% area) of pressure-outlet 19.

 Reversed flow on 177 faces (34.6% area) of pressure-outlet 18.
   224  1.9015e-05  1.5429e-07  1.1880e-07  9.2633e-08  1:34:40 3276

 Reversed flow on 51 faces (24.7% area) of pressure-outlet 19.

 Reversed flow on 177 faces (34.6% area) of pressure-outlet 18.
   225  1.8578e-05  1.5209e-07  1.1678e-07  9.0717e-08  1:35:13 3275

 Reversed flow on 51 faces (24.7% area) of pressure-outlet 19.

 Reversed flow on 177 faces (34.6% area) of pressure-outlet 18.
   226  1.8599e-05  1.5000e-07  1.1652e-07  8.9705e-08  1:34:38 3274

 Reversed flow on 51 faces (24.7% area) of pressure-outlet 19.

 Reversed flow on 177 faces (34.6% area) of pressure-outlet 18.
   227  1.7979e-05  1.4582e-07  1.1300e-07  8.7511e-08  1:34:25 3273

 Reversed flow on 51 faces (24.7% area) of pressure-outlet 19.

 Reversed flow on 177 faces (34.6% area) of pressure-outlet 18.
   228  1.7633e-05  1.4318e-07  1.0996e-07  8.5624e-08  1:34:20 3272

 Reversed flow on 51 faces (24.7% area) of pressure-outlet 19.

 Reversed flow on 177 faces (34.6% area) of pressure-outlet 18.
   229  1.7191e-05  1.4058e-07  1.0740e-07  8.3661e-08  1:33:35 3271

 Reversed flow on 51 faces (24.7% area) of pressure-outlet 19.

 Reversed flow on 177 faces (34.6% area) of pressure-outlet 18.
   230  1.7189e-05  1.3990e-07  1.0673e-07  8.2625e-08  1:34:10 3270

 Reversed flow on 51 faces (24.7% area) of pressure-outlet 19.

 Reversed flow on 177 faces (34.6% area) of pressure-outlet 18.
   231  1.6565e-05  1.3636e-07  1.0351e-07  8.0102e-08  1:34:21 3269

 Reversed flow on 51 faces (24.7% area) of pressure-outlet 19.

 Reversed flow on 177 faces (34.6% area) of pressure-outlet 18.

  iter  continuity  x-velocity  y-velocity  z-velocity     time/iter
   232  1.6217e-05  1.3429e-07  1.0083e-07  7.8188e-08  1:35:47 3268

 Reversed flow on 51 faces (24.7% area) of pressure-outlet 19.

 Reversed flow on 177 faces (34.6% area) of pressure-outlet 18.
   233  1.5798e-05  1.3225e-07  9.8888e-08  7.6304e-08  1:36:37 3267

 Reversed flow on 51 faces (24.7% area) of pressure-outlet 19.

 Reversed flow on 177 faces (34.6% area) of pressure-outlet 18.
   234  1.5829e-05  1.3180e-07  9.8818e-08  7.5389e-08  1:35:44 3266

 Reversed flow on 51 faces (24.7% area) of pressure-outlet 19.

 Reversed flow on 177 faces (34.6% area) of pressure-outlet 18.
   235  1.5242e-05  1.2815e-07  9.6059e-08  7.3463e-08  1:34:52 3265

 Reversed flow on 51 faces (24.7% area) of pressure-outlet 19.

 Reversed flow on 177 faces (34.6% area) of pressure-outlet 18.
   236  1.4807e-05  1.2259e-07  9.3865e-08  7.2037e-08  1:34:11 3264

 Reversed flow on 51 faces (24.7% area) of pressure-outlet 19.

 Reversed flow on 177 faces (34.6% area) of pressure-outlet 18.
   237  1.4298e-05  1.1588e-07  9.1667e-08  6.9735e-08  1:33:38 3263

 Reversed flow on 51 faces (24.7% area) of pressure-outlet 19.

 Reversed flow on 177 faces (34.6% area) of pressure-outlet 18.
   238  1.4230e-05  1.1194e-07  9.0724e-08  6.8389e-08  1:33:06 3262

 Reversed flow on 51 faces (24.7% area) of pressure-outlet 19.

 Reversed flow on 177 faces (34.6% area) of pressure-outlet 18.
   239  1.3538e-05  1.0550e-07  8.7030e-08  6.5625e-08  1:32:39 3261

 Reversed flow on 51 faces (24.7% area) of pressure-outlet 19.

 Reversed flow on 177 faces (34.6% area) of pressure-outlet 18.
   240  1.3095e-05  1.0076e-07  8.3732e-08  6.3184e-08  1:32:50 3260

 Reversed flow on 51 faces (24.7% area) of pressure-outlet 19.

 Reversed flow on 177 faces (34.6% area) of pressure-outlet 18.
   241  1.2589e-05  9.6629e-08  8.1030e-08  6.0683e-08  1:32:27 3259

 Reversed flow on 51 faces (24.7% area) of pressure-outlet 19.

 Reversed flow on 177 faces (34.6% area) of pressure-outlet 18.
   242  1.2543e-05  9.4443e-08  8.0084e-08  5.8987e-08  1:32:12 3258

 Reversed flow on 51 faces (24.7% area) of pressure-outlet 19.

 Reversed flow on 177 faces (34.6% area) of pressure-outlet 18.

  iter  continuity  x-velocity  y-velocity  z-velocity     time/iter
   243  1.1868e-05  8.9425e-08  7.6470e-08  5.6111e-08  1:31:57 3257

 Reversed flow on 51 faces (24.7% area) of pressure-outlet 19.

 Reversed flow on 177 faces (34.6% area) of pressure-outlet 18.
   244  1.1469e-05  8.5775e-08  7.3232e-08  5.3692e-08  1:31:49 3256

 Reversed flow on 51 faces (24.7% area) of pressure-outlet 19.

 Reversed flow on 177 faces (34.6% area) of pressure-outlet 18.
   245  1.0990e-05  8.2150e-08  7.0505e-08  5.1332e-08  1:31:46 3255

 Reversed flow on 51 faces (24.7% area) of pressure-outlet 19.

 Reversed flow on 177 faces (34.6% area) of pressure-outlet 18.
   246  1.0971e-05  8.0535e-08  6.9613e-08  4.9898e-08  1:31:38 3254

 Reversed flow on 51 faces (24.7% area) of pressure-outlet 19.

 Reversed flow on 177 faces (34.6% area) of pressure-outlet 18.
   247  1.0333e-05  7.6139e-08  6.6003e-08  4.7275e-08  1:31:39 3253

 Reversed flow on 51 faces (24.7% area) of pressure-outlet 19.

 Reversed flow on 177 faces (34.6% area) of pressure-outlet 18.
   248  9.9631e-06  7.3094e-08  6.2951e-08  4.5129e-08  1:31:34 3252

 Reversed flow on 51 faces (24.7% area) of pressure-outlet 19.

 Reversed flow on 177 faces (34.6% area) of pressure-outlet 18.
   249  9.5277e-06  7.0004e-08  6.0469e-08  4.3139e-08  1:31:22 3251

 Reversed flow on 51 faces (24.7% area) of pressure-outlet 19.

 Reversed flow on 177 faces (34.6% area) of pressure-outlet 18.
   250  9.5622e-06  6.8920e-08  5.9860e-08  4.2188e-08  1:31:16 3250

 Reversed flow on 51 faces (24.7% area) of pressure-outlet 19.

 Reversed flow on 177 faces (34.6% area) of pressure-outlet 18.
   251  8.9801e-06  6.5053e-08  5.6592e-08  4.0060e-08  1:31:17 3249

 Reversed flow on 51 faces (24.7% area) of pressure-outlet 19.

 Reversed flow on 177 faces (34.6% area) of pressure-outlet 18.
   252  8.6803e-06  6.2618e-08  5.3992e-08  3.8502e-08  1:31:05 3248

 Reversed flow on 51 faces (24.7% area) of pressure-outlet 19.

 Reversed flow on 177 faces (34.6% area) of pressure-outlet 18.
   253  8.3357e-06  6.0262e-08  5.2000e-08  3.7289e-08  1:31:14 3247

 Reversed flow on 51 faces (24.7% area) of pressure-outlet 19.

 Reversed flow on 177 faces (34.6% area) of pressure-outlet 18.

  iter  continuity  x-velocity  y-velocity  z-velocity     time/iter
   254  8.4588e-06  5.9744e-08  5.1858e-08  3.7050e-08  1:31:06 3246

 Reversed flow on 51 faces (24.7% area) of pressure-outlet 19.

 Reversed flow on 177 faces (34.6% area) of pressure-outlet 18.
   255  7.9845e-06  5.6546e-08  4.9205e-08  3.5677e-08  1:30:58 3245

 Reversed flow on 51 faces (24.7% area) of pressure-outlet 19.

 Reversed flow on 177 faces (34.6% area) of pressure-outlet 18.
   256  7.7876e-06  5.4645e-08  4.7217e-08  3.4754e-08  1:31:06 3244

 Reversed flow on 51 faces (24.7% area) of pressure-outlet 19.

 Reversed flow on 177 faces (34.6% area) of pressure-outlet 18.
   257  7.5139e-06  5.2508e-08  4.5600e-08  3.3755e-08  1:30:58 3243

 Reversed flow on 51 faces (24.7% area) of pressure-outlet 19.

 Reversed flow on 177 faces (34.6% area) of pressure-outlet 18.
   258  7.6919e-06  5.2260e-08  4.5881e-08  3.3648e-08  1:30:57 3242

 Reversed flow on 51 faces (24.7% area) of pressure-outlet 19.

 Reversed flow on 177 faces (34.6% area) of pressure-outlet 18.
   259  7.2461e-06  4.9235e-08  4.3486e-08  3.2291e-08  1:30:49 3241

 Reversed flow on 51 faces (24.7% area) of pressure-outlet 19.

 Reversed flow on 177 faces (34.6% area) of pressure-outlet 18.
   260  7.0615e-06  4.7563e-08  4.1737e-08  3.1329e-08  1:30:54 3240

 Reversed flow on 51 faces (24.7% area) of pressure-outlet 19.

 Reversed flow on 177 faces (34.6% area) of pressure-outlet 18.
   261  6.7880e-06  4.5685e-08  4.0234e-08  3.0265e-08  1:30:47 3239

 Reversed flow on 51 faces (24.7% area) of pressure-outlet 19.

 Reversed flow on 177 faces (34.6% area) of pressure-outlet 18.
   262  6.9610e-06  4.5743e-08  4.0621e-08  2.9998e-08  1:30:41 3238

 Reversed flow on 51 faces (24.7% area) of pressure-outlet 19.

 Reversed flow on 177 faces (34.6% area) of pressure-outlet 18.
   263  6.5086e-06  4.3011e-08  3.8371e-08  2.8535e-08  1:30:40 3237

 Reversed flow on 51 faces (24.7% area) of pressure-outlet 19.

 Reversed flow on 177 faces (34.6% area) of pressure-outlet 18.
   264  6.3423e-06  4.1711e-08  3.6872e-08  2.7574e-08  1:30:44 3236

 Reversed flow on 51 faces (24.7% area) of pressure-outlet 19.

 Reversed flow on 177 faces (34.6% area) of pressure-outlet 18.

  iter  continuity  x-velocity  y-velocity  z-velocity     time/iter
   265  6.0982e-06  4.0152e-08  3.5539e-08  2.6539e-08  1:30:41 3235

 Reversed flow on 51 faces (24.7% area) of pressure-outlet 19.

 Reversed flow on 177 faces (34.6% area) of pressure-outlet 18.
   266  6.3125e-06  4.0497e-08  3.6121e-08  2.6431e-08  1:30:37 3234

 Reversed flow on 51 faces (24.7% area) of pressure-outlet 19.

 Reversed flow on 177 faces (34.6% area) of pressure-outlet 18.
   267  5.9018e-06  3.8068e-08  3.4122e-08  2.5203e-08  1:30:46 3233

 Reversed flow on 51 faces (24.7% area) of pressure-outlet 19.

 Reversed flow on 177 faces (34.6% area) of pressure-outlet 18.
   268  5.7819e-06  3.7100e-08  3.2923e-08  2.4593e-08  1:34:40 3232

 Reversed flow on 51 faces (24.7% area) of pressure-outlet 19.

 Reversed flow on 177 faces (34.6% area) of pressure-outlet 18.
   269  5.5838e-06  3.5816e-08  3.1818e-08  2.3920e-08  1:33:49 3231

 Reversed flow on 51 faces (24.7% area) of pressure-outlet 19.

 Reversed flow on 177 faces (34.6% area) of pressure-outlet 18.
   270  5.8376e-06  3.6459e-08  3.2635e-08  2.4112e-08  1:33:13 3230

 Reversed flow on 51 faces (24.7% area) of pressure-outlet 19.

 Reversed flow on 177 faces (34.6% area) of pressure-outlet 18.
   271  5.4690e-06  3.4294e-08  3.0864e-08  2.3076e-08  1:32:38 3229

 Reversed flow on 51 faces (24.7% area) of pressure-outlet 19.

 Reversed flow on 177 faces (34.6% area) of pressure-outlet 18.
   272  5.3814e-06  3.3612e-08  2.9914e-08  2.2710e-08  1:32:10 3228

 Reversed flow on 51 faces (24.7% area) of pressure-outlet 19.

 Reversed flow on 177 faces (34.6% area) of pressure-outlet 18.
   273  5.2083e-06  3.2568e-08  2.8993e-08  2.2388e-08  1:31:48 3227

 Reversed flow on 51 faces (24.7% area) of pressure-outlet 19.

 Reversed flow on 177 faces (34.6% area) of pressure-outlet 18.
   274  5.4820e-06  3.3411e-08  3.0009e-08  2.2947e-08  1:31:29 3226

 Reversed flow on 51 faces (24.7% area) of pressure-outlet 19.

 Reversed flow on 177 faces (34.6% area) of pressure-outlet 18.
   275  5.1308e-06  3.1396e-08  2.8413e-08  2.2260e-08  1:31:13 3225

 Reversed flow on 51 faces (24.7% area) of pressure-outlet 19.

 Reversed flow on 177 faces (34.6% area) of pressure-outlet 18.

  iter  continuity  x-velocity  y-velocity  z-velocity     time/iter
   276  5.0698e-06  3.0901e-08  2.7672e-08  2.2093e-08  1:31:13 3224

 Reversed flow on 51 faces (24.7% area) of pressure-outlet 19.

 Reversed flow on 177 faces (34.6% area) of pressure-outlet 18.
   277  4.9252e-06  3.0018e-08  2.6895e-08  2.1683e-08  1:31:04 3223

 Reversed flow on 51 faces (24.7% area) of pressure-outlet 19.

 Reversed flow on 177 faces (34.6% area) of pressure-outlet 18.
   278  5.2193e-06  3.1024e-08  2.8049e-08  2.2139e-08  1:30:50 3222

 Reversed flow on 51 faces (24.7% area) of pressure-outlet 19.

 Reversed flow on 177 faces (34.6% area) of pressure-outlet 18.
   279  4.8707e-06  2.9125e-08  2.6541e-08  2.1270e-08  1:30:39 3221

 Reversed flow on 51 faces (24.7% area) of pressure-outlet 19.

 Reversed flow on 177 faces (34.6% area) of pressure-outlet 18.
   280  4.7950e-06  2.8729e-08  2.5881e-08  2.0823e-08  1:30:39 3220

 Reversed flow on 51 faces (24.7% area) of pressure-outlet 19.

 Reversed flow on 177 faces (34.6% area) of pressure-outlet 18.
   281  4.6297e-06  2.7873e-08  2.5107e-08  2.0144e-08  1:30:45 3219

 Reversed flow on 51 faces (24.7% area) of pressure-outlet 19.

 Reversed flow on 177 faces (34.6% area) of pressure-outlet 18.
   282  4.9014e-06  2.8891e-08  2.6267e-08  2.0329e-08  1:30:38 3218

 Reversed flow on 51 faces (24.7% area) of pressure-outlet 19.

 Reversed flow on 177 faces (34.6% area) of pressure-outlet 18.
   283  4.5348e-06  2.6964e-08  2.4730e-08  1.9225e-08  1:30:29 3217

 Reversed flow on 51 faces (24.7% area) of pressure-outlet 19.

 Reversed flow on 177 faces (34.6% area) of pressure-outlet 18.
   284  4.4519e-06  2.6578e-08  2.4070e-08  1.8669e-08  1:30:38 3216

 Reversed flow on 51 faces (24.7% area) of pressure-outlet 19.

 Reversed flow on 177 faces (34.6% area) of pressure-outlet 18.
   285  4.2801e-06  2.5699e-08  2.3286e-08  1.7893e-08  1:30:48 3215

 Reversed flow on 51 faces (24.7% area) of pressure-outlet 19.

 Reversed flow on 177 faces (34.6% area) of pressure-outlet 18.
   286  4.5543e-06  2.6742e-08  2.4483e-08  1.8109e-08  1:30:40 3214

 Reversed flow on 51 faces (24.7% area) of pressure-outlet 19.

 Reversed flow on 177 faces (34.6% area) of pressure-outlet 18.

  iter  continuity  x-velocity  y-velocity  z-velocity     time/iter
   287  4.2004e-06  2.4859e-08  2.2992e-08  1.7123e-08  1:30:28 3213

 Reversed flow on 51 faces (24.7% area) of pressure-outlet 19.

 Reversed flow on 177 faces (34.6% area) of pressure-outlet 18.
   288  4.1402e-06  2.4576e-08  2.2441e-08  1.6830e-08  1:30:17 3212

 Reversed flow on 51 faces (24.7% area) of pressure-outlet 19.

 Reversed flow on 177 faces (34.6% area) of pressure-outlet 18.
   289  3.9971e-06  2.3820e-08  2.1767e-08  1.6369e-08  1:30:16 3211

 Reversed flow on 51 faces (24.7% area) of pressure-outlet 19.

 Reversed flow on 177 faces (34.6% area) of pressure-outlet 18.
   290  4.3071e-06  2.5016e-08  2.3127e-08  1.6953e-08  1:30:25 3210

 Reversed flow on 51 faces (24.7% area) of pressure-outlet 19.

 Reversed flow on 177 faces (34.6% area) of pressure-outlet 18.
   291  3.9874e-06  2.3263e-08  2.1782e-08  1.6447e-08  1:30:18 3209

 Reversed flow on 51 faces (24.7% area) of pressure-outlet 19.

 Reversed flow on 177 faces (34.6% area) of pressure-outlet 18.
   292  3.9712e-06  2.3152e-08  2.1409e-08  1.6625e-08  1:30:09 3208

 Reversed flow on 51 faces (24.7% area) of pressure-outlet 19.

 Reversed flow on 177 faces (34.6% area) of pressure-outlet 18.
   293  3.8782e-06  2.2545e-08  2.0850e-08  1.6569e-08  1:30:05 3207

 Reversed flow on 51 faces (24.7% area) of pressure-outlet 19.

 Reversed flow on 177 faces (34.6% area) of pressure-outlet 18.
   294  4.2311e-06  2.3904e-08  2.2317e-08  1.7413e-08  1:30:01 3206

 Reversed flow on 51 faces (24.7% area) of pressure-outlet 19.

 Reversed flow on 177 faces (34.6% area) of pressure-outlet 18.
   295  3.9501e-06  2.2307e-08  2.1065e-08  1.6942e-08  1:30:00 3205

 Reversed flow on 51 faces (24.7% area) of pressure-outlet 19.

 Reversed flow on 177 faces (34.6% area) of pressure-outlet 18.
   296  3.9590e-06  2.2371e-08  2.0782e-08  1.7081e-08  1:29:59 3204

 Reversed flow on 51 faces (24.7% area) of pressure-outlet 19.

 Reversed flow on 177 faces (34.6% area) of pressure-outlet 18.
   297  3.8763e-06  2.1891e-08  2.0273e-08  1.6897e-08  1:29:53 3203

 Reversed flow on 51 faces (24.7% area) of pressure-outlet 19.

 Reversed flow on 177 faces (34.6% area) of pressure-outlet 18.

  iter  continuity  x-velocity  y-velocity  z-velocity     time/iter
   298  4.2326e-06  2.3353e-08  2.1814e-08  1.7595e-08  1:30:04 3202

 Reversed flow on 51 faces (24.7% area) of pressure-outlet 19.

 Reversed flow on 177 faces (34.6% area) of pressure-outlet 18.
   299  3.9396e-06  2.1849e-08  2.0610e-08  1.6913e-08  1:29:55 3201

 Reversed flow on 51 faces (24.7% area) of pressure-outlet 19.

 Reversed flow on 177 faces (34.6% area) of pressure-outlet 18.
   300  3.9287e-06  2.2004e-08  2.0366e-08  1.6790e-08  1:29:45 3200

 Reversed flow on 51 faces (24.7% area) of pressure-outlet 19.

 Reversed flow on 177 faces (34.6% area) of pressure-outlet 18.
   301  3.8220e-06  2.1553e-08  1.9852e-08  1.6343e-08  1:29:47 3199

 Reversed flow on 51 faces (24.7% area) of pressure-outlet 19.

 Reversed flow on 177 faces (34.6% area) of pressure-outlet 18.
   302  4.1566e-06  2.3026e-08  2.1386e-08  1.6814e-08  1:29:43 3198

 Reversed flow on 51 faces (24.7% area) of pressure-outlet 19.

 Reversed flow on 177 faces (34.6% area) of pressure-outlet 18.
   303  3.8464e-06  2.1516e-08  2.0158e-08  1.5974e-08  1:29:40 3197

 Reversed flow on 51 faces (24.7% area) of pressure-outlet 19.

 Reversed flow on 177 faces (34.6% area) of pressure-outlet 18.
   304  3.8219e-06  2.1660e-08  1.9872e-08  1.5806e-08  1:29:38 3196

 Reversed flow on 51 faces (24.7% area) of pressure-outlet 19.

 Reversed flow on 177 faces (34.6% area) of pressure-outlet 18.
   305  3.6990e-06  2.1155e-08  1.9264e-08  1.5409e-08  1:29:36 3195

 Reversed flow on 51 faces (24.7% area) of pressure-outlet 19.

 Reversed flow on 177 faces (34.6% area) of pressure-outlet 18.
   306  4.0212e-06  2.2576e-08  2.0745e-08  1.6003e-08  1:29:37 3194

 Reversed flow on 51 faces (24.7% area) of pressure-outlet 19.

 Reversed flow on 177 faces (34.6% area) of pressure-outlet 18.
   307  3.6983e-06  2.1003e-08  1.9454e-08  1.5248e-08  1:29:31 3193

 Reversed flow on 51 faces (24.7% area) of pressure-outlet 19.

 Reversed flow on 177 faces (34.6% area) of pressure-outlet 18.
   308  3.6765e-06  2.1135e-08  1.9196e-08  1.5176e-08  1:29:36 3192

 Reversed flow on 51 faces (24.7% area) of pressure-outlet 19.

 Reversed flow on 177 faces (34.6% area) of pressure-outlet 18.

  iter  continuity  x-velocity  y-velocity  z-velocity     time/iter
   309  3.5635e-06  2.0598e-08  1.8649e-08  1.4890e-08  1:29:30 3191

 Reversed flow on 51 faces (24.7% area) of pressure-outlet 19.

 Reversed flow on 177 faces (34.6% area) of pressure-outlet 18.
   310  3.9046e-06  2.2052e-08  2.0242e-08  1.5798e-08  1:29:31 3190

 Reversed flow on 51 faces (24.7% area) of pressure-outlet 19.

 Reversed flow on 177 faces (34.6% area) of pressure-outlet 18.
   311  3.6036e-06  2.0467e-08  1.9045e-08  1.5373e-08  1:29:31 3189

 Reversed flow on 51 faces (24.7% area) of pressure-outlet 19.

 Reversed flow on 177 faces (34.6% area) of pressure-outlet 18.
   312  3.6101e-06  2.0576e-08  1.8868e-08  1.5616e-08  1:29:24 3188

 Reversed flow on 51 faces (24.7% area) of pressure-outlet 19.

 Reversed flow on 177 faces (34.6% area) of pressure-outlet 18.
   313  3.5200e-06  2.0016e-08  1.8379e-08  1.5508e-08  1:30:58 3187

 Reversed flow on 51 faces (24.7% area) of pressure-outlet 19.

 Reversed flow on 177 faces (34.6% area) of pressure-outlet 18.
   314  3.8780e-06  2.1461e-08  2.0013e-08  1.6372e-08  1:30:36 3186

 Reversed flow on 51 faces (24.7% area) of pressure-outlet 19.

 Reversed flow on 177 faces (34.6% area) of pressure-outlet 18.
   315  3.5838e-06  1.9875e-08  1.8825e-08  1.5827e-08  1:30:20 3185

 Reversed flow on 51 faces (24.7% area) of pressure-outlet 19.

 Reversed flow on 177 faces (34.6% area) of pressure-outlet 18.
   316  3.5823e-06  1.9985e-08  1.8638e-08  1.5885e-08  1:30:02 3184

 Reversed flow on 51 faces (24.7% area) of pressure-outlet 19.

 Reversed flow on 177 faces (34.6% area) of pressure-outlet 18.
   317  3.4788e-06  1.9398e-08  1.8119e-08  1.5543e-08  1:29:49 3183

 Reversed flow on 51 faces (24.7% area) of pressure-outlet 19.

 Reversed flow on 177 faces (34.6% area) of pressure-outlet 18.
   318  3.8149e-06  2.0829e-08  1.9714e-08  1.6155e-08  1:29:48 3182

 Reversed flow on 51 faces (24.7% area) of pressure-outlet 19.

 Reversed flow on 177 faces (34.6% area) of pressure-outlet 18.
   319  3.5043e-06  1.9264e-08  1.8508e-08  1.5395e-08  1:29:39 3181

 Reversed flow on 51 faces (24.7% area) of pressure-outlet 19.

 Reversed flow on 177 faces (34.6% area) of pressure-outlet 18.

  iter  continuity  x-velocity  y-velocity  z-velocity     time/iter
   320  3.4809e-06  1.9372e-08  1.8277e-08  1.5260e-08  1:29:24 3180

 Reversed flow on 51 faces (24.7% area) of pressure-outlet 19.

 Reversed flow on 177 faces (34.6% area) of pressure-outlet 18.
   321  3.3554e-06  1.8774e-08  1.7710e-08  1.4725e-08  1:29:21 3179

 Reversed flow on 51 faces (24.7% area) of pressure-outlet 19.

 Reversed flow on 177 faces (34.6% area) of pressure-outlet 18.
   322  3.6640e-06  2.0171e-08  1.9123e-08  1.5222e-08  1:29:16 3178

 Reversed flow on 51 faces (24.7% area) of pressure-outlet 19.

 Reversed flow on 177 faces (34.6% area) of pressure-outlet 18.
   323  3.3294e-06  1.8570e-08  1.7683e-08  1.4442e-08  1:29:10 3177

 Reversed flow on 51 faces (24.7% area) of pressure-outlet 19.

 Reversed flow on 177 faces (34.6% area) of pressure-outlet 18.
   324  3.2937e-06  1.8626e-08  1.7279e-08  1.4323e-08  1:29:10 3176

 Reversed flow on 51 faces (24.7% area) of pressure-outlet 19.

 Reversed flow on 177 faces (34.6% area) of pressure-outlet 18.
   325  3.1648e-06  1.7963e-08  1.6578e-08  1.3892e-08  1:29:05 3175

 Reversed flow on 51 faces (24.7% area) of pressure-outlet 19.

 Reversed flow on 177 faces (34.6% area) of pressure-outlet 18.
   326  3.4868e-06  1.9327e-08  1.8015e-08  1.4520e-08  1:29:01 3174

 Reversed flow on 51 faces (24.7% area) of pressure-outlet 19.

 Reversed flow on 177 faces (34.6% area) of pressure-outlet 18.
   327  3.1757e-06  1.7757e-08  1.6718e-08  1.4002e-08  1:29:18 3173

 Reversed flow on 51 faces (24.7% area) of pressure-outlet 19.

 Reversed flow on 177 faces (34.6% area) of pressure-outlet 18.
   328  3.1676e-06  1.7877e-08  1.6448e-08  1.4320e-08  1:29:05 3172

 Reversed flow on 51 faces (24.7% area) of pressure-outlet 19.

 Reversed flow on 177 faces (34.6% area) of pressure-outlet 18.
   329  3.0706e-06  1.7279e-08  1.5867e-08  1.4347e-08  1:29:01 3171

 Reversed flow on 51 faces (24.7% area) of pressure-outlet 19.

 Reversed flow on 177 faces (34.6% area) of pressure-outlet 18.
   330  3.4360e-06  1.8740e-08  1.7440e-08  1.5405e-08  1:28:54 3170

 Reversed flow on 51 faces (24.7% area) of pressure-outlet 19.

 Reversed flow on 177 faces (34.6% area) of pressure-outlet 18.

  iter  continuity  x-velocity  y-velocity  z-velocity     time/iter
   331  3.1697e-06  1.7287e-08  1.6265e-08  1.5129e-08  1:28:55 3169

 Reversed flow on 51 faces (24.7% area) of pressure-outlet 19.

 Reversed flow on 177 faces (34.6% area) of pressure-outlet 18.
   332  3.1936e-06  1.7537e-08  1.6099e-08  1.5474e-08  1:28:44 3168

 Reversed flow on 51 faces (24.7% area) of pressure-outlet 19.

 Reversed flow on 177 faces (34.6% area) of pressure-outlet 18.
   333  3.1068e-06  1.7067e-08  1.5614e-08  1.5440e-08  1:29:14 3167

 Reversed flow on 51 faces (24.7% area) of pressure-outlet 19.

 Reversed flow on 177 faces (34.6% area) of pressure-outlet 18.
   334  3.4646e-06  1.8661e-08  1.7273e-08  1.6378e-08  1:29:20 3166

 Reversed flow on 51 faces (24.7% area) of pressure-outlet 19.

 Reversed flow on 177 faces (34.6% area) of pressure-outlet 18.
   335  3.1880e-06  1.7291e-08  1.6169e-08  1.5963e-08  1:29:11 3165

 Reversed flow on 51 faces (24.7% area) of pressure-outlet 19.

 Reversed flow on 177 faces (34.6% area) of pressure-outlet 18.
   336  3.1992e-06  1.7602e-08  1.6075e-08  1.6083e-08  1:29:18 3164

 Reversed flow on 51 faces (24.7% area) of pressure-outlet 19.

 Reversed flow on 177 faces (34.6% area) of pressure-outlet 18.
   337  3.0909e-06  1.7186e-08  1.5631e-08  1.5778e-08  1:29:08 3163

 Reversed flow on 51 faces (24.7% area) of pressure-outlet 19.

 Reversed flow on 177 faces (34.6% area) of pressure-outlet 18.
   338  3.4295e-06  1.8831e-08  1.7317e-08  1.6521e-08  1:29:13 3162

 Reversed flow on 51 faces (24.7% area) of pressure-outlet 19.

 Reversed flow on 177 faces (34.6% area) of pressure-outlet 18.
   339  3.1197e-06  1.7473e-08  1.6211e-08  1.5809e-08  1:29:22 3161

 Reversed flow on 51 faces (24.7% area) of pressure-outlet 19.

 Reversed flow on 177 faces (34.6% area) of pressure-outlet 18.
   340  3.1056e-06  1.7774e-08  1.6083e-08  1.5769e-08  1:29:41 3160

 Reversed flow on 51 faces (24.7% area) of pressure-outlet 19.

 Reversed flow on 177 faces (34.6% area) of pressure-outlet 18.
   341  2.9860e-06  1.7334e-08  1.5594e-08  1.5421e-08  1:29:34 3159

 Reversed flow on 51 faces (24.7% area) of pressure-outlet 19.

 Reversed flow on 177 faces (34.6% area) of pressure-outlet 18.

  iter  continuity  x-velocity  y-velocity  z-velocity     time/iter
   342  3.3223e-06  1.8950e-08  1.7256e-08  1.6244e-08  1:29:33 3158

 Reversed flow on 51 faces (24.7% area) of pressure-outlet 19.

 Reversed flow on 177 faces (34.6% area) of pressure-outlet 18.
   343  3.0213e-06  1.7563e-08  1.6117e-08  1.5791e-08  1:29:22 3157

 Reversed flow on 51 faces (24.7% area) of pressure-outlet 19.

 Reversed flow on 177 faces (34.6% area) of pressure-outlet 18.
   344  3.0207e-06  1.7868e-08  1.5987e-08  1.5978e-08  1:29:20 3156

 Reversed flow on 51 faces (24.7% area) of pressure-outlet 19.

 Reversed flow on 177 faces (34.6% area) of pressure-outlet 18.
   345  2.9284e-06  1.7491e-08  1.5551e-08  1.5849e-08  1:28:54 3155

 Reversed flow on 51 faces (24.7% area) of pressure-outlet 19.

 Reversed flow on 177 faces (34.6% area) of pressure-outlet 18.
   346  3.2961e-06  1.9231e-08  1.7308e-08  1.6884e-08  1:28:35 3154

 Reversed flow on 51 faces (24.7% area) of pressure-outlet 19.

 Reversed flow on 177 faces (34.6% area) of pressure-outlet 18.
   347  3.0303e-06  1.7989e-08  1.6302e-08  1.6826e-08  1:28:01 3153

 Reversed flow on 51 faces (24.7% area) of pressure-outlet 19.

 Reversed flow on 177 faces (34.6% area) of pressure-outlet 18.
   348  3.0762e-06  1.8463e-08  1.6337e-08  1.7499e-08  1:28:18 3152

 Reversed flow on 51 faces (24.7% area) of pressure-outlet 19.

 Reversed flow on 177 faces (34.6% area) of pressure-outlet 18.
   349  3.0363e-06  1.8274e-08  1.6084e-08  1.7850e-08  1:27:59 3151

 Reversed flow on 51 faces (24.7% area) of pressure-outlet 19.

 Reversed flow on 177 faces (34.6% area) of pressure-outlet 18.
   350  3.4557e-06  2.0221e-08  1.8052e-08  1.9255e-08  1:27:39 3150

 Reversed flow on 51 faces (24.7% area) of pressure-outlet 19.

 Reversed flow on 177 faces (34.6% area) of pressure-outlet 18.
   351  3.2357e-06  1.9187e-08  1.7228e-08  1.9323e-08  1:27:24 3149

 Reversed flow on 51 faces (24.7% area) of pressure-outlet 19.

 Reversed flow on 177 faces (34.6% area) of pressure-outlet 18.
   352  3.3157e-06  1.9875e-08  1.7419e-08  2.0024e-08  1:27:02 3148

 Reversed flow on 51 faces (24.7% area) of pressure-outlet 19.

 Reversed flow on 177 faces (34.6% area) of pressure-outlet 18.

  iter  continuity  x-velocity  y-velocity  z-velocity     time/iter
   353  3.2934e-06  1.9878e-08  1.7278e-08  2.0309e-08  1:27:08 3147

 Reversed flow on 51 faces (24.7% area) of pressure-outlet 19.

 Reversed flow on 177 faces (34.6% area) of pressure-outlet 18.
   354  3.7187e-06  2.1953e-08  1.9315e-08  2.1590e-08  1:26:55 3146

 Reversed flow on 51 faces (24.7% area) of pressure-outlet 19.

 Reversed flow on 177 faces (34.6% area) of pressure-outlet 18.
   355  3.4908e-06  2.1011e-08  1.8526e-08  2.1476e-08  1:27:06 3145

 Reversed flow on 51 faces (24.7% area) of pressure-outlet 19.

 Reversed flow on 177 faces (34.6% area) of pressure-outlet 18.
   356  3.5603e-06  2.1785e-08  1.8742e-08  2.1970e-08  1:27:34 3144

 Reversed flow on 51 faces (24.7% area) of pressure-outlet 19.

 Reversed flow on 177 faces (34.6% area) of pressure-outlet 18.
   357  3.5228e-06  2.1830e-08  1.8607e-08  2.2052e-08  1:27:38 3143

 Reversed flow on 51 faces (24.7% area) of pressure-outlet 19.

 Reversed flow on 177 faces (34.6% area) of pressure-outlet 18.
   358  3.9322e-06  2.3916e-08  2.0614e-08  2.3117e-08  1:27:21 3142

 Reversed flow on 51 faces (24.7% area) of pressure-outlet 19.

 Reversed flow on 177 faces (34.6% area) of pressure-outlet 18.
   359  3.6890e-06  2.2967e-08  1.9800e-08  2.2804e-08  1:26:56 3141

 Reversed flow on 51 faces (24.7% area) of pressure-outlet 19.

 Reversed flow on 177 faces (34.6% area) of pressure-outlet 18.
   360  3.7403e-06  2.3725e-08  2.0009e-08  2.3177e-08  1:26:38 3140

 Reversed flow on 51 faces (24.7% area) of pressure-outlet 19.

 Reversed flow on 177 faces (34.6% area) of pressure-outlet 18.
   361  3.6892e-06  2.3746e-08  1.9874e-08  2.3226e-08  1:26:30 3139

 Reversed flow on 51 faces (24.7% area) of pressure-outlet 19.

 Reversed flow on 177 faces (34.6% area) of pressure-outlet 18.
   362  4.0868e-06  2.5783e-08  2.1868e-08  2.4319e-08  1:26:53 3138

 Reversed flow on 51 faces (24.7% area) of pressure-outlet 19.

 Reversed flow on 177 faces (34.6% area) of pressure-outlet 18.
   363  3.8391e-06  2.4803e-08  2.1045e-08  2.4100e-08  1:27:16 3137

 Reversed flow on 51 faces (24.7% area) of pressure-outlet 19.

 Reversed flow on 177 faces (34.6% area) of pressure-outlet 18.

  iter  continuity  x-velocity  y-velocity  z-velocity     time/iter
   364  3.8897e-06  2.5554e-08  2.1282e-08  2.4624e-08  1:26:58 3136

 Reversed flow on 51 faces (24.7% area) of pressure-outlet 19.

 Reversed flow on 177 faces (34.6% area) of pressure-outlet 18.
   365  3.8398e-06  2.5570e-08  2.1209e-08  2.4930e-08  1:27:02 3135

 Reversed flow on 51 faces (24.7% area) of pressure-outlet 19.

 Reversed flow on 177 faces (34.6% area) of pressure-outlet 18.
   366  4.2440e-06  2.7596e-08  2.3266e-08  2.6309e-08  1:27:22 3134

 Reversed flow on 51 faces (24.7% area) of pressure-outlet 19.

 Reversed flow on 177 faces (34.6% area) of pressure-outlet 18.
   367  4.0140e-06  2.6606e-08  2.2508e-08  2.6356e-08  1:26:58 3133

 Reversed flow on 51 faces (24.7% area) of pressure-outlet 19.

 Reversed flow on 177 faces (34.6% area) of pressure-outlet 18.
   368  4.0849e-06  2.7371e-08  2.2807e-08  2.7090e-08  1:27:06 3132

 Reversed flow on 51 faces (24.7% area) of pressure-outlet 19.

 Reversed flow on 177 faces (34.6% area) of pressure-outlet 18.
   369  4.0551e-06  2.7397e-08  2.2799e-08  2.7412e-08  1:27:04 3131

 Reversed flow on 51 faces (24.7% area) of pressure-outlet 19.

 Reversed flow on 177 faces (34.6% area) of pressure-outlet 18.
   370  4.4698e-06  2.9434e-08  2.4909e-08  2.8695e-08  1:27:07 3130

 Reversed flow on 51 faces (24.7% area) of pressure-outlet 19.

 Reversed flow on 177 faces (34.6% area) of pressure-outlet 18.
   371  4.2407e-06  2.8446e-08  2.4187e-08  2.8577e-08  1:27:19 3129

 Reversed flow on 51 faces (24.7% area) of pressure-outlet 19.

 Reversed flow on 177 faces (34.6% area) of pressure-outlet 18.
   372  4.3082e-06  2.9188e-08  2.4503e-08  2.9094e-08  1:27:07 3128

 Reversed flow on 51 faces (24.7% area) of pressure-outlet 19.

 Reversed flow on 177 faces (34.6% area) of pressure-outlet 18.
   373  4.2661e-06  2.9186e-08  2.4501e-08  2.9176e-08  1:27:02 3127

 Reversed flow on 51 faces (24.7% area) of pressure-outlet 19.

 Reversed flow on 177 faces (34.6% area) of pressure-outlet 18.
   374  4.6609e-06  3.1204e-08  2.6581e-08  3.0129e-08  1:26:46 3126

 Reversed flow on 51 faces (24.7% area) of pressure-outlet 19.

 Reversed flow on 177 faces (34.6% area) of pressure-outlet 18.

  iter  continuity  x-velocity  y-velocity  z-velocity     time/iter
   375  4.4069e-06  3.0180e-08  2.5805e-08  2.9680e-08  1:26:22 3125

 Reversed flow on 51 faces (24.7% area) of pressure-outlet 19.

 Reversed flow on 177 faces (34.6% area) of pressure-outlet 18.
   376  4.4516e-06  3.0868e-08  2.6047e-08  2.9885e-08  1:26:08 3124

 Reversed flow on 51 faces (24.7% area) of pressure-outlet 19.

 Reversed flow on 177 faces (34.6% area) of pressure-outlet 18.
   377  4.3908e-06  3.0815e-08  2.5960e-08  2.9717e-08  1:25:56 3123

 Reversed flow on 51 faces (24.7% area) of pressure-outlet 19.

 Reversed flow on 177 faces (34.6% area) of pressure-outlet 18.
   378  4.7755e-06  3.2800e-08  2.7958e-08  3.0632e-08  1:25:42 3122

 Reversed flow on 51 faces (24.7% area) of pressure-outlet 19.

 Reversed flow on 177 faces (34.6% area) of pressure-outlet 18.
   379  4.5203e-06  3.1747e-08  2.7102e-08  3.0328e-08  1:25:44 3121

 Reversed flow on 51 faces (24.7% area) of pressure-outlet 19.

 Reversed flow on 177 faces (34.6% area) of pressure-outlet 18.
   380  4.5698e-06  3.2407e-08  2.7306e-08  3.0747e-08  1:25:38 3120

 Reversed flow on 51 faces (24.7% area) of pressure-outlet 19.

 Reversed flow on 177 faces (34.6% area) of pressure-outlet 18.
   381  4.5160e-06  3.2369e-08  2.7219e-08  3.0785e-08  1:25:36 3119

 Reversed flow on 51 faces (24.7% area) of pressure-outlet 19.

 Reversed flow on 177 faces (34.6% area) of pressure-outlet 18.
   382  4.9218e-06  3.4403e-08  2.9247e-08  3.1827e-08  1:25:24 3118

 Reversed flow on 51 faces (24.7% area) of pressure-outlet 19.

 Reversed flow on 177 faces (34.6% area) of pressure-outlet 18.
   383  4.6919e-06  3.3433e-08  2.8457e-08  3.1590e-08  1:25:48 3117

 Reversed flow on 51 faces (24.7% area) of pressure-outlet 19.

 Reversed flow on 177 faces (34.6% area) of pressure-outlet 18.
   384  4.7725e-06  3.4213e-08  2.8730e-08  3.2229e-08  1:25:45 3116

 Reversed flow on 51 faces (24.7% area) of pressure-outlet 19.

 Reversed flow on 177 faces (34.6% area) of pressure-outlet 18.
   385  4.7565e-06  3.4297e-08  2.8720e-08  3.2534e-08  1:25:30 3115

 Reversed flow on 51 faces (24.7% area) of pressure-outlet 19.

 Reversed flow on 177 faces (34.6% area) of pressure-outlet 18.

  iter  continuity  x-velocity  y-velocity  z-velocity     time/iter
   386  5.2022e-06  3.6431e-08  3.0821e-08  3.3942e-08  1:25:22 3114

 Reversed flow on 51 faces (24.7% area) of pressure-outlet 19.

 Reversed flow on 177 faces (34.6% area) of pressure-outlet 18.
   387  5.0137e-06  3.5613e-08  3.0110e-08  3.4216e-08  1:25:21 3113

 Reversed flow on 51 faces (24.7% area) of pressure-outlet 19.

 Reversed flow on 177 faces (34.6% area) of pressure-outlet 18.
   388  5.1212e-06  3.6482e-08  3.0418e-08  3.5148e-08  1:26:04 3112

 Reversed flow on 51 faces (24.7% area) of pressure-outlet 19.

 Reversed flow on 177 faces (34.6% area) of pressure-outlet 18.
   389  5.1170e-06  3.6647e-08  3.0421e-08  3.5807e-08  1:26:12 3111

 Reversed flow on 51 faces (24.7% area) of pressure-outlet 19.

 Reversed flow on 177 faces (34.6% area) of pressure-outlet 18.
   390  5.5662e-06  3.8822e-08  3.2485e-08  3.7562e-08  1:26:01 3110

 Reversed flow on 51 faces (24.7% area) of pressure-outlet 19.

 Reversed flow on 177 faces (34.6% area) of pressure-outlet 18.
   391  5.3822e-06  3.8043e-08  3.1733e-08  3.8107e-08  1:26:09 3109

 Reversed flow on 51 faces (24.7% area) of pressure-outlet 19.

 Reversed flow on 177 faces (34.6% area) of pressure-outlet 18.
   392  5.4855e-06  3.8906e-08  3.1985e-08  3.9304e-08  1:26:09 3108

 Reversed flow on 51 faces (24.7% area) of pressure-outlet 19.

 Reversed flow on 177 faces (34.6% area) of pressure-outlet 18.
   393  5.4861e-06  3.9067e-08  3.2027e-08  4.0100e-08  1:26:09 3107

 Reversed flow on 51 faces (24.7% area) of pressure-outlet 19.

 Reversed flow on 177 faces (34.6% area) of pressure-outlet 18.
   394  5.9439e-06  4.1435e-08  3.4275e-08  4.1997e-08  1:26:48 3106

 Reversed flow on 51 faces (24.7% area) of pressure-outlet 19.

 Reversed flow on 177 faces (34.6% area) of pressure-outlet 18.
   395  5.7832e-06  4.1141e-08  3.3914e-08  4.2694e-08  1:27:07 3105

 Reversed flow on 51 faces (24.7% area) of pressure-outlet 19.

 Reversed flow on 177 faces (34.6% area) of pressure-outlet 18.
   396  5.9203e-06  4.2601e-08  3.4666e-08  4.4136e-08  1:27:08 3104

 Reversed flow on 51 faces (24.7% area) of pressure-outlet 19.

 Reversed flow on 177 faces (34.6% area) of pressure-outlet 18.

  iter  continuity  x-velocity  y-velocity  z-velocity     time/iter
   397  5.9562e-06  4.3491e-08  3.5250e-08  4.5360e-08  1:27:07 3103

 Reversed flow on 51 faces (24.7% area) of pressure-outlet 19.

 Reversed flow on 177 faces (34.6% area) of pressure-outlet 18.
   398  6.4447e-06  4.6492e-08  3.7993e-08  4.7658e-08  1:27:09 3102

 Reversed flow on 51 faces (24.7% area) of pressure-outlet 19.

 Reversed flow on 177 faces (34.6% area) of pressure-outlet 18.
   399  6.3227e-06  4.6715e-08  3.8119e-08  4.8856e-08  1:27:13 3101

 Reversed flow on 51 faces (24.7% area) of pressure-outlet 19.

 Reversed flow on 177 faces (34.6% area) of pressure-outlet 18.
   400  6.5095e-06  4.8743e-08  3.9294e-08  5.0804e-08  1:27:21 3100

 Reversed flow on 51 faces (24.7% area) of pressure-outlet 19.

 Reversed flow on 177 faces (34.6% area) of pressure-outlet 18.
   401  6.5887e-06  5.0192e-08  4.0264e-08  5.1767e-08  1:27:38 3099

 Reversed flow on 51 faces (24.7% area) of pressure-outlet 19.

 Reversed flow on 177 faces (34.6% area) of pressure-outlet 18.
   402  7.0875e-06  5.3557e-08  4.3241e-08  5.3029e-08  1:27:29 3098

 Reversed flow on 51 faces (24.7% area) of pressure-outlet 19.

 Reversed flow on 177 faces (34.6% area) of pressure-outlet 18.
   403  6.9167e-06  5.3636e-08  4.3361e-08  5.2909e-08  1:27:27 3097

 Reversed flow on 51 faces (24.7% area) of pressure-outlet 19.

 Reversed flow on 177 faces (34.6% area) of pressure-outlet 18.
   404  7.0587e-06  5.5246e-08  4.4662e-08  5.3318e-08  1:27:20 3096

 Reversed flow on 51 faces (24.7% area) of pressure-outlet 19.

 Reversed flow on 177 faces (34.6% area) of pressure-outlet 18.
   405  7.0976e-06  5.6160e-08  4.5466e-08  5.3263e-08  1:27:29 3095

 Reversed flow on 51 faces (24.7% area) of pressure-outlet 19.

 Reversed flow on 177 faces (34.6% area) of pressure-outlet 18.
   406  7.5576e-06  5.8817e-08  4.8266e-08  5.3944e-08  1:27:22 3094

 Reversed flow on 51 faces (24.7% area) of pressure-outlet 19.

 Reversed flow on 177 faces (34.6% area) of pressure-outlet 18.
   407  7.3602e-06  5.8210e-08  4.8137e-08  5.3099e-08  1:27:47 3093

 Reversed flow on 51 faces (24.7% area) of pressure-outlet 19.

 Reversed flow on 177 faces (34.6% area) of pressure-outlet 18.

  iter  continuity  x-velocity  y-velocity  z-velocity     time/iter
   408  7.4249e-06  5.8805e-08  4.8569e-08  5.2556e-08  1:28:08 3092

 Reversed flow on 51 faces (24.7% area) of pressure-outlet 19.

 Reversed flow on 177 faces (34.6% area) of pressure-outlet 18.
   409  7.3643e-06  5.8271e-08  4.8291e-08  5.1366e-08  1:28:31 3091

 Reversed flow on 51 faces (24.7% area) of pressure-outlet 19.

 Reversed flow on 177 faces (34.6% area) of pressure-outlet 18.
   410  7.7019e-06  5.9346e-08  4.9814e-08  5.0944e-08  1:28:27 3090

 Reversed flow on 51 faces (24.7% area) of pressure-outlet 19.

 Reversed flow on 177 faces (34.6% area) of pressure-outlet 18.
   411  7.3702e-06  5.7389e-08  4.8464e-08  4.9145e-08  1:28:15 3089

 Reversed flow on 51 faces (24.7% area) of pressure-outlet 19.

 Reversed flow on 177 faces (34.6% area) of pressure-outlet 18.
   412  7.3028e-06  5.6796e-08  4.7807e-08  4.7795e-08  1:27:48 3088

 Reversed flow on 51 faces (24.7% area) of pressure-outlet 19.

 Reversed flow on 177 faces (34.6% area) of pressure-outlet 18.
   413  7.1115e-06  5.5368e-08  4.6691e-08  4.6111e-08  1:27:06 3087

 Reversed flow on 51 faces (24.7% area) of pressure-outlet 19.

 Reversed flow on 177 faces (34.6% area) of pressure-outlet 18.
   414  7.3453e-06  5.5742e-08  4.7474e-08  4.5311e-08  1:26:52 3086

 Reversed flow on 51 faces (24.7% area) of pressure-outlet 19.

 Reversed flow on 177 faces (34.6% area) of pressure-outlet 18.
   415  6.9355e-06  5.3304e-08  4.5532e-08  4.3348e-08  1:26:16 3085

 Reversed flow on 51 faces (24.7% area) of pressure-outlet 19.

 Reversed flow on 177 faces (34.6% area) of pressure-outlet 18.
   416  6.8146e-06  5.2364e-08  4.4372e-08  4.2003e-08  1:25:43 3084

 Reversed flow on 51 faces (24.7% area) of pressure-outlet 19.

 Reversed flow on 177 faces (34.6% area) of pressure-outlet 18.
   417  6.5821e-06  5.0692e-08  4.2940e-08  4.0438e-08  1:25:20 3083

 Reversed flow on 51 faces (24.7% area) of pressure-outlet 19.

 Reversed flow on 177 faces (34.6% area) of pressure-outlet 18.
   418  6.7794e-06  5.0876e-08  4.3432e-08  3.9816e-08  1:25:00 3082

 Reversed flow on 51 faces (24.7% area) of pressure-outlet 19.

 Reversed flow on 177 faces (34.6% area) of pressure-outlet 18.

  iter  continuity  x-velocity  y-velocity  z-velocity     time/iter
   419  6.3460e-06  4.8164e-08  4.1321e-08  3.7988e-08  1:24:48 3081

 Reversed flow on 51 faces (24.7% area) of pressure-outlet 19.

 Reversed flow on 177 faces (34.6% area) of pressure-outlet 18.
   420  6.1992e-06  4.6899e-08  3.9963e-08  3.6768e-08  1:24:32 3080

 Reversed flow on 51 faces (24.7% area) of pressure-outlet 19.

 Reversed flow on 177 faces (34.6% area) of pressure-outlet 18.
   421  5.9411e-06  4.4952e-08  3.8365e-08  3.5489e-08  1:24:20 3079

 Reversed flow on 51 faces (24.7% area) of pressure-outlet 19.

 Reversed flow on 177 faces (34.6% area) of pressure-outlet 18.
   422  6.1242e-06  4.4864e-08  3.8722e-08  3.5203e-08  1:24:09 3078

 Reversed flow on 51 faces (24.7% area) of pressure-outlet 19.

 Reversed flow on 177 faces (34.6% area) of pressure-outlet 18.
   423  5.6881e-06  4.1985e-08  3.6541e-08  3.3738e-08  1:24:02 3077

 Reversed flow on 51 faces (24.7% area) of pressure-outlet 19.

 Reversed flow on 177 faces (34.6% area) of pressure-outlet 18.
   424  5.5415e-06  4.0600e-08  3.5079e-08  3.2752e-08  1:23:54 3076

 Reversed flow on 51 faces (24.7% area) of pressure-outlet 19.

 Reversed flow on 177 faces (34.6% area) of pressure-outlet 18.
   425  5.2873e-06  3.8603e-08  3.3414e-08  3.1434e-08  1:23:46 3075

 Reversed flow on 51 faces (24.7% area) of pressure-outlet 19.

 Reversed flow on 177 faces (34.6% area) of pressure-outlet 18.
   426  5.4683e-06  3.8510e-08  3.3728e-08  3.1028e-08  1:23:40 3074

 Reversed flow on 51 faces (24.7% area) of pressure-outlet 19.

 Reversed flow on 177 faces (34.6% area) of pressure-outlet 18.
   427  5.0224e-06  3.5696e-08  3.1542e-08  2.9454e-08  1:28:15 3073

 Reversed flow on 51 faces (24.7% area) of pressure-outlet 19.

 Reversed flow on 177 faces (34.6% area) of pressure-outlet 18.
   428  4.8670e-06  3.4407e-08  3.0090e-08  2.8365e-08  1:28:19 3072

 Reversed flow on 51 faces (24.7% area) of pressure-outlet 19.

 Reversed flow on 177 faces (34.6% area) of pressure-outlet 18.
   429  4.5954e-06  3.2529e-08  2.8479e-08  2.6935e-08  1:27:26 3071

 Reversed flow on 51 faces (24.7% area) of pressure-outlet 19.

 Reversed flow on 177 faces (34.6% area) of pressure-outlet 18.

  iter  continuity  x-velocity  y-velocity  z-velocity     time/iter
   430  4.7641e-06  3.2565e-08  2.8857e-08  2.6416e-08  1:26:42 3070

 Reversed flow on 51 faces (24.7% area) of pressure-outlet 19.

 Reversed flow on 177 faces (34.6% area) of pressure-outlet 18.
   431  4.3147e-06  2.9910e-08  2.6755e-08  2.4765e-08  1:26:02 3069

 Reversed flow on 51 faces (24.7% area) of pressure-outlet 19.

 Reversed flow on 177 faces (34.6% area) of pressure-outlet 18.
   432  4.1623e-06  2.8826e-08  2.5423e-08  2.3635e-08  1:25:32 3068

 Reversed flow on 51 faces (24.7% area) of pressure-outlet 19.

 Reversed flow on 177 faces (34.6% area) of pressure-outlet 18.
   433  3.9007e-06  2.7153e-08  2.3938e-08  2.2192e-08  1:25:26 3067

 Reversed flow on 51 faces (24.7% area) of pressure-outlet 19.

 Reversed flow on 177 faces (34.6% area) of pressure-outlet 18.
   434  4.0848e-06  2.7410e-08  2.4463e-08  2.1728e-08  1:25:06 3066

 Reversed flow on 51 faces (24.7% area) of pressure-outlet 19.

 Reversed flow on 177 faces (34.6% area) of pressure-outlet 18.
   435  3.6553e-06  2.4955e-08  2.2510e-08  2.0225e-08  1:24:43 3065

 Reversed flow on 51 faces (24.7% area) of pressure-outlet 19.

 Reversed flow on 177 faces (34.6% area) of pressure-outlet 18.
   436  3.5314e-06  2.4094e-08  2.1370e-08  1.9336e-08  1:25:12 3064

 Reversed flow on 51 faces (24.7% area) of pressure-outlet 19.

 Reversed flow on 177 faces (34.6% area) of pressure-outlet 18.
   437  3.3061e-06  2.2651e-08  2.0075e-08  1.8221e-08  1:25:41 3063

 Reversed flow on 51 faces (24.7% area) of pressure-outlet 19.

 Reversed flow on 177 faces (34.6% area) of pressure-outlet 18.
   438  3.5305e-06  2.3177e-08  2.0829e-08  1.8152e-08  1:26:26 3062

 Reversed flow on 51 faces (24.7% area) of pressure-outlet 19.

 Reversed flow on 177 faces (34.6% area) of pressure-outlet 18.
   439  3.1413e-06  2.0977e-08  1.9091e-08  1.7113e-08  1:27:37 3061

 Reversed flow on 51 faces (24.7% area) of pressure-outlet 19.

 Reversed flow on 177 faces (34.6% area) of pressure-outlet 18.
   440  3.0609e-06  2.0393e-08  1.8214e-08  1.6786e-08  1:27:31 3060

 Reversed flow on 51 faces (24.7% area) of pressure-outlet 19.

 Reversed flow on 177 faces (34.6% area) of pressure-outlet 18.

  iter  continuity  x-velocity  y-velocity  z-velocity     time/iter
   441  2.8951e-06  1.9223e-08  1.7177e-08  1.6237e-08  1:27:28 3059

 Reversed flow on 51 faces (24.7% area) of pressure-outlet 19.

 Reversed flow on 177 faces (34.6% area) of pressure-outlet 18.
   442  3.1868e-06  2.0053e-08  1.8200e-08  1.6683e-08  1:27:24 3058

 Reversed flow on 51 faces (24.7% area) of pressure-outlet 19.

 Reversed flow on 177 faces (34.6% area) of pressure-outlet 18.
   443  2.8645e-06  1.8123e-08  1.6686e-08  1.5942e-08  1:28:02 3057

 Reversed flow on 51 faces (24.7% area) of pressure-outlet 19.

 Reversed flow on 177 faces (34.6% area) of pressure-outlet 18.
   444  2.8475e-06  1.7811e-08  1.6049e-08  1.5776e-08  1:27:57 3056

 Reversed flow on 51 faces (24.7% area) of pressure-outlet 19.

 Reversed flow on 177 faces (34.6% area) of pressure-outlet 18.
   445  2.7243e-06  1.6908e-08  1.5223e-08  1.5299e-08  1:28:30 3055

 Reversed flow on 51 faces (24.7% area) of pressure-outlet 19.

 Reversed flow on 177 faces (34.6% area) of pressure-outlet 18.
   446  3.0476e-06  1.7998e-08  1.6444e-08  1.5768e-08  1:28:28 3054

 Reversed flow on 51 faces (24.7% area) of pressure-outlet 19.

 Reversed flow on 177 faces (34.6% area) of pressure-outlet 18.
   447  2.7365e-06  1.6262e-08  1.5064e-08  1.4965e-08  1:28:30 3053

 Reversed flow on 51 faces (24.7% area) of pressure-outlet 19.

 Reversed flow on 177 faces (34.6% area) of pressure-outlet 18.
   448  2.7116e-06  1.6116e-08  1.4547e-08  1.4657e-08  1:28:18 3052

 Reversed flow on 51 faces (24.7% area) of pressure-outlet 19.

 Reversed flow on 177 faces (34.6% area) of pressure-outlet 18.
   449  2.5786e-06  1.5340e-08  1.3787e-08  1.3961e-08  1:28:08 3051

 Reversed flow on 51 faces (24.7% area) of pressure-outlet 19.

 Reversed flow on 177 faces (34.6% area) of pressure-outlet 18.
   450  2.8857e-06  1.6541e-08  1.5050e-08  1.4224e-08  1:28:03 3050

 Reversed flow on 51 faces (24.7% area) of pressure-outlet 19.

 Reversed flow on 177 faces (34.6% area) of pressure-outlet 18.
   451  2.5480e-06  1.4868e-08  1.3656e-08  1.3223e-08  1:28:31 3049

 Reversed flow on 51 faces (24.7% area) of pressure-outlet 19.

 Reversed flow on 177 faces (34.6% area) of pressure-outlet 18.

  iter  continuity  x-velocity  y-velocity  z-velocity     time/iter
   452  2.4966e-06  1.4748e-08  1.3145e-08  1.2803e-08  1:28:08 3048

 Reversed flow on 51 faces (24.7% area) of pressure-outlet 19.

 Reversed flow on 177 faces (34.6% area) of pressure-outlet 18.
   453  2.3406e-06  1.3949e-08  1.2366e-08  1.2127e-08  1:27:46 3047

 Reversed flow on 51 faces (24.7% area) of pressure-outlet 19.

 Reversed flow on 177 faces (34.6% area) of pressure-outlet 18.
   454  2.6405e-06  1.5154e-08  1.3659e-08  1.2508e-08  1:27:19 3046

 Reversed flow on 51 faces (24.7% area) of pressure-outlet 19.

 Reversed flow on 177 faces (34.6% area) of pressure-outlet 18.
   455  2.3016e-06  1.3475e-08  1.2297e-08  1.1598e-08  1:27:29 3045

 Reversed flow on 51 faces (24.7% area) of pressure-outlet 19.

 Reversed flow on 177 faces (34.6% area) of pressure-outlet 18.
   456  2.2599e-06  1.3370e-08  1.1845e-08  1.1332e-08  1:27:00 3044

 Reversed flow on 51 faces (24.7% area) of pressure-outlet 19.

 Reversed flow on 177 faces (34.6% area) of pressure-outlet 18.
   457  2.1070e-06  1.2558e-08  1.1105e-08  1.0695e-08  1:26:21 3043

 Reversed flow on 51 faces (24.7% area) of pressure-outlet 19.

 Reversed flow on 177 faces (34.6% area) of pressure-outlet 18.
   458  2.4025e-06  1.3769e-08  1.2457e-08  1.1219e-08  1:25:39 3042

 Reversed flow on 51 faces (24.7% area) of pressure-outlet 19.

 Reversed flow on 177 faces (34.6% area) of pressure-outlet 18.
   459  2.0720e-06  1.2089e-08  1.1139e-08  1.0589e-08  1:25:15 3041

 Reversed flow on 51 faces (24.7% area) of pressure-outlet 19.

 Reversed flow on 177 faces (34.6% area) of pressure-outlet 18.
   460  2.0508e-06  1.1975e-08  1.0747e-08  1.0602e-08  1:24:54 3040

 Reversed flow on 51 faces (24.7% area) of pressure-outlet 19.

 Reversed flow on 177 faces (34.6% area) of pressure-outlet 18.
   461  1.9252e-06  1.1124e-08  1.0029e-08  1.0237e-08  1:24:46 3039

 Reversed flow on 51 faces (24.7% area) of pressure-outlet 19.

 Reversed flow on 177 faces (34.6% area) of pressure-outlet 18.
   462  2.2471e-06  1.2343e-08  1.1422e-08  1.0872e-08  1:24:36 3038

 Reversed flow on 51 faces (24.7% area) of pressure-outlet 19.

 Reversed flow on 177 faces (34.6% area) of pressure-outlet 18.

  iter  continuity  x-velocity  y-velocity  z-velocity     time/iter
   463  1.9355e-06  1.0695e-08  1.0143e-08  1.0223e-08  1:24:46 3037

 Reversed flow on 51 faces (24.7% area) of pressure-outlet 19.

 Reversed flow on 177 faces (34.6% area) of pressure-outlet 18.
   464  1.9294e-06  1.0678e-08  9.8104e-09  1.0164e-08  1:24:45 3036

 Reversed flow on 51 faces (24.7% area) of pressure-outlet 19.

 Reversed flow on 177 faces (34.6% area) of pressure-outlet 18.
   465  1.8143e-06  9.8956e-09  9.1258e-09  9.6841e-09  1:24:45 3035

 Reversed flow on 51 faces (24.7% area) of pressure-outlet 19.

 Reversed flow on 177 faces (34.6% area) of pressure-outlet 18.
   466  2.1407e-06  1.1196e-08  1.0571e-08  1.0206e-08  1:24:28 3034

 Reversed flow on 51 faces (24.7% area) of pressure-outlet 19.

 Reversed flow on 177 faces (34.6% area) of pressure-outlet 18.
   467  1.8237e-06  9.6313e-09  9.3305e-09  9.4230e-09  1:24:31 3033

 Reversed flow on 51 faces (24.7% area) of pressure-outlet 19.

 Reversed flow on 177 faces (34.6% area) of pressure-outlet 18.
   468  1.8136e-06  9.7284e-09  9.0834e-09  9.2723e-09  1:24:23 3032

 Reversed flow on 51 faces (24.7% area) of pressure-outlet 19.

 Reversed flow on 177 faces (34.6% area) of pressure-outlet 18.
   469  1.6977e-06  9.0379e-09  8.4383e-09  8.6816e-09  1:24:19 3031

 Reversed flow on 51 faces (24.7% area) of pressure-outlet 19.

 Reversed flow on 177 faces (34.6% area) of pressure-outlet 18.
   470  2.0219e-06  1.0417e-08  9.9061e-09  9.1109e-09  1:24:16 3030

 Reversed flow on 51 faces (24.7% area) of pressure-outlet 19.

 Reversed flow on 177 faces (34.6% area) of pressure-outlet 18.
   471  1.7014e-06  8.8876e-09  8.6696e-09  8.2673e-09  1:24:10 3029

 Reversed flow on 51 faces (24.7% area) of pressure-outlet 19.

 Reversed flow on 177 faces (34.6% area) of pressure-outlet 18.
   472  1.6917e-06  9.0486e-09  8.4557e-09  8.1784e-09  1:24:07 3028

 Reversed flow on 51 faces (24.7% area) of pressure-outlet 19.

 Reversed flow on 177 faces (34.6% area) of pressure-outlet 18.
   473  1.5801e-06  8.4031e-09  7.8242e-09  7.7078e-09  1:24:14 3027

 Reversed flow on 51 faces (24.7% area) of pressure-outlet 19.

 Reversed flow on 177 faces (34.6% area) of pressure-outlet 18.

  iter  continuity  x-velocity  y-velocity  z-velocity     time/iter
   474  1.9135e-06  9.8241e-09  9.3157e-09  8.3023e-09  1:24:23 3026

 Reversed flow on 51 faces (24.7% area) of pressure-outlet 19.

 Reversed flow on 177 faces (34.6% area) of pressure-outlet 18.
   475  1.6018e-06  8.3248e-09  8.0999e-09  7.6446e-09  1:24:18 3025

 Reversed flow on 51 faces (24.7% area) of pressure-outlet 19.

 Reversed flow on 177 faces (34.6% area) of pressure-outlet 18.
   476  1.6064e-06  8.5647e-09  7.9451e-09  7.8440e-09  1:24:17 3024

 Reversed flow on 51 faces (24.7% area) of pressure-outlet 19.

 Reversed flow on 177 faces (34.6% area) of pressure-outlet 18.
   477  1.5114e-06  8.0064e-09  7.3707e-09  7.7322e-09  1:24:01 3023

 Reversed flow on 51 faces (24.7% area) of pressure-outlet 19.

 Reversed flow on 177 faces (34.6% area) of pressure-outlet 18.
   478  1.8709e-06  9.4870e-09  8.9433e-09  8.6444e-09  1:23:47 3022

 Reversed flow on 51 faces (24.7% area) of pressure-outlet 19.

 Reversed flow on 177 faces (34.6% area) of pressure-outlet 18.
   479  1.5850e-06  8.0299e-09  7.7829e-09  8.2335e-09  1:23:55 3021

 Reversed flow on 51 faces (24.7% area) of pressure-outlet 19.

 Reversed flow on 177 faces (34.6% area) of pressure-outlet 18.
   480  1.6150e-06  8.3495e-09  7.6929e-09  8.4878e-09  1:23:54 3020

 Reversed flow on 51 faces (24.7% area) of pressure-outlet 19.

 Reversed flow on 177 faces (34.6% area) of pressure-outlet 18.
   481  1.5406e-06  7.8505e-09  7.1655e-09  8.2846e-09  1:23:31 3019

 Reversed flow on 51 faces (24.7% area) of pressure-outlet 19.

 Reversed flow on 177 faces (34.6% area) of pressure-outlet 18.
   482  1.9059e-06  9.3786e-09  8.7825e-09  9.0531e-09  1:23:22 3018

 Reversed flow on 51 faces (24.7% area) of pressure-outlet 19.

 Reversed flow on 177 faces (34.6% area) of pressure-outlet 18.
   483  1.6134e-06  7.9194e-09  7.6144e-09  8.4326e-09  1:23:12 3017

 Reversed flow on 51 faces (24.7% area) of pressure-outlet 19.

 Reversed flow on 177 faces (34.6% area) of pressure-outlet 18.
   484  1.6276e-06  8.2293e-09  7.5336e-09  8.4609e-09  1:23:10 3016

 Reversed flow on 51 faces (24.7% area) of pressure-outlet 19.

 Reversed flow on 177 faces (34.6% area) of pressure-outlet 18.

  iter  continuity  x-velocity  y-velocity  z-velocity     time/iter
   485  1.5255e-06  7.7030e-09  6.9864e-09  7.9949e-09  1:22:52 3015

 Reversed flow on 51 faces (24.7% area) of pressure-outlet 19.

 Reversed flow on 177 faces (34.6% area) of pressure-outlet 18.
   486  1.8591e-06  9.1975e-09  8.5798e-09  8.5009e-09  1:22:35 3014

 Reversed flow on 51 faces (24.7% area) of pressure-outlet 19.

 Reversed flow on 177 faces (34.6% area) of pressure-outlet 18.
   487  1.5354e-06  7.6652e-09  7.3410e-09  7.6389e-09  1:22:36 3013

 Reversed flow on 51 faces (24.7% area) of pressure-outlet 19.

 Reversed flow on 177 faces (34.6% area) of pressure-outlet 18.
   488  1.5207e-06  7.9104e-09  7.1927e-09  7.4664e-09  1:22:34 3012

 Reversed flow on 51 faces (24.7% area) of pressure-outlet 19.

 Reversed flow on 177 faces (34.6% area) of pressure-outlet 18.
   489  1.3976e-06  7.3046e-09  6.5784e-09  6.8644e-09  1:22:25 3011

 Reversed flow on 51 faces (24.7% area) of pressure-outlet 19.

 Reversed flow on 177 faces (34.6% area) of pressure-outlet 18.
   490  1.7266e-06  8.7179e-09  8.1212e-09  7.3762e-09  1:22:11 3010

 Reversed flow on 51 faces (24.7% area) of pressure-outlet 19.

 Reversed flow on 177 faces (34.6% area) of pressure-outlet 18.
   491  1.4029e-06  7.0889e-09  6.8216e-09  6.6132e-09  1:22:02 3009

 Reversed flow on 51 faces (24.7% area) of pressure-outlet 19.

 Reversed flow on 177 faces (34.6% area) of pressure-outlet 18.
   492  1.3904e-06  7.2681e-09  6.6547e-09  6.5648e-09  1:21:53 3008

 Reversed flow on 51 faces (24.7% area) of pressure-outlet 19.

 Reversed flow on 177 faces (34.6% area) of pressure-outlet 18.
   493  1.2775e-06  6.6296e-09  6.0350e-09  6.0946e-09  1:22:10 3007

 Reversed flow on 51 faces (24.7% area) of pressure-outlet 19.

 Reversed flow on 177 faces (34.6% area) of pressure-outlet 18.
   494  1.6191e-06  8.0549e-09  7.6161e-09  6.7190e-09  1:22:02 3006

 Reversed flow on 51 faces (24.7% area) of pressure-outlet 19.

 Reversed flow on 177 faces (34.6% area) of pressure-outlet 18.
   495  1.3079e-06  6.4392e-09  6.3453e-09  6.1599e-09  1:21:54 3005

 Reversed flow on 51 faces (24.7% area) of pressure-outlet 19.

 Reversed flow on 177 faces (34.6% area) of pressure-outlet 18.

  iter  continuity  x-velocity  y-velocity  z-velocity     time/iter
   496  1.3184e-06  6.6613e-09  6.2402e-09  6.4400e-09  1:21:43 3004

 Reversed flow on 51 faces (24.7% area) of pressure-outlet 19.

 Reversed flow on 177 faces (34.6% area) of pressure-outlet 18.
   497  1.2308e-06  6.0630e-09  5.6895e-09  6.3038e-09  1:21:39 3003

 Reversed flow on 51 faces (24.7% area) of pressure-outlet 19.

 Reversed flow on 177 faces (34.6% area) of pressure-outlet 18.
   498  1.6028e-06  7.5716e-09  7.3603e-09  7.2625e-09  1:21:36 3002

 Reversed flow on 51 faces (24.7% area) of pressure-outlet 19.

 Reversed flow on 177 faces (34.6% area) of pressure-outlet 18.
   499  1.3208e-06  6.0443e-09  6.1694e-09  6.8073e-09  1:21:38 3001

 Reversed flow on 51 faces (24.7% area) of pressure-outlet 19.

 Reversed flow on 177 faces (34.6% area) of pressure-outlet 18.
   500  1.3559e-06  6.3608e-09  6.1374e-09  7.1077e-09  1:21:33 3000

 Reversed flow on 51 faces (24.7% area) of pressure-outlet 19.

 Reversed flow on 177 faces (34.6% area) of pressure-outlet 18.
   501  1.2840e-06  5.8487e-09  5.6351e-09  6.9238e-09  1:21:32 2999

 Reversed flow on 51 faces (24.7% area) of pressure-outlet 19.

 Reversed flow on 177 faces (34.6% area) of pressure-outlet 18.
   502  1.6695e-06  7.4711e-09  7.3657e-09  7.8057e-09  1:21:27 2998

 Reversed flow on 51 faces (24.7% area) of pressure-outlet 19.

 Reversed flow on 177 faces (34.6% area) of pressure-outlet 18.
   503  1.3974e-06  6.0235e-09  6.2005e-09  7.2468e-09  1:21:20 2997

 Reversed flow on 51 faces (24.7% area) of pressure-outlet 19.

 Reversed flow on 177 faces (34.6% area) of pressure-outlet 18.
   504  1.4335e-06  6.4302e-09  6.2028e-09  7.3907e-09  1:21:18 2996

 Reversed flow on 51 faces (24.7% area) of pressure-outlet 19.

 Reversed flow on 177 faces (34.6% area) of pressure-outlet 18.
   505  1.3534e-06  5.9898e-09  5.7234e-09  7.0461e-09  1:21:17 2995

 Reversed flow on 51 faces (24.7% area) of pressure-outlet 19.

 Reversed flow on 177 faces (34.6% area) of pressure-outlet 18.
   506  1.7286e-06  7.6841e-09  7.4669e-09  7.7699e-09  1:21:17 2994

 Reversed flow on 51 faces (24.7% area) of pressure-outlet 19.

 Reversed flow on 177 faces (34.6% area) of pressure-outlet 18.

  iter  continuity  x-velocity  y-velocity  z-velocity     time/iter
   507  1.4422e-06  6.2789e-09  6.2817e-09  7.0337e-09  1:21:14 2993

 Reversed flow on 51 faces (24.7% area) of pressure-outlet 19.

 Reversed flow on 177 faces (34.6% area) of pressure-outlet 18.
   508  1.4679e-06  6.7015e-09  6.2669e-09  7.0191e-09  1:21:15 2992

 Reversed flow on 51 faces (24.7% area) of pressure-outlet 19.

 Reversed flow on 177 faces (34.6% area) of pressure-outlet 18.
   509  1.3761e-06  6.2495e-09  5.7481e-09  6.5770e-09  1:21:12 2991

 Reversed flow on 51 faces (24.7% area) of pressure-outlet 19.

 Reversed flow on 177 faces (34.6% area) of pressure-outlet 18.
   510  1.7350e-06  7.9290e-09  7.4669e-09  7.2896e-09  1:21:07 2990

 Reversed flow on 51 faces (24.7% area) of pressure-outlet 19.

 Reversed flow on 177 faces (34.6% area) of pressure-outlet 18.
   511  1.4310e-06  6.5065e-09  6.2626e-09  6.6207e-09  1:21:07 2989

 Reversed flow on 51 faces (24.7% area) of pressure-outlet 19.

 Reversed flow on 177 faces (34.6% area) of pressure-outlet 18.
   512  1.4405e-06  6.8878e-09  6.2356e-09  6.7254e-09  1:21:04 2988

 Reversed flow on 51 faces (24.7% area) of pressure-outlet 19.

 Reversed flow on 177 faces (34.6% area) of pressure-outlet 18.
   513  1.3405e-06  6.4018e-09  5.7243e-09  6.4993e-09  1:21:03 2987

 Reversed flow on 51 faces (24.7% area) of pressure-outlet 19.

 Reversed flow on 177 faces (34.6% area) of pressure-outlet 18.
   514  1.7010e-06  8.0508e-09  7.4673e-09  7.4491e-09  1:20:58 2986

 Reversed flow on 51 faces (24.7% area) of pressure-outlet 19.

 Reversed flow on 177 faces (34.6% area) of pressure-outlet 18.
   515  1.4112e-06  6.6038e-09  6.3098e-09  7.0528e-09  1:21:00 2985

 Reversed flow on 51 faces (24.7% area) of pressure-outlet 19.

 Reversed flow on 177 faces (34.6% area) of pressure-outlet 18.
   516  1.4387e-06  6.9948e-09  6.3400e-09  7.3987e-09  1:20:58 2984

 Reversed flow on 51 faces (24.7% area) of pressure-outlet 19.

 Reversed flow on 177 faces (34.6% area) of pressure-outlet 18.
   517  1.3448e-06  6.4873e-09  5.8455e-09  7.1166e-09  1:20:55 2983

 Reversed flow on 51 faces (24.7% area) of pressure-outlet 19.

 Reversed flow on 177 faces (34.6% area) of pressure-outlet 18.

  iter  continuity  x-velocity  y-velocity  z-velocity     time/iter
   518  1.7130e-06  8.0816e-09  7.5728e-09  7.9203e-09  1:20:54 2982

 Reversed flow on 51 faces (24.7% area) of pressure-outlet 19.

 Reversed flow on 177 faces (34.6% area) of pressure-outlet 18.
   519  1.4165e-06  6.5634e-09  6.3696e-09  7.3049e-09  1:20:50 2981

 Reversed flow on 51 faces (24.7% area) of pressure-outlet 19.

 Reversed flow on 177 faces (34.6% area) of pressure-outlet 18.
   520  1.4336e-06  6.8726e-09  6.3379e-09  7.4190e-09  1:20:49 2980

 Reversed flow on 51 faces (24.7% area) of pressure-outlet 19.

 Reversed flow on 177 faces (34.6% area) of pressure-outlet 18.
   521  1.3298e-06  6.2823e-09  5.7877e-09  6.9843e-09  1:20:47 2979

 Reversed flow on 51 faces (24.7% area) of pressure-outlet 19.

 Reversed flow on 177 faces (34.6% area) of pressure-outlet 18.
   522  1.6775e-06  7.8047e-09  7.4595e-09  7.5799e-09  1:20:48 2978

 Reversed flow on 51 faces (24.7% area) of pressure-outlet 19.

 Reversed flow on 177 faces (34.6% area) of pressure-outlet 18.
   523  1.3537e-06  6.2057e-09  6.1804e-09  6.7008e-09  1:20:44 2977

 Reversed flow on 51 faces (24.7% area) of pressure-outlet 19.

 Reversed flow on 177 faces (34.6% area) of pressure-outlet 18.
   524  1.3495e-06  6.4896e-09  6.0906e-09  6.6120e-09  1:20:39 2976

 Reversed flow on 51 faces (24.7% area) of pressure-outlet 19.

 Reversed flow on 177 faces (34.6% area) of pressure-outlet 18.
   525  1.2360e-06  5.9008e-09  5.5102e-09  6.0452e-09  1:20:36 2975

 Reversed flow on 51 faces (24.7% area) of pressure-outlet 19.

 Reversed flow on 177 faces (34.6% area) of pressure-outlet 18.
   526  1.5830e-06  7.4355e-09  7.1660e-09  6.5988e-09  1:20:32 2974

 Reversed flow on 51 faces (24.7% area) of pressure-outlet 19.

 Reversed flow on 177 faces (34.6% area) of pressure-outlet 18.
   527  1.2613e-06  5.8110e-09  5.8656e-09  5.7813e-09  1:20:31 2973

 Reversed flow on 51 faces (24.7% area) of pressure-outlet 19.

 Reversed flow on 177 faces (34.6% area) of pressure-outlet 18.
   528  1.2651e-06  6.1076e-09  5.7980e-09  5.8700e-09  1:20:32 2972

 Reversed flow on 51 faces (24.7% area) of pressure-outlet 19.

 Reversed flow on 177 faces (34.6% area) of pressure-outlet 18.

  iter  continuity  x-velocity  y-velocity  z-velocity     time/iter
   529  1.1649e-06  5.5683e-09  5.2600e-09  5.5054e-09  1:20:30 2971

 Reversed flow on 51 faces (24.7% area) of pressure-outlet 19.

 Reversed flow on 177 faces (34.6% area) of pressure-outlet 18.
   530  1.5343e-06  7.1725e-09  6.9633e-09  6.2608e-09  1:20:30 2970

 Reversed flow on 51 faces (24.7% area) of pressure-outlet 19.

 Reversed flow on 177 faces (34.6% area) of pressure-outlet 18.
   531  1.2308e-06  5.5967e-09  5.7025e-09  5.5861e-09  1:20:30 2969

 Reversed flow on 51 faces (24.7% area) of pressure-outlet 19.

 Reversed flow on 177 faces (34.6% area) of pressure-outlet 18.
   532  1.2478e-06  5.9740e-09  5.6964e-09  5.9265e-09  1:20:28 2968

 Reversed flow on 51 faces (24.7% area) of pressure-outlet 19.

 Reversed flow on 177 faces (34.6% area) of pressure-outlet 18.
   533  1.1718e-06  5.5261e-09  5.2294e-09  5.9191e-09  1:20:24 2967

 Reversed flow on 51 faces (24.7% area) of pressure-outlet 19.

 Reversed flow on 177 faces (34.6% area) of pressure-outlet 18.
   534  1.5699e-06  7.2016e-09  7.0007e-09  7.0052e-09  1:20:24 2966

 Reversed flow on 51 faces (24.7% area) of pressure-outlet 19.

 Reversed flow on 177 faces (34.6% area) of pressure-outlet 18.
   535  1.2951e-06  5.7039e-09  5.8036e-09  6.6140e-09  1:20:26 2965

 Reversed flow on 51 faces (24.7% area) of pressure-outlet 19.

 Reversed flow on 177 faces (34.6% area) of pressure-outlet 18.
   536  1.3375e-06  6.1742e-09  5.8728e-09  7.0208e-09  1:21:53 2964

 Reversed flow on 51 faces (24.7% area) of pressure-outlet 19.

 Reversed flow on 177 faces (34.6% area) of pressure-outlet 18.
   537  1.2773e-06  5.7977e-09  5.4451e-09  6.9170e-09  1:21:31 2963

 Reversed flow on 51 faces (24.7% area) of pressure-outlet 19.

 Reversed flow on 177 faces (34.6% area) of pressure-outlet 18.
   538  1.6742e-06  7.5262e-09  7.2215e-09  7.8321e-09  1:21:21 2962

 Reversed flow on 51 faces (24.7% area) of pressure-outlet 19.

 Reversed flow on 177 faces (34.6% area) of pressure-outlet 18.
   539  1.3893e-06  6.0645e-09  6.0226e-09  7.2193e-09  1:21:07 2961

 Reversed flow on 51 faces (24.7% area) of pressure-outlet 19.

 Reversed flow on 177 faces (34.6% area) of pressure-outlet 18.

  iter  continuity  x-velocity  y-velocity  z-velocity     time/iter
   540  1.4132e-06  6.5366e-09  6.0802e-09  7.3740e-09  1:20:57 2960

 Reversed flow on 51 faces (24.7% area) of pressure-outlet 19.

 Reversed flow on 177 faces (34.6% area) of pressure-outlet 18.
   541  1.3245e-06  6.1321e-09  5.6076e-09  6.9764e-09  1:20:47 2959

 Reversed flow on 51 faces (24.7% area) of pressure-outlet 19.

 Reversed flow on 177 faces (34.6% area) of pressure-outlet 18.
   542  1.6888e-06  7.7943e-09  7.3201e-09  7.6126e-09  1:20:36 2958

 Reversed flow on 51 faces (24.7% area) of pressure-outlet 19.

 Reversed flow on 177 faces (34.6% area) of pressure-outlet 18.
   543  1.3739e-06  6.2754e-09  6.0591e-09  6.7414e-09  1:20:28 2957

 Reversed flow on 51 faces (24.7% area) of pressure-outlet 19.

 Reversed flow on 177 faces (34.6% area) of pressure-outlet 18.
   544  1.3715e-06  6.6868e-09  6.0541e-09  6.6671e-09  1:20:25 2956

 Reversed flow on 51 faces (24.7% area) of pressure-outlet 19.

 Reversed flow on 177 faces (34.6% area) of pressure-outlet 18.
   545  1.2572e-06  6.1799e-09  5.5034e-09  6.0767e-09  1:20:18 2955

 Reversed flow on 51 faces (24.7% area) of pressure-outlet 19.

 Reversed flow on 177 faces (34.6% area) of pressure-outlet 18.
   546  1.5978e-06  7.7199e-09  7.1390e-09  6.6678e-09  1:20:09 2954

 Reversed flow on 51 faces (24.7% area) of pressure-outlet 19.

 Reversed flow on 177 faces (34.6% area) of pressure-outlet 18.
   547  1.2703e-06  6.1143e-09  5.8404e-09  5.8442e-09  1:20:06 2953

 Reversed flow on 51 faces (24.7% area) of pressure-outlet 19.

 Reversed flow on 177 faces (34.6% area) of pressure-outlet 18.
   548  1.2642e-06  6.4542e-09  5.8133e-09  5.8890e-09  1:20:00 2952

 Reversed flow on 51 faces (24.7% area) of pressure-outlet 19.

 Reversed flow on 177 faces (34.6% area) of pressure-outlet 18.
   549  1.1543e-06  5.8722e-09  5.2415e-09  5.4537e-09  1:19:58 2951

 Reversed flow on 51 faces (24.7% area) of pressure-outlet 19.

 Reversed flow on 177 faces (34.6% area) of pressure-outlet 18.
   550  1.5028e-06  7.3550e-09  6.8744e-09  6.2718e-09  1:19:53 2950

 Reversed flow on 51 faces (24.7% area) of pressure-outlet 19.

 Reversed flow on 177 faces (34.6% area) of pressure-outlet 18.

  iter  continuity  x-velocity  y-velocity  z-velocity     time/iter
   551  1.1899e-06  5.7316e-09  5.6128e-09  5.7979e-09  1:19:49 2949

 Reversed flow on 51 faces (24.7% area) of pressure-outlet 19.

 Reversed flow on 177 faces (34.6% area) of pressure-outlet 18.
   552  1.2124e-06  6.0641e-09  5.6279e-09  6.1680e-09  1:19:48 2948

 Reversed flow on 51 faces (24.7% area) of pressure-outlet 19.

 Reversed flow on 177 faces (34.6% area) of pressure-outlet 18.
   553  1.1310e-06  5.4881e-09  5.0997e-09  6.0065e-09  1:19:47 2947

 Reversed flow on 51 faces (24.7% area) of pressure-outlet 19.

 Reversed flow on 177 faces (34.6% area) of pressure-outlet 18.
   554  1.5090e-06  7.0135e-09  6.7826e-09  6.9230e-09  1:19:47 2946

 Reversed flow on 51 faces (24.7% area) of pressure-outlet 19.

 Reversed flow on 177 faces (34.6% area) of pressure-outlet 18.
   555  1.2250e-06  5.4441e-09  5.5615e-09  6.3871e-09  1:19:47 2945

 Reversed flow on 51 faces (24.7% area) of pressure-outlet 19.

 Reversed flow on 177 faces (34.6% area) of pressure-outlet 18.
   556  1.2597e-06  5.8341e-09  5.6038e-09  6.6507e-09  1:19:46 2944

 Reversed flow on 51 faces (24.7% area) of pressure-outlet 19.

 Reversed flow on 177 faces (34.6% area) of pressure-outlet 18.
   557  1.1788e-06  5.3063e-09  5.0889e-09  6.3563e-09  1:19:43 2943

 Reversed flow on 51 faces (24.7% area) of pressure-outlet 19.

 Reversed flow on 177 faces (34.6% area) of pressure-outlet 18.
   558  1.5522e-06  6.8910e-09  6.8091e-09  7.1265e-09  1:19:41 2942

 Reversed flow on 51 faces (24.7% area) of pressure-outlet 19.

 Reversed flow on 177 faces (34.6% area) of pressure-outlet 18.
   559  1.2539e-06  5.3603e-09  5.5929e-09  6.4450e-09  1:19:43 2941

 Reversed flow on 51 faces (24.7% area) of pressure-outlet 19.

 Reversed flow on 177 faces (34.6% area) of pressure-outlet 18.
   560  1.2732e-06  5.7777e-09  5.6245e-09  6.5350e-09  1:19:40 2940

 Reversed flow on 51 faces (24.7% area) of pressure-outlet 19.

 Reversed flow on 177 faces (34.6% area) of pressure-outlet 18.
   561  1.1793e-06  5.2812e-09  5.1026e-09  6.0890e-09  1:19:39 2939

 Reversed flow on 51 faces (24.7% area) of pressure-outlet 19.

 Reversed flow on 177 faces (34.6% area) of pressure-outlet 18.

  iter  continuity  x-velocity  y-velocity  z-velocity     time/iter
   562  1.5541e-06  6.9240e-09  6.8228e-09  6.7783e-09  1:19:41 2938

 Reversed flow on 51 faces (24.7% area) of pressure-outlet 19.

 Reversed flow on 177 faces (34.6% area) of pressure-outlet 18.
   563  1.2596e-06  5.4218e-09  5.5848e-09  6.0289e-09  1:19:39 2937

 Reversed flow on 51 faces (24.7% area) of pressure-outlet 19.

 Reversed flow on 177 faces (34.6% area) of pressure-outlet 18.
   564  1.2836e-06  5.8611e-09  5.6094e-09  6.1709e-09  1:19:37 2936

 Reversed flow on 51 faces (24.7% area) of pressure-outlet 19.

 Reversed flow on 177 faces (34.6% area) of pressure-outlet 18.
   565  1.1989e-06  5.3983e-09  5.1027e-09  5.8839e-09  1:19:33 2935

 Reversed flow on 51 faces (24.7% area) of pressure-outlet 19.

 Reversed flow on 177 faces (34.6% area) of pressure-outlet 18.
   566  1.5797e-06  7.0904e-09  6.8583e-09  6.7200e-09  1:19:32 2934

 Reversed flow on 51 faces (24.7% area) of pressure-outlet 19.

 Reversed flow on 177 faces (34.6% area) of pressure-outlet 18.
   567  1.2947e-06  5.6268e-09  5.6383e-09  6.0906e-09  1:19:33 2933

 Reversed flow on 51 faces (24.7% area) of pressure-outlet 19.

 Reversed flow on 177 faces (34.6% area) of pressure-outlet 18.
   568  1.3328e-06  6.1099e-09  5.6912e-09  6.2669e-09  1:19:28 2932

 Reversed flow on 51 faces (24.7% area) of pressure-outlet 19.

 Reversed flow on 177 faces (34.6% area) of pressure-outlet 18.
   569  1.2477e-06  5.6936e-09  5.2112e-09  6.1198e-09  1:19:31 2931

 Reversed flow on 51 faces (24.7% area) of pressure-outlet 19.

 Reversed flow on 177 faces (34.6% area) of pressure-outlet 18.
   570  1.6312e-06  7.4457e-09  7.0163e-09  7.2273e-09  1:19:37 2930

 Reversed flow on 51 faces (24.7% area) of pressure-outlet 19.

 Reversed flow on 177 faces (34.6% area) of pressure-outlet 18.
   571  1.3490e-06  6.0011e-09  5.8450e-09  6.8563e-09  1:19:33 2929

 Reversed flow on 51 faces (24.7% area) of pressure-outlet 19.

 Reversed flow on 177 faces (34.6% area) of pressure-outlet 18.
   572  1.3919e-06  6.4887e-09  5.9402e-09  7.2901e-09  1:19:30 2928

 Reversed flow on 51 faces (24.7% area) of pressure-outlet 19.

 Reversed flow on 177 faces (34.6% area) of pressure-outlet 18.

  iter  continuity  x-velocity  y-velocity  z-velocity     time/iter
   573  1.3201e-06  6.0893e-09  5.5149e-09  7.1252e-09  1:19:32 2927

 Reversed flow on 51 faces (24.7% area) of pressure-outlet 19.

 Reversed flow on 177 faces (34.6% area) of pressure-outlet 18.
   574  1.7117e-06  7.8420e-09  7.3470e-09  8.0839e-09  1:19:30 2926

 Reversed flow on 51 faces (24.7% area) of pressure-outlet 19.

 Reversed flow on 177 faces (34.6% area) of pressure-outlet 18.
   575  1.4261e-06  6.3973e-09  6.1720e-09  7.5487e-09  1:19:31 2925

 Reversed flow on 51 faces (24.7% area) of pressure-outlet 19.

 Reversed flow on 177 faces (34.6% area) of pressure-outlet 18.
   576  1.4442e-06  6.8342e-09  6.2351e-09  7.6407e-09  1:19:26 2924

 Reversed flow on 51 faces (24.7% area) of pressure-outlet 19.

 Reversed flow on 177 faces (34.6% area) of pressure-outlet 18.
   577  1.3410e-06  6.3332e-09  5.7333e-09  7.1634e-09  1:19:27 2923

 Reversed flow on 51 faces (24.7% area) of pressure-outlet 19.

 Reversed flow on 177 faces (34.6% area) of pressure-outlet 18.
   578  1.6934e-06  7.9559e-09  7.4589e-09  7.7726e-09  1:19:22 2922

 Reversed flow on 51 faces (24.7% area) of pressure-outlet 19.

 Reversed flow on 177 faces (34.6% area) of pressure-outlet 18.
   579  1.3710e-06  6.3797e-09  6.1711e-09  6.9044e-09  1:19:19 2921

 Reversed flow on 51 faces (24.7% area) of pressure-outlet 19.

 Reversed flow on 177 faces (34.6% area) of pressure-outlet 18.
   580  1.3632e-06  6.6740e-09  6.1031e-09  6.8066e-09  1:19:16 2920

 Reversed flow on 51 faces (24.7% area) of pressure-outlet 19.

 Reversed flow on 177 faces (34.6% area) of pressure-outlet 18.
   581  1.2373e-06  6.0503e-09  5.4870e-09  6.1450e-09  1:19:13 2919

 Reversed flow on 51 faces (24.7% area) of pressure-outlet 19.

 Reversed flow on 177 faces (34.6% area) of pressure-outlet 18.
   582  1.5724e-06  7.5496e-09  7.1149e-09  6.6039e-09  1:19:17 2918

 Reversed flow on 51 faces (24.7% area) of pressure-outlet 19.

 Reversed flow on 177 faces (34.6% area) of pressure-outlet 18.
   583  1.2403e-06  5.8926e-09  5.7580e-09  5.7209e-09  1:19:17 2917

 Reversed flow on 51 faces (24.7% area) of pressure-outlet 19.

 Reversed flow on 177 faces (34.6% area) of pressure-outlet 18.

  iter  continuity  x-velocity  y-velocity  z-velocity     time/iter
   584  1.2358e-06  6.1494e-09  5.6775e-09  5.7215e-09  1:19:13 2916

 Reversed flow on 51 faces (24.7% area) of pressure-outlet 19.

 Reversed flow on 177 faces (34.6% area) of pressure-outlet 18.
   585  1.1247e-06  5.5357e-09  5.0860e-09  5.2708e-09  1:22:35 2915

 Reversed flow on 51 faces (24.7% area) of pressure-outlet 19.

 Reversed flow on 177 faces (34.6% area) of pressure-outlet 18.
   586  1.4774e-06  7.0668e-09  6.7585e-09  5.9852e-09  1:21:51 2914

 Reversed flow on 51 faces (24.7% area) of pressure-outlet 19.

 Reversed flow on 177 faces (34.6% area) of pressure-outlet 18.
   587  1.1673e-06  5.4543e-09  5.4804e-09  5.4111e-09  1:21:15 2913

 Reversed flow on 51 faces (24.7% area) of pressure-outlet 19.

 Reversed flow on 177 faces (34.6% area) of pressure-outlet 18.
   588  1.1870e-06  5.7961e-09  5.4989e-09  5.8344e-09  1:20:45 2912

 Reversed flow on 51 faces (24.7% area) of pressure-outlet 19.

 Reversed flow on 177 faces (34.6% area) of pressure-outlet 18.
   589  1.1131e-06  5.2901e-09  5.0162e-09  5.7885e-09  1:20:23 2911

 Reversed flow on 51 faces (24.7% area) of pressure-outlet 19.

 Reversed flow on 177 faces (34.6% area) of pressure-outlet 18.
   590  1.5064e-06  6.9148e-09  6.7754e-09  6.8393e-09  1:19:59 2910

 Reversed flow on 51 faces (24.7% area) of pressure-outlet 19.

 Reversed flow on 177 faces (34.6% area) of pressure-outlet 18.
   591  1.2311e-06  5.3964e-09  5.5690e-09  6.4159e-09  1:19:45 2909

 Reversed flow on 51 faces (24.7% area) of pressure-outlet 19.

 Reversed flow on 177 faces (34.6% area) of pressure-outlet 18.
   592  1.2804e-06  5.8516e-09  5.6517e-09  6.8144e-09  1:19:32 2908

 Reversed flow on 51 faces (24.7% area) of pressure-outlet 19.

 Reversed flow on 177 faces (34.6% area) of pressure-outlet 18.
   593  1.2210e-06  5.4478e-09  5.2123e-09  6.6781e-09  1:19:23 2907

 Reversed flow on 51 faces (24.7% area) of pressure-outlet 19.

 Reversed flow on 177 faces (34.6% area) of pressure-outlet 18.
   594  1.6186e-06  7.1560e-09  6.9901e-09  7.5772e-09  1:19:15 2906

 Reversed flow on 51 faces (24.7% area) of pressure-outlet 19.

 Reversed flow on 177 faces (34.6% area) of pressure-outlet 18.

  iter  continuity  x-velocity  y-velocity  z-velocity     time/iter
   595  1.3354e-06  5.6842e-09  5.7945e-09  6.9615e-09  1:19:06 2905

 Reversed flow on 51 faces (24.7% area) of pressure-outlet 19.

 Reversed flow on 177 faces (34.6% area) of pressure-outlet 18.
   596  1.3640e-06  6.1827e-09  5.8717e-09  7.1231e-09  1:19:01 2904

 Reversed flow on 51 faces (24.7% area) of pressure-outlet 19.

 Reversed flow on 177 faces (34.6% area) of pressure-outlet 18.
   597  1.2742e-06  5.7898e-09  5.4020e-09  6.7002e-09  1:18:54 2903

 Reversed flow on 51 faces (24.7% area) of pressure-outlet 19.

 Reversed flow on 177 faces (34.6% area) of pressure-outlet 18.
   598  1.6432e-06  7.4902e-09  7.1351e-09  7.3306e-09  1:18:48 2902

 Reversed flow on 51 faces (24.7% area) of pressure-outlet 19.

 Reversed flow on 177 faces (34.6% area) of pressure-outlet 18.
   599  1.3304e-06  5.9775e-09  5.8660e-09  6.4572e-09  1:18:44 2901

 Reversed flow on 51 faces (24.7% area) of pressure-outlet 19.

 Reversed flow on 177 faces (34.6% area) of pressure-outlet 18.
   600  1.3321e-06  6.4171e-09  5.8765e-09  6.4309e-09  1:18:41 2900

 Reversed flow on 51 faces (24.7% area) of pressure-outlet 19.

 Reversed flow on 177 faces (34.6% area) of pressure-outlet 18.
   601  1.2253e-06  5.9496e-09  5.3423e-09  5.9506e-09  1:18:40 2899

 Reversed flow on 51 faces (24.7% area) of pressure-outlet 19.

 Reversed flow on 177 faces (34.6% area) of pressure-outlet 18.
   602  1.5852e-06  7.5571e-09  7.0186e-09  6.6417e-09  1:18:37 2898

 Reversed flow on 51 faces (24.7% area) of pressure-outlet 19.

 Reversed flow on 177 faces (34.6% area) of pressure-outlet 18.
   603  1.2627e-06  5.9570e-09  5.7114e-09  5.8386e-09  1:18:35 2897

 Reversed flow on 51 faces (24.7% area) of pressure-outlet 19.

 Reversed flow on 177 faces (34.6% area) of pressure-outlet 18.
   604  1.2612e-06  6.3429e-09  5.7045e-09  5.9065e-09  1:18:34 2896

 Reversed flow on 51 faces (24.7% area) of pressure-outlet 19.

 Reversed flow on 177 faces (34.6% area) of pressure-outlet 18.
   605  1.1564e-06  5.8359e-09  5.1754e-09  5.5162e-09  1:18:27 2895

 Reversed flow on 51 faces (24.7% area) of pressure-outlet 19.

 Reversed flow on 177 faces (34.6% area) of pressure-outlet 18.

  iter  continuity  x-velocity  y-velocity  z-velocity     time/iter
   606  1.5178e-06  7.4078e-09  6.8645e-09  6.4047e-09  1:18:23 2894

 Reversed flow on 51 faces (24.7% area) of pressure-outlet 19.

 Reversed flow on 177 faces (34.6% area) of pressure-outlet 18.
   607  1.2074e-06  5.8024e-09  5.5963e-09  5.9298e-09  1:18:23 2893

 Reversed flow on 51 faces (24.7% area) of pressure-outlet 19.

 Reversed flow on 177 faces (34.6% area) of pressure-outlet 18.
   608  1.2302e-06  6.1679e-09  5.6376e-09  6.3072e-09  1:18:23 2892

 Reversed flow on 51 faces (24.7% area) of pressure-outlet 19.

 Reversed flow on 177 faces (34.6% area) of pressure-outlet 18.
   609  1.1522e-06  5.6407e-09  5.1444e-09  6.1808e-09  1:18:28 2891

 Reversed flow on 51 faces (24.7% area) of pressure-outlet 19.

 Reversed flow on 177 faces (34.6% area) of pressure-outlet 18.
   610  1.5383e-06  7.2121e-09  6.8778e-09  7.1337e-09  1:18:28 2890

 Reversed flow on 51 faces (24.7% area) of pressure-outlet 19.

 Reversed flow on 177 faces (34.6% area) of pressure-outlet 18.
   611  1.2488e-06  5.6286e-09  5.6413e-09  6.5851e-09  1:18:28 2889

 Reversed flow on 51 faces (24.7% area) of pressure-outlet 19.

 Reversed flow on 177 faces (34.6% area) of pressure-outlet 18.
   612  1.2776e-06  6.0160e-09  5.6862e-09  6.8235e-09  1:18:27 2888

 Reversed flow on 51 faces (24.7% area) of pressure-outlet 19.

 Reversed flow on 177 faces (34.6% area) of pressure-outlet 18.
   613  1.1939e-06  5.4845e-09  5.1791e-09  6.4929e-09  1:18:21 2887

 Reversed flow on 51 faces (24.7% area) of pressure-outlet 19.

 Reversed flow on 177 faces (34.6% area) of pressure-outlet 18.
   614  1.5664e-06  7.0500e-09  6.8862e-09  7.2206e-09  1:18:19 2886

 Reversed flow on 51 faces (24.7% area) of pressure-outlet 19.

 Reversed flow on 177 faces (34.6% area) of pressure-outlet 18.
   615  1.2593e-06  5.4777e-09  5.6223e-09  6.4373e-09  1:18:17 2885

 Reversed flow on 51 faces (24.7% area) of pressure-outlet 19.

 Reversed flow on 177 faces (34.6% area) of pressure-outlet 18.
   616  1.2680e-06  5.8651e-09  5.6320e-09  6.4712e-09  1:18:16 2884

 Reversed flow on 51 faces (24.7% area) of pressure-outlet 19.

 Reversed flow on 177 faces (34.6% area) of pressure-outlet 18.

  iter  continuity  x-velocity  y-velocity  z-velocity     time/iter
   617  1.1615e-06  5.3172e-09  5.0700e-09  5.9422e-09  1:18:16 2883

 Reversed flow on 51 faces (24.7% area) of pressure-outlet 19.

 Reversed flow on 177 faces (34.6% area) of pressure-outlet 18.
   618  1.5147e-06  6.8851e-09  6.7398e-09  6.5338e-09  1:18:10 2882

 Reversed flow on 51 faces (24.7% area) of pressure-outlet 19.

 Reversed flow on 177 faces (34.6% area) of pressure-outlet 18.
   619  1.2028e-06  5.3160e-09  5.4529e-09  5.6975e-09  1:18:08 2881

 Reversed flow on 51 faces (24.7% area) of pressure-outlet 19.

 Reversed flow on 177 faces (34.6% area) of pressure-outlet 18.
   620  1.2135e-06  5.6947e-09  5.4463e-09  5.7837e-09  1:18:06 2880

 Reversed flow on 51 faces (24.7% area) of pressure-outlet 19.

 Reversed flow on 177 faces (34.6% area) of pressure-outlet 18.
   621  1.1191e-06  5.1494e-09  4.8943e-09  5.3943e-09  1:18:05 2879

 Reversed flow on 51 faces (24.7% area) of pressure-outlet 19.

 Reversed flow on 177 faces (34.6% area) of pressure-outlet 18.
   622  1.4920e-06  6.7625e-09  6.5963e-09  6.1952e-09  1:18:04 2878

 Reversed flow on 51 faces (24.7% area) of pressure-outlet 19.

 Reversed flow on 177 faces (34.6% area) of pressure-outlet 18.
   623  1.2035e-06  5.2677e-09  5.3739e-09  5.6111e-09  1:18:02 2877

 Reversed flow on 51 faces (24.7% area) of pressure-outlet 19.

 Reversed flow on 177 faces (34.6% area) of pressure-outlet 18.
   624  1.2401e-06  5.7260e-09  5.4415e-09  5.9979e-09  1:18:01 2876

 Reversed flow on 51 faces (24.7% area) of pressure-outlet 19.

 Reversed flow on 177 faces (34.6% area) of pressure-outlet 18.
   625  1.1637e-06  5.2682e-09  4.9749e-09  5.9848e-09  1:17:59 2875

 Reversed flow on 51 faces (24.7% area) of pressure-outlet 19.

 Reversed flow on 177 faces (34.6% area) of pressure-outlet 18.
   626  1.5613e-06  6.9741e-09  6.7677e-09  7.1199e-09  1:17:57 2874

 Reversed flow on 51 faces (24.7% area) of pressure-outlet 19.

 Reversed flow on 177 faces (34.6% area) of pressure-outlet 18.
   627  1.3103e-06  5.5705e-09  5.6234e-09  6.7692e-09  1:17:58 2873

 Reversed flow on 51 faces (24.7% area) of pressure-outlet 19.

 Reversed flow on 177 faces (34.6% area) of pressure-outlet 18.

  iter  continuity  x-velocity  y-velocity  z-velocity     time/iter
   628  1.3713e-06  6.1077e-09  5.7387e-09  7.2082e-09  1:17:55 2872

 Reversed flow on 51 faces (24.7% area) of pressure-outlet 19.

 Reversed flow on 177 faces (34.6% area) of pressure-outlet 18.
   629  1.3059e-06  5.7245e-09  5.3031e-09  7.0809e-09  1:17:55 2871

 Reversed flow on 51 faces (24.7% area) of pressure-outlet 19.

 Reversed flow on 177 faces (34.6% area) of pressure-outlet 18.
   630  1.6936e-06  7.4936e-09  7.1232e-09  8.0431e-09  1:17:54 2870

 Reversed flow on 51 faces (24.7% area) of pressure-outlet 19.

 Reversed flow on 177 faces (34.6% area) of pressure-outlet 18.
   631  1.4191e-06  6.1068e-09  5.9756e-09  7.5042e-09  1:17:54 2869

 Reversed flow on 51 faces (24.7% area) of pressure-outlet 19.

 Reversed flow on 177 faces (34.6% area) of pressure-outlet 18.
   632  1.4581e-06  6.6218e-09  6.0895e-09  7.6801e-09  1:17:53 2868

 Reversed flow on 51 faces (24.7% area) of pressure-outlet 19.

 Reversed flow on 177 faces (34.6% area) of pressure-outlet 18.
   633  1.3656e-06  6.2059e-09  5.6305e-09  7.2549e-09  1:17:50 2867

 Reversed flow on 51 faces (24.7% area) of pressure-outlet 19.

 Reversed flow on 177 faces (34.6% area) of pressure-outlet 18.
   634  1.7218e-06  7.9234e-09  7.4096e-09  7.9269e-09  1:17:48 2866

 Reversed flow on 51 faces (24.7% area) of pressure-outlet 19.

 Reversed flow on 177 faces (34.6% area) of pressure-outlet 18.
   635  1.4019e-06  6.4471e-09  6.1850e-09  7.0223e-09  1:17:48 2865

 Reversed flow on 51 faces (24.7% area) of pressure-outlet 19.

 Reversed flow on 177 faces (34.6% area) of pressure-outlet 18.
   636  1.3965e-06  6.8268e-09  6.1832e-09  6.8704e-09  1:18:32 2864

 Reversed flow on 51 faces (24.7% area) of pressure-outlet 19.

 Reversed flow on 177 faces (34.6% area) of pressure-outlet 18.
   637  1.2690e-06  6.2544e-09  5.5938e-09  6.2029e-09  1:18:33 2863

 Reversed flow on 51 faces (24.7% area) of pressure-outlet 19.

 Reversed flow on 177 faces (34.6% area) of pressure-outlet 18.
   638  1.6047e-06  7.8076e-09  7.2485e-09  6.7573e-09  1:18:21 2862

 Reversed flow on 51 faces (24.7% area) of pressure-outlet 19.

 Reversed flow on 177 faces (34.6% area) of pressure-outlet 18.

  iter  continuity  x-velocity  y-velocity  z-velocity     time/iter
   639  1.2732e-06  6.1455e-09  5.8959e-09  5.9376e-09  1:18:11 2861

 Reversed flow on 51 faces (24.7% area) of pressure-outlet 19.

 Reversed flow on 177 faces (34.6% area) of pressure-outlet 18.
   640  1.2589e-06  6.3767e-09  5.8009e-09  5.9097e-09  1:18:00 2860

 Reversed flow on 51 faces (24.7% area) of pressure-outlet 19.

 Reversed flow on 177 faces (34.6% area) of pressure-outlet 18.
   641  1.1392e-06  5.7299e-09  5.1752e-09  5.3920e-09  1:17:55 2859

 Reversed flow on 51 faces (24.7% area) of pressure-outlet 19.

 Reversed flow on 177 faces (34.6% area) of pressure-outlet 18.
   642  1.4914e-06  7.2603e-09  6.8352e-09  6.0676e-09  1:17:50 2858

 Reversed flow on 51 faces (24.7% area) of pressure-outlet 19.

 Reversed flow on 177 faces (34.6% area) of pressure-outlet 18.
   643  1.1743e-06  5.5999e-09  5.5073e-09  5.4814e-09  1:18:02 2857

 Reversed flow on 51 faces (24.7% area) of pressure-outlet 19.

 Reversed flow on 177 faces (34.6% area) of pressure-outlet 18.
   644  1.1888e-06  5.8878e-09  5.4871e-09  5.8583e-09  1:18:07 2856

 Reversed flow on 51 faces (24.7% area) of pressure-outlet 19.

 Reversed flow on 177 faces (34.6% area) of pressure-outlet 18.
   645  1.1074e-06  5.3330e-09  4.9781e-09  5.7614e-09  1:17:56 2855

 Reversed flow on 51 faces (24.7% area) of pressure-outlet 19.

 Reversed flow on 177 faces (34.6% area) of pressure-outlet 18.
   646  1.5020e-06  6.9584e-09  6.7598e-09  6.7961e-09  1:17:56 2854

 Reversed flow on 51 faces (24.7% area) of pressure-outlet 19.

 Reversed flow on 177 faces (34.6% area) of pressure-outlet 18.
   647  1.2227e-06  5.3904e-09  5.5393e-09  6.3390e-09  1:17:53 2853

 Reversed flow on 51 faces (24.7% area) of pressure-outlet 19.

 Reversed flow on 177 faces (34.6% area) of pressure-outlet 18.
   648  1.2639e-06  5.7982e-09  5.6060e-09  6.7135e-09  1:17:49 2852

 Reversed flow on 51 faces (24.7% area) of pressure-outlet 19.

 Reversed flow on 177 faces (34.6% area) of pressure-outlet 18.
   649  1.1987e-06  5.3663e-09  5.1593e-09  6.5503e-09  1:17:44 2851

 Reversed flow on 51 faces (24.7% area) of pressure-outlet 19.

 Reversed flow on 177 faces (34.6% area) of pressure-outlet 18.

  iter  continuity  x-velocity  y-velocity  z-velocity     time/iter
   650  1.5967e-06  7.0637e-09  6.9589e-09  7.4417e-09  1:17:38 2850

 Reversed flow on 51 faces (24.7% area) of pressure-outlet 19.

 Reversed flow on 177 faces (34.6% area) of pressure-outlet 18.
   651  1.3085e-06  5.5437e-09  5.7363e-09  6.8008e-09  1:17:33 2849

 Reversed flow on 51 faces (24.7% area) of pressure-outlet 19.

 Reversed flow on 177 faces (34.6% area) of pressure-outlet 18.
   652  1.3330e-06  6.0046e-09  5.7884e-09  6.9526e-09  1:17:28 2848

 Reversed flow on 51 faces (24.7% area) of pressure-outlet 19.

 Reversed flow on 177 faces (34.6% area) of pressure-outlet 18.
   653  1.2469e-06  5.5960e-09  5.3065e-09  6.5695e-09  1:17:25 2847

 Reversed flow on 51 faces (24.7% area) of pressure-outlet 19.

 Reversed flow on 177 faces (34.6% area) of pressure-outlet 18.
   654  1.6223e-06  7.2978e-09  7.0458e-09  7.2379e-09  1:17:20 2846

 Reversed flow on 51 faces (24.7% area) of pressure-outlet 19.

 Reversed flow on 177 faces (34.6% area) of pressure-outlet 18.
   655  1.3144e-06  5.7880e-09  5.7725e-09  6.3871e-09  1:17:19 2845

 Reversed flow on 51 faces (24.7% area) of pressure-outlet 19.

 Reversed flow on 177 faces (34.6% area) of pressure-outlet 18.
   656  1.3204e-06  6.2337e-09  5.7813e-09  6.3680e-09  1:17:19 2844

 Reversed flow on 51 faces (24.7% area) of pressure-outlet 19.

 Reversed flow on 177 faces (34.6% area) of pressure-outlet 18.
   657  1.2161e-06  5.7735e-09  5.2473e-09  5.9111e-09  1:17:35 2843

 Reversed flow on 51 faces (24.7% area) of pressure-outlet 19.

 Reversed flow on 177 faces (34.6% area) of pressure-outlet 18.
   658  1.5766e-06  7.4038e-09  6.9368e-09  6.5696e-09  1:17:30 2842

 Reversed flow on 51 faces (24.7% area) of pressure-outlet 19.

 Reversed flow on 177 faces (34.6% area) of pressure-outlet 18.
   659  1.2623e-06  5.8574e-09  5.6476e-09  5.8063e-09  1:17:22 2841

 Reversed flow on 51 faces (24.7% area) of pressure-outlet 19.

 Reversed flow on 177 faces (34.6% area) of pressure-outlet 18.
   660  1.2677e-06  6.2726e-09  5.6616e-09  5.9197e-09  1:17:12 2840

 Reversed flow on 51 faces (24.7% area) of pressure-outlet 19.

 Reversed flow on 177 faces (34.6% area) of pressure-outlet 18.

  iter  continuity  x-velocity  y-velocity  z-velocity     time/iter
   661  1.1653e-06  5.7768e-09  5.1366e-09  5.6562e-09  1:17:14 2839

 Reversed flow on 51 faces (24.7% area) of pressure-outlet 19.

 Reversed flow on 177 faces (34.6% area) of pressure-outlet 18.
   662  1.5275e-06  7.3591e-09  6.8374e-09  6.6126e-09  1:17:10 2838

 Reversed flow on 51 faces (24.7% area) of pressure-outlet 19.

 Reversed flow on 177 faces (34.6% area) of pressure-outlet 18.
   663  1.2284e-06  5.8000e-09  5.5936e-09  6.1486e-09  1:17:06 2837

 Reversed flow on 51 faces (24.7% area) of pressure-outlet 19.

 Reversed flow on 177 faces (34.6% area) of pressure-outlet 18.
   664  1.2568e-06  6.2187e-09  5.6587e-09  6.5294e-09  1:17:04 2836

 Reversed flow on 51 faces (24.7% area) of pressure-outlet 19.

 Reversed flow on 177 faces (34.6% area) of pressure-outlet 18.
   665  1.1771e-06  5.7275e-09  5.1688e-09  6.3719e-09  1:17:04 2835

 Reversed flow on 51 faces (24.7% area) of pressure-outlet 19.

 Reversed flow on 177 faces (34.6% area) of pressure-outlet 18.
   666  1.5569e-06  7.3127e-09  6.8931e-09  7.2726e-09  1:16:59 2834

 Reversed flow on 51 faces (24.7% area) of pressure-outlet 19.

 Reversed flow on 177 faces (34.6% area) of pressure-outlet 18.
   667  1.2656e-06  5.7635e-09  5.6688e-09  6.6905e-09  1:16:55 2833

 Reversed flow on 51 faces (24.7% area) of pressure-outlet 19.

 Reversed flow on 177 faces (34.6% area) of pressure-outlet 18.
   668  1.2968e-06  6.1757e-09  5.7321e-09  6.9041e-09  1:16:51 2832

 Reversed flow on 51 faces (24.7% area) of pressure-outlet 19.

 Reversed flow on 177 faces (34.6% area) of pressure-outlet 18.
   669  1.2100e-06  5.6495e-09  5.2332e-09  6.5505e-09  1:16:54 2831

 Reversed flow on 51 faces (24.7% area) of pressure-outlet 19.

 Reversed flow on 177 faces (34.6% area) of pressure-outlet 18.
   670  1.5740e-06  7.2141e-09  6.9388e-09  7.2347e-09  1:18:03 2830

 Reversed flow on 51 faces (24.7% area) of pressure-outlet 19.

 Reversed flow on 177 faces (34.6% area) of pressure-outlet 18.
   671  1.2580e-06  5.6289e-09  5.6690e-09  6.3874e-09  1:18:53 2829

 Reversed flow on 51 faces (24.7% area) of pressure-outlet 19.

 Reversed flow on 177 faces (34.6% area) of pressure-outlet 18.

  iter  continuity  x-velocity  y-velocity  z-velocity     time/iter
   672  1.2632e-06  5.9996e-09  5.6781e-09  6.3542e-09  1:19:21 2828

 Reversed flow on 51 faces (24.7% area) of pressure-outlet 19.

 Reversed flow on 177 faces (34.6% area) of pressure-outlet 18.
   673  1.1542e-06  5.4235e-09  5.1074e-09  5.7731e-09  1:18:49 2827

 Reversed flow on 51 faces (24.7% area) of pressure-outlet 19.

 Reversed flow on 177 faces (34.6% area) of pressure-outlet 18.
   674  1.5040e-06  6.9598e-09  6.7571e-09  6.3192e-09  1:18:23 2826

 Reversed flow on 51 faces (24.7% area) of pressure-outlet 19.

 Reversed flow on 177 faces (34.6% area) of pressure-outlet 18.
   675  1.1796e-06  5.3322e-09  5.4306e-09  5.4739e-09  1:17:59 2825

 Reversed flow on 51 faces (24.7% area) of pressure-outlet 19.

 Reversed flow on 177 faces (34.6% area) of pressure-outlet 18.
   676  1.1819e-06  5.6661e-09  5.3975e-09  5.5657e-09  1:17:41 2824

 Reversed flow on 51 faces (24.7% area) of pressure-outlet 19.

 Reversed flow on 177 faces (34.6% area) of pressure-outlet 18.
   677  1.0718e-06  5.0755e-09  4.8210e-09  5.1402e-09  1:17:28 2823

 Reversed flow on 51 faces (24.7% area) of pressure-outlet 19.

 Reversed flow on 177 faces (34.6% area) of pressure-outlet 18.
   678  1.4378e-06  6.6516e-09  6.5024e-09  5.9114e-09  1:17:19 2822

 Reversed flow on 51 faces (24.7% area) of pressure-outlet 19.

 Reversed flow on 177 faces (34.6% area) of pressure-outlet 18.
   679  1.1377e-06  5.0739e-09  5.2297e-09  5.2581e-09  1:17:09 2821

 Reversed flow on 51 faces (24.7% area) of pressure-outlet 19.

 Reversed flow on 177 faces (34.6% area) of pressure-outlet 18.
   680  1.1650e-06  5.4776e-09  5.2616e-09  5.6483e-09  1:17:01 2820

 Reversed flow on 51 faces (24.7% area) of pressure-outlet 19.

 Reversed flow on 177 faces (34.6% area) of pressure-outlet 18.
   681  1.0944e-06  4.9923e-09  4.7830e-09  5.6507e-09  1:17:00 2819

 Reversed flow on 51 faces (24.7% area) of pressure-outlet 19.

 Reversed flow on 177 faces (34.6% area) of pressure-outlet 18.
   682  1.5039e-06  6.6877e-09  6.5857e-09  6.8209e-09  1:16:51 2818

 Reversed flow on 51 faces (24.7% area) of pressure-outlet 19.

 Reversed flow on 177 faces (34.6% area) of pressure-outlet 18.

  iter  continuity  x-velocity  y-velocity  z-velocity     time/iter
   683  1.2472e-06  5.2328e-09  5.4281e-09  6.5181e-09  1:16:50 2817

 Reversed flow on 51 faces (24.7% area) of pressure-outlet 19.

 Reversed flow on 177 faces (34.6% area) of pressure-outlet 18.
   684  1.3092e-06  5.7537e-09  5.5653e-09  7.0105e-09  1:16:42 2816

 Reversed flow on 51 faces (24.7% area) of pressure-outlet 19.

 Reversed flow on 177 faces (34.6% area) of pressure-outlet 18.
   685  1.2571e-06  5.3778e-09  5.1598e-09  6.9456e-09  1:16:51 2815

 Reversed flow on 51 faces (24.7% area) of pressure-outlet 19.

 Reversed flow on 177 faces (34.6% area) of pressure-outlet 18.
   686  1.6745e-06  7.1856e-09  7.0040e-09  7.9441e-09  1:16:45 2814

 Reversed flow on 51 faces (24.7% area) of pressure-outlet 19.

 Reversed flow on 177 faces (34.6% area) of pressure-outlet 18.
   687  1.4131e-06  5.8020e-09  5.8527e-09  7.3999e-09  1:16:39 2813

 Reversed flow on 51 faces (24.7% area) of pressure-outlet 19.

 Reversed flow on 177 faces (34.6% area) of pressure-outlet 18.
   688  1.4508e-06  6.3410e-09  5.9608e-09  7.6194e-09  1:16:35 2812

 Reversed flow on 51 faces (24.7% area) of pressure-outlet 19.

 Reversed flow on 177 faces (34.6% area) of pressure-outlet 18.
   689  1.3569e-06  5.9639e-09  5.5008e-09  7.2417e-09  1:16:31 2811

 Reversed flow on 51 faces (24.7% area) of pressure-outlet 19.

 Reversed flow on 177 faces (34.6% area) of pressure-outlet 18.
   690  1.7258e-06  7.7366e-09  7.2920e-09  7.9645e-09  1:16:26 2810

 Reversed flow on 51 faces (24.7% area) of pressure-outlet 19.

 Reversed flow on 177 faces (34.6% area) of pressure-outlet 18.
   691  1.4265e-06  6.3134e-09  6.0836e-09  7.1596e-09  1:16:26 2809

 Reversed flow on 51 faces (24.7% area) of pressure-outlet 19.

 Reversed flow on 177 faces (34.6% area) of pressure-outlet 18.
   692  1.4365e-06  6.7772e-09  6.1213e-09  7.0891e-09  1:16:23 2808

 Reversed flow on 51 faces (24.7% area) of pressure-outlet 19.

 Reversed flow on 177 faces (34.6% area) of pressure-outlet 18.
   693  1.3186e-06  6.2937e-09  5.5830e-09  6.5118e-09  1:16:18 2807

 Reversed flow on 51 faces (24.7% area) of pressure-outlet 19.

 Reversed flow on 177 faces (34.6% area) of pressure-outlet 18.

  iter  continuity  x-velocity  y-velocity  z-velocity     time/iter
   694  1.6567e-06  7.9361e-09  7.2932e-09  7.1025e-09  1:16:21 2806

 Reversed flow on 51 faces (24.7% area) of pressure-outlet 19.

 Reversed flow on 177 faces (34.6% area) of pressure-outlet 18.
   695  1.3291e-06  6.3883e-09  6.0255e-09  6.2101e-09  1:16:14 2805

 Reversed flow on 51 faces (24.7% area) of pressure-outlet 19.

 Reversed flow on 177 faces (34.6% area) of pressure-outlet 18.
   696  1.3241e-06  6.7009e-09  5.9827e-09  6.1677e-09  1:16:10 2804

 Reversed flow on 51 faces (24.7% area) of pressure-outlet 19.

 Reversed flow on 177 faces (34.6% area) of pressure-outlet 18.
   697  1.1972e-06  6.0781e-09  5.3697e-09  5.6560e-09  1:16:09 2803

 Reversed flow on 51 faces (24.7% area) of pressure-outlet 19.

 Reversed flow on 177 faces (34.6% area) of pressure-outlet 18.
   698  1.5344e-06  7.5855e-09  7.0190e-09  6.4344e-09  1:16:04 2802

 Reversed flow on 51 faces (24.7% area) of pressure-outlet 19.

 Reversed flow on 177 faces (34.6% area) of pressure-outlet 18.
   699  1.2140e-06  5.9454e-09  5.7231e-09  5.9127e-09  1:15:59 2801

 Reversed flow on 51 faces (24.7% area) of pressure-outlet 19.

 Reversed flow on 177 faces (34.6% area) of pressure-outlet 18.
   700  1.2292e-06  6.1989e-09  5.6849e-09  6.2094e-09  1:15:57 2800

 Reversed flow on 51 faces (24.7% area) of pressure-outlet 19.

 Reversed flow on 177 faces (34.6% area) of pressure-outlet 18.
   701  1.1375e-06  5.5794e-09  5.1116e-09  5.9985e-09  1:15:56 2799

 Reversed flow on 51 faces (24.7% area) of pressure-outlet 19.

 Reversed flow on 177 faces (34.6% area) of pressure-outlet 18.
   702  1.5116e-06  7.1309e-09  6.8101e-09  6.9194e-09  1:15:55 2798

 Reversed flow on 51 faces (24.7% area) of pressure-outlet 19.

 Reversed flow on 177 faces (34.6% area) of pressure-outlet 18.
   703  1.2261e-06  5.5462e-09  5.5706e-09  6.4004e-09  1:15:52 2797

 Reversed flow on 51 faces (24.7% area) of pressure-outlet 19.

 Reversed flow on 177 faces (34.6% area) of pressure-outlet 18.
   704  1.2617e-06  5.8969e-09  5.5972e-09  6.6751e-09  1:15:49 2796

 Reversed flow on 51 faces (24.7% area) of pressure-outlet 19.

 Reversed flow on 177 faces (34.6% area) of pressure-outlet 18.

  iter  continuity  x-velocity  y-velocity  z-velocity     time/iter
   705  1.1857e-06  5.3884e-09  5.1095e-09  6.4016e-09  1:15:49 2795

 Reversed flow on 51 faces (24.7% area) of pressure-outlet 19.

 Reversed flow on 177 faces (34.6% area) of pressure-outlet 18.
   706  1.5698e-06  7.0249e-09  6.8860e-09  7.2099e-09  1:15:48 2794

 Reversed flow on 51 faces (24.7% area) of pressure-outlet 19.

 Reversed flow on 177 faces (34.6% area) of pressure-outlet 18.
   707  1.2745e-06  5.4877e-09  5.6628e-09  6.5286e-09  1:15:46 2793

 Reversed flow on 51 faces (24.7% area) of pressure-outlet 19.

 Reversed flow on 177 faces (34.6% area) of pressure-outlet 18.
   708  1.2920e-06  5.9017e-09  5.7003e-09  6.6101e-09  1:15:48 2792

 Reversed flow on 51 faces (24.7% area) of pressure-outlet 19.

 Reversed flow on 177 faces (34.6% area) of pressure-outlet 18.
   709  1.2006e-06  5.4425e-09  5.2059e-09  6.1624e-09  1:15:45 2791

 Reversed flow on 51 faces (24.7% area) of pressure-outlet 19.

 Reversed flow on 177 faces (34.6% area) of pressure-outlet 18.
   710  1.5711e-06  7.1055e-09  6.9447e-09  6.8066e-09  1:15:44 2790

 Reversed flow on 51 faces (24.7% area) of pressure-outlet 19.

 Reversed flow on 177 faces (34.6% area) of pressure-outlet 18.
   711  1.2602e-06  5.5517e-09  5.6599e-09  5.9820e-09  1:15:43 2789

 Reversed flow on 51 faces (24.7% area) of pressure-outlet 19.

 Reversed flow on 177 faces (34.6% area) of pressure-outlet 18.
   712  1.2680e-06  5.9602e-09  5.6489e-09  6.0619e-09  1:15:39 2788

 Reversed flow on 51 faces (24.7% area) of pressure-outlet 19.

 Reversed flow on 177 faces (34.6% area) of pressure-outlet 18.
   713  1.1749e-06  5.4954e-09  5.1190e-09  5.7250e-09  1:15:38 2787

 Reversed flow on 51 faces (24.7% area) of pressure-outlet 19.

 Reversed flow on 177 faces (34.6% area) of pressure-outlet 18.
   714  1.5473e-06  7.1601e-09  6.8435e-09  6.4734e-09  1:15:35 2786

 Reversed flow on 51 faces (24.7% area) of pressure-outlet 19.

 Reversed flow on 177 faces (34.6% area) of pressure-outlet 18.
   715  1.2407e-06  5.6113e-09  5.5516e-09  5.7497e-09  1:15:32 2785

 Reversed flow on 51 faces (24.7% area) of pressure-outlet 19.

 Reversed flow on 177 faces (34.6% area) of pressure-outlet 18.

  iter  continuity  x-velocity  y-velocity  z-velocity     time/iter
   716  1.2517e-06  6.0438e-09  5.5674e-09  5.8954e-09  1:15:27 2784

 Reversed flow on 51 faces (24.7% area) of pressure-outlet 19.

 Reversed flow on 177 faces (34.6% area) of pressure-outlet 18.
   717  1.1613e-06  5.6031e-09  5.0726e-09  5.7331e-09  1:15:25 2783

 Reversed flow on 51 faces (24.7% area) of pressure-outlet 19.

 Reversed flow on 177 faces (34.6% area) of pressure-outlet 18.
   718  1.5469e-06  7.2826e-09  6.8323e-09  6.7707e-09  1:15:26 2782

 Reversed flow on 51 faces (24.7% area) of pressure-outlet 19.

 Reversed flow on 177 faces (34.6% area) of pressure-outlet 18.
   719  1.2580e-06  5.7437e-09  5.5920e-09  6.3251e-09  1:15:26 2781

 Reversed flow on 51 faces (24.7% area) of pressure-outlet 19.

 Reversed flow on 177 faces (34.6% area) of pressure-outlet 18.
   720  1.2886e-06  6.1882e-09  5.6658e-09  6.7082e-09  1:15:35 2780

 Reversed flow on 51 faces (24.7% area) of pressure-outlet 19.

 Reversed flow on 177 faces (34.6% area) of pressure-outlet 18.
   721  1.2155e-06  5.7575e-09  5.2210e-09  6.5583e-09  1:15:37 2779

 Reversed flow on 51 faces (24.7% area) of pressure-outlet 19.

 Reversed flow on 177 faces (34.6% area) of pressure-outlet 18.
   722  1.6074e-06  7.4217e-09  6.9889e-09  7.4821e-09  1:15:27 2778

 Reversed flow on 51 faces (24.7% area) of pressure-outlet 19.

 Reversed flow on 177 faces (34.6% area) of pressure-outlet 18.
   723  1.3143e-06  5.8963e-09  5.7561e-09  6.8770e-09  1:15:23 2777

 Reversed flow on 51 faces (24.7% area) of pressure-outlet 19.

 Reversed flow on 177 faces (34.6% area) of pressure-outlet 18.
   724  1.3354e-06  6.3363e-09  5.8270e-09  7.0777e-09  1:15:21 2776

 Reversed flow on 51 faces (24.7% area) of pressure-outlet 19.

 Reversed flow on 177 faces (34.6% area) of pressure-outlet 18.
   725  1.2412e-06  5.8548e-09  5.3385e-09  6.7078e-09  1:15:19 2775

 Reversed flow on 51 faces (24.7% area) of pressure-outlet 19.

 Reversed flow on 177 faces (34.6% area) of pressure-outlet 18.
   726  1.6040e-06  7.4567e-09  7.0511e-09  7.3716e-09  1:15:16 2774

 Reversed flow on 51 faces (24.7% area) of pressure-outlet 19.

 Reversed flow on 177 faces (34.6% area) of pressure-outlet 18.

  iter  continuity  x-velocity  y-velocity  z-velocity     time/iter
   727  1.2901e-06  5.8820e-09  5.7716e-09  6.5395e-09  1:15:13 2773

 Reversed flow on 51 faces (24.7% area) of pressure-outlet 19.

 Reversed flow on 177 faces (34.6% area) of pressure-outlet 18.
   728  1.2931e-06  6.2551e-09  5.7792e-09  6.5202e-09  1:15:14 2772

 Reversed flow on 51 faces (24.7% area) of pressure-outlet 19.

 Reversed flow on 177 faces (34.6% area) of pressure-outlet 18.
   729  1.1799e-06  5.6873e-09  5.2079e-09  5.9346e-09  1:15:14 2771

 Reversed flow on 51 faces (24.7% area) of pressure-outlet 19.

 Reversed flow on 177 faces (34.6% area) of pressure-outlet 18.
   730  1.5250e-06  7.2052e-09  6.8452e-09  6.4442e-09  1:15:08 2770

 Reversed flow on 51 faces (24.7% area) of pressure-outlet 19.

 Reversed flow on 177 faces (34.6% area) of pressure-outlet 18.
   731  1.1990e-06  5.5673e-09  5.5202e-09  5.5822e-09  1:15:03 2769

 Reversed flow on 51 faces (24.7% area) of pressure-outlet 19.

 Reversed flow on 177 faces (34.6% area) of pressure-outlet 18.
   732  1.2001e-06  5.8781e-09  5.4951e-09  5.5952e-09  1:15:05 2768

 Reversed flow on 51 faces (24.7% area) of pressure-outlet 19.

 Reversed flow on 177 faces (34.6% area) of pressure-outlet 18.
   733  1.0880e-06  5.2539e-09  4.8935e-09  5.1126e-09  1:15:06 2767

 Reversed flow on 51 faces (24.7% area) of pressure-outlet 19.

 Reversed flow on 177 faces (34.6% area) of pressure-outlet 18.
   734  1.4354e-06  6.7630e-09  6.5303e-09  5.7999e-09  1:15:02 2766

 Reversed flow on 51 faces (24.7% area) of pressure-outlet 19.

 Reversed flow on 177 faces (34.6% area) of pressure-outlet 18.
   735  1.1216e-06  5.1556e-09  5.2426e-09  5.2264e-09  1:15:01 2765

 Reversed flow on 51 faces (24.7% area) of pressure-outlet 19.

 Reversed flow on 177 faces (34.6% area) of pressure-outlet 18.
   736  1.1389e-06  5.5104e-09  5.2709e-09  5.6206e-09  1:14:58 2764

 Reversed flow on 51 faces (24.7% area) of pressure-outlet 19.

 Reversed flow on 177 faces (34.6% area) of pressure-outlet 18.
   737  1.0547e-06  4.9349e-09  4.7404e-09  5.5395e-09  1:14:55 2763

 Reversed flow on 51 faces (24.7% area) of pressure-outlet 19.

 Reversed flow on 177 faces (34.6% area) of pressure-outlet 18.

  iter  continuity  x-velocity  y-velocity  z-velocity     time/iter
   738  1.4439e-06  6.5294e-09  6.4690e-09  6.6029e-09  1:14:54 2762

 Reversed flow on 51 faces (24.7% area) of pressure-outlet 19.

 Reversed flow on 177 faces (34.6% area) of pressure-outlet 18.
   739  1.1757e-06  5.0363e-09  5.2787e-09  6.2264e-09  1:14:52 2761

 Reversed flow on 51 faces (24.7% area) of pressure-outlet 19.

 Reversed flow on 177 faces (34.6% area) of pressure-outlet 18.
   740  1.2404e-06  5.5094e-09  5.3878e-09  6.6733e-09  1:14:52 2760

 Reversed flow on 51 faces (24.7% area) of pressure-outlet 19.

 Reversed flow on 177 faces (34.6% area) of pressure-outlet 18.
   741  1.1863e-06  5.0680e-09  4.9407e-09  6.5549e-09  1:14:47 2759

 Reversed flow on 51 faces (24.7% area) of pressure-outlet 19.

 Reversed flow on 177 faces (34.6% area) of pressure-outlet 18.
   742  1.5929e-06  6.8025e-09  6.7517e-09  7.5392e-09  1:14:53 2758

 Reversed flow on 51 faces (24.7% area) of pressure-outlet 19.

 Reversed flow on 177 faces (34.6% area) of pressure-outlet 18.
   743  1.3291e-06  5.3997e-09  5.6186e-09  7.0294e-09  1:18:05 2757

 Reversed flow on 51 faces (24.7% area) of pressure-outlet 19.

 Reversed flow on 177 faces (34.6% area) of pressure-outlet 18.
   744  1.3782e-06  5.9400e-09  5.7477e-09  7.2684e-09  1:17:27 2756

 Reversed flow on 51 faces (24.7% area) of pressure-outlet 19.

 Reversed flow on 177 faces (34.6% area) of pressure-outlet 18.
   745  1.2999e-06  5.5567e-09  5.2971e-09  6.8742e-09  1:16:53 2755

 Reversed flow on 51 faces (24.7% area) of pressure-outlet 19.

 Reversed flow on 177 faces (34.6% area) of pressure-outlet 18.
   746  1.6864e-06  7.3393e-09  7.0888e-09  7.5708e-09  1:16:22 2754

 Reversed flow on 51 faces (24.7% area) of pressure-outlet 19.

 Reversed flow on 177 faces (34.6% area) of pressure-outlet 18.
   747  1.3907e-06  5.9242e-09  5.8801e-09  6.7848e-09  1:15:59 2753

 Reversed flow on 51 faces (24.7% area) of pressure-outlet 19.

 Reversed flow on 177 faces (34.6% area) of pressure-outlet 18.
   748  1.4016e-06  6.4197e-09  5.9249e-09  6.8160e-09  1:15:42 2752

 Reversed flow on 51 faces (24.7% area) of pressure-outlet 19.

 Reversed flow on 177 faces (34.6% area) of pressure-outlet 18.

  iter  continuity  x-velocity  y-velocity  z-velocity     time/iter
   749  1.2904e-06  5.9774e-09  5.4006e-09  6.3558e-09  1:15:28 2751

 Reversed flow on 51 faces (24.7% area) of pressure-outlet 19.

 Reversed flow on 177 faces (34.6% area) of pressure-outlet 18.
   750  1.6567e-06  7.6966e-09  7.1517e-09  7.1354e-09  1:15:15 2750

 Reversed flow on 51 faces (24.7% area) of pressure-outlet 19.

 Reversed flow on 177 faces (34.6% area) of pressure-outlet 18.
   751  1.3485e-06  6.2059e-09  5.9131e-09  6.3547e-09  1:15:05 2749

 Reversed flow on 51 faces (24.7% area) of pressure-outlet 19.

 Reversed flow on 177 faces (34.6% area) of pressure-outlet 18.
   752  1.3559e-06  6.6221e-09  5.9260e-09  6.4430e-09  1:14:59 2748

 Reversed flow on 51 faces (24.7% area) of pressure-outlet 19.

 Reversed flow on 177 faces (34.6% area) of pressure-outlet 18.
   753  1.2440e-06  6.1266e-09  5.3994e-09  6.0384e-09  1:14:51 2747

 Reversed flow on 51 faces (24.7% area) of pressure-outlet 19.

 Reversed flow on 177 faces (34.6% area) of pressure-outlet 18.
   754  1.5974e-06  7.7870e-09  7.1546e-09  6.8702e-09  1:14:45 2746

 Reversed flow on 51 faces (24.7% area) of pressure-outlet 19.

 Reversed flow on 177 faces (34.6% area) of pressure-outlet 18.
   755  1.2898e-06  6.2243e-09  5.9092e-09  6.3347e-09  1:14:44 2745

 Reversed flow on 51 faces (24.7% area) of pressure-outlet 19.

 Reversed flow on 177 faces (34.6% area) of pressure-outlet 18.
   756  1.3054e-06  6.5361e-09  5.9023e-09  6.6328e-09  1:14:39 2744

 Reversed flow on 51 faces (24.7% area) of pressure-outlet 19.

 Reversed flow on 177 faces (34.6% area) of pressure-outlet 18.
   757  1.2098e-06  5.9566e-09  5.3600e-09  6.4197e-09  1:14:37 2743

 Reversed flow on 51 faces (24.7% area) of pressure-outlet 19.

 Reversed flow on 177 faces (34.6% area) of pressure-outlet 18.
   758  1.5839e-06  7.5436e-09  7.0968e-09  7.3280e-09  1:15:51 2742

 Reversed flow on 51 faces (24.7% area) of pressure-outlet 19.

 Reversed flow on 177 faces (34.6% area) of pressure-outlet 18.
   759  1.2872e-06  5.9303e-09  5.8312e-09  6.7274e-09  1:15:30 2741

 Reversed flow on 51 faces (24.7% area) of pressure-outlet 19.

 Reversed flow on 177 faces (34.6% area) of pressure-outlet 18.

  iter  continuity  x-velocity  y-velocity  z-velocity     time/iter
   760  1.3073e-06  6.2331e-09  5.8063e-09  6.8940e-09  1:15:16 2740

 Reversed flow on 51 faces (24.7% area) of pressure-outlet 19.

 Reversed flow on 177 faces (34.6% area) of pressure-outlet 18.
   761  1.2145e-06  5.6742e-09  5.2583e-09  6.5304e-09  1:15:04 2739

 Reversed flow on 51 faces (24.7% area) of pressure-outlet 19.

 Reversed flow on 177 faces (34.6% area) of pressure-outlet 18.
   762  1.5846e-06  7.2685e-09  6.9921e-09  7.2818e-09  1:14:53 2738

 Reversed flow on 51 faces (24.7% area) of pressure-outlet 19.

 Reversed flow on 177 faces (34.6% area) of pressure-outlet 18.
   763  1.2778e-06  5.6780e-09  5.7180e-09  6.5143e-09  1:14:39 2737

 Reversed flow on 51 faces (24.7% area) of pressure-outlet 19.

 Reversed flow on 177 faces (34.6% area) of pressure-outlet 18.
   764  1.2878e-06  6.0243e-09  5.7095e-09  6.5506e-09  1:14:34 2736

 Reversed flow on 51 faces (24.7% area) of pressure-outlet 19.

 Reversed flow on 177 faces (34.6% area) of pressure-outlet 18.
   765  1.1884e-06  5.5062e-09  5.1814e-09  6.0482e-09  1:14:28 2735

 Reversed flow on 51 faces (24.7% area) of pressure-outlet 19.

 Reversed flow on 177 faces (34.6% area) of pressure-outlet 18.
   766  1.5514e-06  7.1278e-09  6.8997e-09  6.6629e-09  1:14:21 2734

 Reversed flow on 51 faces (24.7% area) of pressure-outlet 19.

 Reversed flow on 177 faces (34.6% area) of pressure-outlet 18.
   767  1.2380e-06  5.5484e-09  5.6066e-09  5.8142e-09  1:14:21 2733

 Reversed flow on 51 faces (24.7% area) of pressure-outlet 19.

 Reversed flow on 177 faces (34.6% area) of pressure-outlet 18.
   768  1.2446e-06  5.9074e-09  5.5905e-09  5.8785e-09  1:14:18 2732

 Reversed flow on 51 faces (24.7% area) of pressure-outlet 19.

 Reversed flow on 177 faces (34.6% area) of pressure-outlet 18.
   769  1.1469e-06  5.3922e-09  5.0586e-09  5.4710e-09  1:14:30 2731

 Reversed flow on 51 faces (24.7% area) of pressure-outlet 19.

 Reversed flow on 177 faces (34.6% area) of pressure-outlet 18.
   770  1.5126e-06  7.0107e-09  6.7629e-09  6.2185e-09  1:14:24 2730

 Reversed flow on 51 faces (24.7% area) of pressure-outlet 19.

 Reversed flow on 177 faces (34.6% area) of pressure-outlet 18.

  iter  continuity  x-velocity  y-velocity  z-velocity     time/iter
   771  1.2069e-06  5.4594e-09  5.4866e-09  5.5487e-09  1:14:17 2729

 Reversed flow on 51 faces (24.7% area) of pressure-outlet 19.

 Reversed flow on 177 faces (34.6% area) of pressure-outlet 18.
   772  1.2254e-06  5.8695e-09  5.5035e-09  5.8751e-09  1:14:13 2728

 Reversed flow on 51 faces (24.7% area) of pressure-outlet 19.

 Reversed flow on 177 faces (34.6% area) of pressure-outlet 18.
   773  1.1410e-06  5.4054e-09  5.0137e-09  5.8112e-09  1:14:09 2727

 Reversed flow on 51 faces (24.7% area) of pressure-outlet 19.

 Reversed flow on 177 faces (34.6% area) of pressure-outlet 18.
   774  1.5291e-06  7.0651e-09  6.7665e-09  6.8582e-09  1:14:03 2726

 Reversed flow on 51 faces (24.7% area) of pressure-outlet 19.

 Reversed flow on 177 faces (34.6% area) of pressure-outlet 18.
   775  1.2483e-06  5.5704e-09  5.5497e-09  6.4388e-09  1:13:57 2725

 Reversed flow on 51 faces (24.7% area) of pressure-outlet 19.

 Reversed flow on 177 faces (34.6% area) of pressure-outlet 18.
   776  1.2903e-06  6.0521e-09  5.6283e-09  6.8275e-09  1:13:55 2724

 Reversed flow on 51 faces (24.7% area) of pressure-outlet 19.

 Reversed flow on 177 faces (34.6% area) of pressure-outlet 18.
   777  1.2256e-06  5.6364e-09  5.1787e-09  6.6694e-09  1:13:54 2723

 Reversed flow on 51 faces (24.7% area) of pressure-outlet 19.

 Reversed flow on 177 faces (34.6% area) of pressure-outlet 18.
   778  1.6169e-06  7.3232e-09  6.9441e-09  7.5627e-09  1:13:49 2722

 Reversed flow on 51 faces (24.7% area) of pressure-outlet 19.

 Reversed flow on 177 faces (34.6% area) of pressure-outlet 18.
   779  1.3285e-06  5.8378e-09  5.7284e-09  6.9405e-09  1:13:46 2721

 Reversed flow on 51 faces (24.7% area) of pressure-outlet 19.

 Reversed flow on 177 faces (34.6% area) of pressure-outlet 18.
   780  1.3543e-06  6.3071e-09  5.8152e-09  7.1031e-09  1:13:48 2720

 Reversed flow on 51 faces (24.7% area) of pressure-outlet 19.

 Reversed flow on 177 faces (34.6% area) of pressure-outlet 18.
   781  1.2625e-06  5.8601e-09  5.3383e-09  6.6855e-09  1:13:50 2719

 Reversed flow on 51 faces (24.7% area) of pressure-outlet 19.

 Reversed flow on 177 faces (34.6% area) of pressure-outlet 18.

  iter  continuity  x-velocity  y-velocity  z-velocity     time/iter
   782  1.6204e-06  7.4963e-09  7.0575e-09  7.2939e-09  1:14:10 2718

 Reversed flow on 51 faces (24.7% area) of pressure-outlet 19.

 Reversed flow on 177 faces (34.6% area) of pressure-outlet 18.
   783  1.2993e-06  5.9440e-09  5.7825e-09  6.4296e-09  1:14:15 2717

 Reversed flow on 51 faces (24.7% area) of pressure-outlet 19.

 Reversed flow on 177 faces (34.6% area) of pressure-outlet 18.
   784  1.2958e-06  6.3457e-09  5.7976e-09  6.3842e-09  1:14:10 2716

 Reversed flow on 51 faces (24.7% area) of pressure-outlet 19.

 Reversed flow on 177 faces (34.6% area) of pressure-outlet 18.
   785  1.1787e-06  5.8097e-09  5.2407e-09  5.8184e-09  1:14:04 2715

 Reversed flow on 51 faces (24.7% area) of pressure-outlet 19.

 Reversed flow on 177 faces (34.6% area) of pressure-outlet 18.
   786  1.5294e-06  7.3525e-09  6.8934e-09  6.4194e-09  1:13:57 2714

 Reversed flow on 51 faces (24.7% area) of pressure-outlet 19.

 Reversed flow on 177 faces (34.6% area) of pressure-outlet 18.
   787  1.2076e-06  5.7032e-09  5.5608e-09  5.6482e-09  1:13:51 2713

 Reversed flow on 51 faces (24.7% area) of pressure-outlet 19.

 Reversed flow on 177 faces (34.6% area) of pressure-outlet 18.
   788  1.2038e-06  6.0179e-09  5.5412e-09  5.7011e-09  1:13:49 2712

 Reversed flow on 51 faces (24.7% area) of pressure-outlet 19.

 Reversed flow on 177 faces (34.6% area) of pressure-outlet 18.
   789  1.0954e-06  5.4324e-09  4.9651e-09  5.2574e-09  1:13:58 2711

 Reversed flow on 51 faces (24.7% area) of pressure-outlet 19.

 Reversed flow on 177 faces (34.6% area) of pressure-outlet 18.
   790  1.4557e-06  6.9660e-09  6.6335e-09  5.9615e-09  1:13:49 2710

 Reversed flow on 51 faces (24.7% area) of pressure-outlet 19.

 Reversed flow on 177 faces (34.6% area) of pressure-outlet 18.
   791  1.1445e-06  5.3254e-09  5.3325e-09  5.3964e-09  1:13:43 2709

 Reversed flow on 51 faces (24.7% area) of pressure-outlet 19.

 Reversed flow on 177 faces (34.6% area) of pressure-outlet 18.
   792  1.1624e-06  5.6612e-09  5.3537e-09  5.7671e-09  1:13:38 2708

 Reversed flow on 51 faces (24.7% area) of pressure-outlet 19.

 Reversed flow on 177 faces (34.6% area) of pressure-outlet 18.

  iter  continuity  x-velocity  y-velocity  z-velocity     time/iter
   793  1.0785e-06  5.0937e-09  4.8295e-09  5.6389e-09  1:13:40 2707

 Reversed flow on 51 faces (24.7% area) of pressure-outlet 19.

 Reversed flow on 177 faces (34.6% area) of pressure-outlet 18.
   794  1.4650e-06  6.6834e-09  6.5614e-09  6.6455e-09  1:13:35 2706

 Reversed flow on 51 faces (24.7% area) of pressure-outlet 19.

 Reversed flow on 177 faces (34.6% area) of pressure-outlet 18.
   795  1.1819e-06  5.1249e-09  5.3397e-09  6.1631e-09  1:13:35 2705

 Reversed flow on 51 faces (24.7% area) of pressure-outlet 19.

 Reversed flow on 177 faces (34.6% area) of pressure-outlet 18.
   796  1.2207e-06  5.5365e-09  5.4129e-09  6.5263e-09  1:13:31 2704

 Reversed flow on 51 faces (24.7% area) of pressure-outlet 19.

 Reversed flow on 177 faces (34.6% area) of pressure-outlet 18.
   797  1.1494e-06  5.0445e-09  4.9225e-09  6.3396e-09  1:13:27 2703

 Reversed flow on 51 faces (24.7% area) of pressure-outlet 19.

 Reversed flow on 177 faces (34.6% area) of pressure-outlet 18.
   798  1.5433e-06  6.7187e-09  6.6963e-09  7.2510e-09  1:13:23 2702

 Reversed flow on 51 faces (24.7% area) of pressure-outlet 19.

 Reversed flow on 177 faces (34.6% area) of pressure-outlet 18.
   799  1.2684e-06  5.2355e-09  5.5033e-09  6.6759e-09  1:13:19 2701

 Reversed flow on 51 faces (24.7% area) of pressure-outlet 19.

 Reversed flow on 177 faces (34.6% area) of pressure-outlet 18.
   800  1.3094e-06  5.7189e-09  5.5887e-09  6.8776e-09  1:13:20 2700

 Reversed flow on 51 faces (24.7% area) of pressure-outlet 19.

 Reversed flow on 177 faces (34.6% area) of pressure-outlet 18.
   801  1.2301e-06  5.2882e-09  5.1130e-09  6.5288e-09  1:13:18 2699

 Reversed flow on 51 faces (24.7% area) of pressure-outlet 19.

 Reversed flow on 177 faces (34.6% area) of pressure-outlet 18.
   802  1.6144e-06  7.0248e-09  6.8897e-09  7.2855e-09  1:13:14 2698

 Reversed flow on 51 faces (24.7% area) of pressure-outlet 19.

 Reversed flow on 177 faces (34.6% area) of pressure-outlet 18.
   803  1.3269e-06  5.5916e-09  5.6836e-09  6.5446e-09  1:13:08 2697

 Reversed flow on 51 faces (24.7% area) of pressure-outlet 19.

 Reversed flow on 177 faces (34.6% area) of pressure-outlet 18.

  iter  continuity  x-velocity  y-velocity  z-velocity     time/iter
   804  1.3542e-06  6.0855e-09  5.7434e-09  6.6075e-09  1:13:07 2696

 Reversed flow on 51 faces (24.7% area) of pressure-outlet 19.

 Reversed flow on 177 faces (34.6% area) of pressure-outlet 18.
   805  1.2689e-06  5.6480e-09  5.2329e-09  6.1601e-09  1:13:05 2695

 Reversed flow on 51 faces (24.7% area) of pressure-outlet 19.

 Reversed flow on 177 faces (34.6% area) of pressure-outlet 18.
   806  1.6375e-06  7.3635e-09  6.9759e-09  6.8970e-09  1:13:02 2694

 Reversed flow on 51 faces (24.7% area) of pressure-outlet 19.

 Reversed flow on 177 faces (34.6% area) of pressure-outlet 18.
   807  1.3352e-06  5.9252e-09  5.7516e-09  6.2277e-09  1:12:59 2693

 Reversed flow on 51 faces (24.7% area) of pressure-outlet 19.

 Reversed flow on 177 faces (34.6% area) of pressure-outlet 18.
   808  1.3473e-06  6.3909e-09  5.7958e-09  6.3939e-09  1:12:58 2692

 Reversed flow on 51 faces (24.7% area) of pressure-outlet 19.

 Reversed flow on 177 faces (34.6% area) of pressure-outlet 18.
   809  1.2479e-06  5.9278e-09  5.2861e-09  6.1772e-09  1:12:57 2691

 Reversed flow on 51 faces (24.7% area) of pressure-outlet 19.

 Reversed flow on 177 faces (34.6% area) of pressure-outlet 18.
   810  1.6151e-06  7.6221e-09  7.0637e-09  7.1650e-09  1:12:52 2690

 Reversed flow on 51 faces (24.7% area) of pressure-outlet 19.

 Reversed flow on 177 faces (34.6% area) of pressure-outlet 18.
   811  1.3287e-06  6.1691e-09  5.8860e-09  6.7462e-09  1:12:50 2689

 Reversed flow on 51 faces (24.7% area) of pressure-outlet 19.

 Reversed flow on 177 faces (34.6% area) of pressure-outlet 18.
   812  1.3637e-06  6.6050e-09  5.9577e-09  7.1523e-09  1:12:48 2688

 Reversed flow on 51 faces (24.7% area) of pressure-outlet 19.

 Reversed flow on 177 faces (34.6% area) of pressure-outlet 18.
   813  1.2728e-06  6.1220e-09  5.4705e-09  6.8819e-09  1:12:46 2687

 Reversed flow on 51 faces (24.7% area) of pressure-outlet 19.

 Reversed flow on 177 faces (34.6% area) of pressure-outlet 18.
   814  1.6457e-06  7.7688e-09  7.2418e-09  7.7114e-09  1:12:43 2686

 Reversed flow on 51 faces (24.7% area) of pressure-outlet 19.

 Reversed flow on 177 faces (34.6% area) of pressure-outlet 18.

  iter  continuity  x-velocity  y-velocity  z-velocity     time/iter
   815  1.3506e-06  6.2458e-09  6.0230e-09  7.0777e-09  1:12:39 2685

 Reversed flow on 51 faces (24.7% area) of pressure-outlet 19.

 Reversed flow on 177 faces (34.6% area) of pressure-outlet 18.
   816  1.3720e-06  6.5899e-09  6.0230e-09  7.2087e-09  1:12:41 2684

 Reversed flow on 51 faces (24.7% area) of pressure-outlet 19.

 Reversed flow on 177 faces (34.6% area) of pressure-outlet 18.
   817  1.2687e-06  6.0093e-09  5.4714e-09  6.7727e-09  1:12:40 2683

 Reversed flow on 51 faces (24.7% area) of pressure-outlet 19.

 Reversed flow on 177 faces (34.6% area) of pressure-outlet 18.
   818  1.6197e-06  7.5686e-09  7.1733e-09  7.3982e-09  1:12:36 2682

 Reversed flow on 51 faces (24.7% area) of pressure-outlet 19.

 Reversed flow on 177 faces (34.6% area) of pressure-outlet 18.
   819  1.2960e-06  5.9528e-09  5.8730e-09  6.5043e-09  1:12:35 2681

 Reversed flow on 51 faces (24.7% area) of pressure-outlet 19.

 Reversed flow on 177 faces (34.6% area) of pressure-outlet 18.
   820  1.2940e-06  6.2492e-09  5.8052e-09  6.4198e-09  1:12:34 2680

 Reversed flow on 51 faces (24.7% area) of pressure-outlet 19.

 Reversed flow on 177 faces (34.6% area) of pressure-outlet 18.
   821  1.1788e-06  5.6590e-09  5.2140e-09  5.8386e-09  1:12:32 2679

 Reversed flow on 51 faces (24.7% area) of pressure-outlet 19.

 Reversed flow on 177 faces (34.6% area) of pressure-outlet 18.
   822  1.5287e-06  7.2151e-09  6.8943e-09  6.4155e-09  1:12:33 2678

 Reversed flow on 51 faces (24.7% area) of pressure-outlet 19.

 Reversed flow on 177 faces (34.6% area) of pressure-outlet 18.
   823  1.2065e-06  5.5713e-09  5.5642e-09  5.5906e-09  1:12:30 2677

 Reversed flow on 51 faces (24.7% area) of pressure-outlet 19.

 Reversed flow on 177 faces (34.6% area) of pressure-outlet 18.
   824  1.2113e-06  5.8710e-09  5.5170e-09  5.6897e-09  1:12:29 2676

 Reversed flow on 51 faces (24.7% area) of pressure-outlet 19.

 Reversed flow on 177 faces (34.6% area) of pressure-outlet 18.
   825  1.1099e-06  5.3226e-09  4.9770e-09  5.2920e-09  1:12:30 2675

 Reversed flow on 51 faces (24.7% area) of pressure-outlet 19.

 Reversed flow on 177 faces (34.6% area) of pressure-outlet 18.

  iter  continuity  x-velocity  y-velocity  z-velocity     time/iter
   826  1.4826e-06  6.9462e-09  6.7033e-09  6.0701e-09  1:12:27 2674

 Reversed flow on 51 faces (24.7% area) of pressure-outlet 19.

 Reversed flow on 177 faces (34.6% area) of pressure-outlet 18.
   827  1.1783e-06  5.3506e-09  5.4185e-09  5.3961e-09  1:12:35 2673

 Reversed flow on 51 faces (24.7% area) of pressure-outlet 19.

 Reversed flow on 177 faces (34.6% area) of pressure-outlet 18.
   828  1.1966e-06  5.7222e-09  5.4298e-09  5.7593e-09  1:12:53 2672

 Reversed flow on 51 faces (24.7% area) of pressure-outlet 19.

 Reversed flow on 177 faces (34.6% area) of pressure-outlet 18.
   829  1.1193e-06  5.2602e-09  4.9617e-09  5.7320e-09  1:12:45 2671

 Reversed flow on 51 faces (24.7% area) of pressure-outlet 19.

 Reversed flow on 177 faces (34.6% area) of pressure-outlet 18.
   830  1.5215e-06  6.9483e-09  6.7530e-09  6.8357e-09  1:12:44 2670

 Reversed flow on 51 faces (24.7% area) of pressure-outlet 19.

 Reversed flow on 177 faces (34.6% area) of pressure-outlet 18.
   831  1.2462e-06  5.4271e-09  5.5328e-09  6.4297e-09  1:12:38 2669

 Reversed flow on 51 faces (24.7% area) of pressure-outlet 19.

 Reversed flow on 177 faces (34.6% area) of pressure-outlet 18.
   832  1.2897e-06  5.8936e-09  5.6121e-09  6.8401e-09  1:12:37 2668

 Reversed flow on 51 faces (24.7% area) of pressure-outlet 19.

 Reversed flow on 177 faces (34.6% area) of pressure-outlet 18.
   833  1.2278e-06  5.5051e-09  5.1806e-09  6.7200e-09  1:12:31 2667

 Reversed flow on 51 faces (24.7% area) of pressure-outlet 19.

 Reversed flow on 177 faces (34.6% area) of pressure-outlet 18.
   834  1.6280e-06  7.2486e-09  6.9777e-09  7.6487e-09  1:12:28 2666

 Reversed flow on 51 faces (24.7% area) of pressure-outlet 19.

 Reversed flow on 177 faces (34.6% area) of pressure-outlet 18.
   835  1.3424e-06  5.7718e-09  5.7589e-09  7.0246e-09  1:12:22 2665

 Reversed flow on 51 faces (24.7% area) of pressure-outlet 19.

 Reversed flow on 177 faces (34.6% area) of pressure-outlet 18.
   836  1.3667e-06  6.2492e-09  5.8278e-09  7.1859e-09  1:12:18 2664

 Reversed flow on 51 faces (24.7% area) of pressure-outlet 19.

 Reversed flow on 177 faces (34.6% area) of pressure-outlet 18.

  iter  continuity  x-velocity  y-velocity  z-velocity     time/iter
   837  1.2771e-06  5.8376e-09  5.3526e-09  6.7779e-09  1:12:18 2663

 Reversed flow on 51 faces (24.7% area) of pressure-outlet 19.

 Reversed flow on 177 faces (34.6% area) of pressure-outlet 18.
   838  1.6445e-06  7.5197e-09  7.0841e-09  7.4318e-09  1:12:18 2662

 Reversed flow on 51 faces (24.7% area) of pressure-outlet 19.

 Reversed flow on 177 faces (34.6% area) of pressure-outlet 18.
   839  1.3297e-06  5.9941e-09  5.8071e-09  6.5580e-09  1:12:13 2661

 Reversed flow on 51 faces (24.7% area) of pressure-outlet 19.

 Reversed flow on 177 faces (34.6% area) of pressure-outlet 18.
   840  1.3290e-06  6.4141e-09  5.8192e-09  6.4887e-09  1:12:12 2660

 Reversed flow on 51 faces (24.7% area) of pressure-outlet 19.

 Reversed flow on 177 faces (34.6% area) of pressure-outlet 18.
   841  1.2142e-06  5.9085e-09  5.2691e-09  5.9038e-09  1:12:08 2659

 Reversed flow on 51 faces (24.7% area) of pressure-outlet 19.

 Reversed flow on 177 faces (34.6% area) of pressure-outlet 18.
   842  1.5586e-06  7.4728e-09  6.9270e-09  6.5056e-09  1:12:05 2658

 Reversed flow on 51 faces (24.7% area) of pressure-outlet 19.

 Reversed flow on 177 faces (34.6% area) of pressure-outlet 18.
   843  1.2320e-06  5.8650e-09  5.6189e-09  5.6887e-09  1:12:02 2657

 Reversed flow on 51 faces (24.7% area) of pressure-outlet 19.

 Reversed flow on 177 faces (34.6% area) of pressure-outlet 18.
   844  1.2277e-06  6.2212e-09  5.6130e-09  5.7498e-09  1:11:59 2656

 Reversed flow on 51 faces (24.7% area) of pressure-outlet 19.

 Reversed flow on 177 faces (34.6% area) of pressure-outlet 18.
   845  1.1165e-06  5.6439e-09  5.0444e-09  5.3173e-09  1:11:58 2655

 Reversed flow on 51 faces (24.7% area) of pressure-outlet 19.

 Reversed flow on 177 faces (34.6% area) of pressure-outlet 18.
   846  1.4687e-06  7.1522e-09  6.6990e-09  6.1639e-09  1:11:54 2654

 Reversed flow on 51 faces (24.7% area) of pressure-outlet 19.

 Reversed flow on 177 faces (34.6% area) of pressure-outlet 18.
   847  1.1578e-06  5.5296e-09  5.4290e-09  5.6934e-09  1:11:51 2653

 Reversed flow on 51 faces (24.7% area) of pressure-outlet 19.

 Reversed flow on 177 faces (34.6% area) of pressure-outlet 18.

  iter  continuity  x-velocity  y-velocity  z-velocity     time/iter
   848  1.1828e-06  5.8756e-09  5.4668e-09  6.0757e-09  1:11:53 2652

 Reversed flow on 51 faces (24.7% area) of pressure-outlet 19.

 Reversed flow on 177 faces (34.6% area) of pressure-outlet 18.
   849  1.1011e-06  5.3001e-09  4.9368e-09  5.9085e-09  1:11:51 2651

 Reversed flow on 51 faces (24.7% area) of pressure-outlet 19.

 Reversed flow on 177 faces (34.6% area) of pressure-outlet 18.
   850  1.4814e-06  6.8475e-09  6.6391e-09  6.8316e-09  1:11:49 2650

 Reversed flow on 51 faces (24.7% area) of pressure-outlet 19.

 Reversed flow on 177 faces (34.6% area) of pressure-outlet 18.
   851  1.1979e-06  5.2752e-09  5.4104e-09  6.2975e-09  1:11:45 2649

 Reversed flow on 51 faces (24.7% area) of pressure-outlet 19.

 Reversed flow on 177 faces (34.6% area) of pressure-outlet 18.
   852  1.2348e-06  5.6710e-09  5.4698e-09  6.5593e-09  1:11:42 2648

 Reversed flow on 51 faces (24.7% area) of pressure-outlet 19.

 Reversed flow on 177 faces (34.6% area) of pressure-outlet 18.
   853  1.1525e-06  5.1348e-09  4.9476e-09  6.2472e-09  1:11:41 2647

 Reversed flow on 51 faces (24.7% area) of pressure-outlet 19.

 Reversed flow on 177 faces (34.6% area) of pressure-outlet 18.
   854  1.5264e-06  6.7367e-09  6.6790e-09  7.0247e-09  1:11:38 2646

 Reversed flow on 51 faces (24.7% area) of pressure-outlet 19.

 Reversed flow on 177 faces (34.6% area) of pressure-outlet 18.
   855  1.2265e-06  5.1991e-09  5.4550e-09  6.3213e-09  1:11:36 2645

 Reversed flow on 51 faces (24.7% area) of pressure-outlet 19.

 Reversed flow on 177 faces (34.6% area) of pressure-outlet 18.
   856  1.2458e-06  5.6204e-09  5.4985e-09  6.4103e-09  1:11:37 2644

 Reversed flow on 51 faces (24.7% area) of pressure-outlet 19.

 Reversed flow on 177 faces (34.6% area) of pressure-outlet 18.
   857  1.1500e-06  5.1085e-09  4.9650e-09  5.9514e-09  1:11:34 2643

 Reversed flow on 51 faces (24.7% area) of pressure-outlet 19.

 Reversed flow on 177 faces (34.6% area) of pressure-outlet 18.
   858  1.5233e-06  6.7668e-09  6.6955e-09  6.6447e-09  1:11:32 2642

 Reversed flow on 51 faces (24.7% area) of pressure-outlet 19.

 Reversed flow on 177 faces (34.6% area) of pressure-outlet 18.

  iter  continuity  x-velocity  y-velocity  z-velocity     time/iter
   859  1.2285e-06  5.2535e-09  5.4482e-09  5.8983e-09  1:11:34 2641

 Reversed flow on 51 faces (24.7% area) of pressure-outlet 19.

 Reversed flow on 177 faces (34.6% area) of pressure-outlet 18.
   860  1.2548e-06  5.6947e-09  5.4822e-09  6.0537e-09  1:11:31 2640

 Reversed flow on 51 faces (24.7% area) of pressure-outlet 19.

 Reversed flow on 177 faces (34.6% area) of pressure-outlet 18.
   861  1.1706e-06  5.2225e-09  4.9712e-09  5.7667e-09  1:11:29 2639

 Reversed flow on 51 faces (24.7% area) of pressure-outlet 19.

 Reversed flow on 177 faces (34.6% area) of pressure-outlet 18.
   862  1.5530e-06  6.9400e-09  6.7423e-09  6.6089e-09  1:11:27 2638

 Reversed flow on 51 faces (24.7% area) of pressure-outlet 19.

 Reversed flow on 177 faces (34.6% area) of pressure-outlet 18.
   863  1.2688e-06  5.4757e-09  5.5234e-09  5.9999e-09  1:11:29 2637

 Reversed flow on 51 faces (24.7% area) of pressure-outlet 19.

 Reversed flow on 177 faces (34.6% area) of pressure-outlet 18.
   864  1.3095e-06  5.9685e-09  5.5916e-09  6.2064e-09  1:11:27 2636

 Reversed flow on 51 faces (24.7% area) of pressure-outlet 19.

 Reversed flow on 177 faces (34.6% area) of pressure-outlet 18.
   865  1.2292e-06  5.5559e-09  5.1151e-09  6.0804e-09  1:11:28 2635

 Reversed flow on 51 faces (24.7% area) of pressure-outlet 19.

 Reversed flow on 177 faces (34.6% area) of pressure-outlet 18.
   866  1.6170e-06  7.3324e-09  6.9329e-09  7.1951e-09  1:11:23 2634

 Reversed flow on 51 faces (24.7% area) of pressure-outlet 19.

 Reversed flow on 177 faces (34.6% area) of pressure-outlet 18.
   867  1.3380e-06  5.9003e-09  5.7610e-09  6.8374e-09  1:11:30 2633

 Reversed flow on 51 faces (24.7% area) of pressure-outlet 19.

 Reversed flow on 177 faces (34.6% area) of pressure-outlet 18.
   868  1.3817e-06  6.3962e-09  5.8640e-09  7.2684e-09  1:11:30 2632

 Reversed flow on 51 faces (24.7% area) of pressure-outlet 19.

 Reversed flow on 177 faces (34.6% area) of pressure-outlet 18.
   869  1.3107e-06  5.9999e-09  5.4340e-09  7.1124e-09  1:11:28 2631

 Reversed flow on 51 faces (24.7% area) of pressure-outlet 19.

 Reversed flow on 177 faces (34.6% area) of pressure-outlet 18.

  iter  continuity  x-velocity  y-velocity  z-velocity     time/iter
   870  1.7039e-06  7.7743e-09  7.2758e-09  8.0580e-09  1:11:25 2630

 Reversed flow on 51 faces (24.7% area) of pressure-outlet 19.

 Reversed flow on 177 faces (34.6% area) of pressure-outlet 18.
   871  1.4198e-06  6.3423e-09  6.0997e-09  7.5175e-09  1:11:24 2629

 Reversed flow on 51 faces (24.7% area) of pressure-outlet 19.

 Reversed flow on 177 faces (34.6% area) of pressure-outlet 18.
   872  1.4414e-06  6.7860e-09  6.1673e-09  7.6451e-09  1:11:19 2628

 Reversed flow on 51 faces (24.7% area) of pressure-outlet 19.

 Reversed flow on 177 faces (34.6% area) of pressure-outlet 18.
   873  1.3349e-06  6.2921e-09  5.6693e-09  7.1536e-09  1:11:17 2627

 Reversed flow on 51 faces (24.7% area) of pressure-outlet 19.

 Reversed flow on 177 faces (34.6% area) of pressure-outlet 18.
   874  1.6877e-06  7.9354e-09  7.4076e-09  7.7484e-09  1:11:19 2626

 Reversed flow on 51 faces (24.7% area) of pressure-outlet 19.

 Reversed flow on 177 faces (34.6% area) of pressure-outlet 18.
   875  1.3659e-06  6.3700e-09  6.1182e-09  6.8805e-09  1:11:15 2625

 Reversed flow on 51 faces (24.7% area) of pressure-outlet 19.

 Reversed flow on 177 faces (34.6% area) of pressure-outlet 18.
   876  1.3596e-06  6.6641e-09  6.0532e-09  6.7728e-09  1:11:12 2624

 Reversed flow on 51 faces (24.7% area) of pressure-outlet 19.

 Reversed flow on 177 faces (34.6% area) of pressure-outlet 18.
   877  1.2307e-06  6.0363e-09  5.4287e-09  6.1054e-09  1:11:08 2623

 Reversed flow on 51 faces (24.7% area) of pressure-outlet 19.

 Reversed flow on 177 faces (34.6% area) of pressure-outlet 18.
   878  1.5640e-06  7.5413e-09  7.0617e-09  6.5709e-09  1:11:04 2622

 Reversed flow on 51 faces (24.7% area) of pressure-outlet 19.

 Reversed flow on 177 faces (34.6% area) of pressure-outlet 18.
   879  1.2328e-06  5.8814e-09  5.7033e-09  5.6857e-09  1:11:04 2621

 Reversed flow on 51 faces (24.7% area) of pressure-outlet 19.

 Reversed flow on 177 faces (34.6% area) of pressure-outlet 18.
   880  1.2278e-06  6.1265e-09  5.6134e-09  5.6732e-09  1:11:05 2620

 Reversed flow on 51 faces (24.7% area) of pressure-outlet 19.

 Reversed flow on 177 faces (34.6% area) of pressure-outlet 18.

  iter  continuity  x-velocity  y-velocity  z-velocity     time/iter
   881  1.1139e-06  5.5000e-09  5.0116e-09  5.2152e-09  1:11:05 2619

 Reversed flow on 51 faces (24.7% area) of pressure-outlet 19.

 Reversed flow on 177 faces (34.6% area) of pressure-outlet 18.
   882  1.4647e-06  7.0303e-09  6.6846e-09  5.9329e-09  1:11:00 2618

 Reversed flow on 51 faces (24.7% area) of pressure-outlet 19.

 Reversed flow on 177 faces (34.6% area) of pressure-outlet 18.
   883  1.1548e-06  5.4150e-09  5.4027e-09  5.3869e-09  1:10:55 2617

 Reversed flow on 51 faces (24.7% area) of pressure-outlet 19.

 Reversed flow on 177 faces (34.6% area) of pressure-outlet 18.
   884  1.1756e-06  5.7399e-09  5.4162e-09  5.7908e-09  1:10:50 2616

 Reversed flow on 51 faces (24.7% area) of pressure-outlet 19.

 Reversed flow on 177 faces (34.6% area) of pressure-outlet 18.
   885  1.1001e-06  5.2193e-09  4.9280e-09  5.7334e-09  1:10:52 2615

 Reversed flow on 51 faces (24.7% area) of pressure-outlet 19.

 Reversed flow on 177 faces (34.6% area) of pressure-outlet 18.
   886  1.4927e-06  6.8502e-09  6.6914e-09  6.7813e-09  1:10:55 2614

 Reversed flow on 51 faces (24.7% area) of pressure-outlet 19.

 Reversed flow on 177 faces (34.6% area) of pressure-outlet 18.
   887  1.2180e-06  5.3260e-09  5.4824e-09  6.3547e-09  1:10:51 2613

 Reversed flow on 51 faces (24.7% area) of pressure-outlet 19.

 Reversed flow on 177 faces (34.6% area) of pressure-outlet 18.
   888  1.2669e-06  5.7603e-09  5.5578e-09  6.7411e-09  1:10:47 2612

 Reversed flow on 51 faces (24.7% area) of pressure-outlet 19.

 Reversed flow on 177 faces (34.6% area) of pressure-outlet 18.
   889  1.2046e-06  5.3385e-09  5.1113e-09  6.5869e-09  1:10:47 2611

 Reversed flow on 51 faces (24.7% area) of pressure-outlet 19.

 Reversed flow on 177 faces (34.6% area) of pressure-outlet 18.
   890  1.6013e-06  7.0477e-09  6.8937e-09  7.4815e-09  1:10:46 2610

 Reversed flow on 51 faces (24.7% area) of pressure-outlet 19.

 Reversed flow on 177 faces (34.6% area) of pressure-outlet 18.
   891  1.3178e-06  5.5665e-09  5.6910e-09  6.8607e-09  1:10:46 2609

 Reversed flow on 51 faces (24.7% area) of pressure-outlet 19.

 Reversed flow on 177 faces (34.6% area) of pressure-outlet 18.

  iter  continuity  x-velocity  y-velocity  z-velocity     time/iter
   892  1.3455e-06  6.0505e-09  5.7589e-09  7.0085e-09  1:10:45 2608

 Reversed flow on 51 faces (24.7% area) of pressure-outlet 19.

 Reversed flow on 177 faces (34.6% area) of pressure-outlet 18.
   893  1.2536e-06  5.6427e-09  5.2817e-09  6.5771e-09  1:10:42 2607

 Reversed flow on 51 faces (24.7% area) of pressure-outlet 19.

 Reversed flow on 177 faces (34.6% area) of pressure-outlet 18.
   894  1.6229e-06  7.3479e-09  7.0216e-09  7.2134e-09  1:10:39 2606

 Reversed flow on 51 faces (24.7% area) of pressure-outlet 19.

 Reversed flow on 177 faces (34.6% area) of pressure-outlet 18.
   895  1.3106e-06  5.8333e-09  5.7469e-09  6.3438e-09  1:10:36 2605

 Reversed flow on 51 faces (24.7% area) of pressure-outlet 19.

 Reversed flow on 177 faces (34.6% area) of pressure-outlet 18.
   896  1.3128e-06  6.2659e-09  5.7533e-09  6.3216e-09  1:10:36 2604

 Reversed flow on 51 faces (24.7% area) of pressure-outlet 19.

 Reversed flow on 177 faces (34.6% area) of pressure-outlet 18.
   897  1.2051e-06  5.7901e-09  5.2145e-09  5.8533e-09  1:10:33 2603

 Reversed flow on 51 faces (24.7% area) of pressure-outlet 19.

 Reversed flow on 177 faces (34.6% area) of pressure-outlet 18.
   898  1.5669e-06  7.4110e-09  6.9037e-09  6.5620e-09  1:10:31 2602

 Reversed flow on 51 faces (24.7% area) of pressure-outlet 19.

 Reversed flow on 177 faces (34.6% area) of pressure-outlet 18.
   899  1.2457e-06  5.8172e-09  5.5963e-09  5.7520e-09  1:10:31 2601

 Reversed flow on 51 faces (24.7% area) of pressure-outlet 19.

 Reversed flow on 177 faces (34.6% area) of pressure-outlet 18.
   900  1.2459e-06  6.2046e-09  5.5956e-09  5.8280e-09  1:10:31 2600

 Reversed flow on 51 faces (24.7% area) of pressure-outlet 19.

 Reversed flow on 177 faces (34.6% area) of pressure-outlet 18.
   901  1.1402e-06  5.7007e-09  5.0689e-09  5.4440e-09  1:13:28 2599

 Reversed flow on 51 faces (24.7% area) of pressure-outlet 19.

 Reversed flow on 177 faces (34.6% area) of pressure-outlet 18.
   902  1.5046e-06  7.2915e-09  6.7741e-09  6.3750e-09  1:12:49 2598

 Reversed flow on 51 faces (24.7% area) of pressure-outlet 19.

 Reversed flow on 177 faces (34.6% area) of pressure-outlet 18.

  iter  continuity  x-velocity  y-velocity  z-velocity     time/iter
   903  1.1962e-06  5.6929e-09  5.5073e-09  5.9037e-09  1:12:20 2597

 Reversed flow on 51 faces (24.7% area) of pressure-outlet 19.

 Reversed flow on 177 faces (34.6% area) of pressure-outlet 18.
   904  1.2195e-06  6.0656e-09  5.5584e-09  6.2860e-09  1:11:55 2596

 Reversed flow on 51 faces (24.7% area) of pressure-outlet 19.

 Reversed flow on 177 faces (34.6% area) of pressure-outlet 18.
   905  1.1414e-06  5.5439e-09  5.0687e-09  6.1461e-09  1:11:36 2595

 Reversed flow on 51 faces (24.7% area) of pressure-outlet 19.

 Reversed flow on 177 faces (34.6% area) of pressure-outlet 18.
   906  1.5295e-06  7.1334e-09  6.8123e-09  7.1029e-09  1:11:23 2594

 Reversed flow on 51 faces (24.7% area) of pressure-outlet 19.

 Reversed flow on 177 faces (34.6% area) of pressure-outlet 18.
   907  1.2402e-06  5.5531e-09  5.5750e-09  6.5539e-09  1:11:10 2593

 Reversed flow on 51 faces (24.7% area) of pressure-outlet 19.

 Reversed flow on 177 faces (34.6% area) of pressure-outlet 18.
   908  1.2691e-06  5.9445e-09  5.6255e-09  6.7869e-09  1:10:57 2592

 Reversed flow on 51 faces (24.7% area) of pressure-outlet 19.

 Reversed flow on 177 faces (34.6% area) of pressure-outlet 18.
   909  1.1836e-06  5.4113e-09  5.1184e-09  6.4419e-09  1:10:47 2591

 Reversed flow on 51 faces (24.7% area) of pressure-outlet 19.

 Reversed flow on 177 faces (34.6% area) of pressure-outlet 18.
   910  1.5556e-06  6.9885e-09  6.8330e-09  7.1704e-09  1:10:38 2590

 Reversed flow on 51 faces (24.7% area) of pressure-outlet 19.

 Reversed flow on 177 faces (34.6% area) of pressure-outlet 18.
   911  1.2490e-06  5.4117e-09  5.5656e-09  6.3771e-09  1:10:31 2589

 Reversed flow on 51 faces (24.7% area) of pressure-outlet 19.

 Reversed flow on 177 faces (34.6% area) of pressure-outlet 18.
   912  1.2577e-06  5.7981e-09  5.5767e-09  6.4030e-09  1:10:25 2588

 Reversed flow on 51 faces (24.7% area) of pressure-outlet 19.

 Reversed flow on 177 faces (34.6% area) of pressure-outlet 18.
   913  1.1501e-06  5.2418e-09  5.0077e-09  5.8635e-09  1:10:20 2587

 Reversed flow on 51 faces (24.7% area) of pressure-outlet 19.

 Reversed flow on 177 faces (34.6% area) of pressure-outlet 18.

  iter  continuity  x-velocity  y-velocity  z-velocity     time/iter
   914  1.5021e-06  6.8187e-09  6.6807e-09  6.4408e-09  1:10:13 2586

 Reversed flow on 51 faces (24.7% area) of pressure-outlet 19.

 Reversed flow on 177 faces (34.6% area) of pressure-outlet 18.
   915  1.1875e-06  5.2421e-09  5.3916e-09  5.6109e-09  1:10:12 2585

 Reversed flow on 51 faces (24.7% area) of pressure-outlet 19.

 Reversed flow on 177 faces (34.6% area) of pressure-outlet 18.
   916  1.1999e-06  5.6136e-09  5.3868e-09  5.6984e-09  1:10:09 2584

 Reversed flow on 51 faces (24.7% area) of pressure-outlet 19.

 Reversed flow on 177 faces (34.6% area) of pressure-outlet 18.
   917  1.1016e-06  5.0577e-09  4.8274e-09  5.3009e-09  1:10:07 2583

 Reversed flow on 51 faces (24.7% area) of pressure-outlet 19.

 Reversed flow on 177 faces (34.6% area) of pressure-outlet 18.
   918  1.4743e-06  6.6798e-09  6.5343e-09  6.1127e-09  1:10:04 2582

 Reversed flow on 51 faces (24.7% area) of pressure-outlet 19.

 Reversed flow on 177 faces (34.6% area) of pressure-outlet 18.
   919  1.1862e-06  5.1806e-09  5.3087e-09  5.5394e-09  1:10:00 2581

 Reversed flow on 51 faces (24.7% area) of pressure-outlet 19.

 Reversed flow on 177 faces (34.6% area) of pressure-outlet 18.
   920  1.2249e-06  5.6351e-09  5.3822e-09  5.9626e-09  1:09:57 2580

 Reversed flow on 51 faces (24.7% area) of pressure-outlet 19.

 Reversed flow on 177 faces (34.6% area) of pressure-outlet 18.
   921  1.1498e-06  5.1739e-09  4.9161e-09  5.9482e-09  1:09:53 2579

 Reversed flow on 51 faces (24.7% area) of pressure-outlet 19.

 Reversed flow on 177 faces (34.6% area) of pressure-outlet 18.
   922  1.5499e-06  6.8944e-09  6.7192e-09  7.0953e-09  1:09:51 2578

 Reversed flow on 51 faces (24.7% area) of pressure-outlet 19.

 Reversed flow on 177 faces (34.6% area) of pressure-outlet 18.
   923  1.2972e-06  5.4993e-09  5.5778e-09  6.7654e-09  1:09:50 2577

 Reversed flow on 51 faces (24.7% area) of pressure-outlet 19.

 Reversed flow on 177 faces (34.6% area) of pressure-outlet 18.
   924  1.3654e-06  6.0416e-09  5.7031e-09  7.2000e-09  1:09:49 2576

 Reversed flow on 51 faces (24.7% area) of pressure-outlet 19.

 Reversed flow on 177 faces (34.6% area) of pressure-outlet 18.

  iter  continuity  x-velocity  y-velocity  z-velocity     time/iter
   925  1.3026e-06  5.6610e-09  5.2686e-09  7.0672e-09  1:09:50 2575

 Reversed flow on 51 faces (24.7% area) of pressure-outlet 19.

 Reversed flow on 177 faces (34.6% area) of pressure-outlet 18.
   926  1.6919e-06  7.4485e-09  7.0937e-09  8.0307e-09  1:09:46 2574

 Reversed flow on 51 faces (24.7% area) of pressure-outlet 19.

 Reversed flow on 177 faces (34.6% area) of pressure-outlet 18.
   927  1.4158e-06  6.0711e-09  5.9475e-09  7.4880e-09  1:09:47 2573

 Reversed flow on 51 faces (24.7% area) of pressure-outlet 19.

 Reversed flow on 177 faces (34.6% area) of pressure-outlet 18.
   928  1.4563e-06  6.5865e-09  6.0591e-09  7.6888e-09  1:09:43 2572

 Reversed flow on 51 faces (24.7% area) of pressure-outlet 19.

 Reversed flow on 177 faces (34.6% area) of pressure-outlet 18.
   929  1.3633e-06  6.1762e-09  5.5993e-09  7.2306e-09  1:09:41 2571

 Reversed flow on 51 faces (24.7% area) of pressure-outlet 19.

 Reversed flow on 177 faces (34.6% area) of pressure-outlet 18.
   930  1.7195e-06  7.9092e-09  7.3828e-09  7.8912e-09  1:09:37 2570

 Reversed flow on 51 faces (24.7% area) of pressure-outlet 19.

 Reversed flow on 177 faces (34.6% area) of pressure-outlet 18.
   931  1.4038e-06  6.4425e-09  6.1575e-09  7.0343e-09  1:09:36 2569

 Reversed flow on 51 faces (24.7% area) of pressure-outlet 19.

 Reversed flow on 177 faces (34.6% area) of pressure-outlet 18.
   932  1.3975e-06  6.8292e-09  6.1586e-09  6.8779e-09  1:09:35 2568

 Reversed flow on 51 faces (24.7% area) of pressure-outlet 19.

 Reversed flow on 177 faces (34.6% area) of pressure-outlet 18.
   933  1.2706e-06  6.2630e-09  5.5764e-09  6.2077e-09  1:09:33 2567

 Reversed flow on 51 faces (24.7% area) of pressure-outlet 19.

 Reversed flow on 177 faces (34.6% area) of pressure-outlet 18.
   934  1.6053e-06  7.8285e-09  7.2375e-09  6.7737e-09  1:09:31 2566

 Reversed flow on 51 faces (24.7% area) of pressure-outlet 19.

 Reversed flow on 177 faces (34.6% area) of pressure-outlet 18.
   935  1.2764e-06  6.1748e-09  5.8895e-09  5.9589e-09  1:09:26 2565

 Reversed flow on 51 faces (24.7% area) of pressure-outlet 19.

 Reversed flow on 177 faces (34.6% area) of pressure-outlet 18.

  iter  continuity  x-velocity  y-velocity  z-velocity     time/iter
   936  1.2629e-06  6.4065e-09  5.7909e-09  5.9225e-09  1:09:25 2564

 Reversed flow on 51 faces (24.7% area) of pressure-outlet 19.

 Reversed flow on 177 faces (34.6% area) of pressure-outlet 18.
   937  1.1409e-06  5.7554e-09  5.1665e-09  5.4051e-09  1:09:26 2563

 Reversed flow on 51 faces (24.7% area) of pressure-outlet 19.

 Reversed flow on 177 faces (34.6% area) of pressure-outlet 18.
   938  1.4912e-06  7.2845e-09  6.8297e-09  6.0897e-09  1:09:25 2562

 Reversed flow on 51 faces (24.7% area) of pressure-outlet 19.

 Reversed flow on 177 faces (34.6% area) of pressure-outlet 18.
   939  1.1758e-06  5.6274e-09  5.4989e-09  5.5257e-09  1:09:25 2561

 Reversed flow on 51 faces (24.7% area) of pressure-outlet 19.

 Reversed flow on 177 faces (34.6% area) of pressure-outlet 18.
   940  1.1894e-06  5.9051e-09  5.4705e-09  5.8888e-09  1:09:22 2560

 Reversed flow on 51 faces (24.7% area) of pressure-outlet 19.

 Reversed flow on 177 faces (34.6% area) of pressure-outlet 18.
   941  1.1071e-06  5.3363e-09  4.9547e-09  5.7829e-09  1:09:26 2559

 Reversed flow on 51 faces (24.7% area) of pressure-outlet 19.

 Reversed flow on 177 faces (34.6% area) of pressure-outlet 18.
   942  1.4998e-06  6.9594e-09  6.7355e-09  6.8088e-09  1:09:25 2558

 Reversed flow on 51 faces (24.7% area) of pressure-outlet 19.

 Reversed flow on 177 faces (34.6% area) of pressure-outlet 18.
   943  1.2213e-06  5.3908e-09  5.5117e-09  6.3344e-09  1:09:24 2557

 Reversed flow on 51 faces (24.7% area) of pressure-outlet 19.

 Reversed flow on 177 faces (34.6% area) of pressure-outlet 18.
   944  1.2608e-06  5.7835e-09  5.5695e-09  6.6912e-09  1:09:23 2556

 Reversed flow on 51 faces (24.7% area) of pressure-outlet 19.

 Reversed flow on 177 faces (34.6% area) of pressure-outlet 18.
   945  1.1929e-06  5.3397e-09  5.1162e-09  6.5088e-09  1:09:21 2555

 Reversed flow on 51 faces (24.7% area) of pressure-outlet 19.

 Reversed flow on 177 faces (34.6% area) of pressure-outlet 18.
   946  1.5890e-06  7.0352e-09  6.9173e-09  7.3908e-09  1:09:18 2554

 Reversed flow on 51 faces (24.7% area) of pressure-outlet 19.

 Reversed flow on 177 faces (34.6% area) of pressure-outlet 18.

  iter  continuity  x-velocity  y-velocity  z-velocity     time/iter
   947  1.2997e-06  5.5104e-09  5.6908e-09  6.7402e-09  1:09:14 2553

 Reversed flow on 51 faces (24.7% area) of pressure-outlet 19.

 Reversed flow on 177 faces (34.6% area) of pressure-outlet 18.
   948  1.3228e-06  5.9501e-09  5.7327e-09  6.8748e-09  1:09:10 2552

 Reversed flow on 51 faces (24.7% area) of pressure-outlet 19.

 Reversed flow on 177 faces (34.6% area) of pressure-outlet 18.
   949  1.2344e-06  5.5271e-09  5.2430e-09  6.4810e-09  1:09:08 2551

 Reversed flow on 51 faces (24.7% area) of pressure-outlet 19.

 Reversed flow on 177 faces (34.6% area) of pressure-outlet 18.
   950  1.6089e-06  7.2242e-09  6.9829e-09  7.1420e-09  1:09:08 2550

 Reversed flow on 51 faces (24.7% area) of pressure-outlet 19.

 Reversed flow on 177 faces (34.6% area) of pressure-outlet 18.
   951  1.3012e-06  5.7081e-09  5.7041e-09  6.2913e-09  1:09:07 2549

 Reversed flow on 51 faces (24.7% area) of pressure-outlet 19.

 Reversed flow on 177 faces (34.6% area) of pressure-outlet 18.
   952  1.3071e-06  6.1403e-09  5.7056e-09  6.2822e-09  1:09:03 2548

 Reversed flow on 51 faces (24.7% area) of pressure-outlet 19.

 Reversed flow on 177 faces (34.6% area) of pressure-outlet 18.
   953  1.2029e-06  5.6687e-09  5.1692e-09  5.8265e-09  1:09:10 2547

 Reversed flow on 51 faces (24.7% area) of pressure-outlet 19.

 Reversed flow on 177 faces (34.6% area) of pressure-outlet 18.
   954  1.5629e-06  7.3034e-09  6.8653e-09  6.4981e-09  1:09:05 2546

 Reversed flow on 51 faces (24.7% area) of pressure-outlet 19.

 Reversed flow on 177 faces (34.6% area) of pressure-outlet 18.
   955  1.2502e-06  5.7599e-09  5.5744e-09  5.7468e-09  1:09:02 2545

 Reversed flow on 51 faces (24.7% area) of pressure-outlet 19.

 Reversed flow on 177 faces (34.6% area) of pressure-outlet 18.
   956  1.2567e-06  6.1723e-09  5.5870e-09  5.8755e-09  1:08:59 2544

 Reversed flow on 51 faces (24.7% area) of pressure-outlet 19.

 Reversed flow on 177 faces (34.6% area) of pressure-outlet 18.
   957  1.1549e-06  5.6743e-09  5.0645e-09  5.6474e-09  1:08:56 2543

 Reversed flow on 51 faces (24.7% area) of pressure-outlet 19.

 Reversed flow on 177 faces (34.6% area) of pressure-outlet 18.

  iter  continuity  x-velocity  y-velocity  z-velocity     time/iter
   958  1.5192e-06  7.2693e-09  6.7768e-09  6.6096e-09  1:08:52 2542

 Reversed flow on 51 faces (24.7% area) of pressure-outlet 19.

 Reversed flow on 177 faces (34.6% area) of pressure-outlet 18.
   959  1.2235e-06  5.7168e-09  5.5353e-09  6.1514e-09  1:08:53 2541

 Reversed flow on 51 faces (24.7% area) of pressure-outlet 19.

 Reversed flow on 177 faces (34.6% area) of pressure-outlet 18.
   960  1.2528e-06  6.1419e-09  5.6047e-09  6.5202e-09  1:08:54 2540

 Reversed flow on 51 faces (24.7% area) of pressure-outlet 19.

 Reversed flow on 177 faces (34.6% area) of pressure-outlet 18.
   961  1.1741e-06  5.6553e-09  5.1193e-09  6.3599e-09  1:08:50 2539

 Reversed flow on 51 faces (24.7% area) of pressure-outlet 19.

 Reversed flow on 177 faces (34.6% area) of pressure-outlet 18.
   962  1.5550e-06  7.2554e-09  6.8531e-09  7.2647e-09  1:08:49 2538

 Reversed flow on 51 faces (24.7% area) of pressure-outlet 19.

 Reversed flow on 177 faces (34.6% area) of pressure-outlet 18.
   963  1.2618e-06  5.7131e-09  5.6292e-09  6.6783e-09  1:08:51 2537

 Reversed flow on 51 faces (24.7% area) of pressure-outlet 19.

 Reversed flow on 177 faces (34.6% area) of pressure-outlet 18.
   964  1.2931e-06  6.1297e-09  5.6973e-09  6.8778e-09  1:08:51 2536

 Reversed flow on 51 faces (24.7% area) of pressure-outlet 19.

 Reversed flow on 177 faces (34.6% area) of pressure-outlet 18.
   965  1.2053e-06  5.6042e-09  5.1976e-09  6.5149e-09  1:08:47 2535

 Reversed flow on 51 faces (24.7% area) of pressure-outlet 19.

 Reversed flow on 177 faces (34.6% area) of pressure-outlet 18.
   966  1.5684e-06  7.1789e-09  6.9090e-09  7.1879e-09  1:08:47 2534

 Reversed flow on 51 faces (24.7% area) of pressure-outlet 19.

 Reversed flow on 177 faces (34.6% area) of pressure-outlet 18.
   967  1.2514e-06  5.5961e-09  5.6373e-09  6.3436e-09  1:08:43 2533

 Reversed flow on 51 faces (24.7% area) of pressure-outlet 19.

 Reversed flow on 177 faces (34.6% area) of pressure-outlet 18.
   968  1.2570e-06  5.9656e-09  5.6461e-09  6.3046e-09  1:08:42 2532

 Reversed flow on 51 faces (24.7% area) of pressure-outlet 19.

 Reversed flow on 177 faces (34.6% area) of pressure-outlet 18.

  iter  continuity  x-velocity  y-velocity  z-velocity     time/iter
   969  1.1468e-06  5.3876e-09  5.0733e-09  5.7214e-09  1:08:40 2531

 Reversed flow on 51 faces (24.7% area) of pressure-outlet 19.

 Reversed flow on 177 faces (34.6% area) of pressure-outlet 18.
   970  1.4966e-06  6.9262e-09  6.7273e-09  6.2723e-09  1:08:36 2530

 Reversed flow on 51 faces (24.7% area) of pressure-outlet 19.

 Reversed flow on 177 faces (34.6% area) of pressure-outlet 18.
   971  1.1727e-06  5.2949e-09  5.3984e-09  5.4410e-09  1:08:37 2529

 Reversed flow on 51 faces (24.7% area) of pressure-outlet 19.

 Reversed flow on 177 faces (34.6% area) of pressure-outlet 18.
   972  1.1764e-06  5.6247e-09  5.3652e-09  5.5385e-09  1:08:35 2528

 Reversed flow on 51 faces (24.7% area) of pressure-outlet 19.

 Reversed flow on 177 faces (34.6% area) of pressure-outlet 18.
   973  1.0654e-06  5.0321e-09  4.7847e-09  5.0874e-09  1:08:35 2527

 Reversed flow on 51 faces (24.7% area) of pressure-outlet 19.

 Reversed flow on 177 faces (34.6% area) of pressure-outlet 18.
   974  1.4291e-06  6.6122e-09  6.4730e-09  5.8602e-09  1:08:32 2526

 Reversed flow on 51 faces (24.7% area) of pressure-outlet 19.

 Reversed flow on 177 faces (34.6% area) of pressure-outlet 18.
   975  1.1290e-06  5.0312e-09  5.1975e-09  5.2284e-09  1:08:27 2525

 Reversed flow on 51 faces (24.7% area) of pressure-outlet 19.

 Reversed flow on 177 faces (34.6% area) of pressure-outlet 18.
   976  1.1559e-06  5.4274e-09  5.2311e-09  5.6387e-09  1:08:26 2524

 Reversed flow on 51 faces (24.7% area) of pressure-outlet 19.

 Reversed flow on 177 faces (34.6% area) of pressure-outlet 18.
   977  1.0838e-06  4.9343e-09  4.7490e-09  5.6328e-09  1:08:23 2523

 Reversed flow on 51 faces (24.7% area) of pressure-outlet 19.

 Reversed flow on 177 faces (34.6% area) of pressure-outlet 18.
   978  1.4948e-06  6.6333e-09  6.5546e-09  6.8064e-09  1:08:21 2522

 Reversed flow on 51 faces (24.7% area) of pressure-outlet 19.

 Reversed flow on 177 faces (34.6% area) of pressure-outlet 18.
   979  1.2388e-06  5.1790e-09  5.3968e-09  6.5014e-09  1:08:25 2521

 Reversed flow on 51 faces (24.7% area) of pressure-outlet 19.

 Reversed flow on 177 faces (34.6% area) of pressure-outlet 18.

  iter  continuity  x-velocity  y-velocity  z-velocity     time/iter
   980  1.3029e-06  5.6974e-09  5.5356e-09  6.9907e-09  1:08:23 2520

 Reversed flow on 51 faces (24.7% area) of pressure-outlet 19.

 Reversed flow on 177 faces (34.6% area) of pressure-outlet 18.
   981  1.2499e-06  5.3198e-09  5.1286e-09  6.9178e-09  1:09:30 2519

 Reversed flow on 51 faces (24.7% area) of pressure-outlet 19.

 Reversed flow on 177 faces (34.6% area) of pressure-outlet 18.
   982  1.6634e-06  7.1341e-09  6.9768e-09  7.9292e-09  1:09:12 2518

 Reversed flow on 51 faces (24.7% area) of pressure-outlet 19.

 Reversed flow on 177 faces (34.6% area) of pressure-outlet 18.
   983  1.4073e-06  5.7580e-09  5.8325e-09  7.3778e-09  1:08:56 2517

 Reversed flow on 51 faces (24.7% area) of pressure-outlet 19.

 Reversed flow on 177 faces (34.6% area) of pressure-outlet 18.
   984  1.4483e-06  6.2978e-09  5.9392e-09  7.5905e-09  1:08:46 2516

 Reversed flow on 51 faces (24.7% area) of pressure-outlet 19.

 Reversed flow on 177 faces (34.6% area) of pressure-outlet 18.
   985  1.3552e-06  5.9240e-09  5.4778e-09  7.2046e-09  1:08:35 2515

 Reversed flow on 51 faces (24.7% area) of pressure-outlet 19.

 Reversed flow on 177 faces (34.6% area) of pressure-outlet 18.
   986  1.7206e-06  7.7061e-09  7.2692e-09  7.9268e-09  1:08:30 2514

 Reversed flow on 51 faces (24.7% area) of pressure-outlet 19.

 Reversed flow on 177 faces (34.6% area) of pressure-outlet 18.
   987  1.4228e-06  6.2895e-09  6.0598e-09  7.1394e-09  1:08:27 2513

 Reversed flow on 51 faces (24.7% area) of pressure-outlet 19.

 Reversed flow on 177 faces (34.6% area) of pressure-outlet 18.
   988  1.4350e-06  6.7533e-09  6.0962e-09  7.0622e-09  1:08:19 2512

 Reversed flow on 51 faces (24.7% area) of pressure-outlet 19.

 Reversed flow on 177 faces (34.6% area) of pressure-outlet 18.
   989  1.3169e-06  6.2735e-09  5.5587e-09  6.4787e-09  1:08:13 2511

 Reversed flow on 51 faces (24.7% area) of pressure-outlet 19.

 Reversed flow on 177 faces (34.6% area) of pressure-outlet 18.
   990  1.6589e-06  7.9273e-09  7.2759e-09  7.1249e-09  1:08:07 2510

 Reversed flow on 51 faces (24.7% area) of pressure-outlet 19.

 Reversed flow on 177 faces (34.6% area) of pressure-outlet 18.

  iter  continuity  x-velocity  y-velocity  z-velocity     time/iter
   991  1.3332e-06  6.3961e-09  6.0158e-09  6.2401e-09  1:08:05 2509

 Reversed flow on 51 faces (24.7% area) of pressure-outlet 19.

 Reversed flow on 177 faces (34.6% area) of pressure-outlet 18.
   992  1.3292e-06  6.7179e-09  5.9790e-09  6.2042e-09  1:08:02 2508

 Reversed flow on 51 faces (24.7% area) of pressure-outlet 19.

 Reversed flow on 177 faces (34.6% area) of pressure-outlet 18.
   993  1.2017e-06  6.1010e-09  5.3748e-09  5.6956e-09  1:07:58 2507

 Reversed flow on 51 faces (24.7% area) of pressure-outlet 19.

 Reversed flow on 177 faces (34.6% area) of pressure-outlet 18.
   994  1.5392e-06  7.6209e-09  7.0325e-09  6.5062e-09  1:07:56 2506

 Reversed flow on 51 faces (24.7% area) of pressure-outlet 19.

 Reversed flow on 177 faces (34.6% area) of pressure-outlet 18.
   995  1.2220e-06  5.9900e-09  5.7400e-09  5.9908e-09  1:07:54 2505

 Reversed flow on 51 faces (24.7% area) of pressure-outlet 19.

 Reversed flow on 177 faces (34.6% area) of pressure-outlet 18.
   996  1.2382e-06  6.2405e-09  5.7007e-09  6.2872e-09  1:07:53 2504

 Reversed flow on 51 faces (24.7% area) of pressure-outlet 19.

 Reversed flow on 177 faces (34.6% area) of pressure-outlet 18.
   997  1.1442e-06  5.6139e-09  5.1280e-09  6.0572e-09  1:07:52 2503

 Reversed flow on 51 faces (24.7% area) of pressure-outlet 19.

 Reversed flow on 177 faces (34.6% area) of pressure-outlet 18.
   998  1.5178e-06  7.1671e-09  6.8235e-09  6.9598e-09  1:07:48 2502

 Reversed flow on 51 faces (24.7% area) of pressure-outlet 19.

 Reversed flow on 177 faces (34.6% area) of pressure-outlet 18.
   999  1.2313e-06  5.5842e-09  5.5794e-09  6.4330e-09  1:07:48 2501

 Reversed flow on 51 faces (24.7% area) of pressure-outlet 19.

 Reversed flow on 177 faces (34.6% area) of pressure-outlet 18.
  1000  1.2652e-06  5.9207e-09  5.5961e-09  6.6900e-09  1:07:47 2500

 Reversed flow on 51 faces (24.7% area) of pressure-outlet 19.

 Reversed flow on 177 faces (34.6% area) of pressure-outlet 18.
  1001  1.1863e-06  5.3989e-09  5.0992e-09  6.3965e-09  1:07:46 2499

 Reversed flow on 51 faces (24.7% area) of pressure-outlet 19.

 Reversed flow on 177 faces (34.6% area) of pressure-outlet 18.

  iter  continuity  x-velocity  y-velocity  z-velocity     time/iter
  1002  1.5671e-06  7.0303e-09  6.8733e-09  7.1898e-09  1:07:43 2498

 Reversed flow on 51 faces (24.7% area) of pressure-outlet 19.

 Reversed flow on 177 faces (34.6% area) of pressure-outlet 18.
  1003  1.2699e-06  5.4888e-09  5.6446e-09  6.4783e-09  1:07:39 2497

 Reversed flow on 51 faces (24.7% area) of pressure-outlet 19.

 Reversed flow on 177 faces (34.6% area) of pressure-outlet 18.
  1004  1.2855e-06  5.8884e-09  5.6715e-09  6.5509e-09  1:07:36 2496

 Reversed flow on 51 faces (24.7% area) of pressure-outlet 19.

 Reversed flow on 177 faces (34.6% area) of pressure-outlet 18.
  1005  1.1925e-06  5.4187e-09  5.1710e-09  6.0913e-09  1:07:33 2495

 Reversed flow on 51 faces (24.7% area) of pressure-outlet 19.

 Reversed flow on 177 faces (34.6% area) of pressure-outlet 18.
  1006  1.5618e-06  7.0769e-09  6.9088e-09  6.7329e-09  1:07:32 2494

 Reversed flow on 51 faces (24.7% area) of pressure-outlet 19.

 Reversed flow on 177 faces (34.6% area) of pressure-outlet 18.
  1007  1.2499e-06  5.5129e-09  5.6193e-09  5.9080e-09  1:07:32 2493

 Reversed flow on 51 faces (24.7% area) of pressure-outlet 19.

 Reversed flow on 177 faces (34.6% area) of pressure-outlet 18.
  1008  1.2574e-06  5.9036e-09  5.5996e-09  6.0045e-09  1:07:33 2492

 Reversed flow on 51 faces (24.7% area) of pressure-outlet 19.

 Reversed flow on 177 faces (34.6% area) of pressure-outlet 18.
  1009  1.1643e-06  5.4290e-09  5.0685e-09  5.6682e-09  1:07:31 2491

 Reversed flow on 51 faces (24.7% area) of pressure-outlet 19.

 Reversed flow on 177 faces (34.6% area) of pressure-outlet 18.
  1010  1.5367e-06  7.0936e-09  6.7944e-09  6.4148e-09  1:07:29 2490

 Reversed flow on 51 faces (24.7% area) of pressure-outlet 19.

 Reversed flow on 177 faces (34.6% area) of pressure-outlet 18.
  1011  1.2315e-06  5.5420e-09  5.5031e-09  5.6968e-09  1:07:26 2489

 Reversed flow on 51 faces (24.7% area) of pressure-outlet 19.

 Reversed flow on 177 faces (34.6% area) of pressure-outlet 18.
  1012  1.2428e-06  5.9668e-09  5.5143e-09  5.8698e-09  1:07:24 2488

 Reversed flow on 51 faces (24.7% area) of pressure-outlet 19.

 Reversed flow on 177 faces (34.6% area) of pressure-outlet 18.

  iter  continuity  x-velocity  y-velocity  z-velocity     time/iter
  1013  1.1535e-06  5.5216e-09  5.0227e-09  5.7342e-09  1:07:21 2487

 Reversed flow on 51 faces (24.7% area) of pressure-outlet 19.

 Reversed flow on 177 faces (34.6% area) of pressure-outlet 18.
  1014  1.5395e-06  7.2075e-09  6.7885e-09  6.7765e-09  1:07:19 2486

 Reversed flow on 51 faces (24.7% area) of pressure-outlet 19.

 Reversed flow on 177 faces (34.6% area) of pressure-outlet 18.
  1015  1.2538e-06  5.6715e-09  5.5502e-09  6.3368e-09  1:07:19 2485

 Reversed flow on 51 faces (24.7% area) of pressure-outlet 19.

 Reversed flow on 177 faces (34.6% area) of pressure-outlet 18.
  1016  1.2854e-06  6.1175e-09  5.6246e-09  6.7180e-09  1:07:28 2484

 Reversed flow on 51 faces (24.7% area) of pressure-outlet 19.

 Reversed flow on 177 faces (34.6% area) of pressure-outlet 18.
  1017  1.2128e-06  5.6894e-09  5.1798e-09  6.5645e-09  1:07:25 2483

 Reversed flow on 51 faces (24.7% area) of pressure-outlet 19.

 Reversed flow on 177 faces (34.6% area) of pressure-outlet 18.
  1018  1.6046e-06  7.3632e-09  6.9539e-09  7.4802e-09  1:07:23 2482

 Reversed flow on 51 faces (24.7% area) of pressure-outlet 19.

 Reversed flow on 177 faces (34.6% area) of pressure-outlet 18.
  1019  1.3121e-06  5.8435e-09  5.7204e-09  6.8644e-09  1:07:20 2481

 Reversed flow on 51 faces (24.7% area) of pressure-outlet 19.

 Reversed flow on 177 faces (34.6% area) of pressure-outlet 18.
  1020  1.3327e-06  6.2842e-09  5.7941e-09  7.0527e-09  1:07:17 2480

 Reversed flow on 51 faces (24.7% area) of pressure-outlet 19.

 Reversed flow on 177 faces (34.6% area) of pressure-outlet 18.
  1021  1.2376e-06  5.8063e-09  5.3057e-09  6.6753e-09  1:07:16 2479

 Reversed flow on 51 faces (24.7% area) of pressure-outlet 19.

 Reversed flow on 177 faces (34.6% area) of pressure-outlet 18.
  1022  1.5982e-06  7.4172e-09  7.0212e-09  7.3339e-09  1:07:15 2478

 Reversed flow on 51 faces (24.7% area) of pressure-outlet 19.

 Reversed flow on 177 faces (34.6% area) of pressure-outlet 18.
  1023  1.2837e-06  5.8466e-09  5.7406e-09  6.4986e-09  1:07:12 2477

 Reversed flow on 51 faces (24.7% area) of pressure-outlet 19.

 Reversed flow on 177 faces (34.6% area) of pressure-outlet 18.

  iter  continuity  x-velocity  y-velocity  z-velocity     time/iter
  1024  1.2876e-06  6.2202e-09  5.7474e-09  6.4664e-09  1:07:14 2476

 Reversed flow on 51 faces (24.7% area) of pressure-outlet 19.

 Reversed flow on 177 faces (34.6% area) of pressure-outlet 18.
  1025  1.1737e-06  5.6504e-09  5.1751e-09  5.8775e-09  1:07:11 2475

 Reversed flow on 51 faces (24.7% area) of pressure-outlet 19.

 Reversed flow on 177 faces (34.6% area) of pressure-outlet 18.
  1026  1.5172e-06  7.1735e-09  6.8173e-09  6.4025e-09  1:07:08 2474

 Reversed flow on 51 faces (24.7% area) of pressure-outlet 19.

 Reversed flow on 177 faces (34.6% area) of pressure-outlet 18.
  1027  1.1928e-06  5.5373e-09  5.4931e-09  5.5488e-09  1:07:05 2473

 Reversed flow on 51 faces (24.7% area) of pressure-outlet 19.

 Reversed flow on 177 faces (34.6% area) of pressure-outlet 18.
  1028  1.1942e-06  5.8478e-09  5.4700e-09  5.5671e-09  1:07:02 2472

 Reversed flow on 51 faces (24.7% area) of pressure-outlet 19.

 Reversed flow on 177 faces (34.6% area) of pressure-outlet 18.
  1029  1.0823e-06  5.2234e-09  4.8685e-09  5.0936e-09  1:07:00 2471

 Reversed flow on 51 faces (24.7% area) of pressure-outlet 19.

 Reversed flow on 177 faces (34.6% area) of pressure-outlet 18.
  1030  1.4300e-06  6.7344e-09  6.5104e-09  5.7958e-09  1:07:00 2470

 Reversed flow on 51 faces (24.7% area) of pressure-outlet 19.

 Reversed flow on 177 faces (34.6% area) of pressure-outlet 18.
  1031  1.1174e-06  5.1267e-09  5.2252e-09  5.2510e-09  1:06:58 2469

 Reversed flow on 51 faces (24.7% area) of pressure-outlet 19.

 Reversed flow on 177 faces (34.6% area) of pressure-outlet 18.
  1032  1.1368e-06  5.4805e-09  5.2539e-09  5.6376e-09  1:06:57 2468

 Reversed flow on 51 faces (24.7% area) of pressure-outlet 19.

 Reversed flow on 177 faces (34.6% area) of pressure-outlet 18.
  1033  1.0524e-06  4.9016e-09  4.7234e-09  5.5463e-09  1:06:54 2467

 Reversed flow on 51 faces (24.7% area) of pressure-outlet 19.

 Reversed flow on 177 faces (34.6% area) of pressure-outlet 18.
  1034  1.4402e-06  6.5025e-09  6.4548e-09  6.6026e-09  1:06:53 2466

 Reversed flow on 51 faces (24.7% area) of pressure-outlet 19.

 Reversed flow on 177 faces (34.6% area) of pressure-outlet 18.

  iter  continuity  x-velocity  y-velocity  z-velocity     time/iter
  1035  1.1715e-06  5.0038e-09  5.2621e-09  6.2155e-09  1:06:52 2465

 Reversed flow on 51 faces (24.7% area) of pressure-outlet 19.

 Reversed flow on 177 faces (34.6% area) of pressure-outlet 18.
  1036  1.2348e-06  5.4717e-09  5.3699e-09  6.6515e-09  1:06:51 2464

 Reversed flow on 51 faces (24.7% area) of pressure-outlet 19.

 Reversed flow on 177 faces (34.6% area) of pressure-outlet 18.
  1037  1.1789e-06  5.0226e-09  4.9157e-09  6.5185e-09  1:06:47 2463

 Reversed flow on 51 faces (24.7% area) of pressure-outlet 19.

 Reversed flow on 177 faces (34.6% area) of pressure-outlet 18.
  1038  1.5847e-06  6.7585e-09  6.7270e-09  7.4929e-09  1:06:46 2462

 Reversed flow on 51 faces (24.7% area) of pressure-outlet 19.

 Reversed flow on 177 faces (34.6% area) of pressure-outlet 18.
  1039  1.3207e-06  5.3516e-09  5.5922e-09  6.9783e-09  1:06:44 2461

 Reversed flow on 51 faces (24.7% area) of pressure-outlet 19.

 Reversed flow on 177 faces (34.6% area) of pressure-outlet 18.
  1040  1.3682e-06  5.8900e-09  5.7188e-09  7.1982e-09  1:06:42 2460

 Reversed flow on 51 faces (24.7% area) of pressure-outlet 19.

 Reversed flow on 177 faces (34.6% area) of pressure-outlet 18.
  1041  1.2862e-06  5.5022e-09  5.2656e-09  6.8188e-09  1:06:41 2459

 Reversed flow on 51 faces (24.7% area) of pressure-outlet 19.

 Reversed flow on 177 faces (34.6% area) of pressure-outlet 18.
  1042  1.6766e-06  7.2898e-09  7.0622e-09  7.5108e-09  1:06:38 2458

 Reversed flow on 51 faces (24.7% area) of pressure-outlet 19.

 Reversed flow on 177 faces (34.6% area) of pressure-outlet 18.
  1043  1.3846e-06  5.8769e-09  5.8540e-09  6.7310e-09  1:06:36 2457

 Reversed flow on 51 faces (24.7% area) of pressure-outlet 19.

 Reversed flow on 177 faces (34.6% area) of pressure-outlet 18.
  1044  1.3978e-06  6.3724e-09  5.8955e-09  6.7657e-09  1:06:32 2456

 Reversed flow on 51 faces (24.7% area) of pressure-outlet 19.

 Reversed flow on 177 faces (34.6% area) of pressure-outlet 18.
  1045  1.2847e-06  5.9312e-09  5.3702e-09  6.3317e-09  1:06:30 2455

 Reversed flow on 51 faces (24.7% area) of pressure-outlet 19.

 Reversed flow on 177 faces (34.6% area) of pressure-outlet 18.

  iter  continuity  x-velocity  y-velocity  z-velocity     time/iter
  1046  1.6514e-06  7.6565e-09  7.1240e-09  7.1164e-09  1:06:27 2454

 Reversed flow on 51 faces (24.7% area) of pressure-outlet 19.

 Reversed flow on 177 faces (34.6% area) of pressure-outlet 18.
  1047  1.3457e-06  6.1722e-09  5.8855e-09  6.3506e-09  1:06:23 2453

 Reversed flow on 51 faces (24.7% area) of pressure-outlet 19.

 Reversed flow on 177 faces (34.6% area) of pressure-outlet 18.
  1048  1.3557e-06  6.5932e-09  5.9019e-09  6.4266e-09  1:06:23 2452

 Reversed flow on 51 faces (24.7% area) of pressure-outlet 19.

 Reversed flow on 177 faces (34.6% area) of pressure-outlet 18.
  1049  1.2452e-06  6.1044e-09  5.3799e-09  6.0696e-09  1:06:21 2451

 Reversed flow on 51 faces (24.7% area) of pressure-outlet 19.

 Reversed flow on 177 faces (34.6% area) of pressure-outlet 18.
  1050  1.6020e-06  7.7798e-09  7.1457e-09  6.9545e-09  1:06:19 2450

 Reversed flow on 51 faces (24.7% area) of pressure-outlet 19.

 Reversed flow on 177 faces (34.6% area) of pressure-outlet 18.
  1051  1.2951e-06  6.2322e-09  5.9099e-09  6.4174e-09  1:06:38 2449

 Reversed flow on 51 faces (24.7% area) of pressure-outlet 19.

 Reversed flow on 177 faces (34.6% area) of pressure-outlet 18.
  1052  1.3131e-06  6.5495e-09  5.9102e-09  6.7050e-09  1:06:43 2448

 Reversed flow on 51 faces (24.7% area) of pressure-outlet 19.

 Reversed flow on 177 faces (34.6% area) of pressure-outlet 18.
  1053  1.2173e-06  5.9779e-09  5.3740e-09  6.4841e-09  1:06:40 2447

 Reversed flow on 51 faces (24.7% area) of pressure-outlet 19.

 Reversed flow on 177 faces (34.6% area) of pressure-outlet 18.
  1054  1.5920e-06  7.5739e-09  7.1143e-09  7.3906e-09  1:06:35 2446

 Reversed flow on 51 faces (24.7% area) of pressure-outlet 19.

 Reversed flow on 177 faces (34.6% area) of pressure-outlet 18.
  1055  1.2943e-06  5.9688e-09  5.8482e-09  6.7848e-09  1:06:29 2445

 Reversed flow on 51 faces (24.7% area) of pressure-outlet 19.

 Reversed flow on 177 faces (34.6% area) of pressure-outlet 18.
  1056  1.3130e-06  6.2641e-09  5.8201e-09  6.9302e-09  1:06:27 2444

 Reversed flow on 51 faces (24.7% area) of pressure-outlet 19.

 Reversed flow on 177 faces (34.6% area) of pressure-outlet 18.

  iter  continuity  x-velocity  y-velocity  z-velocity     time/iter
  1057  1.2171e-06  5.6932e-09  5.2677e-09  6.5426e-09  1:06:22 2443

 Reversed flow on 51 faces (24.7% area) of pressure-outlet 19.

 Reversed flow on 177 faces (34.6% area) of pressure-outlet 18.
  1058  1.5838e-06  7.2855e-09  6.9913e-09  7.2747e-09  1:06:23 2442

 Reversed flow on 51 faces (24.7% area) of pressure-outlet 19.

 Reversed flow on 177 faces (34.6% area) of pressure-outlet 18.
  1059  1.2758e-06  5.6915e-09  5.7127e-09  6.4937e-09  1:06:17 2441

 Reversed flow on 51 faces (24.7% area) of pressure-outlet 19.

 Reversed flow on 177 faces (34.6% area) of pressure-outlet 18.
  1060  1.2836e-06  6.0238e-09  5.6902e-09  6.5155e-09  1:08:59 2440

 Reversed flow on 51 faces (24.7% area) of pressure-outlet 19.

 Reversed flow on 177 faces (34.6% area) of pressure-outlet 18.
  1061  1.1817e-06  5.4926e-09  5.1534e-09  5.9951e-09  1:08:23 2439

 Reversed flow on 51 faces (24.7% area) of pressure-outlet 19.

 Reversed flow on 177 faces (34.6% area) of pressure-outlet 18.
  1062  1.5428e-06  7.1056e-09  6.8678e-09  6.5932e-09  1:07:55 2438

 Reversed flow on 51 faces (24.7% area) of pressure-outlet 19.

 Reversed flow on 177 faces (34.6% area) of pressure-outlet 18.
  1063  1.2281e-06  5.5225e-09  5.5732e-09  5.7547e-09  1:07:33 2437

 Reversed flow on 51 faces (24.7% area) of pressure-outlet 19.

 Reversed flow on 177 faces (34.6% area) of pressure-outlet 18.
  1064  1.2356e-06  5.8705e-09  5.5520e-09  5.8196e-09  1:07:14 2436

 Reversed flow on 51 faces (24.7% area) of pressure-outlet 19.

 Reversed flow on 177 faces (34.6% area) of pressure-outlet 18.
  1065  1.1370e-06  5.3466e-09  5.0184e-09  5.4123e-09  1:06:58 2435

 Reversed flow on 51 faces (24.7% area) of pressure-outlet 19.

 Reversed flow on 177 faces (34.6% area) of pressure-outlet 18.
  1066  1.5022e-06  6.9620e-09  6.7229e-09  6.1658e-09  1:06:45 2434

 Reversed flow on 51 faces (24.7% area) of pressure-outlet 19.

 Reversed flow on 177 faces (34.6% area) of pressure-outlet 18.
  1067  1.1966e-06  5.4077e-09  5.4482e-09  5.5160e-09  1:06:35 2433

 Reversed flow on 51 faces (24.7% area) of pressure-outlet 19.

 Reversed flow on 177 faces (34.6% area) of pressure-outlet 18.

  iter  continuity  x-velocity  y-velocity  z-velocity     time/iter
  1068  1.2162e-06  5.8083e-09  5.4645e-09  5.8722e-09  1:06:25 2432

 Reversed flow on 51 faces (24.7% area) of pressure-outlet 19.

 Reversed flow on 177 faces (34.6% area) of pressure-outlet 18.
  1069  1.1334e-06  5.3390e-09  4.9759e-09  5.8068e-09  1:06:17 2431

 Reversed flow on 51 faces (24.7% area) of pressure-outlet 19.

 Reversed flow on 177 faces (34.6% area) of pressure-outlet 18.
  1070  1.5237e-06  6.9999e-09  6.7318e-09  6.8597e-09  1:06:10 2430

 Reversed flow on 51 faces (24.7% area) of pressure-outlet 19.

 Reversed flow on 177 faces (34.6% area) of pressure-outlet 18.
  1071  1.2441e-06  5.5103e-09  5.5180e-09  6.4414e-09  1:06:03 2429

 Reversed flow on 51 faces (24.7% area) of pressure-outlet 19.

 Reversed flow on 177 faces (34.6% area) of pressure-outlet 18.
  1072  1.2877e-06  5.9899e-09  5.5959e-09  6.8281e-09  1:06:01 2428

 Reversed flow on 51 faces (24.7% area) of pressure-outlet 19.

 Reversed flow on 177 faces (34.6% area) of pressure-outlet 18.
  1073  1.2228e-06  5.5726e-09  5.1469e-09  6.6652e-09  1:05:55 2427

 Reversed flow on 51 faces (24.7% area) of pressure-outlet 19.

 Reversed flow on 177 faces (34.6% area) of pressure-outlet 18.
  1074  1.6140e-06  7.2658e-09  6.9158e-09  7.5558e-09  1:05:57 2426

 Reversed flow on 51 faces (24.7% area) of pressure-outlet 19.

 Reversed flow on 177 faces (34.6% area) of pressure-outlet 18.
  1075  1.3262e-06  5.7845e-09  5.7022e-09  6.9284e-09  1:05:53 2425

 Reversed flow on 51 faces (24.7% area) of pressure-outlet 19.

 Reversed flow on 177 faces (34.6% area) of pressure-outlet 18.
  1076  1.3516e-06  6.2527e-09  5.7869e-09  7.0867e-09  1:05:49 2424

 Reversed flow on 51 faces (24.7% area) of pressure-outlet 19.

 Reversed flow on 177 faces (34.6% area) of pressure-outlet 18.
  1077  1.2578e-06  5.8079e-09  5.3084e-09  6.6426e-09  1:05:48 2423

 Reversed flow on 51 faces (24.7% area) of pressure-outlet 19.

 Reversed flow on 177 faces (34.6% area) of pressure-outlet 18.
  1078  1.6155e-06  7.4504e-09  7.0290e-09  7.2555e-09  1:05:43 2422

 Reversed flow on 51 faces (24.7% area) of pressure-outlet 19.

 Reversed flow on 177 faces (34.6% area) of pressure-outlet 18.

  iter  continuity  x-velocity  y-velocity  z-velocity     time/iter
  1079  1.2947e-06  5.9008e-09  5.7534e-09  6.3784e-09  1:05:40 2421

 Reversed flow on 51 faces (24.7% area) of pressure-outlet 19.

 Reversed flow on 177 faces (34.6% area) of pressure-outlet 18.
  1080  1.2913e-06  6.3025e-09  5.7682e-09  6.3360e-09  1:05:38 2420

 Reversed flow on 51 faces (24.7% area) of pressure-outlet 19.

 Reversed flow on 177 faces (34.6% area) of pressure-outlet 18.
  1081  1.1733e-06  5.7668e-09  5.2087e-09  5.7722e-09  1:05:37 2419

 Reversed flow on 51 faces (24.7% area) of pressure-outlet 19.

 Reversed flow on 177 faces (34.6% area) of pressure-outlet 18.
  1082  1.5225e-06  7.3149e-09  6.8646e-09  6.3974e-09  1:05:34 2418

 Reversed flow on 51 faces (24.7% area) of pressure-outlet 19.

 Reversed flow on 177 faces (34.6% area) of pressure-outlet 18.
  1083  1.2019e-06  5.6681e-09  5.5334e-09  5.6214e-09  1:05:33 2417

 Reversed flow on 51 faces (24.7% area) of pressure-outlet 19.

 Reversed flow on 177 faces (34.6% area) of pressure-outlet 18.
  1084  1.1991e-06  5.9848e-09  5.5126e-09  5.6739e-09  1:05:29 2416

 Reversed flow on 51 faces (24.7% area) of pressure-outlet 19.

 Reversed flow on 177 faces (34.6% area) of pressure-outlet 18.
  1085  1.0898e-06  5.3983e-09  4.9390e-09  5.2342e-09  1:05:25 2415

 Reversed flow on 51 faces (24.7% area) of pressure-outlet 19.

 Reversed flow on 177 faces (34.6% area) of pressure-outlet 18.
  1086  1.4501e-06  6.9372e-09  6.6108e-09  5.9656e-09  1:05:22 2414

 Reversed flow on 51 faces (24.7% area) of pressure-outlet 19.

 Reversed flow on 177 faces (34.6% area) of pressure-outlet 18.
  1087  1.1406e-06  5.2973e-09  5.3148e-09  5.4249e-09  1:05:21 2413

 Reversed flow on 51 faces (24.7% area) of pressure-outlet 19.

 Reversed flow on 177 faces (34.6% area) of pressure-outlet 18.
  1088  1.1592e-06  5.6328e-09  5.3368e-09  5.7967e-09  1:05:18 2412

 Reversed flow on 51 faces (24.7% area) of pressure-outlet 19.

 Reversed flow on 177 faces (34.6% area) of pressure-outlet 18.
  1089  1.0768e-06  5.0601e-09  4.8135e-09  5.6640e-09  1:05:20 2411

 Reversed flow on 51 faces (24.7% area) of pressure-outlet 19.

 Reversed flow on 177 faces (34.6% area) of pressure-outlet 18.

  iter  continuity  x-velocity  y-velocity  z-velocity     time/iter
  1090  1.4632e-06  6.6550e-09  6.5489e-09  6.6627e-09  1:05:21 2410

 Reversed flow on 51 faces (24.7% area) of pressure-outlet 19.

 Reversed flow on 177 faces (34.6% area) of pressure-outlet 18.
  1091  1.1808e-06  5.0965e-09  5.3249e-09  6.1762e-09  1:05:17 2409

 Reversed flow on 51 faces (24.7% area) of pressure-outlet 19.

 Reversed flow on 177 faces (34.6% area) of pressure-outlet 18.
  1092  1.2183e-06  5.5070e-09  5.3954e-09  6.5133e-09  1:05:16 2408

 Reversed flow on 51 faces (24.7% area) of pressure-outlet 19.

 Reversed flow on 177 faces (34.6% area) of pressure-outlet 18.
  1093  1.1434e-06  5.0073e-09  4.9007e-09  6.3086e-09  1:05:14 2407

 Reversed flow on 51 faces (24.7% area) of pressure-outlet 19.

 Reversed flow on 177 faces (34.6% area) of pressure-outlet 18.
  1094  1.5356e-06  6.6773e-09  6.6732e-09  7.2083e-09  1:05:13 2406

 Reversed flow on 51 faces (24.7% area) of pressure-outlet 19.

 Reversed flow on 177 faces (34.6% area) of pressure-outlet 18.
  1095  1.2568e-06  5.1901e-09  5.4738e-09  6.6156e-09  1:05:14 2405

 Reversed flow on 51 faces (24.7% area) of pressure-outlet 19.

 Reversed flow on 177 faces (34.6% area) of pressure-outlet 18.
  1096  1.2965e-06  5.6648e-09  5.5533e-09  6.8036e-09  1:05:13 2404

 Reversed flow on 51 faces (24.7% area) of pressure-outlet 19.

 Reversed flow on 177 faces (34.6% area) of pressure-outlet 18.
  1097  1.2155e-06  5.2244e-09  5.0685e-09  6.4431e-09  1:05:10 2403

 Reversed flow on 51 faces (24.7% area) of pressure-outlet 19.

 Reversed flow on 177 faces (34.6% area) of pressure-outlet 18.
  1098  1.5998e-06  6.9577e-09  6.8430e-09  7.1937e-09  1:05:09 2402

 Reversed flow on 51 faces (24.7% area) of pressure-outlet 19.

 Reversed flow on 177 faces (34.6% area) of pressure-outlet 18.
  1099  1.3122e-06  5.5227e-09  5.6356e-09  6.4534e-09  1:05:06 2401

 Reversed flow on 51 faces (24.7% area) of pressure-outlet 19.

 Reversed flow on 177 faces (34.6% area) of pressure-outlet 18.
  1100  1.3397e-06  6.0107e-09  5.6950e-09  6.5319e-09  1:05:03 2400

 Reversed flow on 51 faces (24.7% area) of pressure-outlet 19.

 Reversed flow on 177 faces (34.6% area) of pressure-outlet 18.

  iter  continuity  x-velocity  y-velocity  z-velocity     time/iter
  1101  1.2530e-06  5.5702e-09  5.1861e-09  6.1028e-09  1:05:00 2399

 Reversed flow on 51 faces (24.7% area) of pressure-outlet 19.

 Reversed flow on 177 faces (34.6% area) of pressure-outlet 18.
  1102  1.6260e-06  7.2904e-09  6.9354e-09  6.8468e-09  1:04:59 2398

 Reversed flow on 51 faces (24.7% area) of pressure-outlet 19.

 Reversed flow on 177 faces (34.6% area) of pressure-outlet 18.
  1103  1.3279e-06  5.8593e-09  5.7135e-09  6.1917e-09  1:04:58 2397

 Reversed flow on 51 faces (24.7% area) of pressure-outlet 19.

 Reversed flow on 177 faces (34.6% area) of pressure-outlet 18.
  1104  1.3427e-06  6.3304e-09  5.7608e-09  6.3827e-09  1:04:58 2396

 Reversed flow on 51 faces (24.7% area) of pressure-outlet 19.

 Reversed flow on 177 faces (34.6% area) of pressure-outlet 18.
  1105  1.2418e-06  5.8711e-09  5.2559e-09  6.1915e-09  1:04:56 2395

 Reversed flow on 51 faces (24.7% area) of pressure-outlet 19.

 Reversed flow on 177 faces (34.6% area) of pressure-outlet 18.
  1106  1.6121e-06  7.5739e-09  7.0368e-09  7.2068e-09  1:04:57 2394

 Reversed flow on 51 faces (24.7% area) of pressure-outlet 19.

 Reversed flow on 177 faces (34.6% area) of pressure-outlet 18.
  1107  1.3306e-06  6.1325e-09  5.8661e-09  6.7845e-09  1:04:56 2393

 Reversed flow on 51 faces (24.7% area) of pressure-outlet 19.

 Reversed flow on 177 faces (34.6% area) of pressure-outlet 18.
  1108  1.3675e-06  6.5795e-09  5.9430e-09  7.1805e-09  1:04:52 2392

 Reversed flow on 51 faces (24.7% area) of pressure-outlet 19.

 Reversed flow on 177 faces (34.6% area) of pressure-outlet 18.
  1109  1.2804e-06  6.1059e-09  5.4612e-09  6.9522e-09  1:04:49 2391

 Reversed flow on 51 faces (24.7% area) of pressure-outlet 19.

 Reversed flow on 177 faces (34.6% area) of pressure-outlet 18.
  1110  1.6521e-06  7.7702e-09  7.2438e-09  7.7772e-09  1:04:45 2390

 Reversed flow on 51 faces (24.7% area) of pressure-outlet 19.

 Reversed flow on 177 faces (34.6% area) of pressure-outlet 18.
  1111  1.3588e-06  6.2623e-09  6.0341e-09  7.1307e-09  1:04:44 2389

 Reversed flow on 51 faces (24.7% area) of pressure-outlet 19.

 Reversed flow on 177 faces (34.6% area) of pressure-outlet 18.

  iter  continuity  x-velocity  y-velocity  z-velocity     time/iter
  1112  1.3795e-06  6.6106e-09  6.0375e-09  7.2488e-09  1:04:44 2388

 Reversed flow on 51 faces (24.7% area) of pressure-outlet 19.

 Reversed flow on 177 faces (34.6% area) of pressure-outlet 18.
  1113  1.2751e-06  6.0312e-09  5.4884e-09  6.8014e-09  1:04:42 2387

 Reversed flow on 51 faces (24.7% area) of pressure-outlet 19.

 Reversed flow on 177 faces (34.6% area) of pressure-outlet 18.
  1114  1.6232e-06  7.5980e-09  7.1877e-09  7.4086e-09  1:04:43 2386

 Reversed flow on 51 faces (24.7% area) of pressure-outlet 19.

 Reversed flow on 177 faces (34.6% area) of pressure-outlet 18.
  1115  1.2984e-06  5.9844e-09  5.8878e-09  6.5127e-09  1:04:40 2385

 Reversed flow on 51 faces (24.7% area) of pressure-outlet 19.

 Reversed flow on 177 faces (34.6% area) of pressure-outlet 18.
  1116  1.2949e-06  6.2677e-09  5.8142e-09  6.4090e-09  1:04:39 2384

 Reversed flow on 51 faces (24.7% area) of pressure-outlet 19.

 Reversed flow on 177 faces (34.6% area) of pressure-outlet 18.
  1117  1.1771e-06  5.6677e-09  5.2112e-09  5.8109e-09  1:04:38 2383

 Reversed flow on 51 faces (24.7% area) of pressure-outlet 19.

 Reversed flow on 177 faces (34.6% area) of pressure-outlet 18.
  1118  1.5246e-06  7.2170e-09  6.8833e-09  6.3812e-09  1:04:36 2382

 Reversed flow on 51 faces (24.7% area) of pressure-outlet 19.

 Reversed flow on 177 faces (34.6% area) of pressure-outlet 18.
  1119  1.2013e-06  5.5657e-09  5.5467e-09  5.5720e-09  1:04:33 2381

 Reversed flow on 51 faces (24.7% area) of pressure-outlet 19.

 Reversed flow on 177 faces (34.6% area) of pressure-outlet 18.
  1120  1.2051e-06  5.8518e-09  5.4904e-09  5.6619e-09  1:04:32 2380

 Reversed flow on 51 faces (24.7% area) of pressure-outlet 19.

 Reversed flow on 177 faces (34.6% area) of pressure-outlet 18.
  1121  1.1024e-06  5.2924e-09  4.9436e-09  5.2459e-09  1:04:29 2379

 Reversed flow on 51 faces (24.7% area) of pressure-outlet 19.

 Reversed flow on 177 faces (34.6% area) of pressure-outlet 18.
  1122  1.4736e-06  6.9109e-09  6.6703e-09  6.0243e-09  1:04:25 2378

 Reversed flow on 51 faces (24.7% area) of pressure-outlet 19.

 Reversed flow on 177 faces (34.6% area) of pressure-outlet 18.

  iter  continuity  x-velocity  y-velocity  z-velocity     time/iter
  1123  1.1690e-06  5.3121e-09  5.3838e-09  5.3717e-09  1:04:21 2377

 Reversed flow on 51 faces (24.7% area) of pressure-outlet 19.

 Reversed flow on 177 faces (34.6% area) of pressure-outlet 18.
  1124  1.1882e-06  5.6733e-09  5.3943e-09  5.7549e-09  1:04:20 2376

 Reversed flow on 51 faces (24.7% area) of pressure-outlet 19.

 Reversed flow on 177 faces (34.6% area) of pressure-outlet 18.
  1125  1.1108e-06  5.2039e-09  4.9246e-09  5.7218e-09  1:04:17 2375

 Reversed flow on 51 faces (24.7% area) of pressure-outlet 19.

 Reversed flow on 177 faces (34.6% area) of pressure-outlet 18.
  1126  1.5136e-06  6.8879e-09  6.7180e-09  6.8264e-09  1:04:18 2374

 Reversed flow on 51 faces (24.7% area) of pressure-outlet 19.

 Reversed flow on 177 faces (34.6% area) of pressure-outlet 18.
  1127  1.2384e-06  5.3660e-09  5.4992e-09  6.4189e-09  1:04:22 2373

 Reversed flow on 51 faces (24.7% area) of pressure-outlet 19.

 Reversed flow on 177 faces (34.6% area) of pressure-outlet 18.
  1128  1.2827e-06  5.8253e-09  5.5748e-09  6.8245e-09  1:04:18 2372

 Reversed flow on 51 faces (24.7% area) of pressure-outlet 19.

 Reversed flow on 177 faces (34.6% area) of pressure-outlet 18.
  1129  1.2203e-06  5.4332e-09  5.1400e-09  6.6959e-09  1:04:17 2371

 Reversed flow on 51 faces (24.7% area) of pressure-outlet 19.

 Reversed flow on 177 faces (34.6% area) of pressure-outlet 18.
  1130  1.6204e-06  7.1775e-09  6.9390e-09  7.6203e-09  1:04:15 2370

 Reversed flow on 51 faces (24.7% area) of pressure-outlet 19.

 Reversed flow on 177 faces (34.6% area) of pressure-outlet 18.
  1131  1.3345e-06  5.6999e-09  5.7222e-09  6.9926e-09  1:04:13 2369

 Reversed flow on 51 faces (24.7% area) of pressure-outlet 19.

 Reversed flow on 177 faces (34.6% area) of pressure-outlet 18.
  1132  1.3581e-06  6.1771e-09  5.7866e-09  7.1473e-09  1:04:09 2368

 Reversed flow on 51 faces (24.7% area) of pressure-outlet 19.

 Reversed flow on 177 faces (34.6% area) of pressure-outlet 18.
  1133  1.2681e-06  5.7624e-09  5.3084e-09  6.7301e-09  1:04:04 2367

 Reversed flow on 51 faces (24.7% area) of pressure-outlet 19.

 Reversed flow on 177 faces (34.6% area) of pressure-outlet 18.

  iter  continuity  x-velocity  y-velocity  z-velocity     time/iter
  1134  1.6355e-06  7.4499e-09  7.0415e-09  7.3856e-09  1:04:04 2366

 Reversed flow on 51 faces (24.7% area) of pressure-outlet 19.

 Reversed flow on 177 faces (34.6% area) of pressure-outlet 18.
  1135  1.3215e-06  5.9270e-09  5.7642e-09  6.5089e-09  1:04:03 2365

 Reversed flow on 51 faces (24.7% area) of pressure-outlet 19.

 Reversed flow on 177 faces (34.6% area) of pressure-outlet 18.
  1136  1.3210e-06  6.3468e-09  5.7746e-09  6.4344e-09  1:04:04 2364

 Reversed flow on 51 faces (24.7% area) of pressure-outlet 19.

 Reversed flow on 177 faces (34.6% area) of pressure-outlet 18.
  1137  1.2060e-06  5.8404e-09  5.2241e-09  5.8599e-09  1:04:03 2363

 Reversed flow on 51 faces (24.7% area) of pressure-outlet 19.

 Reversed flow on 177 faces (34.6% area) of pressure-outlet 18.
  1138  1.5515e-06  7.4119e-09  6.8874e-09  6.4611e-09  1:04:07 2362

 Reversed flow on 51 faces (24.7% area) of pressure-outlet 19.

 Reversed flow on 177 faces (34.6% area) of pressure-outlet 18.
  1139  1.2261e-06  5.8102e-09  5.5830e-09  5.6559e-09  1:04:05 2361

 Reversed flow on 51 faces (24.7% area) of pressure-outlet 19.

 Reversed flow on 177 faces (34.6% area) of pressure-outlet 18.
  1140  1.2233e-06  6.1722e-09  5.5780e-09  5.7290e-09  1:03:59 2360

 Reversed flow on 51 faces (24.7% area) of pressure-outlet 19.

 Reversed flow on 177 faces (34.6% area) of pressure-outlet 18.
  1141  1.1100e-06  5.6001e-09  5.0137e-09  5.3168e-09  1:03:59 2359

 Reversed flow on 51 faces (24.7% area) of pressure-outlet 19.

 Reversed flow on 177 faces (34.6% area) of pressure-outlet 18.
  1142  1.4638e-06  7.1168e-09  6.6768e-09  6.1828e-09  1:03:57 2358

 Reversed flow on 51 faces (24.7% area) of pressure-outlet 19.

 Reversed flow on 177 faces (34.6% area) of pressure-outlet 18.
  1143  1.1555e-06  5.5007e-09  5.4100e-09  5.7165e-09  1:03:56 2357

 Reversed flow on 51 faces (24.7% area) of pressure-outlet 19.

 Reversed flow on 177 faces (34.6% area) of pressure-outlet 18.
  1144  1.1828e-06  5.8486e-09  5.4519e-09  6.1053e-09  1:03:53 2356

 Reversed flow on 51 faces (24.7% area) of pressure-outlet 19.

 Reversed flow on 177 faces (34.6% area) of pressure-outlet 18.

  iter  continuity  x-velocity  y-velocity  z-velocity     time/iter
  1145  1.1007e-06  5.2799e-09  4.9258e-09  5.9371e-09  1:03:49 2355

 Reversed flow on 51 faces (24.7% area) of pressure-outlet 19.

 Reversed flow on 177 faces (34.6% area) of pressure-outlet 18.
  1146  1.4822e-06  6.8339e-09  6.6335e-09  6.8564e-09  1:03:46 2354

 Reversed flow on 51 faces (24.7% area) of pressure-outlet 19.

 Reversed flow on 177 faces (34.6% area) of pressure-outlet 18.
  1147  1.1990e-06  5.2647e-09  5.4073e-09  6.3208e-09  1:03:45 2353

 Reversed flow on 51 faces (24.7% area) of pressure-outlet 19.

 Reversed flow on 177 faces (34.6% area) of pressure-outlet 18.
  1148  1.2360e-06  5.6574e-09  5.4668e-09  6.5730e-09  1:03:45 2352

 Reversed flow on 51 faces (24.7% area) of pressure-outlet 19.

 Reversed flow on 177 faces (34.6% area) of pressure-outlet 18.
  1149  1.1526e-06  5.1200e-09  4.9449e-09  6.2448e-09  1:03:44 2351

 Reversed flow on 51 faces (24.7% area) of pressure-outlet 19.

 Reversed flow on 177 faces (34.6% area) of pressure-outlet 18.
  1150  1.5254e-06  6.7206e-09  6.6738e-09  7.0181e-09  1:03:41 2350

 Reversed flow on 51 faces (24.7% area) of pressure-outlet 19.

 Reversed flow on 177 faces (34.6% area) of pressure-outlet 18.
  1151  1.2232e-06  5.1833e-09  5.4451e-09  6.2767e-09  1:03:38 2349

 Reversed flow on 51 faces (24.7% area) of pressure-outlet 19.

 Reversed flow on 177 faces (34.6% area) of pressure-outlet 18.
  1152  1.2389e-06  5.5980e-09  5.4848e-09  6.3567e-09  1:03:36 2348

 Reversed flow on 51 faces (24.7% area) of pressure-outlet 19.

 Reversed flow on 177 faces (34.6% area) of pressure-outlet 18.
  1153  1.1418e-06  5.0755e-09  4.9437e-09  5.8858e-09  1:03:34 2347

 Reversed flow on 51 faces (24.7% area) of pressure-outlet 19.

 Reversed flow on 177 faces (34.6% area) of pressure-outlet 18.
  1154  1.5114e-06  6.7266e-09  6.6680e-09  6.5679e-09  1:03:34 2346

 Reversed flow on 51 faces (24.7% area) of pressure-outlet 19.

 Reversed flow on 177 faces (34.6% area) of pressure-outlet 18.
  1155  1.2150e-06  5.2040e-09  5.4137e-09  5.8175e-09  1:03:32 2345

 Reversed flow on 51 faces (24.7% area) of pressure-outlet 19.

 Reversed flow on 177 faces (34.6% area) of pressure-outlet 18.

  iter  continuity  x-velocity  y-velocity  z-velocity     time/iter
  1156  1.2407e-06  5.6338e-09  5.4398e-09  5.9863e-09  1:03:31 2344

 Reversed flow on 51 faces (24.7% area) of pressure-outlet 19.

 Reversed flow on 177 faces (34.6% area) of pressure-outlet 18.
  1157  1.1558e-06  5.1523e-09  4.9241e-09  5.6941e-09  1:03:27 2343

 Reversed flow on 51 faces (24.7% area) of pressure-outlet 19.

 Reversed flow on 177 faces (34.6% area) of pressure-outlet 18.
  1158  1.5389e-06  6.8666e-09  6.6936e-09  6.5395e-09  1:03:26 2342

 Reversed flow on 51 faces (24.7% area) of pressure-outlet 19.

 Reversed flow on 177 faces (34.6% area) of pressure-outlet 18.
  1159  1.2551e-06  5.3988e-09  5.4750e-09  5.9347e-09  1:03:26 2341

 Reversed flow on 51 faces (24.7% area) of pressure-outlet 19.

 Reversed flow on 177 faces (34.6% area) of pressure-outlet 18.
  1160  1.2926e-06  5.8870e-09  5.5422e-09  6.1796e-09  1:03:23 2340

 Reversed flow on 51 faces (24.7% area) of pressure-outlet 19.

 Reversed flow on 177 faces (34.6% area) of pressure-outlet 18.
  1161  1.2181e-06  5.4738e-09  5.0737e-09  6.0725e-09  1:03:24 2339

 Reversed flow on 51 faces (24.7% area) of pressure-outlet 19.

 Reversed flow on 177 faces (34.6% area) of pressure-outlet 18.
  1162  1.6102e-06  7.2532e-09  6.8940e-09  7.1907e-09  1:03:21 2338

 Reversed flow on 51 faces (24.7% area) of pressure-outlet 19.

 Reversed flow on 177 faces (34.6% area) of pressure-outlet 18.
  1163  1.3346e-06  5.8266e-09  5.7240e-09  6.8404e-09  1:03:22 2337

 Reversed flow on 51 faces (24.7% area) of pressure-outlet 19.

 Reversed flow on 177 faces (34.6% area) of pressure-outlet 18.
  1164  1.3760e-06  6.3274e-09  5.8294e-09  7.2672e-09  1:03:19 2336

 Reversed flow on 51 faces (24.7% area) of pressure-outlet 19.

 Reversed flow on 177 faces (34.6% area) of pressure-outlet 18.
  1165  1.3067e-06  5.9356e-09  5.3991e-09  7.1410e-09  1:03:15 2335

 Reversed flow on 51 faces (24.7% area) of pressure-outlet 19.

 Reversed flow on 177 faces (34.6% area) of pressure-outlet 18.
  1166  1.7018e-06  7.7210e-09  7.2458e-09  8.0687e-09  1:03:14 2334

 Reversed flow on 51 faces (24.7% area) of pressure-outlet 19.

 Reversed flow on 177 faces (34.6% area) of pressure-outlet 18.

  iter  continuity  x-velocity  y-velocity  z-velocity     time/iter
  1167  1.4186e-06  6.2974e-09  6.0717e-09  7.5089e-09  1:03:14 2333

 Reversed flow on 51 faces (24.7% area) of pressure-outlet 19.

 Reversed flow on 177 faces (34.6% area) of pressure-outlet 18.
  1168  1.4429e-06  6.7476e-09  6.1435e-09  7.6781e-09  1:03:14 2332

 Reversed flow on 51 faces (24.7% area) of pressure-outlet 19.

 Reversed flow on 177 faces (34.6% area) of pressure-outlet 18.
  1169  1.3348e-06  6.2674e-09  5.6505e-09  7.1766e-09  1:03:11 2331

 Reversed flow on 51 faces (24.7% area) of pressure-outlet 19.

 Reversed flow on 177 faces (34.6% area) of pressure-outlet 18.
  1170  1.6886e-06  7.9242e-09  7.3980e-09  7.7648e-09  1:03:09 2330

 Reversed flow on 51 faces (24.7% area) of pressure-outlet 19.

 Reversed flow on 177 faces (34.6% area) of pressure-outlet 18.
  1171  1.3662e-06  6.3675e-09  6.1120e-09  6.8857e-09  1:03:06 2329

 Reversed flow on 51 faces (24.7% area) of pressure-outlet 19.

 Reversed flow on 177 faces (34.6% area) of pressure-outlet 18.
  1172  1.3602e-06  6.6644e-09  6.0486e-09  6.7657e-09  1:03:05 2328

 Reversed flow on 51 faces (24.7% area) of pressure-outlet 19.

 Reversed flow on 177 faces (34.6% area) of pressure-outlet 18.
  1173  1.2308e-06  6.0374e-09  5.4210e-09  6.0951e-09  1:03:00 2327

 Reversed flow on 51 faces (24.7% area) of pressure-outlet 19.

 Reversed flow on 177 faces (34.6% area) of pressure-outlet 18.
  1174  1.5618e-06  7.5429e-09  7.0558e-09  6.5709e-09  1:02:58 2326

 Reversed flow on 51 faces (24.7% area) of pressure-outlet 19.

 Reversed flow on 177 faces (34.6% area) of pressure-outlet 18.
  1175  1.2304e-06  5.8780e-09  5.7007e-09  5.6795e-09  1:02:57 2325

 Reversed flow on 51 faces (24.7% area) of pressure-outlet 19.

 Reversed flow on 177 faces (34.6% area) of pressure-outlet 18.
  1176  1.2249e-06  6.1190e-09  5.6035e-09  5.6590e-09  1:02:55 2324

 Reversed flow on 51 faces (24.7% area) of pressure-outlet 19.

 Reversed flow on 177 faces (34.6% area) of pressure-outlet 18.
  1177  1.1095e-06  5.4880e-09  4.9938e-09  5.2001e-09  1:02:51 2323

 Reversed flow on 51 faces (24.7% area) of pressure-outlet 19.

 Reversed flow on 177 faces (34.6% area) of pressure-outlet 18.

  iter  continuity  x-velocity  y-velocity  z-velocity     time/iter
  1178  1.4587e-06  7.0127e-09  6.6640e-09  5.9325e-09  1:02:48 2322

 Reversed flow on 51 faces (24.7% area) of pressure-outlet 19.

 Reversed flow on 177 faces (34.6% area) of pressure-outlet 18.
  1179  1.1492e-06  5.3941e-09  5.3828e-09  5.4049e-09  1:02:49 2321

 Reversed flow on 51 faces (24.7% area) of pressure-outlet 19.

 Reversed flow on 177 faces (34.6% area) of pressure-outlet 18.
  1180  1.1711e-06  5.7128e-09  5.3932e-09  5.7963e-09  1:02:49 2320

 Reversed flow on 51 faces (24.7% area) of pressure-outlet 19.

 Reversed flow on 177 faces (34.6% area) of pressure-outlet 18.
  1181  1.0962e-06  5.1854e-09  4.9037e-09  5.7336e-09  1:02:46 2319

 Reversed flow on 51 faces (24.7% area) of pressure-outlet 19.

 Reversed flow on 177 faces (34.6% area) of pressure-outlet 18.
  1182  1.4881e-06  6.8187e-09  6.6690e-09  6.7792e-09  1:02:43 2318

 Reversed flow on 51 faces (24.7% area) of pressure-outlet 19.

 Reversed flow on 177 faces (34.6% area) of pressure-outlet 18.
  1183  1.2146e-06  5.2963e-09  5.4632e-09  6.3524e-09  1:02:44 2317

 Reversed flow on 51 faces (24.7% area) of pressure-outlet 19.

 Reversed flow on 177 faces (34.6% area) of pressure-outlet 18.
  1184  1.2637e-06  5.7242e-09  5.5381e-09  6.7306e-09  1:02:46 2316

 Reversed flow on 51 faces (24.7% area) of pressure-outlet 19.

 Reversed flow on 177 faces (34.6% area) of pressure-outlet 18.
  1185  1.2003e-06  5.2964e-09  5.0903e-09  6.5673e-09  1:02:42 2315

 Reversed flow on 51 faces (24.7% area) of pressure-outlet 19.

 Reversed flow on 177 faces (34.6% area) of pressure-outlet 18.
  1186  1.5962e-06  7.0030e-09  6.8740e-09  7.4563e-09  1:02:40 2314

 Reversed flow on 51 faces (24.7% area) of pressure-outlet 19.

 Reversed flow on 177 faces (34.6% area) of pressure-outlet 18.
  1187  1.3122e-06  5.5200e-09  5.6710e-09  6.8314e-09  1:02:38 2313

 Reversed flow on 51 faces (24.7% area) of pressure-outlet 19.

 Reversed flow on 177 faces (34.6% area) of pressure-outlet 18.
  1188  1.3387e-06  5.9994e-09  5.7335e-09  6.9625e-09  1:02:36 2312

 Reversed flow on 51 faces (24.7% area) of pressure-outlet 19.

 Reversed flow on 177 faces (34.6% area) of pressure-outlet 18.

  iter  continuity  x-velocity  y-velocity  z-velocity     time/iter
  1189  1.2467e-06  5.5878e-09  5.2527e-09  6.5296e-09  1:02:33 2311

 Reversed flow on 51 faces (24.7% area) of pressure-outlet 19.

 Reversed flow on 177 faces (34.6% area) of pressure-outlet 18.
  1190  1.6157e-06  7.2917e-09  6.9935e-09  7.1656e-09  1:02:32 2310

 Reversed flow on 51 faces (24.7% area) of pressure-outlet 19.

 Reversed flow on 177 faces (34.6% area) of pressure-outlet 18.
  1191  1.3030e-06  5.7778e-09  5.7183e-09  6.2996e-09  1:02:30 2309

 Reversed flow on 51 faces (24.7% area) of pressure-outlet 19.

 Reversed flow on 177 faces (34.6% area) of pressure-outlet 18.
  1192  1.3053e-06  6.2066e-09  5.7189e-09  6.2782e-09  1:02:30 2308

 Reversed flow on 51 faces (24.7% area) of pressure-outlet 19.

 Reversed flow on 177 faces (34.6% area) of pressure-outlet 18.
  1193  1.1983e-06  5.7282e-09  5.1771e-09  5.8276e-09  1:02:26 2307

 Reversed flow on 51 faces (24.7% area) of pressure-outlet 19.

 Reversed flow on 177 faces (34.6% area) of pressure-outlet 18.
  1194  1.5603e-06  7.3523e-09  6.8693e-09  6.5383e-09  1:02:25 2306

 Reversed flow on 51 faces (24.7% area) of pressure-outlet 19.

 Reversed flow on 177 faces (34.6% area) of pressure-outlet 18.
  1195  1.2399e-06  5.7617e-09  5.5609e-09  5.7313e-09  1:02:23 2305

 Reversed flow on 51 faces (24.7% area) of pressure-outlet 19.

 Reversed flow on 177 faces (34.6% area) of pressure-outlet 18.
  1196  1.2407e-06  6.1477e-09  5.5590e-09  5.8068e-09  1:02:22 2304

 Reversed flow on 51 faces (24.7% area) of pressure-outlet 19.

 Reversed flow on 177 faces (34.6% area) of pressure-outlet 18.
  1197  1.1349e-06  5.6453e-09  5.0323e-09  5.4311e-09  1:02:21 2303

 Reversed flow on 51 faces (24.7% area) of pressure-outlet 19.

 Reversed flow on 177 faces (34.6% area) of pressure-outlet 18.
  1198  1.5008e-06  7.2416e-09  6.7452e-09  6.3879e-09  1:02:20 2302

 Reversed flow on 51 faces (24.7% area) of pressure-outlet 19.

 Reversed flow on 177 faces (34.6% area) of pressure-outlet 18.
  1199  1.1938e-06  5.6459e-09  5.4789e-09  5.9196e-09  1:02:17 2301

 Reversed flow on 51 faces (24.7% area) of pressure-outlet 19.

 Reversed flow on 177 faces (34.6% area) of pressure-outlet 18.

  iter  continuity  x-velocity  y-velocity  z-velocity     time/iter
  1200  1.2161e-06  6.0207e-09  5.5307e-09  6.3041e-09  1:02:16 2300

 Reversed flow on 51 faces (24.7% area) of pressure-outlet 19.

 Reversed flow on 177 faces (34.6% area) of pressure-outlet 18.
  1201  1.1376e-06  5.5044e-09  5.0446e-09  6.1567e-09  1:02:18 2299

 Reversed flow on 51 faces (24.7% area) of pressure-outlet 19.

 Reversed flow on 177 faces (34.6% area) of pressure-outlet 18.
  1202  1.5268e-06  7.1007e-09  6.7910e-09  7.1110e-09  1:02:16 2298

 Reversed flow on 51 faces (24.7% area) of pressure-outlet 19.

 Reversed flow on 177 faces (34.6% area) of pressure-outlet 18.
  1203  1.2378e-06  5.5215e-09  5.5536e-09  6.5580e-09  1:02:14 2297

 Reversed flow on 51 faces (24.7% area) of pressure-outlet 19.

 Reversed flow on 177 faces (34.6% area) of pressure-outlet 18.
  1204  1.2652e-06  5.9140e-09  5.6048e-09  6.7860e-09  1:03:18 2296

 Reversed flow on 51 faces (24.7% area) of pressure-outlet 19.

 Reversed flow on 177 faces (34.6% area) of pressure-outlet 18.
  1205  1.1788e-06  5.3818e-09  5.0985e-09  6.4328e-09  1:03:06 2295

 Reversed flow on 51 faces (24.7% area) of pressure-outlet 19.

 Reversed flow on 177 faces (34.6% area) of pressure-outlet 18.
  1206  1.5499e-06  6.9631e-09  6.8136e-09  7.1547e-09  1:02:55 2294

 Reversed flow on 51 faces (24.7% area) of pressure-outlet 19.

 Reversed flow on 177 faces (34.6% area) of pressure-outlet 18.
  1207  1.2431e-06  5.3830e-09  5.5450e-09  6.3543e-09  1:02:44 2293

 Reversed flow on 51 faces (24.7% area) of pressure-outlet 19.

 Reversed flow on 177 faces (34.6% area) of pressure-outlet 18.
  1208  1.2509e-06  5.7642e-09  5.5535e-09  6.3701e-09  1:02:37 2292

 Reversed flow on 51 faces (24.7% area) of pressure-outlet 19.

 Reversed flow on 177 faces (34.6% area) of pressure-outlet 18.
  1209  1.1429e-06  5.2030e-09  4.9797e-09  5.8198e-09  1:02:37 2291

 Reversed flow on 51 faces (24.7% area) of pressure-outlet 19.

 Reversed flow on 177 faces (34.6% area) of pressure-outlet 18.
  1210  1.4940e-06  6.7781e-09  6.6493e-09  6.3778e-09  1:02:29 2290

 Reversed flow on 51 faces (24.7% area) of pressure-outlet 19.

 Reversed flow on 177 faces (34.6% area) of pressure-outlet 18.

  iter  continuity  x-velocity  y-velocity  z-velocity     time/iter
  1211  1.1764e-06  5.1957e-09  5.3589e-09  5.5491e-09  1:02:19 2289

 Reversed flow on 51 faces (24.7% area) of pressure-outlet 19.

 Reversed flow on 177 faces (34.6% area) of pressure-outlet 18.
  1212  1.1888e-06  5.5624e-09  5.3510e-09  5.6352e-09  1:02:14 2288

 Reversed flow on 51 faces (24.7% area) of pressure-outlet 19.

 Reversed flow on 177 faces (34.6% area) of pressure-outlet 18.
  1213  1.0874e-06  4.9960e-09  4.7859e-09  5.2310e-09  1:02:10 2287

 Reversed flow on 51 faces (24.7% area) of pressure-outlet 19.

 Reversed flow on 177 faces (34.6% area) of pressure-outlet 18.
  1214  1.4591e-06  6.6144e-09  6.4901e-09  6.0459e-09  1:02:05 2286

 Reversed flow on 51 faces (24.7% area) of pressure-outlet 19.

 Reversed flow on 177 faces (34.6% area) of pressure-outlet 18.
  1215  1.1708e-06  5.1121e-09  5.2625e-09  5.4876e-09  1:02:02 2285

 Reversed flow on 51 faces (24.7% area) of pressure-outlet 19.

 Reversed flow on 177 faces (34.6% area) of pressure-outlet 18.
  1216  1.2106e-06  5.5621e-09  5.3359e-09  5.9278e-09  1:01:59 2284

 Reversed flow on 51 faces (24.7% area) of pressure-outlet 19.

 Reversed flow on 177 faces (34.6% area) of pressure-outlet 18.
  1217  1.1375e-06  5.0962e-09  4.8706e-09  5.9154e-09  1:01:58 2283

 Reversed flow on 51 faces (24.7% area) of pressure-outlet 19.

 Reversed flow on 177 faces (34.6% area) of pressure-outlet 18.
  1218  1.5394e-06  6.8178e-09  6.6764e-09  7.0686e-09  1:04:29 2282

 Reversed flow on 51 faces (24.7% area) of pressure-outlet 19.

 Reversed flow on 177 faces (34.6% area) of pressure-outlet 18.
  1219  1.2839e-06  5.4253e-09  5.5395e-09  6.7583e-09  1:03:55 2281

 Reversed flow on 51 faces (24.7% area) of pressure-outlet 19.

 Reversed flow on 177 faces (34.6% area) of pressure-outlet 18.
  1220  1.3589e-06  5.9726e-09  5.6724e-09  7.1894e-09  1:03:27 2280

 Reversed flow on 51 faces (24.7% area) of pressure-outlet 19.

 Reversed flow on 177 faces (34.6% area) of pressure-outlet 18.
  1221  1.3001e-06  5.5930e-09  5.2413e-09  7.0560e-09  1:03:06 2279

 Reversed flow on 51 faces (24.7% area) of pressure-outlet 19.

 Reversed flow on 177 faces (34.6% area) of pressure-outlet 18.

  iter  continuity  x-velocity  y-velocity  z-velocity     time/iter
  1222  1.6915e-06  7.3882e-09  7.0678e-09  8.0206e-09  1:02:44 2278

 Reversed flow on 51 faces (24.7% area) of pressure-outlet 19.

 Reversed flow on 177 faces (34.6% area) of pressure-outlet 18.
  1223  1.4129e-06  6.0179e-09  5.9252e-09  7.4781e-09  1:02:29 2277

 Reversed flow on 51 faces (24.7% area) of pressure-outlet 19.

 Reversed flow on 177 faces (34.6% area) of pressure-outlet 18.
  1224  1.4537e-06  6.5385e-09  6.0366e-09  7.6868e-09  1:02:20 2276

 Reversed flow on 51 faces (24.7% area) of pressure-outlet 19.

 Reversed flow on 177 faces (34.6% area) of pressure-outlet 18.
  1225  1.3610e-06  6.1328e-09  5.5771e-09  7.2176e-09  1:03:10 2275

 Reversed flow on 51 faces (24.7% area) of pressure-outlet 19.

 Reversed flow on 177 faces (34.6% area) of pressure-outlet 18.
  1226  1.7184e-06  7.8753e-09  7.3631e-09  7.8632e-09  1:03:36 2274

 Reversed flow on 51 faces (24.7% area) of pressure-outlet 19.

 Reversed flow on 177 faces (34.6% area) of pressure-outlet 18.
  1227  1.4057e-06  6.4164e-09  6.1411e-09  7.0491e-09  1:03:15 2273

 Reversed flow on 51 faces (24.7% area) of pressure-outlet 19.

 Reversed flow on 177 faces (34.6% area) of pressure-outlet 18.
  1228  1.4006e-06  6.8151e-09  6.1467e-09  6.8938e-09  1:02:55 2272

 Reversed flow on 51 faces (24.7% area) of pressure-outlet 19.

 Reversed flow on 177 faces (34.6% area) of pressure-outlet 18.
  1229  1.2726e-06  6.2576e-09  5.5710e-09  6.2216e-09  1:02:37 2271

 Reversed flow on 51 faces (24.7% area) of pressure-outlet 19.

 Reversed flow on 177 faces (34.6% area) of pressure-outlet 18.
  1230  1.6076e-06  7.8297e-09  7.2381e-09  6.7935e-09  1:02:19 2270

 Reversed flow on 51 faces (24.7% area) of pressure-outlet 19.

 Reversed flow on 177 faces (34.6% area) of pressure-outlet 18.
  1231  1.2783e-06  6.1840e-09  5.8934e-09  5.9731e-09  1:02:09 2269

 Reversed flow on 51 faces (24.7% area) of pressure-outlet 19.

 Reversed flow on 177 faces (34.6% area) of pressure-outlet 18.
  1232  1.2654e-06  6.4169e-09  5.7920e-09  5.9404e-09  1:01:58 2268

 Reversed flow on 51 faces (24.7% area) of pressure-outlet 19.

 Reversed flow on 177 faces (34.6% area) of pressure-outlet 18.

  iter  continuity  x-velocity  y-velocity  z-velocity     time/iter
  1233  1.1417e-06  5.7638e-09  5.1656e-09  5.4216e-09  1:01:51 2267

 Reversed flow on 51 faces (24.7% area) of pressure-outlet 19.

 Reversed flow on 177 faces (34.6% area) of pressure-outlet 18.
  1234  1.4900e-06  7.2849e-09  6.8293e-09  6.1112e-09  1:01:45 2266

 Reversed flow on 51 faces (24.7% area) of pressure-outlet 19.

 Reversed flow on 177 faces (34.6% area) of pressure-outlet 18.
  1235  1.1744e-06  5.6234e-09  5.4970e-09  5.5526e-09  1:01:39 2265

 Reversed flow on 51 faces (24.7% area) of pressure-outlet 19.

 Reversed flow on 177 faces (34.6% area) of pressure-outlet 18.
  1236  1.1871e-06  5.8938e-09  5.4581e-09  5.9073e-09  1:01:37 2264

 Reversed flow on 51 faces (24.7% area) of pressure-outlet 19.

 Reversed flow on 177 faces (34.6% area) of pressure-outlet 18.
  1237  1.1038e-06  5.3135e-09  4.9363e-09  5.7947e-09  1:01:35 2263

 Reversed flow on 51 faces (24.7% area) of pressure-outlet 19.

 Reversed flow on 177 faces (34.6% area) of pressure-outlet 18.
  1238  1.4947e-06  6.9314e-09  6.7125e-09  6.8128e-09  1:01:30 2262

 Reversed flow on 51 faces (24.7% area) of pressure-outlet 19.

 Reversed flow on 177 faces (34.6% area) of pressure-outlet 18.
  1239  1.2151e-06  5.3594e-09  5.4868e-09  6.3311e-09  1:01:25 2261

 Reversed flow on 51 faces (24.7% area) of pressure-outlet 19.

 Reversed flow on 177 faces (34.6% area) of pressure-outlet 18.
  1240  1.2541e-06  5.7425e-09  5.5383e-09  6.6681e-09  1:01:22 2260

 Reversed flow on 51 faces (24.7% area) of pressure-outlet 19.

 Reversed flow on 177 faces (34.6% area) of pressure-outlet 18.
  1241  1.1844e-06  5.2919e-09  5.0811e-09  6.4749e-09  1:01:20 2259

 Reversed flow on 51 faces (24.7% area) of pressure-outlet 19.

 Reversed flow on 177 faces (34.6% area) of pressure-outlet 18.
  1242  1.5794e-06  6.9862e-09  6.8831e-09  7.3511e-09  1:01:16 2258

 Reversed flow on 51 faces (24.7% area) of pressure-outlet 19.

 Reversed flow on 177 faces (34.6% area) of pressure-outlet 18.
  1243  1.2894e-06  5.4590e-09  5.6553e-09  6.6931e-09  1:01:16 2257

 Reversed flow on 51 faces (24.7% area) of pressure-outlet 19.

 Reversed flow on 177 faces (34.6% area) of pressure-outlet 18.

  iter  continuity  x-velocity  y-velocity  z-velocity     time/iter
  1244  1.3116e-06  5.8887e-09  5.6938e-09  6.8166e-09  1:01:13 2256

 Reversed flow on 51 faces (24.7% area) of pressure-outlet 19.

 Reversed flow on 177 faces (34.6% area) of pressure-outlet 18.
  1245  1.2222e-06  5.4595e-09  5.2004e-09  6.4185e-09  1:01:10 2255

 Reversed flow on 51 faces (24.7% area) of pressure-outlet 19.

 Reversed flow on 177 faces (34.6% area) of pressure-outlet 18.
  1246  1.5965e-06  7.1539e-09  6.9403e-09  7.0762e-09  1:01:05 2254

 Reversed flow on 51 faces (24.7% area) of pressure-outlet 19.

 Reversed flow on 177 faces (34.6% area) of pressure-outlet 18.
  1247  1.2890e-06  5.6353e-09  5.6604e-09  6.2255e-09  1:01:05 2253

 Reversed flow on 51 faces (24.7% area) of pressure-outlet 19.

 Reversed flow on 177 faces (34.6% area) of pressure-outlet 18.
  1248  1.2954e-06  6.0627e-09  5.6594e-09  6.2249e-09  1:01:05 2252

 Reversed flow on 51 faces (24.7% area) of pressure-outlet 19.

 Reversed flow on 177 faces (34.6% area) of pressure-outlet 18.
  1249  1.1922e-06  5.5878e-09  5.1229e-09  5.7749e-09  1:01:02 2251

 Reversed flow on 51 faces (24.7% area) of pressure-outlet 19.

 Reversed flow on 177 faces (34.6% area) of pressure-outlet 18.
  1250  1.5525e-06  7.2270e-09  6.8234e-09  6.4569e-09  1:01:00 2250

 Reversed flow on 51 faces (24.7% area) of pressure-outlet 19.

 Reversed flow on 177 faces (34.6% area) of pressure-outlet 18.
  1251  1.2409e-06  5.6897e-09  5.5343e-09  5.7161e-09  1:00:59 2249

 Reversed flow on 51 faces (24.7% area) of pressure-outlet 19.

 Reversed flow on 177 faces (34.6% area) of pressure-outlet 18.
  1252  1.2489e-06  6.1046e-09  5.5477e-09  5.8637e-09  1:00:57 2248

 Reversed flow on 51 faces (24.7% area) of pressure-outlet 19.

 Reversed flow on 177 faces (34.6% area) of pressure-outlet 18.
  1253  1.1489e-06  5.6098e-09  5.0289e-09  5.6553e-09  1:00:57 2247

 Reversed flow on 51 faces (24.7% area) of pressure-outlet 19.

 Reversed flow on 177 faces (34.6% area) of pressure-outlet 18.
  1254  1.5148e-06  7.2133e-09  6.7475e-09  6.6259e-09  1:00:55 2246

 Reversed flow on 51 faces (24.7% area) of pressure-outlet 19.

 Reversed flow on 177 faces (34.6% area) of pressure-outlet 18.

  iter  continuity  x-velocity  y-velocity  z-velocity     time/iter
  1255  1.2218e-06  5.6677e-09  5.5104e-09  6.1676e-09  1:00:54 2245

 Reversed flow on 51 faces (24.7% area) of pressure-outlet 19.

 Reversed flow on 177 faces (34.6% area) of pressure-outlet 18.
  1256  1.2524e-06  6.0991e-09  5.5819e-09  6.5365e-09  1:00:53 2244

 Reversed flow on 51 faces (24.7% area) of pressure-outlet 19.

 Reversed flow on 177 faces (34.6% area) of pressure-outlet 18.
  1257  1.1749e-06  5.6185e-09  5.1013e-09  6.3695e-09  1:00:51 2243

 Reversed flow on 51 faces (24.7% area) of pressure-outlet 19.

 Reversed flow on 177 faces (34.6% area) of pressure-outlet 18.
  1258  1.5567e-06  7.2271e-09  6.8408e-09  7.2771e-09  1:00:51 2242

 Reversed flow on 51 faces (24.7% area) of pressure-outlet 19.

 Reversed flow on 177 faces (34.6% area) of pressure-outlet 18.
  1259  1.2623e-06  5.6911e-09  5.6183e-09  6.6894e-09  1:00:51 2241

 Reversed flow on 51 faces (24.7% area) of pressure-outlet 19.

 Reversed flow on 177 faces (34.6% area) of pressure-outlet 18.
  1260  1.2928e-06  6.1126e-09  5.6895e-09  6.8849e-09  1:00:51 2240

 Reversed flow on 51 faces (24.7% area) of pressure-outlet 19.

 Reversed flow on 177 faces (34.6% area) of pressure-outlet 18.
  1261  1.2049e-06  5.5905e-09  5.1900e-09  6.5107e-09  1:00:48 2239

 Reversed flow on 51 faces (24.7% area) of pressure-outlet 19.

 Reversed flow on 177 faces (34.6% area) of pressure-outlet 18.
  1262  1.5672e-06  7.1690e-09  6.9018e-09  7.1716e-09  1:00:47 2238

 Reversed flow on 51 faces (24.7% area) of pressure-outlet 19.

 Reversed flow on 177 faces (34.6% area) of pressure-outlet 18.
  1263  1.2489e-06  5.5880e-09  5.6299e-09  6.3283e-09  1:00:43 2237

 Reversed flow on 51 faces (24.7% area) of pressure-outlet 19.

 Reversed flow on 177 faces (34.6% area) of pressure-outlet 18.
  1264  1.2539e-06  5.9573e-09  5.6367e-09  6.2862e-09  1:00:43 2236

 Reversed flow on 51 faces (24.7% area) of pressure-outlet 19.

 Reversed flow on 177 faces (34.6% area) of pressure-outlet 18.
  1265  1.1429e-06  5.3785e-09  5.0632e-09  5.7001e-09  1:00:38 2235

 Reversed flow on 51 faces (24.7% area) of pressure-outlet 19.

 Reversed flow on 177 faces (34.6% area) of pressure-outlet 18.

  iter  continuity  x-velocity  y-velocity  z-velocity     time/iter
  1266  1.4924e-06  6.9138e-09  6.7157e-09  6.2513e-09  1:00:35 2234

 Reversed flow on 51 faces (24.7% area) of pressure-outlet 19.

 Reversed flow on 177 faces (34.6% area) of pressure-outlet 18.
  1267  1.1686e-06  5.2750e-09  5.3833e-09  5.4285e-09  1:00:32 2233

 Reversed flow on 51 faces (24.7% area) of pressure-outlet 19.

 Reversed flow on 177 faces (34.6% area) of pressure-outlet 18.
  1268  1.1711e-06  5.6000e-09  5.3467e-09  5.5142e-09  1:00:32 2232

 Reversed flow on 51 faces (24.7% area) of pressure-outlet 19.

 Reversed flow on 177 faces (34.6% area) of pressure-outlet 18.
  1269  1.0599e-06  5.0033e-09  4.7599e-09  5.0591e-09  1:00:27 2231

 Reversed flow on 51 faces (24.7% area) of pressure-outlet 19.

 Reversed flow on 177 faces (34.6% area) of pressure-outlet 18.
  1270  1.4217e-06  6.5771e-09  6.4467e-09  5.8175e-09  1:00:25 2230

 Reversed flow on 51 faces (24.7% area) of pressure-outlet 19.

 Reversed flow on 177 faces (34.6% area) of pressure-outlet 18.
  1271  1.1190e-06  4.9878e-09  5.1666e-09  5.1910e-09  1:00:24 2229

 Reversed flow on 51 faces (24.7% area) of pressure-outlet 19.

 Reversed flow on 177 faces (34.6% area) of pressure-outlet 18.
  1272  1.1448e-06  5.3730e-09  5.1957e-09  5.6098e-09  1:00:22 2228

 Reversed flow on 51 faces (24.7% area) of pressure-outlet 19.

 Reversed flow on 177 faces (34.6% area) of pressure-outlet 18.
  1273  1.0709e-06  4.8705e-09  4.7071e-09  5.5948e-09  1:00:21 2227

 Reversed flow on 51 faces (24.7% area) of pressure-outlet 19.

 Reversed flow on 177 faces (34.6% area) of pressure-outlet 18.
  1274  1.4813e-06  6.5607e-09  6.5086e-09  6.7638e-09  1:00:19 2226

 Reversed flow on 51 faces (24.7% area) of pressure-outlet 19.

 Reversed flow on 177 faces (34.6% area) of pressure-outlet 18.
  1275  1.2244e-06  5.1003e-09  5.3474e-09  6.4522e-09  1:00:15 2225

 Reversed flow on 51 faces (24.7% area) of pressure-outlet 19.

 Reversed flow on 177 faces (34.6% area) of pressure-outlet 18.
  1276  1.2892e-06  5.6129e-09  5.4838e-09  6.9397e-09  1:00:14 2224

 Reversed flow on 51 faces (24.7% area) of pressure-outlet 19.

 Reversed flow on 177 faces (34.6% area) of pressure-outlet 18.

  iter  continuity  x-velocity  y-velocity  z-velocity     time/iter
  1277  1.2355e-06  5.2324e-09  5.0747e-09  6.8620e-09  1:00:14 2223

 Reversed flow on 51 faces (24.7% area) of pressure-outlet 19.

 Reversed flow on 177 faces (34.6% area) of pressure-outlet 18.
  1278  1.6472e-06  7.0427e-09  6.9233e-09  7.8832e-09  1:00:15 2222

 Reversed flow on 51 faces (24.7% area) of pressure-outlet 19.

 Reversed flow on 177 faces (34.6% area) of pressure-outlet 18.
  1279  1.3925e-06  5.6674e-09  5.7836e-09  7.3300e-09  1:00:12 2221

 Reversed flow on 51 faces (24.7% area) of pressure-outlet 19.

 Reversed flow on 177 faces (34.6% area) of pressure-outlet 18.
  1280  1.4371e-06  6.2088e-09  5.8913e-09  7.5388e-09  1:00:10 2220

 Reversed flow on 51 faces (24.7% area) of pressure-outlet 19.

 Reversed flow on 177 faces (34.6% area) of pressure-outlet 18.
  1281  1.3464e-06  5.8354e-09  5.4292e-09  7.1497e-09  1:00:09 2219

 Reversed flow on 51 faces (24.7% area) of pressure-outlet 19.

 Reversed flow on 177 faces (34.6% area) of pressure-outlet 18.
  1282  1.7109e-06  7.6225e-09  7.2209e-09  7.8772e-09  1:00:06 2218

 Reversed flow on 51 faces (24.7% area) of pressure-outlet 19.

 Reversed flow on 177 faces (34.6% area) of pressure-outlet 18.
  1283  1.4124e-06  6.2098e-09  6.0121e-09  7.0868e-09  1:00:09 2217

 Reversed flow on 51 faces (24.7% area) of pressure-outlet 19.

 Reversed flow on 177 faces (34.6% area) of pressure-outlet 18.
  1284  1.4263e-06  6.6773e-09  6.0481e-09  7.0248e-09  1:00:06 2216

 Reversed flow on 51 faces (24.7% area) of pressure-outlet 19.

 Reversed flow on 177 faces (34.6% area) of pressure-outlet 18.
  1285  1.3100e-06  6.2035e-09  5.5136e-09  6.4356e-09  1:00:05 2215

 Reversed flow on 51 faces (24.7% area) of pressure-outlet 19.

 Reversed flow on 177 faces (34.6% area) of pressure-outlet 18.
  1286  1.6541e-06  7.8664e-09  7.2379e-09  7.0970e-09  1:00:03 2214

 Reversed flow on 51 faces (24.7% area) of pressure-outlet 19.

 Reversed flow on 177 faces (34.6% area) of pressure-outlet 18.
  1287  1.3313e-06  6.3490e-09  5.9830e-09  6.2565e-09  1:00:03 2213

 Reversed flow on 51 faces (24.7% area) of pressure-outlet 19.

 Reversed flow on 177 faces (34.6% area) of pressure-outlet 18.

  iter  continuity  x-velocity  y-velocity  z-velocity     time/iter
  1288  1.3278e-06  6.6861e-09  5.9560e-09  6.2243e-09  0:59:58 2212

 Reversed flow on 51 faces (24.7% area) of pressure-outlet 19.

 Reversed flow on 177 faces (34.6% area) of pressure-outlet 18.
  1289  1.2014e-06  6.0803e-09  5.3621e-09  5.7191e-09  0:59:54 2211

 Reversed flow on 51 faces (24.7% area) of pressure-outlet 19.

 Reversed flow on 177 faces (34.6% area) of pressure-outlet 18.
  1290  1.5401e-06  7.6118e-09  7.0281e-09  6.5463e-09  0:59:50 2210

 Reversed flow on 51 faces (24.7% area) of pressure-outlet 19.

 Reversed flow on 177 faces (34.6% area) of pressure-outlet 18.
  1291  1.2251e-06  5.9908e-09  5.7438e-09  6.0374e-09  0:59:47 2209

 Reversed flow on 51 faces (24.7% area) of pressure-outlet 19.

 Reversed flow on 177 faces (34.6% area) of pressure-outlet 18.
  1292  1.2424e-06  6.2474e-09  5.7060e-09  6.3367e-09  0:59:47 2208

 Reversed flow on 51 faces (24.7% area) of pressure-outlet 19.

 Reversed flow on 177 faces (34.6% area) of pressure-outlet 18.
  1293  1.1477e-06  5.6221e-09  5.1359e-09  6.0985e-09  0:59:45 2207

 Reversed flow on 51 faces (24.7% area) of pressure-outlet 19.

 Reversed flow on 177 faces (34.6% area) of pressure-outlet 18.
  1294  1.5208e-06  7.1710e-09  6.8325e-09  6.9904e-09  0:59:41 2206

 Reversed flow on 51 faces (24.7% area) of pressure-outlet 19.

 Reversed flow on 177 faces (34.6% area) of pressure-outlet 18.
  1295  1.2333e-06  5.5898e-09  5.5846e-09  6.4518e-09  0:59:42 2205

 Reversed flow on 51 faces (24.7% area) of pressure-outlet 19.

 Reversed flow on 177 faces (34.6% area) of pressure-outlet 18.
  1296  1.2664e-06  5.9222e-09  5.5967e-09  6.6993e-09  0:59:41 2204

 Reversed flow on 51 faces (24.7% area) of pressure-outlet 19.

 Reversed flow on 177 faces (34.6% area) of pressure-outlet 18.
  1297  1.1854e-06  5.3922e-09  5.0928e-09  6.3937e-09  0:59:41 2203

 Reversed flow on 51 faces (24.7% area) of pressure-outlet 19.

 Reversed flow on 177 faces (34.6% area) of pressure-outlet 18.
  1298  1.5641e-06  7.0179e-09  6.8628e-09  7.1780e-09  0:59:39 2202

 Reversed flow on 51 faces (24.7% area) of pressure-outlet 19.

 Reversed flow on 177 faces (34.6% area) of pressure-outlet 18.

  iter  continuity  x-velocity  y-velocity  z-velocity     time/iter
  1299  1.2655e-06  5.4734e-09  5.6318e-09  6.4420e-09  0:59:37 2201

 Reversed flow on 51 faces (24.7% area) of pressure-outlet 19.

 Reversed flow on 177 faces (34.6% area) of pressure-outlet 18.
  1300  1.2798e-06  5.8670e-09  5.6533e-09  6.5103e-09  0:59:37 2200

 Reversed flow on 51 faces (24.7% area) of pressure-outlet 19.

 Reversed flow on 177 faces (34.6% area) of pressure-outlet 18.
  1301  1.1857e-06  5.3926e-09  5.1494e-09  6.0444e-09  0:59:36 2199

 Reversed flow on 51 faces (24.7% area) of pressure-outlet 19.

 Reversed flow on 177 faces (34.6% area) of pressure-outlet 18.
  1302  1.5540e-06  7.0443e-09  6.8858e-09  6.6833e-09  0:59:34 2198

 Reversed flow on 51 faces (24.7% area) of pressure-outlet 19.

 Reversed flow on 177 faces (34.6% area) of pressure-outlet 18.
  1303  1.2415e-06  5.4742e-09  5.5939e-09  5.8565e-09  0:59:33 2197

 Reversed flow on 51 faces (24.7% area) of pressure-outlet 19.

 Reversed flow on 177 faces (34.6% area) of pressure-outlet 18.
  1304  1.2486e-06  5.8556e-09  5.5694e-09  5.9638e-09  0:59:31 2196

 Reversed flow on 51 faces (24.7% area) of pressure-outlet 19.

 Reversed flow on 177 faces (34.6% area) of pressure-outlet 18.
  1305  1.1546e-06  5.3754e-09  5.0365e-09  5.6223e-09  0:59:29 2195

 Reversed flow on 51 faces (24.7% area) of pressure-outlet 19.

 Reversed flow on 177 faces (34.6% area) of pressure-outlet 18.
  1306  1.5274e-06  7.0354e-09  6.7604e-09  6.3725e-09  0:59:27 2194

 Reversed flow on 51 faces (24.7% area) of pressure-outlet 19.

 Reversed flow on 177 faces (34.6% area) of pressure-outlet 18.
  1307  1.2225e-06  5.4804e-09  5.4675e-09  5.6569e-09  0:59:23 2193

 Reversed flow on 51 faces (24.7% area) of pressure-outlet 19.

 Reversed flow on 177 faces (34.6% area) of pressure-outlet 18.
  1308  1.2339e-06  5.9013e-09  5.4754e-09  5.8448e-09  0:59:24 2192

 Reversed flow on 51 faces (24.7% area) of pressure-outlet 19.

 Reversed flow on 177 faces (34.6% area) of pressure-outlet 18.
  1309  1.1453e-06  5.4525e-09  4.9853e-09  5.7256e-09  0:59:20 2191

 Reversed flow on 51 faces (24.7% area) of pressure-outlet 19.

 Reversed flow on 177 faces (34.6% area) of pressure-outlet 18.

  iter  continuity  x-velocity  y-velocity  z-velocity     time/iter
  1310  1.5325e-06  7.1401e-09  6.7531e-09  6.7715e-09  0:59:22 2190

 Reversed flow on 51 faces (24.7% area) of pressure-outlet 19.

 Reversed flow on 177 faces (34.6% area) of pressure-outlet 18.
  1311  1.2475e-06  5.6036e-09  5.5149e-09  6.3336e-09  0:59:22 2189

 Reversed flow on 51 faces (24.7% area) of pressure-outlet 19.

 Reversed flow on 177 faces (34.6% area) of pressure-outlet 18.
  1312  1.2794e-06  6.0513e-09  5.5885e-09  6.7158e-09  0:59:18 2188

 Reversed flow on 51 faces (24.7% area) of pressure-outlet 19.

 Reversed flow on 177 faces (34.6% area) of pressure-outlet 18.
  1313  1.2075e-06  5.6253e-09  5.1441e-09  6.5629e-09  0:59:21 2187

 Reversed flow on 51 faces (24.7% area) of pressure-outlet 19.

 Reversed flow on 177 faces (34.6% area) of pressure-outlet 18.
  1314  1.5996e-06  7.3057e-09  6.9212e-09  7.4722e-09  0:59:21 2186

 Reversed flow on 51 faces (24.7% area) of pressure-outlet 19.

 Reversed flow on 177 faces (34.6% area) of pressure-outlet 18.
  1315  1.3073e-06  5.7878e-09  5.6873e-09  6.8545e-09  0:59:18 2185

 Reversed flow on 51 faces (24.7% area) of pressure-outlet 19.

 Reversed flow on 177 faces (34.6% area) of pressure-outlet 18.
  1316  1.3276e-06  6.2309e-09  5.7626e-09  7.0298e-09  0:59:16 2184

 Reversed flow on 51 faces (24.7% area) of pressure-outlet 19.

 Reversed flow on 177 faces (34.6% area) of pressure-outlet 18.
  1317  1.2326e-06  5.7575e-09  5.2751e-09  6.6504e-09  0:59:12 2183

 Reversed flow on 51 faces (24.7% area) of pressure-outlet 19.

 Reversed flow on 177 faces (34.6% area) of pressure-outlet 18.
  1318  1.5934e-06  7.3735e-09  6.9920e-09  7.3088e-09  0:59:11 2182

 Reversed flow on 51 faces (24.7% area) of pressure-outlet 19.

 Reversed flow on 177 faces (34.6% area) of pressure-outlet 18.
  1319  1.2763e-06  5.8065e-09  5.7120e-09  6.4723e-09  0:59:08 2181

 Reversed flow on 51 faces (24.7% area) of pressure-outlet 19.

 Reversed flow on 177 faces (34.6% area) of pressure-outlet 18.
  1320  1.2809e-06  6.1837e-09  5.7194e-09  6.4292e-09  0:59:05 2180

 Reversed flow on 51 faces (24.7% area) of pressure-outlet 19.

 Reversed flow on 177 faces (34.6% area) of pressure-outlet 18.

  iter  continuity  x-velocity  y-velocity  z-velocity     time/iter
  1321  1.1674e-06  5.6150e-09  5.1459e-09  5.8396e-09  0:59:03 2179

 Reversed flow on 51 faces (24.7% area) of pressure-outlet 19.

 Reversed flow on 177 faces (34.6% area) of pressure-outlet 18.
  1322  1.5101e-06  7.1388e-09  6.7906e-09  6.3748e-09  0:59:03 2178

 Reversed flow on 51 faces (24.7% area) of pressure-outlet 19.

 Reversed flow on 177 faces (34.6% area) of pressure-outlet 18.
  1323  1.1862e-06  5.5053e-09  5.4677e-09  5.5265e-09  0:59:06 2177

 Reversed flow on 51 faces (24.7% area) of pressure-outlet 19.

 Reversed flow on 177 faces (34.6% area) of pressure-outlet 18.
  1324  1.1880e-06  5.8196e-09  5.4473e-09  5.5488e-09  0:59:03 2176

 Reversed flow on 51 faces (24.7% area) of pressure-outlet 19.

 Reversed flow on 177 faces (34.6% area) of pressure-outlet 18.
  1325  1.0767e-06  5.1962e-09  4.8467e-09  5.0812e-09  0:59:06 2175

 Reversed flow on 51 faces (24.7% area) of pressure-outlet 19.

 Reversed flow on 177 faces (34.6% area) of pressure-outlet 18.
  1326  1.4250e-06  6.7056e-09  6.4910e-09  5.7933e-09  0:59:01 2174

 Reversed flow on 51 faces (24.7% area) of pressure-outlet 19.

 Reversed flow on 177 faces (34.6% area) of pressure-outlet 18.
  1327  1.1130e-06  5.0999e-09  5.2081e-09  5.2576e-09  0:58:58 2173

 Reversed flow on 51 faces (24.7% area) of pressure-outlet 19.

 Reversed flow on 177 faces (34.6% area) of pressure-outlet 18.
  1328  1.1336e-06  5.4541e-09  5.2369e-09  5.6471e-09  0:58:57 2172

 Reversed flow on 51 faces (24.7% area) of pressure-outlet 19.

 Reversed flow on 177 faces (34.6% area) of pressure-outlet 18.
  1329  1.0500e-06  4.8745e-09  4.7057e-09  5.5379e-09  0:58:52 2171

 Reversed flow on 51 faces (24.7% area) of pressure-outlet 19.

 Reversed flow on 177 faces (34.6% area) of pressure-outlet 18.
  1330  1.4351e-06  6.4728e-09  6.4378e-09  6.5864e-09  0:58:50 2170

 Reversed flow on 51 faces (24.7% area) of pressure-outlet 19.

 Reversed flow on 177 faces (34.6% area) of pressure-outlet 18.
  1331  1.1666e-06  4.9693e-09  5.2441e-09  6.1938e-09  0:58:49 2169

 Reversed flow on 51 faces (24.7% area) of pressure-outlet 19.

 Reversed flow on 177 faces (34.6% area) of pressure-outlet 18.

  iter  continuity  x-velocity  y-velocity  z-velocity     time/iter
  1332  1.2271e-06  5.4338e-09  5.3486e-09  6.6179e-09  0:58:46 2168

 Reversed flow on 51 faces (24.7% area) of pressure-outlet 19.

 Reversed flow on 177 faces (34.6% area) of pressure-outlet 18.
  1333  1.1701e-06  4.9775e-09  4.8897e-09  6.4770e-09  0:58:43 2167

 Reversed flow on 51 faces (24.7% area) of pressure-outlet 19.

 Reversed flow on 177 faces (34.6% area) of pressure-outlet 18.
  1334  1.5749e-06  6.7073e-09  6.6972e-09  7.4422e-09  0:58:42 2166

 Reversed flow on 51 faces (24.7% area) of pressure-outlet 19.

 Reversed flow on 177 faces (34.6% area) of pressure-outlet 18.
  1335  1.3105e-06  5.2960e-09  5.5598e-09  6.9233e-09  0:58:41 2165

 Reversed flow on 51 faces (24.7% area) of pressure-outlet 19.

 Reversed flow on 177 faces (34.6% area) of pressure-outlet 18.
  1336  1.3573e-06  5.8333e-09  5.6840e-09  7.1347e-09  0:58:39 2164

 Reversed flow on 51 faces (24.7% area) of pressure-outlet 19.

 Reversed flow on 177 faces (34.6% area) of pressure-outlet 18.
  1337  1.2752e-06  5.4402e-09  5.2293e-09  6.7555e-09  0:58:40 2163

 Reversed flow on 51 faces (24.7% area) of pressure-outlet 19.

 Reversed flow on 177 faces (34.6% area) of pressure-outlet 18.
  1338  1.6622e-06  7.2237e-09  7.0252e-09  7.4630e-09  0:58:35 2162

 Reversed flow on 51 faces (24.7% area) of pressure-outlet 19.

 Reversed flow on 177 faces (34.6% area) of pressure-outlet 18.
  1339  1.3745e-06  5.8117e-09  5.8206e-09  6.6815e-09  0:58:32 2161

 Reversed flow on 51 faces (24.7% area) of pressure-outlet 19.

 Reversed flow on 177 faces (34.6% area) of pressure-outlet 18.
  1340  1.3909e-06  6.3069e-09  5.8603e-09  6.7176e-09  0:58:33 2160

 Reversed flow on 51 faces (24.7% area) of pressure-outlet 19.

 Reversed flow on 177 faces (34.6% area) of pressure-outlet 18.
  1341  1.2799e-06  5.8669e-09  5.3340e-09  6.2996e-09  0:58:31 2159

 Reversed flow on 51 faces (24.7% area) of pressure-outlet 19.

 Reversed flow on 177 faces (34.6% area) of pressure-outlet 18.
  1342  1.6434e-06  7.5925e-09  7.0883e-09  7.0782e-09  0:58:28 2158

 Reversed flow on 51 faces (24.7% area) of pressure-outlet 19.

 Reversed flow on 177 faces (34.6% area) of pressure-outlet 18.

  iter  continuity  x-velocity  y-velocity  z-velocity     time/iter
  1343  1.3395e-06  6.1117e-09  5.8476e-09  6.3456e-09  0:58:27 2157

 Reversed flow on 51 faces (24.7% area) of pressure-outlet 19.

 Reversed flow on 177 faces (34.6% area) of pressure-outlet 18.
  1344  1.3518e-06  6.5390e-09  5.8671e-09  6.4136e-09  0:58:24 2156

 Reversed flow on 51 faces (24.7% area) of pressure-outlet 19.

 Reversed flow on 177 faces (34.6% area) of pressure-outlet 18.
  1345  1.2419e-06  6.0553e-09  5.3474e-09  6.0556e-09  0:58:23 2155

 Reversed flow on 51 faces (24.7% area) of pressure-outlet 19.

 Reversed flow on 177 faces (34.6% area) of pressure-outlet 18.
  1346  1.6022e-06  7.7371e-09  7.1186e-09  7.0015e-09  0:58:23 2154

 Reversed flow on 51 faces (24.7% area) of pressure-outlet 19.

 Reversed flow on 177 faces (34.6% area) of pressure-outlet 18.
  1347  1.2951e-06  6.2021e-09  5.8901e-09  6.4635e-09  0:58:24 2153

 Reversed flow on 51 faces (24.7% area) of pressure-outlet 19.

 Reversed flow on 177 faces (34.6% area) of pressure-outlet 18.
  1348  1.3154e-06  6.5295e-09  5.8986e-09  6.7465e-09  0:58:20 2152

 Reversed flow on 51 faces (24.7% area) of pressure-outlet 19.

 Reversed flow on 177 faces (34.6% area) of pressure-outlet 18.
  1349  1.2184e-06  5.9639e-09  5.3673e-09  6.5183e-09  0:58:18 2151

 Reversed flow on 51 faces (24.7% area) of pressure-outlet 19.

 Reversed flow on 177 faces (34.6% area) of pressure-outlet 18.
  1350  1.5936e-06  7.5659e-09  7.1130e-09  7.4192e-09  0:58:15 2150

 Reversed flow on 51 faces (24.7% area) of pressure-outlet 19.

 Reversed flow on 177 faces (34.6% area) of pressure-outlet 18.
  1351  1.2958e-06  5.9678e-09  5.8464e-09  6.8116e-09  0:58:15 2149

 Reversed flow on 51 faces (24.7% area) of pressure-outlet 19.

 Reversed flow on 177 faces (34.6% area) of pressure-outlet 18.
  1352  1.3131e-06  6.2617e-09  5.8193e-09  6.9521e-09  0:58:15 2148

 Reversed flow on 51 faces (24.7% area) of pressure-outlet 19.

 Reversed flow on 177 faces (34.6% area) of pressure-outlet 18.
  1353  1.2152e-06  5.6817e-09  5.2656e-09  6.5460e-09  0:58:09 2147

 Reversed flow on 51 faces (24.7% area) of pressure-outlet 19.

 Reversed flow on 177 faces (34.6% area) of pressure-outlet 18.

  iter  continuity  x-velocity  y-velocity  z-velocity     time/iter
  1354  1.5800e-06  7.2714e-09  6.9807e-09  7.2596e-09  0:58:08 2146

 Reversed flow on 51 faces (24.7% area) of pressure-outlet 19.

 Reversed flow on 177 faces (34.6% area) of pressure-outlet 18.
  1355  1.2706e-06  5.6761e-09  5.6981e-09  6.4708e-09  0:58:06 2145

 Reversed flow on 51 faces (24.7% area) of pressure-outlet 19.

 Reversed flow on 177 faces (34.6% area) of pressure-outlet 18.
  1356  1.2769e-06  6.0001e-09  5.6683e-09  6.4843e-09  0:58:04 2144

 Reversed flow on 51 faces (24.7% area) of pressure-outlet 19.

 Reversed flow on 177 faces (34.6% area) of pressure-outlet 18.
  1357  1.1735e-06  5.4581e-09  5.1231e-09  5.9530e-09  0:58:02 2143

 Reversed flow on 51 faces (24.7% area) of pressure-outlet 19.

 Reversed flow on 177 faces (34.6% area) of pressure-outlet 18.
  1358  1.5333e-06  7.0646e-09  6.8347e-09  6.5357e-09  0:58:04 2142

 Reversed flow on 51 faces (24.7% area) of pressure-outlet 19.

 Reversed flow on 177 faces (34.6% area) of pressure-outlet 18.
  1359  1.2177e-06  5.4791e-09  5.5398e-09  5.7028e-09  0:58:05 2141

 Reversed flow on 51 faces (24.7% area) of pressure-outlet 19.

 Reversed flow on 177 faces (34.6% area) of pressure-outlet 18.
  1360  1.2258e-06  5.8228e-09  5.5170e-09  5.7697e-09  0:58:05 2140

 Reversed flow on 51 faces (24.7% area) of pressure-outlet 19.

 Reversed flow on 177 faces (34.6% area) of pressure-outlet 18.
  1361  1.1271e-06  5.2954e-09  4.9828e-09  5.3659e-09  0:58:00 2139

 Reversed flow on 51 faces (24.7% area) of pressure-outlet 19.

 Reversed flow on 177 faces (34.6% area) of pressure-outlet 18.
  1362  1.4925e-06  6.9093e-09  6.6890e-09  6.1222e-09  0:57:56 2138

 Reversed flow on 51 faces (24.7% area) of pressure-outlet 19.

 Reversed flow on 177 faces (34.6% area) of pressure-outlet 18.
  1363  1.1872e-06  5.3557e-09  5.4170e-09  5.4863e-09  0:57:56 2137

 Reversed flow on 51 faces (24.7% area) of pressure-outlet 19.

 Reversed flow on 177 faces (34.6% area) of pressure-outlet 18.
  1364  1.2080e-06  5.7541e-09  5.4348e-09  5.8578e-09  0:57:52 2136

 Reversed flow on 51 faces (24.7% area) of pressure-outlet 19.

 Reversed flow on 177 faces (34.6% area) of pressure-outlet 18.

  iter  continuity  x-velocity  y-velocity  z-velocity     time/iter
  1365  1.1265e-06  5.2834e-09  4.9482e-09  5.7957e-09  0:57:51 2135

 Reversed flow on 51 faces (24.7% area) of pressure-outlet 19.

 Reversed flow on 177 faces (34.6% area) of pressure-outlet 18.
  1366  1.5185e-06  6.9461e-09  6.7070e-09  6.8526e-09  0:57:48 2134

 Reversed flow on 51 faces (24.7% area) of pressure-outlet 19.

 Reversed flow on 177 faces (34.6% area) of pressure-outlet 18.
  1367  1.2402e-06  5.4608e-09  5.4970e-09  6.4375e-09  0:57:47 2133

 Reversed flow on 51 faces (24.7% area) of pressure-outlet 19.

 Reversed flow on 177 faces (34.6% area) of pressure-outlet 18.
  1368  1.2852e-06  5.9413e-09  5.5767e-09  6.8274e-09  0:57:48 2132

 Reversed flow on 51 faces (24.7% area) of pressure-outlet 19.

 Reversed flow on 177 faces (34.6% area) of pressure-outlet 18.
  1369  1.2205e-06  5.5273e-09  5.1298e-09  6.6655e-09  0:57:47 2131

 Reversed flow on 51 faces (24.7% area) of pressure-outlet 19.

 Reversed flow on 177 faces (34.6% area) of pressure-outlet 18.
  1370  1.6124e-06  7.2265e-09  6.9017e-09  7.5567e-09  0:57:44 2130

 Reversed flow on 51 faces (24.7% area) of pressure-outlet 19.

 Reversed flow on 177 faces (34.6% area) of pressure-outlet 18.
  1371  1.3253e-06  5.7504e-09  5.6905e-09  6.9294e-09  0:57:43 2129

 Reversed flow on 51 faces (24.7% area) of pressure-outlet 19.

 Reversed flow on 177 faces (34.6% area) of pressure-outlet 18.
  1372  1.3512e-06  6.2221e-09  5.7743e-09  7.0876e-09  0:57:42 2128

 Reversed flow on 51 faces (24.7% area) of pressure-outlet 19.

 Reversed flow on 177 faces (34.6% area) of pressure-outlet 18.
  1373  1.2569e-06  5.7815e-09  5.2959e-09  6.6324e-09  0:57:40 2127

 Reversed flow on 51 faces (24.7% area) of pressure-outlet 19.

 Reversed flow on 177 faces (34.6% area) of pressure-outlet 18.
  1374  1.6150e-06  7.4277e-09  7.0179e-09  7.2471e-09  0:57:36 2126

 Reversed flow on 51 faces (24.7% area) of pressure-outlet 19.

 Reversed flow on 177 faces (34.6% area) of pressure-outlet 18.
  1375  1.2941e-06  5.8822e-09  5.7426e-09  6.3592e-09  0:57:34 2125

 Reversed flow on 51 faces (24.7% area) of pressure-outlet 19.

 Reversed flow on 177 faces (34.6% area) of pressure-outlet 18.

  iter  continuity  x-velocity  y-velocity  z-velocity     time/iter
  1376  1.2909e-06  6.2863e-09  5.7571e-09  6.3208e-09  0:59:58 2124

 Reversed flow on 51 faces (24.7% area) of pressure-outlet 19.

 Reversed flow on 177 faces (34.6% area) of pressure-outlet 18.
  1377  1.1732e-06  5.7530e-09  5.1965e-09  5.7599e-09  0:59:29 2123

 Reversed flow on 51 faces (24.7% area) of pressure-outlet 19.

 Reversed flow on 177 faces (34.6% area) of pressure-outlet 18.
  1378  1.5204e-06  7.3026e-09  6.8534e-09  6.3970e-09  0:59:04 2122

 Reversed flow on 51 faces (24.7% area) of pressure-outlet 19.

 Reversed flow on 177 faces (34.6% area) of pressure-outlet 18.
  1379  1.1992e-06  5.6582e-09  5.5226e-09  5.6096e-09  0:58:44 2121

 Reversed flow on 51 faces (24.7% area) of pressure-outlet 19.

 Reversed flow on 177 faces (34.6% area) of pressure-outlet 18.
  1380  1.1972e-06  5.9768e-09  5.4997e-09  5.6654e-09  0:58:28 2120

 Reversed flow on 51 faces (24.7% area) of pressure-outlet 19.

 Reversed flow on 177 faces (34.6% area) of pressure-outlet 18.
  1381  1.0881e-06  5.3893e-09  4.9267e-09  5.2296e-09  0:58:15 2119

 Reversed flow on 51 faces (24.7% area) of pressure-outlet 19.

 Reversed flow on 177 faces (34.6% area) of pressure-outlet 18.
  1382  1.4471e-06  6.9272e-09  6.5993e-09  5.9730e-09  0:58:03 2118

 Reversed flow on 51 faces (24.7% area) of pressure-outlet 19.

 Reversed flow on 177 faces (34.6% area) of pressure-outlet 18.
  1383  1.1378e-06  5.2865e-09  5.3042e-09  5.4415e-09  0:57:53 2117

 Reversed flow on 51 faces (24.7% area) of pressure-outlet 19.

 Reversed flow on 177 faces (34.6% area) of pressure-outlet 18.
  1384  1.1569e-06  5.6208e-09  5.3244e-09  5.8136e-09  0:57:46 2116

 Reversed flow on 51 faces (24.7% area) of pressure-outlet 19.

 Reversed flow on 177 faces (34.6% area) of pressure-outlet 18.
  1385  1.0746e-06  5.0414e-09  4.8012e-09  5.6772e-09  0:57:38 2115

 Reversed flow on 51 faces (24.7% area) of pressure-outlet 19.

 Reversed flow on 177 faces (34.6% area) of pressure-outlet 18.
  1386  1.4601e-06  6.6341e-09  6.5368e-09  6.6650e-09  0:57:31 2114

 Reversed flow on 51 faces (24.7% area) of pressure-outlet 19.

 Reversed flow on 177 faces (34.6% area) of pressure-outlet 18.

  iter  continuity  x-velocity  y-velocity  z-velocity     time/iter
  1387  1.1775e-06  5.0706e-09  5.3087e-09  6.1763e-09  0:57:24 2113

 Reversed flow on 51 faces (24.7% area) of pressure-outlet 19.

 Reversed flow on 177 faces (34.6% area) of pressure-outlet 18.
  1388  1.2140e-06  5.4788e-09  5.3748e-09  6.4902e-09  0:57:20 2112

 Reversed flow on 51 faces (24.7% area) of pressure-outlet 19.

 Reversed flow on 177 faces (34.6% area) of pressure-outlet 18.
  1389  1.1353e-06  4.9714e-09  4.8775e-09  6.2729e-09  0:57:17 2111

 Reversed flow on 51 faces (24.7% area) of pressure-outlet 19.

 Reversed flow on 177 faces (34.6% area) of pressure-outlet 18.
  1390  1.5263e-06  6.6343e-09  6.6460e-09  7.1617e-09  0:57:14 2110

 Reversed flow on 51 faces (24.7% area) of pressure-outlet 19.

 Reversed flow on 177 faces (34.6% area) of pressure-outlet 18.
  1391  1.2441e-06  5.1395e-09  5.4405e-09  6.5522e-09  0:57:13 2109

 Reversed flow on 51 faces (24.7% area) of pressure-outlet 19.

 Reversed flow on 177 faces (34.6% area) of pressure-outlet 18.
  1392  1.2823e-06  5.6064e-09  5.5147e-09  6.7327e-09  0:57:13 2108

 Reversed flow on 51 faces (24.7% area) of pressure-outlet 19.

 Reversed flow on 177 faces (34.6% area) of pressure-outlet 18.
  1393  1.2000e-06  5.1561e-09  5.0225e-09  6.3647e-09  0:57:08 2107

 Reversed flow on 51 faces (24.7% area) of pressure-outlet 19.

 Reversed flow on 177 faces (34.6% area) of pressure-outlet 18.
  1394  1.5840e-06  6.8824e-09  6.7926e-09  7.1097e-09  0:57:04 2106

 Reversed flow on 51 faces (24.7% area) of pressure-outlet 19.

 Reversed flow on 177 faces (34.6% area) of pressure-outlet 18.
  1395  1.2966e-06  5.4432e-09  5.5843e-09  6.3700e-09  0:57:02 2105

 Reversed flow on 51 faces (24.7% area) of pressure-outlet 19.

 Reversed flow on 177 faces (34.6% area) of pressure-outlet 18.
  1396  1.3245e-06  5.9279e-09  5.6432e-09  6.4572e-09  0:57:01 2104

 Reversed flow on 51 faces (24.7% area) of pressure-outlet 19.

 Reversed flow on 177 faces (34.6% area) of pressure-outlet 18.
  1397  1.2353e-06  5.4828e-09  5.1349e-09  6.0495e-09  0:56:58 2103

 Reversed flow on 51 faces (24.7% area) of pressure-outlet 19.

 Reversed flow on 177 faces (34.6% area) of pressure-outlet 18.

  iter  continuity  x-velocity  y-velocity  z-velocity     time/iter
  1398  1.6137e-06  7.2071e-09  6.8905e-09  6.7976e-09  0:57:01 2102

 Reversed flow on 51 faces (24.7% area) of pressure-outlet 19.

 Reversed flow on 177 faces (34.6% area) of pressure-outlet 18.
  1399  1.3198e-06  5.7797e-09  5.6713e-09  6.1507e-09  0:56:55 2101

 Reversed flow on 51 faces (24.7% area) of pressure-outlet 19.

 Reversed flow on 177 faces (34.6% area) of pressure-outlet 18.
  1400  1.3377e-06  6.2601e-09  5.7219e-09  6.3604e-09  0:56:54 2100

 Reversed flow on 51 faces (24.7% area) of pressure-outlet 19.

 Reversed flow on 177 faces (34.6% area) of pressure-outlet 18.
  1401  1.2353e-06  5.8053e-09  5.2210e-09  6.1823e-09  0:56:54 2099

 Reversed flow on 51 faces (24.7% area) of pressure-outlet 19.

 Reversed flow on 177 faces (34.6% area) of pressure-outlet 18.
  1402  1.6078e-06  7.5151e-09  7.0055e-09  7.2311e-09  0:56:52 2098

 Reversed flow on 51 faces (24.7% area) of pressure-outlet 19.

 Reversed flow on 177 faces (34.6% area) of pressure-outlet 18.
  1403  1.3301e-06  6.0833e-09  5.8423e-09  6.8033e-09  0:56:50 2097

 Reversed flow on 51 faces (24.7% area) of pressure-outlet 19.

 Reversed flow on 177 faces (34.6% area) of pressure-outlet 18.
  1404  1.3688e-06  6.5425e-09  5.9247e-09  7.1863e-09  0:56:47 2096

 Reversed flow on 51 faces (24.7% area) of pressure-outlet 19.

 Reversed flow on 177 faces (34.6% area) of pressure-outlet 18.
  1405  1.2858e-06  6.0789e-09  5.4498e-09  7.0061e-09  0:56:47 2095

 Reversed flow on 51 faces (24.7% area) of pressure-outlet 19.

 Reversed flow on 177 faces (34.6% area) of pressure-outlet 18.
  1406  1.6579e-06  7.7611e-09  7.2418e-09  7.8293e-09  0:56:46 2094

 Reversed flow on 51 faces (24.7% area) of pressure-outlet 19.

 Reversed flow on 177 faces (34.6% area) of pressure-outlet 18.
  1407  1.3660e-06  6.2696e-09  6.0438e-09  7.1816e-09  0:56:43 2093

 Reversed flow on 51 faces (24.7% area) of pressure-outlet 19.

 Reversed flow on 177 faces (34.6% area) of pressure-outlet 18.
  1408  1.3867e-06  6.6283e-09  6.0541e-09  7.2878e-09  0:56:40 2092

 Reversed flow on 51 faces (24.7% area) of pressure-outlet 19.

 Reversed flow on 177 faces (34.6% area) of pressure-outlet 18.

  iter  continuity  x-velocity  y-velocity  z-velocity     time/iter
  1409  1.2817e-06  6.0563e-09  5.5084e-09  6.8317e-09  0:56:37 2091

 Reversed flow on 51 faces (24.7% area) of pressure-outlet 19.

 Reversed flow on 177 faces (34.6% area) of pressure-outlet 18.
  1410  1.6294e-06  7.6292e-09  7.2071e-09  7.4332e-09  0:56:36 2090

 Reversed flow on 51 faces (24.7% area) of pressure-outlet 19.

 Reversed flow on 177 faces (34.6% area) of pressure-outlet 18.
  1411  1.3033e-06  6.0191e-09  5.9091e-09  6.5383e-09  0:56:34 2089

 Reversed flow on 51 faces (24.7% area) of pressure-outlet 19.

 Reversed flow on 177 faces (34.6% area) of pressure-outlet 18.
  1412  1.2981e-06  6.2934e-09  5.8345e-09  6.4192e-09  0:56:32 2088

 Reversed flow on 51 faces (24.7% area) of pressure-outlet 19.

 Reversed flow on 177 faces (34.6% area) of pressure-outlet 18.
  1413  1.1785e-06  5.6882e-09  5.2228e-09  5.8070e-09  0:56:30 2087

 Reversed flow on 51 faces (24.7% area) of pressure-outlet 19.

 Reversed flow on 177 faces (34.6% area) of pressure-outlet 18.
  1414  1.5238e-06  7.2313e-09  6.8856e-09  6.3703e-09  0:56:29 2086

 Reversed flow on 51 faces (24.7% area) of pressure-outlet 19.

 Reversed flow on 177 faces (34.6% area) of pressure-outlet 18.
  1415  1.1994e-06  5.5735e-09  5.5447e-09  5.5688e-09  0:56:28 2085

 Reversed flow on 51 faces (24.7% area) of pressure-outlet 19.

 Reversed flow on 177 faces (34.6% area) of pressure-outlet 18.
  1416  1.2016e-06  5.8485e-09  5.4805e-09  5.6474e-09  0:56:28 2084

 Reversed flow on 51 faces (24.7% area) of pressure-outlet 19.

 Reversed flow on 177 faces (34.6% area) of pressure-outlet 18.
  1417  1.0978e-06  5.2807e-09  4.9272e-09  5.2231e-09  0:56:26 2083

 Reversed flow on 51 faces (24.7% area) of pressure-outlet 19.

 Reversed flow on 177 faces (34.6% area) of pressure-outlet 18.
  1418  1.4680e-06  6.8905e-09  6.6512e-09  5.9940e-09  0:56:24 2082

 Reversed flow on 51 faces (24.7% area) of pressure-outlet 19.

 Reversed flow on 177 faces (34.6% area) of pressure-outlet 18.
  1419  1.1623e-06  5.2888e-09  5.3623e-09  5.3509e-09  0:56:24 2081

 Reversed flow on 51 faces (24.7% area) of pressure-outlet 19.

 Reversed flow on 177 faces (34.6% area) of pressure-outlet 18.

  iter  continuity  x-velocity  y-velocity  z-velocity     time/iter
  1420  1.1818e-06  5.6443e-09  5.3721e-09  5.7448e-09  0:56:23 2080

 Reversed flow on 51 faces (24.7% area) of pressure-outlet 19.

 Reversed flow on 177 faces (34.6% area) of pressure-outlet 18.
  1421  1.1048e-06  5.1680e-09  4.9006e-09  5.7073e-09  0:56:25 2079

 Reversed flow on 51 faces (24.7% area) of pressure-outlet 19.

 Reversed flow on 177 faces (34.6% area) of pressure-outlet 18.
  1422  1.5069e-06  6.8443e-09  6.6943e-09  6.8092e-09  0:56:22 2078

 Reversed flow on 51 faces (24.7% area) of pressure-outlet 19.

 Reversed flow on 177 faces (34.6% area) of pressure-outlet 18.
  1423  1.2311e-06  5.3192e-09  5.4753e-09  6.4013e-09  0:56:17 2077

 Reversed flow on 51 faces (24.7% area) of pressure-outlet 19.

 Reversed flow on 177 faces (34.6% area) of pressure-outlet 18.
  1424  1.2758e-06  5.7726e-09  5.5488e-09  6.8054e-09  0:56:15 2076

 Reversed flow on 51 faces (24.7% area) of pressure-outlet 19.

 Reversed flow on 177 faces (34.6% area) of pressure-outlet 18.
  1425  1.2133e-06  5.3781e-09  5.1119e-09  6.6739e-09  0:56:15 2075

 Reversed flow on 51 faces (24.7% area) of pressure-outlet 19.

 Reversed flow on 177 faces (34.6% area) of pressure-outlet 18.
  1426  1.6137e-06  7.1220e-09  6.9122e-09  7.5956e-09  0:57:12 2074

 Reversed flow on 51 faces (24.7% area) of pressure-outlet 19.

 Reversed flow on 177 faces (34.6% area) of pressure-outlet 18.
  1427  1.3279e-06  5.6433e-09  5.6966e-09  6.9678e-09  0:56:57 2073

 Reversed flow on 51 faces (24.7% area) of pressure-outlet 19.

 Reversed flow on 177 faces (34.6% area) of pressure-outlet 18.
  1428  1.3513e-06  6.1215e-09  5.7596e-09  7.1208e-09  0:56:44 2072

 Reversed flow on 51 faces (24.7% area) of pressure-outlet 19.

 Reversed flow on 177 faces (34.6% area) of pressure-outlet 18.
  1429  1.2614e-06  5.7073e-09  5.2801e-09  6.7025e-09  0:56:34 2071

 Reversed flow on 51 faces (24.7% area) of pressure-outlet 19.

 Reversed flow on 177 faces (34.6% area) of pressure-outlet 18.
  1430  1.6291e-06  7.3990e-09  7.0146e-09  7.3598e-09  0:56:29 2070

 Reversed flow on 51 faces (24.7% area) of pressure-outlet 19.

 Reversed flow on 177 faces (34.6% area) of pressure-outlet 18.

  iter  continuity  x-velocity  y-velocity  z-velocity     time/iter
  1431  1.3162e-06  5.8800e-09  5.7383e-09  6.4833e-09  0:56:22 2069

 Reversed flow on 51 faces (24.7% area) of pressure-outlet 19.

 Reversed flow on 177 faces (34.6% area) of pressure-outlet 18.
  1432  1.3161e-06  6.3020e-09  5.7480e-09  6.4112e-09  0:56:17 2068

 Reversed flow on 51 faces (24.7% area) of pressure-outlet 19.

 Reversed flow on 177 faces (34.6% area) of pressure-outlet 18.
  1433  1.2017e-06  5.7971e-09  5.1981e-09  5.8397e-09  0:56:13 2067

 Reversed flow on 51 faces (24.7% area) of pressure-outlet 19.

 Reversed flow on 177 faces (34.6% area) of pressure-outlet 18.
  1434  1.5484e-06  7.3745e-09  6.8645e-09  6.4403e-09  0:56:10 2066

 Reversed flow on 51 faces (24.7% area) of pressure-outlet 19.

 Reversed flow on 177 faces (34.6% area) of pressure-outlet 18.
  1435  1.2238e-06  5.7802e-09  5.5637e-09  5.6418e-09  0:56:05 2065

 Reversed flow on 51 faces (24.7% area) of pressure-outlet 19.

 Reversed flow on 177 faces (34.6% area) of pressure-outlet 18.
  1436  1.2223e-06  6.1482e-09  5.5609e-09  5.7232e-09  0:56:00 2064

 Reversed flow on 51 faces (24.7% area) of pressure-outlet 19.

 Reversed flow on 177 faces (34.6% area) of pressure-outlet 18.
  1437  1.1080e-06  5.5826e-09  4.9997e-09  5.3251e-09  0:55:57 2063

 Reversed flow on 51 faces (24.7% area) of pressure-outlet 19.

 Reversed flow on 177 faces (34.6% area) of pressure-outlet 18.
  1438  1.4623e-06  7.1063e-09  6.6684e-09  6.2028e-09  0:55:57 2062

 Reversed flow on 51 faces (24.7% area) of pressure-outlet 19.

 Reversed flow on 177 faces (34.6% area) of pressure-outlet 18.
  1439  1.1556e-06  5.4958e-09  5.4047e-09  5.7369e-09  0:55:55 2061

 Reversed flow on 51 faces (24.7% area) of pressure-outlet 19.

 Reversed flow on 177 faces (34.6% area) of pressure-outlet 18.
  1440  1.1848e-06  5.8464e-09  5.4499e-09  6.1293e-09  0:55:54 2060

 Reversed flow on 51 faces (24.7% area) of pressure-outlet 19.

 Reversed flow on 177 faces (34.6% area) of pressure-outlet 18.
  1441  1.1021e-06  5.2833e-09  4.9279e-09  5.9622e-09  0:55:52 2059

 Reversed flow on 51 faces (24.7% area) of pressure-outlet 19.

 Reversed flow on 177 faces (34.6% area) of pressure-outlet 18.

  iter  continuity  x-velocity  y-velocity  z-velocity     time/iter
  1442  1.4842e-06  6.8407e-09  6.6383e-09  6.8805e-09  0:55:53 2058

 Reversed flow on 51 faces (24.7% area) of pressure-outlet 19.

 Reversed flow on 177 faces (34.6% area) of pressure-outlet 18.
  1443  1.2008e-06  5.2746e-09  5.4134e-09  6.3418e-09  0:55:50 2057

 Reversed flow on 51 faces (24.7% area) of pressure-outlet 19.

 Reversed flow on 177 faces (34.6% area) of pressure-outlet 18.
  1444  1.2380e-06  5.6675e-09  5.4736e-09  6.5926e-09  0:55:45 2056

 Reversed flow on 51 faces (24.7% area) of pressure-outlet 19.

 Reversed flow on 177 faces (34.6% area) of pressure-outlet 18.
  1445  1.1542e-06  5.1268e-09  4.9521e-09  6.2545e-09  0:55:41 2055

 Reversed flow on 51 faces (24.7% area) of pressure-outlet 19.

 Reversed flow on 177 faces (34.6% area) of pressure-outlet 18.
  1446  1.5263e-06  6.7245e-09  6.6776e-09  7.0181e-09  0:55:38 2054

 Reversed flow on 51 faces (24.7% area) of pressure-outlet 19.

 Reversed flow on 177 faces (34.6% area) of pressure-outlet 18.
  1447  1.2228e-06  5.1857e-09  5.4441e-09  6.2551e-09  0:55:38 2053

 Reversed flow on 51 faces (24.7% area) of pressure-outlet 19.

 Reversed flow on 177 faces (34.6% area) of pressure-outlet 18.
  1448  1.2357e-06  5.5959e-09  5.4811e-09  6.3235e-09  0:55:37 2052

 Reversed flow on 51 faces (24.7% area) of pressure-outlet 19.

 Reversed flow on 177 faces (34.6% area) of pressure-outlet 18.
  1449  1.1368e-06  5.0667e-09  4.9346e-09  5.8432e-09  0:55:37 2051

 Reversed flow on 51 faces (24.7% area) of pressure-outlet 19.

 Reversed flow on 177 faces (34.6% area) of pressure-outlet 18.
  1450  1.5029e-06  6.7048e-09  6.6515e-09  6.5139e-09  0:55:37 2050

 Reversed flow on 51 faces (24.7% area) of pressure-outlet 19.

 Reversed flow on 177 faces (34.6% area) of pressure-outlet 18.
  1451  1.2046e-06  5.1737e-09  5.3908e-09  5.7570e-09  0:55:35 2049

 Reversed flow on 51 faces (24.7% area) of pressure-outlet 19.

 Reversed flow on 177 faces (34.6% area) of pressure-outlet 18.
  1452  1.2295e-06  5.5945e-09  5.4103e-09  5.9317e-09  0:55:48 2048

 Reversed flow on 51 faces (24.7% area) of pressure-outlet 19.

 Reversed flow on 177 faces (34.6% area) of pressure-outlet 18.

  iter  continuity  x-velocity  y-velocity  z-velocity     time/iter
  1453  1.1435e-06  5.1037e-09  4.8890e-09  5.6305e-09  0:55:41 2047

 Reversed flow on 51 faces (24.7% area) of pressure-outlet 19.

 Reversed flow on 177 faces (34.6% area) of pressure-outlet 18.
  1454  1.5274e-06  6.8095e-09  6.6544e-09  6.4792e-09  0:55:35 2046

 Reversed flow on 51 faces (24.7% area) of pressure-outlet 19.

 Reversed flow on 177 faces (34.6% area) of pressure-outlet 18.
  1455  1.2433e-06  5.3386e-09  5.4349e-09  5.8776e-09  0:55:30 2045

 Reversed flow on 51 faces (24.7% area) of pressure-outlet 19.

 Reversed flow on 177 faces (34.6% area) of pressure-outlet 18.
  1456  1.2770e-06  5.8219e-09  5.5016e-09  6.1524e-09  0:55:29 2044

 Reversed flow on 51 faces (24.7% area) of pressure-outlet 19.

 Reversed flow on 177 faces (34.6% area) of pressure-outlet 18.
  1457  1.2085e-06  5.4083e-09  5.0397e-09  6.0536e-09  0:55:30 2043

 Reversed flow on 51 faces (24.7% area) of pressure-outlet 19.

 Reversed flow on 177 faces (34.6% area) of pressure-outlet 18.
  1458  1.6051e-06  7.1848e-09  6.8601e-09  7.1744e-09  0:55:58 2042

 Reversed flow on 51 faces (24.7% area) of pressure-outlet 19.

 Reversed flow on 177 faces (34.6% area) of pressure-outlet 18.
  1459  1.3317e-06  5.7604e-09  5.6903e-09  6.8280e-09  0:55:55 2041

 Reversed flow on 51 faces (24.7% area) of pressure-outlet 19.

 Reversed flow on 177 faces (34.6% area) of pressure-outlet 18.
  1460  1.3705e-06  6.2660e-09  5.7971e-09  7.2604e-09  0:55:48 2040

 Reversed flow on 51 faces (24.7% area) of pressure-outlet 19.

 Reversed flow on 177 faces (34.6% area) of pressure-outlet 18.
  1461  1.3018e-06  5.8767e-09  5.3674e-09  7.1351e-09  0:55:41 2039

 Reversed flow on 51 faces (24.7% area) of pressure-outlet 19.

 Reversed flow on 177 faces (34.6% area) of pressure-outlet 18.
  1462  1.6984e-06  7.6655e-09  7.2145e-09  8.0714e-09  0:55:35 2038

 Reversed flow on 51 faces (24.7% area) of pressure-outlet 19.

 Reversed flow on 177 faces (34.6% area) of pressure-outlet 18.
  1463  1.4169e-06  6.2493e-09  6.0448e-09  7.4935e-09  0:55:32 2037

 Reversed flow on 51 faces (24.7% area) of pressure-outlet 19.

 Reversed flow on 177 faces (34.6% area) of pressure-outlet 18.

  iter  continuity  x-velocity  y-velocity  z-velocity     time/iter
  1464  1.4433e-06  6.7076e-09  6.1221e-09  7.6939e-09  0:55:25 2036

 Reversed flow on 51 faces (24.7% area) of pressure-outlet 19.

 Reversed flow on 177 faces (34.6% area) of pressure-outlet 18.
  1465  1.3364e-06  6.2402e-09  5.6339e-09  7.2000e-09  0:55:19 2035

 Reversed flow on 51 faces (24.7% area) of pressure-outlet 19.

 Reversed flow on 177 faces (34.6% area) of pressure-outlet 18.
  1466  1.6897e-06  7.9103e-09  7.3908e-09  7.7854e-09  0:55:15 2034

 Reversed flow on 51 faces (24.7% area) of pressure-outlet 19.

 Reversed flow on 177 faces (34.6% area) of pressure-outlet 18.
  1467  1.3677e-06  6.3641e-09  6.1131e-09  6.8954e-09  0:55:13 2033

 Reversed flow on 51 faces (24.7% area) of pressure-outlet 19.

 Reversed flow on 177 faces (34.6% area) of pressure-outlet 18.
  1468  1.3622e-06  6.6696e-09  6.0529e-09  6.7705e-09  0:55:10 2032

 Reversed flow on 51 faces (24.7% area) of pressure-outlet 19.

 Reversed flow on 177 faces (34.6% area) of pressure-outlet 18.
  1469  1.2328e-06  6.0458e-09  5.4257e-09  6.1007e-09  0:55:07 2031

 Reversed flow on 51 faces (24.7% area) of pressure-outlet 19.

 Reversed flow on 177 faces (34.6% area) of pressure-outlet 18.
  1470  1.5624e-06  7.5543e-09  7.0605e-09  6.5829e-09  0:55:06 2030

 Reversed flow on 51 faces (24.7% area) of pressure-outlet 19.

 Reversed flow on 177 faces (34.6% area) of pressure-outlet 18.
  1471  1.2309e-06  5.8889e-09  5.7093e-09  5.6874e-09  0:55:02 2029

 Reversed flow on 51 faces (24.7% area) of pressure-outlet 19.

 Reversed flow on 177 faces (34.6% area) of pressure-outlet 18.
  1472  1.2250e-06  6.1263e-09  5.6092e-09  5.6601e-09  0:54:59 2028

 Reversed flow on 51 faces (24.7% area) of pressure-outlet 19.

 Reversed flow on 177 faces (34.6% area) of pressure-outlet 18.
  1473  1.1082e-06  5.4916e-09  4.9911e-09  5.1965e-09  0:54:56 2027

 Reversed flow on 51 faces (24.7% area) of pressure-outlet 19.

 Reversed flow on 177 faces (34.6% area) of pressure-outlet 18.
  1474  1.4567e-06  7.0113e-09  6.6595e-09  5.9362e-09  0:54:52 2026

 Reversed flow on 51 faces (24.7% area) of pressure-outlet 19.

 Reversed flow on 177 faces (34.6% area) of pressure-outlet 18.

  iter  continuity  x-velocity  y-velocity  z-velocity     time/iter
  1475  1.1468e-06  5.3919e-09  5.3764e-09  5.4176e-09  0:54:47 2025

 Reversed flow on 51 faces (24.7% area) of pressure-outlet 19.

 Reversed flow on 177 faces (34.6% area) of pressure-outlet 18.
  1476  1.1685e-06  5.7062e-09  5.3850e-09  5.8062e-09  0:54:43 2024

 Reversed flow on 51 faces (24.7% area) of pressure-outlet 19.

 Reversed flow on 177 faces (34.6% area) of pressure-outlet 18.
  1477  1.0943e-06  5.1717e-09  4.8932e-09  5.7307e-09  0:54:46 2023

 Reversed flow on 51 faces (24.7% area) of pressure-outlet 19.

 Reversed flow on 177 faces (34.6% area) of pressure-outlet 18.
  1478  1.4854e-06  6.8045e-09  6.6602e-09  6.7743e-09  0:54:45 2022

 Reversed flow on 51 faces (24.7% area) of pressure-outlet 19.

 Reversed flow on 177 faces (34.6% area) of pressure-outlet 18.
  1479  1.2123e-06  5.2831e-09  5.4557e-09  6.3462e-09  0:54:41 2021

 Reversed flow on 51 faces (24.7% area) of pressure-outlet 19.

 Reversed flow on 177 faces (34.6% area) of pressure-outlet 18.
  1480  1.2614e-06  5.7083e-09  5.5301e-09  6.7203e-09  0:54:41 2020

 Reversed flow on 51 faces (24.7% area) of pressure-outlet 19.

 Reversed flow on 177 faces (34.6% area) of pressure-outlet 18.
  1481  1.1976e-06  5.2762e-09  5.0822e-09  6.5504e-09  0:54:38 2019

 Reversed flow on 51 faces (24.7% area) of pressure-outlet 19.

 Reversed flow on 177 faces (34.6% area) of pressure-outlet 18.
  1482  1.5930e-06  6.9804e-09  6.8669e-09  7.4369e-09  0:54:37 2018

 Reversed flow on 51 faces (24.7% area) of pressure-outlet 19.

 Reversed flow on 177 faces (34.6% area) of pressure-outlet 18.
  1483  1.3087e-06  5.4962e-09  5.6640e-09  6.8101e-09  0:54:37 2017

 Reversed flow on 51 faces (24.7% area) of pressure-outlet 19.

 Reversed flow on 177 faces (34.6% area) of pressure-outlet 18.
  1484  1.3347e-06  5.9723e-09  5.7228e-09  6.9352e-09  0:54:36 2016

 Reversed flow on 51 faces (24.7% area) of pressure-outlet 19.

 Reversed flow on 177 faces (34.6% area) of pressure-outlet 18.
  1485  1.2430e-06  5.5600e-09  5.2402e-09  6.5017e-09  0:54:37 2015

 Reversed flow on 51 faces (24.7% area) of pressure-outlet 19.

 Reversed flow on 177 faces (34.6% area) of pressure-outlet 18.

  iter  continuity  x-velocity  y-velocity  z-velocity     time/iter
  1486  1.6121e-06  7.2624e-09  6.9818e-09  7.1385e-09  0:54:35 2014

 Reversed flow on 51 faces (24.7% area) of pressure-outlet 19.

 Reversed flow on 177 faces (34.6% area) of pressure-outlet 18.
  1487  1.2993e-06  5.7482e-09  5.7065e-09  6.2763e-09  0:54:34 2013

 Reversed flow on 51 faces (24.7% area) of pressure-outlet 19.

 Reversed flow on 177 faces (34.6% area) of pressure-outlet 18.
  1488  1.3017e-06  6.1771e-09  5.7041e-09  6.2574e-09  0:54:30 2012

 Reversed flow on 51 faces (24.7% area) of pressure-outlet 19.

 Reversed flow on 177 faces (34.6% area) of pressure-outlet 18.
  1489  1.1955e-06  5.6982e-09  5.1615e-09  5.8196e-09  0:54:28 2011

 Reversed flow on 51 faces (24.7% area) of pressure-outlet 19.

 Reversed flow on 177 faces (34.6% area) of pressure-outlet 18.
  1490  1.5576e-06  7.3250e-09  6.8549e-09  6.5280e-09  0:54:28 2010

 Reversed flow on 51 faces (24.7% area) of pressure-outlet 19.

 Reversed flow on 177 faces (34.6% area) of pressure-outlet 18.
  1491  1.2381e-06  5.7377e-09  5.5463e-09  5.7284e-09  0:54:27 2009

 Reversed flow on 51 faces (24.7% area) of pressure-outlet 19.

 Reversed flow on 177 faces (34.6% area) of pressure-outlet 18.
  1492  1.2394e-06  6.1256e-09  5.5441e-09  5.8024e-09  0:54:27 2008

 Reversed flow on 51 faces (24.7% area) of pressure-outlet 19.

 Reversed flow on 177 faces (34.6% area) of pressure-outlet 18.
  1493  1.1340e-06  5.6249e-09  5.0172e-09  5.4405e-09  0:54:27 2007

 Reversed flow on 51 faces (24.7% area) of pressure-outlet 19.

 Reversed flow on 177 faces (34.6% area) of pressure-outlet 18.
  1494  1.5006e-06  7.2241e-09  6.7343e-09  6.4010e-09  0:54:39 2006

 Reversed flow on 51 faces (24.7% area) of pressure-outlet 19.

 Reversed flow on 177 faces (34.6% area) of pressure-outlet 18.
  1495  1.1950e-06  5.6308e-09  5.4691e-09  5.9358e-09  0:56:39 2005

 Reversed flow on 51 faces (24.7% area) of pressure-outlet 19.

 Reversed flow on 177 faces (34.6% area) of pressure-outlet 18.
  1496  1.2165e-06  6.0074e-09  5.5204e-09  6.3224e-09  0:56:35 2004

 Reversed flow on 51 faces (24.7% area) of pressure-outlet 19.

 Reversed flow on 177 faces (34.6% area) of pressure-outlet 18.

  iter  continuity  x-velocity  y-velocity  z-velocity     time/iter
  1497  1.1365e-06  5.4956e-09  5.0372e-09  6.1748e-09  0:56:31 2003

 Reversed flow on 51 faces (24.7% area) of pressure-outlet 19.

 Reversed flow on 177 faces (34.6% area) of pressure-outlet 18.
  1498  1.5266e-06  7.0943e-09  6.7848e-09  7.1192e-09  0:56:32 2002

 Reversed flow on 51 faces (24.7% area) of pressure-outlet 19.

 Reversed flow on 177 faces (34.6% area) of pressure-outlet 18.
  1499  1.2376e-06  5.5160e-09  5.5467e-09  6.5628e-09  0:56:31 2001

 Reversed flow on 51 faces (24.7% area) of pressure-outlet 19.

 Reversed flow on 177 faces (34.6% area) of pressure-outlet 18.
  1500  1.2636e-06  5.9075e-09  5.5988e-09  6.7887e-09  0:56:22 2000

 Reversed flow on 51 faces (24.7% area) of pressure-outlet 19.

 Reversed flow on 177 faces (34.6% area) of pressure-outlet 18.
  1501  1.1766e-06  5.3765e-09  5.0925e-09  6.4321e-09  0:56:15 1999

 Reversed flow on 51 faces (24.7% area) of pressure-outlet 19.

 Reversed flow on 177 faces (34.6% area) of pressure-outlet 18.
  1502  1.5471e-06  6.9584e-09  6.8078e-09  7.1467e-09  0:56:06 1998

 Reversed flow on 51 faces (24.7% area) of pressure-outlet 19.

 Reversed flow on 177 faces (34.6% area) of pressure-outlet 18.
  1503  1.2399e-06  5.3773e-09  5.5381e-09  6.3456e-09  0:55:59 1997

 Reversed flow on 51 faces (24.7% area) of pressure-outlet 19.

 Reversed flow on 177 faces (34.6% area) of pressure-outlet 18.
  1504  1.2475e-06  5.7528e-09  5.5447e-09  6.3536e-09  0:55:45 1996

 Reversed flow on 51 faces (24.7% area) of pressure-outlet 19.

 Reversed flow on 177 faces (34.6% area) of pressure-outlet 18.
  1505  1.1390e-06  5.1886e-09  4.9684e-09  5.7921e-09  0:55:43 1995

 Reversed flow on 51 faces (24.7% area) of pressure-outlet 19.

 Reversed flow on 177 faces (34.6% area) of pressure-outlet 18.
  1506  1.4895e-06  6.7603e-09  6.6337e-09  6.3473e-09  0:55:39 1994

 Reversed flow on 51 faces (24.7% area) of pressure-outlet 19.

 Reversed flow on 177 faces (34.6% area) of pressure-outlet 18.
  1507  1.1705e-06  5.1751e-09  5.3416e-09  5.5060e-09  0:55:55 1993

 Reversed flow on 51 faces (24.7% area) of pressure-outlet 19.

 Reversed flow on 177 faces (34.6% area) of pressure-outlet 18.

  iter  continuity  x-velocity  y-velocity  z-velocity     time/iter
  1508  1.1811e-06  5.5363e-09  5.3323e-09  5.5881e-09  0:55:55 1992

 Reversed flow on 51 faces (24.7% area) of pressure-outlet 19.

 Reversed flow on 177 faces (34.6% area) of pressure-outlet 18.
  1509  1.0790e-06  4.9620e-09  4.7622e-09  5.1830e-09  0:56:07 1991

 Reversed flow on 51 faces (24.7% area) of pressure-outlet 19.

 Reversed flow on 177 faces (34.6% area) of pressure-outlet 18.
  1510  1.4480e-06  6.5753e-09  6.4622e-09  5.9926e-09  0:56:03 1990

 Reversed flow on 51 faces (24.7% area) of pressure-outlet 19.

 Reversed flow on 177 faces (34.6% area) of pressure-outlet 18.
  1511  1.1593e-06  5.0677e-09  5.2321e-09  5.4418e-09  0:55:57 1989

 Reversed flow on 51 faces (24.7% area) of pressure-outlet 19.

 Reversed flow on 177 faces (34.6% area) of pressure-outlet 18.
  1512  1.1995e-06  5.5133e-09  5.3034e-09  5.8904e-09  0:56:04 1988

 Reversed flow on 51 faces (24.7% area) of pressure-outlet 19.

 Reversed flow on 177 faces (34.6% area) of pressure-outlet 18.
  1513  1.1277e-06  5.0421e-09  4.8378e-09  5.8805e-09  0:55:56 1987

 Reversed flow on 51 faces (24.7% area) of pressure-outlet 19.

 Reversed flow on 177 faces (34.6% area) of pressure-outlet 18.
  1514  1.5307e-06  6.7626e-09  6.6446e-09  7.0360e-09  0:55:53 1986

 Reversed flow on 51 faces (24.7% area) of pressure-outlet 19.

 Reversed flow on 177 faces (34.6% area) of pressure-outlet 18.
  1515  1.2748e-06  5.3684e-09  5.5099e-09  6.7351e-09  0:55:51 1985

 Reversed flow on 51 faces (24.7% area) of pressure-outlet 19.

 Reversed flow on 177 faces (34.6% area) of pressure-outlet 18.
  1516  1.3503e-06  5.9180e-09  5.6473e-09  7.1738e-09  0:56:00 1984

 Reversed flow on 51 faces (24.7% area) of pressure-outlet 19.

 Reversed flow on 177 faces (34.6% area) of pressure-outlet 18.
  1517  1.2959e-06  5.5403e-09  5.2200e-09  7.0386e-09  0:56:34 1983

 Reversed flow on 51 faces (24.7% area) of pressure-outlet 19.

 Reversed flow on 177 faces (34.6% area) of pressure-outlet 18.
  1518  1.6904e-06  7.3385e-09  7.0476e-09  8.0036e-09  0:56:35 1982

 Reversed flow on 51 faces (24.7% area) of pressure-outlet 19.

 Reversed flow on 177 faces (34.6% area) of pressure-outlet 18.

  iter  continuity  x-velocity  y-velocity  z-velocity     time/iter
  1519  1.4123e-06  5.9737e-09  5.9067e-09  7.4639e-09  0:56:30 1981

 Reversed flow on 51 faces (24.7% area) of pressure-outlet 19.

 Reversed flow on 177 faces (34.6% area) of pressure-outlet 18.
  1520  1.4512e-06  6.4992e-09  6.0187e-09  7.6698e-09  0:56:22 1980

 Reversed flow on 51 faces (24.7% area) of pressure-outlet 19.

 Reversed flow on 177 faces (34.6% area) of pressure-outlet 18.
  1521  1.3593e-06  6.0973e-09  5.5578e-09  7.2140e-09  0:56:09 1979

 Reversed flow on 51 faces (24.7% area) of pressure-outlet 19.

 Reversed flow on 177 faces (34.6% area) of pressure-outlet 18.
  1522  1.7186e-06  7.8477e-09  7.3470e-09  7.8472e-09  0:55:51 1978

 Reversed flow on 51 faces (24.7% area) of pressure-outlet 19.

 Reversed flow on 177 faces (34.6% area) of pressure-outlet 18.
  1523  1.4067e-06  6.3952e-09  6.1288e-09  7.0292e-09  0:55:39 1977

 Reversed flow on 51 faces (24.7% area) of pressure-outlet 19.

 Reversed flow on 177 faces (34.6% area) of pressure-outlet 18.
  1524  1.4039e-06  6.8018e-09  6.1361e-09  6.9207e-09  0:55:30 1976

 Reversed flow on 51 faces (24.7% area) of pressure-outlet 19.

 Reversed flow on 177 faces (34.6% area) of pressure-outlet 18.
  1525  1.2750e-06  6.2561e-09  5.5672e-09  6.2456e-09  0:55:43 1975

 Reversed flow on 51 faces (24.7% area) of pressure-outlet 19.

 Reversed flow on 177 faces (34.6% area) of pressure-outlet 18.
  1526  1.6114e-06  7.8381e-09  7.2432e-09  6.8184e-09  0:55:36 1974

 Reversed flow on 51 faces (24.7% area) of pressure-outlet 19.

 Reversed flow on 177 faces (34.6% area) of pressure-outlet 18.
  1527  1.2817e-06  6.2004e-09  5.9030e-09  5.9927e-09  0:55:21 1973

 Reversed flow on 51 faces (24.7% area) of pressure-outlet 19.

 Reversed flow on 177 faces (34.6% area) of pressure-outlet 18.
  1528  1.2700e-06  6.4379e-09  5.8043e-09  5.9636e-09  0:55:05 1972

 Reversed flow on 51 faces (24.7% area) of pressure-outlet 19.

 Reversed flow on 177 faces (34.6% area) of pressure-outlet 18.
  1529  1.1453e-06  5.7887e-09  5.1772e-09  5.4475e-09  0:54:55 1971

 Reversed flow on 51 faces (24.7% area) of pressure-outlet 19.

 Reversed flow on 177 faces (34.6% area) of pressure-outlet 18.

  iter  continuity  x-velocity  y-velocity  z-velocity     time/iter
  1530  1.4924e-06  7.3087e-09  6.8419e-09  6.1435e-09  0:54:55 1970

 Reversed flow on 51 faces (24.7% area) of pressure-outlet 19.

 Reversed flow on 177 faces (34.6% area) of pressure-outlet 18.
  1531  1.1765e-06  5.6417e-09  5.5116e-09  5.5878e-09  0:54:46 1969

 Reversed flow on 51 faces (24.7% area) of pressure-outlet 19.

 Reversed flow on 177 faces (34.6% area) of pressure-outlet 18.
  1532  1.1889e-06  5.9074e-09  5.4641e-09  5.9292e-09  0:54:36 1968

 Reversed flow on 51 faces (24.7% area) of pressure-outlet 19.

 Reversed flow on 177 faces (34.6% area) of pressure-outlet 18.
  1533  1.1044e-06  5.3198e-09  4.9368e-09  5.8100e-09  0:54:25 1967

 Reversed flow on 51 faces (24.7% area) of pressure-outlet 19.

 Reversed flow on 177 faces (34.6% area) of pressure-outlet 18.
  1534  1.4931e-06  6.9302e-09  6.7073e-09  6.8199e-09  0:56:34 1966

 Reversed flow on 51 faces (24.7% area) of pressure-outlet 19.

 Reversed flow on 177 faces (34.6% area) of pressure-outlet 18.
  1535  1.2128e-06  5.3530e-09  5.4783e-09  6.3314e-09  0:56:03 1965

 Reversed flow on 51 faces (24.7% area) of pressure-outlet 19.

 Reversed flow on 177 faces (34.6% area) of pressure-outlet 18.
  1536  1.2509e-06  5.7279e-09  5.5252e-09  6.6504e-09  0:55:31 1964

 Reversed flow on 51 faces (24.7% area) of pressure-outlet 19.

 Reversed flow on 177 faces (34.6% area) of pressure-outlet 18.
  1537  1.1794e-06  5.2699e-09  5.0650e-09  6.4490e-09  0:55:12 1963

 Reversed flow on 51 faces (24.7% area) of pressure-outlet 19.

 Reversed flow on 177 faces (34.6% area) of pressure-outlet 18.
  1538  1.5734e-06  6.9618e-09  6.8663e-09  7.3201e-09  0:55:00 1962

 Reversed flow on 51 faces (24.7% area) of pressure-outlet 19.

 Reversed flow on 177 faces (34.6% area) of pressure-outlet 18.
  1539  1.2826e-06  5.4315e-09  5.6375e-09  6.6569e-09  0:54:43 1961

 Reversed flow on 51 faces (24.7% area) of pressure-outlet 19.

 Reversed flow on 177 faces (34.6% area) of pressure-outlet 18.
  1540  1.3045e-06  5.8558e-09  5.6737e-09  6.7759e-09  0:54:35 1960

 Reversed flow on 51 faces (24.7% area) of pressure-outlet 19.

 Reversed flow on 177 faces (34.6% area) of pressure-outlet 18.

  iter  continuity  x-velocity  y-velocity  z-velocity     time/iter
  1541  1.2142e-06  5.4203e-09  5.1784e-09  6.3730e-09  0:54:20 1959

 Reversed flow on 51 faces (24.7% area) of pressure-outlet 19.

 Reversed flow on 177 faces (34.6% area) of pressure-outlet 18.
  1542  1.5884e-06  7.1122e-09  6.9177e-09  7.0284e-09  0:54:11 1958

 Reversed flow on 51 faces (24.7% area) of pressure-outlet 19.

 Reversed flow on 177 faces (34.6% area) of pressure-outlet 18.
  1543  1.2811e-06  5.5912e-09  5.6377e-09  6.1789e-09  0:53:59 1957

 Reversed flow on 51 faces (24.7% area) of pressure-outlet 19.

 Reversed flow on 177 faces (34.6% area) of pressure-outlet 18.
  1544  1.2881e-06  6.0161e-09  5.6349e-09  6.1861e-09  0:53:59 1956

 Reversed flow on 51 faces (24.7% area) of pressure-outlet 19.

 Reversed flow on 177 faces (34.6% area) of pressure-outlet 18.
  1545  1.1860e-06  5.5408e-09  5.0990e-09  5.7422e-09  0:53:55 1955

 Reversed flow on 51 faces (24.7% area) of pressure-outlet 19.

 Reversed flow on 177 faces (34.6% area) of pressure-outlet 18.
  1546  1.5471e-06  7.1831e-09  6.8031e-09  6.4336e-09  0:53:53 1954

 Reversed flow on 51 faces (24.7% area) of pressure-outlet 19.

 Reversed flow on 177 faces (34.6% area) of pressure-outlet 18.
  1547  1.2363e-06  5.6509e-09  5.5162e-09  5.7011e-09  0:53:49 1953

 Reversed flow on 51 faces (24.7% area) of pressure-outlet 19.

 Reversed flow on 177 faces (34.6% area) of pressure-outlet 18.
  1548  1.2456e-06  6.0691e-09  5.5306e-09  5.8637e-09  0:53:48 1952

 Reversed flow on 51 faces (24.7% area) of pressure-outlet 19.

 Reversed flow on 177 faces (34.6% area) of pressure-outlet 18.
  1549  1.1472e-06  5.5789e-09  5.0152e-09  5.6712e-09  0:53:48 1951

 Reversed flow on 51 faces (24.7% area) of pressure-outlet 19.

 Reversed flow on 177 faces (34.6% area) of pressure-outlet 18.
  1550  1.5148e-06  7.1892e-09  6.7388e-09  6.6488e-09  0:53:40 1950

 Reversed flow on 51 faces (24.7% area) of pressure-outlet 19.

 Reversed flow on 177 faces (34.6% area) of pressure-outlet 18.
  1551  1.2235e-06  5.6492e-09  5.5052e-09  6.1891e-09  0:53:36 1949

 Reversed flow on 51 faces (24.7% area) of pressure-outlet 19.

 Reversed flow on 177 faces (34.6% area) of pressure-outlet 18.

  iter  continuity  x-velocity  y-velocity  z-velocity     time/iter
  1552  1.2549e-06  6.0855e-09  5.5776e-09  6.5607e-09  0:53:33 1948

 Reversed flow on 51 faces (24.7% area) of pressure-outlet 19.

 Reversed flow on 177 faces (34.6% area) of pressure-outlet 18.
  1553  1.1781e-06  5.6112e-09  5.1010e-09  6.3838e-09  0:53:31 1947

 Reversed flow on 51 faces (24.7% area) of pressure-outlet 19.

 Reversed flow on 177 faces (34.6% area) of pressure-outlet 18.
  1554  1.5609e-06  7.2265e-09  6.8442e-09  7.2942e-09  0:53:41 1946

 Reversed flow on 51 faces (24.7% area) of pressure-outlet 19.

 Reversed flow on 177 faces (34.6% area) of pressure-outlet 18.
  1555  1.2670e-06  5.6956e-09  5.6221e-09  6.7062e-09  0:53:37 1945

 Reversed flow on 51 faces (24.7% area) of pressure-outlet 19.

 Reversed flow on 177 faces (34.6% area) of pressure-outlet 18.
  1556  1.2947e-06  6.1225e-09  5.6954e-09  6.8992e-09  0:53:30 1944

 Reversed flow on 51 faces (24.7% area) of pressure-outlet 19.

 Reversed flow on 177 faces (34.6% area) of pressure-outlet 18.
  1557  1.2071e-06  5.6057e-09  5.1974e-09  6.5146e-09  0:53:37 1943

 Reversed flow on 51 faces (24.7% area) of pressure-outlet 19.

 Reversed flow on 177 faces (34.6% area) of pressure-outlet 18.
  1558  1.5693e-06  7.1865e-09  6.9084e-09  7.1710e-09  0:53:29 1942

 Reversed flow on 51 faces (24.7% area) of pressure-outlet 19.

 Reversed flow on 177 faces (34.6% area) of pressure-outlet 18.
  1559  1.2502e-06  5.6050e-09  5.6359e-09  6.3272e-09  0:53:25 1941

 Reversed flow on 51 faces (24.7% area) of pressure-outlet 19.

 Reversed flow on 177 faces (34.6% area) of pressure-outlet 18.
  1560  1.2543e-06  5.9747e-09  5.6420e-09  6.2845e-09  0:53:28 1940

 Reversed flow on 51 faces (24.7% area) of pressure-outlet 19.

 Reversed flow on 177 faces (34.6% area) of pressure-outlet 18.
  1561  1.1428e-06  5.3961e-09  5.0687e-09  5.6964e-09  0:53:19 1939

 Reversed flow on 51 faces (24.7% area) of pressure-outlet 19.

 Reversed flow on 177 faces (34.6% area) of pressure-outlet 18.
  1562  1.4922e-06  6.9285e-09  6.7194e-09  6.2480e-09  0:53:13 1938

 Reversed flow on 51 faces (24.7% area) of pressure-outlet 19.

 Reversed flow on 177 faces (34.6% area) of pressure-outlet 18.

  iter  continuity  x-velocity  y-velocity  z-velocity     time/iter
  1563  1.1686e-06  5.2832e-09  5.3853e-09  5.4312e-09  0:53:09 1937

 Reversed flow on 51 faces (24.7% area) of pressure-outlet 19.

 Reversed flow on 177 faces (34.6% area) of pressure-outlet 18.
  1564  1.1698e-06  5.6056e-09  5.3471e-09  5.5046e-09  0:53:08 1936

 Reversed flow on 51 faces (24.7% area) of pressure-outlet 19.

 Reversed flow on 177 faces (34.6% area) of pressure-outlet 18.
  1565  1.0591e-06  5.0056e-09  4.7562e-09  5.0534e-09  0:53:13 1935

 Reversed flow on 51 faces (24.7% area) of pressure-outlet 19.

 Reversed flow on 177 faces (34.6% area) of pressure-outlet 18.
  1566  1.4200e-06  6.5758e-09  6.4394e-09  5.7930e-09  0:53:13 1934

 Reversed flow on 51 faces (24.7% area) of pressure-outlet 19.

 Reversed flow on 177 faces (34.6% area) of pressure-outlet 18.
  1567  1.1138e-06  4.9795e-09  5.1570e-09  5.1698e-09  0:53:17 1933

 Reversed flow on 51 faces (24.7% area) of pressure-outlet 19.

 Reversed flow on 177 faces (34.6% area) of pressure-outlet 18.
  1568  1.1395e-06  5.3567e-09  5.1842e-09  5.5951e-09  0:53:22 1932

 Reversed flow on 51 faces (24.7% area) of pressure-outlet 19.

 Reversed flow on 177 faces (34.6% area) of pressure-outlet 18.
  1569  1.0634e-06  4.8465e-09  4.6892e-09  5.5693e-09  0:53:16 1931

 Reversed flow on 51 faces (24.7% area) of pressure-outlet 19.

 Reversed flow on 177 faces (34.6% area) of pressure-outlet 18.
  1570  1.4727e-06  6.5263e-09  6.4860e-09  6.7322e-09  0:53:16 1930

 Reversed flow on 51 faces (24.7% area) of pressure-outlet 19.

 Reversed flow on 177 faces (34.6% area) of pressure-outlet 18.
  1571  1.2146e-06  5.0581e-09  5.3199e-09  6.4133e-09  0:53:25 1929

 Reversed flow on 51 faces (24.7% area) of pressure-outlet 19.

 Reversed flow on 177 faces (34.6% area) of pressure-outlet 18.
  1572  1.2796e-06  5.5644e-09  5.4529e-09  6.8970e-09  0:53:21 1928

 Reversed flow on 51 faces (24.7% area) of pressure-outlet 19.

 Reversed flow on 177 faces (34.6% area) of pressure-outlet 18.
  1573  1.2259e-06  5.1783e-09  5.0413e-09  6.8161e-09  0:53:19 1927

 Reversed flow on 51 faces (24.7% area) of pressure-outlet 19.

 Reversed flow on 177 faces (34.6% area) of pressure-outlet 18.

  iter  continuity  x-velocity  y-velocity  z-velocity     time/iter
  1574  1.6372e-06  6.9827e-09  6.8892e-09  7.8340e-09  0:53:13 1926

 Reversed flow on 51 faces (24.7% area) of pressure-outlet 19.

 Reversed flow on 177 faces (34.6% area) of pressure-outlet 18.
  1575  1.3790e-06  5.6033e-09  5.7494e-09  7.2948e-09  0:53:07 1925

 Reversed flow on 51 faces (24.7% area) of pressure-outlet 19.

 Reversed flow on 177 faces (34.6% area) of pressure-outlet 18.
  1576  1.4279e-06  6.1474e-09  5.8614e-09  7.4973e-09  0:53:00 1924

 Reversed flow on 51 faces (24.7% area) of pressure-outlet 19.

 Reversed flow on 177 faces (34.6% area) of pressure-outlet 18.
  1577  1.3403e-06  5.7733e-09  5.3986e-09  7.1083e-09  0:52:51 1923

 Reversed flow on 51 faces (24.7% area) of pressure-outlet 19.

 Reversed flow on 177 faces (34.6% area) of pressure-outlet 18.
  1578  1.7064e-06  7.5640e-09  7.1894e-09  7.8371e-09  0:52:49 1922

 Reversed flow on 51 faces (24.7% area) of pressure-outlet 19.

 Reversed flow on 177 faces (34.6% area) of pressure-outlet 18.
  1579  1.4057e-06  6.1534e-09  5.9816e-09  7.0429e-09  0:52:53 1921

 Reversed flow on 51 faces (24.7% area) of pressure-outlet 19.

 Reversed flow on 177 faces (34.6% area) of pressure-outlet 18.
  1580  1.4210e-06  6.6255e-09  6.0178e-09  7.0142e-09  0:52:52 1920

 Reversed flow on 51 faces (24.7% area) of pressure-outlet 19.

 Reversed flow on 177 faces (34.6% area) of pressure-outlet 18.
  1581  1.3069e-06  6.1583e-09  5.4871e-09  6.4188e-09  0:52:47 1919

 Reversed flow on 51 faces (24.7% area) of pressure-outlet 19.

 Reversed flow on 177 faces (34.6% area) of pressure-outlet 18.
  1582  1.6527e-06  7.8297e-09  7.2156e-09  7.0718e-09  0:52:41 1918

 Reversed flow on 51 faces (24.7% area) of pressure-outlet 19.

 Reversed flow on 177 faces (34.6% area) of pressure-outlet 18.
  1583  1.3335e-06  6.3228e-09  5.9665e-09  6.2859e-09  0:52:37 1917

 Reversed flow on 51 faces (24.7% area) of pressure-outlet 19.

 Reversed flow on 177 faces (34.6% area) of pressure-outlet 18.
  1584  1.3295e-06  6.6765e-09  5.9488e-09  6.2584e-09  0:52:34 1916

 Reversed flow on 51 faces (24.7% area) of pressure-outlet 19.

 Reversed flow on 177 faces (34.6% area) of pressure-outlet 18.

  iter  continuity  x-velocity  y-velocity  z-velocity     time/iter
  1585  1.2060e-06  6.0845e-09  5.3659e-09  5.7642e-09  0:52:29 1915

 Reversed flow on 51 faces (24.7% area) of pressure-outlet 19.

 Reversed flow on 177 faces (34.6% area) of pressure-outlet 18.
  1586  1.5448e-06  7.6266e-09  7.0403e-09  6.5974e-09  0:52:34 1914

 Reversed flow on 51 faces (24.7% area) of pressure-outlet 19.

 Reversed flow on 177 faces (34.6% area) of pressure-outlet 18.
  1587  1.2314e-06  6.0145e-09  5.7642e-09  6.0879e-09  0:52:38 1913

 Reversed flow on 51 faces (24.7% area) of pressure-outlet 19.

 Reversed flow on 177 faces (34.6% area) of pressure-outlet 18.
  1588  1.2503e-06  6.2787e-09  5.7277e-09  6.3902e-09  0:52:34 1912

 Reversed flow on 51 faces (24.7% area) of pressure-outlet 19.

 Reversed flow on 177 faces (34.6% area) of pressure-outlet 18.
  1589  1.1544e-06  5.6558e-09  5.1604e-09  6.1509e-09  0:52:28 1911

 Reversed flow on 51 faces (24.7% area) of pressure-outlet 19.

 Reversed flow on 177 faces (34.6% area) of pressure-outlet 18.
  1590  1.5264e-06  7.2000e-09  6.8595e-09  7.0284e-09  0:52:30 1910

 Reversed flow on 51 faces (24.7% area) of pressure-outlet 19.

 Reversed flow on 177 faces (34.6% area) of pressure-outlet 18.
  1591  1.2382e-06  5.6195e-09  5.6062e-09  6.4760e-09  0:52:31 1909

 Reversed flow on 51 faces (24.7% area) of pressure-outlet 19.

 Reversed flow on 177 faces (34.6% area) of pressure-outlet 18.
  1592  1.2700e-06  5.9501e-09  5.6121e-09  6.7140e-09  0:52:32 1908

 Reversed flow on 51 faces (24.7% area) of pressure-outlet 19.

 Reversed flow on 177 faces (34.6% area) of pressure-outlet 18.
  1593  1.1871e-06  5.4128e-09  5.1024e-09  6.3991e-09  0:52:23 1907

 Reversed flow on 51 faces (24.7% area) of pressure-outlet 19.

 Reversed flow on 177 faces (34.6% area) of pressure-outlet 18.
  1594  1.5640e-06  7.0305e-09  6.8666e-09  7.1741e-09  0:52:24 1906

 Reversed flow on 51 faces (24.7% area) of pressure-outlet 19.

 Reversed flow on 177 faces (34.6% area) of pressure-outlet 18.
  1595  1.2641e-06  5.4815e-09  5.6318e-09  6.4186e-09  0:52:17 1905

 Reversed flow on 51 faces (24.7% area) of pressure-outlet 19.

 Reversed flow on 177 faces (34.6% area) of pressure-outlet 18.

  iter  continuity  x-velocity  y-velocity  z-velocity     time/iter
  1596  1.2771e-06  5.8687e-09  5.6491e-09  6.4803e-09  0:52:20 1904

 Reversed flow on 51 faces (24.7% area) of pressure-outlet 19.

 Reversed flow on 177 faces (34.6% area) of pressure-outlet 18.
  1597  1.1820e-06  5.3888e-09  5.1421e-09  6.0100e-09  0:52:14 1903

 Reversed flow on 51 faces (24.7% area) of pressure-outlet 19.

 Reversed flow on 177 faces (34.6% area) of pressure-outlet 18.
  1598  1.5495e-06  7.0360e-09  6.8769e-09  6.6502e-09  0:52:12 1902

 Reversed flow on 51 faces (24.7% area) of pressure-outlet 19.

 Reversed flow on 177 faces (34.6% area) of pressure-outlet 18.
  1599  1.2368e-06  5.4607e-09  5.5833e-09  5.8206e-09  0:52:18 1901

 Reversed flow on 51 faces (24.7% area) of pressure-outlet 19.

 Reversed flow on 177 faces (34.6% area) of pressure-outlet 18.
  1600  1.2437e-06  5.8353e-09  5.5568e-09  5.9373e-09  0:52:21 1900

 Reversed flow on 51 faces (24.7% area) of pressure-outlet 19.

 Reversed flow on 177 faces (34.6% area) of pressure-outlet 18.
  1601  1.1489e-06  5.3510e-09  5.0231e-09  5.5915e-09  0:52:15 1899

 Reversed flow on 51 faces (24.7% area) of pressure-outlet 19.

 Reversed flow on 177 faces (34.6% area) of pressure-outlet 18.
  1602  1.5225e-06  7.0078e-09  6.7460e-09  6.3464e-09  0:52:19 1898

 Reversed flow on 51 faces (24.7% area) of pressure-outlet 19.

 Reversed flow on 177 faces (34.6% area) of pressure-outlet 18.
  1603  1.2181e-06  5.4518e-09  5.4535e-09  5.6356e-09  0:52:25 1897

 Reversed flow on 51 faces (24.7% area) of pressure-outlet 19.

 Reversed flow on 177 faces (34.6% area) of pressure-outlet 18.
  1604  1.2301e-06  5.8712e-09  5.4606e-09  5.8371e-09  0:52:16 1896

 Reversed flow on 51 faces (24.7% area) of pressure-outlet 19.

 Reversed flow on 177 faces (34.6% area) of pressure-outlet 18.
  1605  1.1427e-06  5.4222e-09  4.9736e-09  5.7348e-09  0:52:17 1895

 Reversed flow on 51 faces (24.7% area) of pressure-outlet 19.

 Reversed flow on 177 faces (34.6% area) of pressure-outlet 18.
  1606  1.5309e-06  7.1122e-09  6.7435e-09  6.7841e-09  0:52:22 1894

 Reversed flow on 51 faces (24.7% area) of pressure-outlet 19.

 Reversed flow on 177 faces (34.6% area) of pressure-outlet 18.

  iter  continuity  x-velocity  y-velocity  z-velocity     time/iter
  1607  1.2469e-06  5.5776e-09  5.5062e-09  6.3486e-09  0:52:19 1893

 Reversed flow on 51 faces (24.7% area) of pressure-outlet 19.

 Reversed flow on 177 faces (34.6% area) of pressure-outlet 18.
  1608  1.2793e-06  6.0287e-09  5.5798e-09  6.7324e-09  0:52:16 1892

 Reversed flow on 51 faces (24.7% area) of pressure-outlet 19.

 Reversed flow on 177 faces (34.6% area) of pressure-outlet 18.
  1609  1.2085e-06  5.6053e-09  5.1366e-09  6.5799e-09  0:52:09 1891

 Reversed flow on 51 faces (24.7% area) of pressure-outlet 19.

 Reversed flow on 177 faces (34.6% area) of pressure-outlet 18.
  1610  1.6008e-06  7.2902e-09  6.9153e-09  7.4852e-09  0:52:06 1890

 Reversed flow on 51 faces (24.7% area) of pressure-outlet 19.

 Reversed flow on 177 faces (34.6% area) of pressure-outlet 18.
  1611  1.3088e-06  5.7734e-09  5.6822e-09  6.8635e-09  0:52:00 1889

 Reversed flow on 51 faces (24.7% area) of pressure-outlet 19.

 Reversed flow on 177 faces (34.6% area) of pressure-outlet 18.
  1612  1.3289e-06  6.2191e-09  5.7573e-09  7.0261e-09  0:51:56 1888

 Reversed flow on 51 faces (24.7% area) of pressure-outlet 19.

 Reversed flow on 177 faces (34.6% area) of pressure-outlet 18.
  1613  1.2338e-06  5.7506e-09  5.2711e-09  6.6460e-09  0:51:55 1887

 Reversed flow on 51 faces (24.7% area) of pressure-outlet 19.

 Reversed flow on 177 faces (34.6% area) of pressure-outlet 18.
  1614  1.5950e-06  7.3710e-09  6.9883e-09  7.3058e-09  0:51:57 1886

 Reversed flow on 51 faces (24.7% area) of pressure-outlet 19.

 Reversed flow on 177 faces (34.6% area) of pressure-outlet 18.
  1615  1.2754e-06  5.8070e-09  5.7082e-09  6.4669e-09  0:51:54 1885

 Reversed flow on 51 faces (24.7% area) of pressure-outlet 19.

 Reversed flow on 177 faces (34.6% area) of pressure-outlet 18.
  1616  1.2799e-06  6.1874e-09  5.7170e-09  6.4145e-09  0:51:45 1884

 Reversed flow on 51 faces (24.7% area) of pressure-outlet 19.

 Reversed flow on 177 faces (34.6% area) of pressure-outlet 18.
  1617  1.1669e-06  5.6213e-09  5.1431e-09  5.8243e-09  0:51:42 1883

 Reversed flow on 51 faces (24.7% area) of pressure-outlet 19.

 Reversed flow on 177 faces (34.6% area) of pressure-outlet 18.

  iter  continuity  x-velocity  y-velocity  z-velocity     time/iter
  1618  1.5099e-06  7.1444e-09  6.7889e-09  6.3684e-09  0:51:45 1882

 Reversed flow on 51 faces (24.7% area) of pressure-outlet 19.

 Reversed flow on 177 faces (34.6% area) of pressure-outlet 18.
  1619  1.1855e-06  5.5127e-09  5.4684e-09  5.5254e-09  0:51:48 1881

 Reversed flow on 51 faces (24.7% area) of pressure-outlet 19.

 Reversed flow on 177 faces (34.6% area) of pressure-outlet 18.
  1620  1.1874e-06  5.8296e-09  5.4493e-09  5.5514e-09  0:51:44 1880

 Reversed flow on 51 faces (24.7% area) of pressure-outlet 19.

 Reversed flow on 177 faces (34.6% area) of pressure-outlet 18.
  1621  1.0765e-06  5.2089e-09  4.8498e-09  5.0885e-09  0:51:47 1879

 Reversed flow on 51 faces (24.7% area) of pressure-outlet 19.

 Reversed flow on 177 faces (34.6% area) of pressure-outlet 18.
  1622  1.4253e-06  6.7149e-09  6.4955e-09  5.8109e-09  0:51:44 1878

 Reversed flow on 51 faces (24.7% area) of pressure-outlet 19.

 Reversed flow on 177 faces (34.6% area) of pressure-outlet 18.
  1623  1.1134e-06  5.1077e-09  5.2141e-09  5.2801e-09  0:51:36 1877

 Reversed flow on 51 faces (24.7% area) of pressure-outlet 19.

 Reversed flow on 177 faces (34.6% area) of pressure-outlet 18.
  1624  1.1349e-06  5.4603e-09  5.2422e-09  5.6709e-09  0:51:31 1876

 Reversed flow on 51 faces (24.7% area) of pressure-outlet 19.

 Reversed flow on 177 faces (34.6% area) of pressure-outlet 18.
  1625  1.0518e-06  4.8802e-09  4.7091e-09  5.5429e-09  0:51:24 1875

 Reversed flow on 51 faces (24.7% area) of pressure-outlet 19.

 Reversed flow on 177 faces (34.6% area) of pressure-outlet 18.
  1626  1.4339e-06  6.4745e-09  6.4404e-09  6.5823e-09  0:51:26 1874

 Reversed flow on 51 faces (24.7% area) of pressure-outlet 19.

 Reversed flow on 177 faces (34.6% area) of pressure-outlet 18.
  1627  1.1648e-06  4.9667e-09  5.2439e-09  6.1812e-09  0:51:30 1873

 Reversed flow on 51 faces (24.7% area) of pressure-outlet 19.

 Reversed flow on 177 faces (34.6% area) of pressure-outlet 18.
  1628  1.2223e-06  5.4239e-09  5.3433e-09  6.5907e-09  0:51:28 1872

 Reversed flow on 51 faces (24.7% area) of pressure-outlet 19.

 Reversed flow on 177 faces (34.6% area) of pressure-outlet 18.

  iter  continuity  x-velocity  y-velocity  z-velocity     time/iter
  1629  1.1639e-06  4.9610e-09  4.8790e-09  6.4412e-09  0:51:27 1871

 Reversed flow on 51 faces (24.7% area) of pressure-outlet 19.

 Reversed flow on 177 faces (34.6% area) of pressure-outlet 18.
  1630  1.5675e-06  6.6825e-09  6.6820e-09  7.3982e-09  0:51:22 1870

 Reversed flow on 51 faces (24.7% area) of pressure-outlet 19.

 Reversed flow on 177 faces (34.6% area) of pressure-outlet 18.
  1631  1.3022e-06  5.2650e-09  5.5393e-09  6.8725e-09  0:51:17 1869

 Reversed flow on 51 faces (24.7% area) of pressure-outlet 19.

 Reversed flow on 177 faces (34.6% area) of pressure-outlet 18.
  1632  1.3485e-06  5.7971e-09  5.6607e-09  7.0787e-09  0:51:13 1868

 Reversed flow on 51 faces (24.7% area) of pressure-outlet 19.

 Reversed flow on 177 faces (34.6% area) of pressure-outlet 18.
  1633  1.2664e-06  5.3993e-09  5.2036e-09  6.6982e-09  0:51:18 1867

 Reversed flow on 51 faces (24.7% area) of pressure-outlet 19.

 Reversed flow on 177 faces (34.6% area) of pressure-outlet 18.
  1634  1.6498e-06  7.1767e-09  6.9987e-09  7.4228e-09  0:51:23 1866

 Reversed flow on 51 faces (24.7% area) of pressure-outlet 19.

 Reversed flow on 177 faces (34.6% area) of pressure-outlet 18.
  1635  1.3668e-06  5.7643e-09  5.7970e-09  6.6392e-09  0:51:19 1865

 Reversed flow on 51 faces (24.7% area) of pressure-outlet 19.

 Reversed flow on 177 faces (34.6% area) of pressure-outlet 18.
  1636  1.3867e-06  6.2587e-09  5.8360e-09  6.6779e-09  0:51:13 1864

 Reversed flow on 51 faces (24.7% area) of pressure-outlet 19.

 Reversed flow on 177 faces (34.6% area) of pressure-outlet 18.
  1637  1.2782e-06  5.8217e-09  5.3098e-09  6.2768e-09  0:51:21 1863

 Reversed flow on 51 faces (24.7% area) of pressure-outlet 19.

 Reversed flow on 177 faces (34.6% area) of pressure-outlet 18.
  1638  1.6387e-06  7.5499e-09  7.0652e-09  7.0522e-09  0:51:16 1862

 Reversed flow on 51 faces (24.7% area) of pressure-outlet 19.

 Reversed flow on 177 faces (34.6% area) of pressure-outlet 18.
  1639  1.3366e-06  6.0729e-09  5.8241e-09  6.3456e-09  0:51:17 1861

 Reversed flow on 51 faces (24.7% area) of pressure-outlet 19.

 Reversed flow on 177 faces (34.6% area) of pressure-outlet 18.

  iter  continuity  x-velocity  y-velocity  z-velocity     time/iter
  1640  1.3510e-06  6.5073e-09  5.8482e-09  6.4148e-09  0:51:13 1860

 Reversed flow on 51 faces (24.7% area) of pressure-outlet 19.

 Reversed flow on 177 faces (34.6% area) of pressure-outlet 18.
  1641  1.2424e-06  6.0317e-09  5.3322e-09  6.0547e-09  0:51:13 1859

 Reversed flow on 51 faces (24.7% area) of pressure-outlet 19.

 Reversed flow on 177 faces (34.6% area) of pressure-outlet 18.
  1642  1.6070e-06  7.7221e-09  7.1106e-09  7.0637e-09  0:51:09 1858

 Reversed flow on 51 faces (24.7% area) of pressure-outlet 19.

 Reversed flow on 177 faces (34.6% area) of pressure-outlet 18.
  1643  1.3020e-06  6.2022e-09  5.8902e-09  6.5251e-09  0:51:07 1857

 Reversed flow on 51 faces (24.7% area) of pressure-outlet 19.

 Reversed flow on 177 faces (34.6% area) of pressure-outlet 18.
  1644  1.3230e-06  6.5433e-09  5.9098e-09  6.8089e-09  0:51:05 1856

 Reversed flow on 51 faces (24.7% area) of pressure-outlet 19.

 Reversed flow on 177 faces (34.6% area) of pressure-outlet 18.
  1645  1.2258e-06  5.9872e-09  5.3863e-09  6.5695e-09  0:51:09 1855

 Reversed flow on 51 faces (24.7% area) of pressure-outlet 19.

 Reversed flow on 177 faces (34.6% area) of pressure-outlet 18.
  1646  1.6013e-06  7.5984e-09  7.1364e-09  7.4637e-09  0:51:08 1854

 Reversed flow on 51 faces (24.7% area) of pressure-outlet 19.

 Reversed flow on 177 faces (34.6% area) of pressure-outlet 18.
  1647  1.3037e-06  6.0054e-09  5.8698e-09  6.8553e-09  0:51:10 1853

 Reversed flow on 51 faces (24.7% area) of pressure-outlet 19.

 Reversed flow on 177 faces (34.6% area) of pressure-outlet 18.
  1648  1.3195e-06  6.3000e-09  5.8439e-09  6.9911e-09  0:51:02 1852

 Reversed flow on 51 faces (24.7% area) of pressure-outlet 19.

 Reversed flow on 177 faces (34.6% area) of pressure-outlet 18.
  1649  1.2194e-06  5.7101e-09  5.2895e-09  6.5675e-09  0:51:54 1851

 Reversed flow on 51 faces (24.7% area) of pressure-outlet 19.

 Reversed flow on 177 faces (34.6% area) of pressure-outlet 18.
  1650  1.5822e-06  7.2970e-09  6.9977e-09  7.2624e-09  0:51:47 1850

 Reversed flow on 51 faces (24.7% area) of pressure-outlet 19.

 Reversed flow on 177 faces (34.6% area) of pressure-outlet 18.

  iter  continuity  x-velocity  y-velocity  z-velocity     time/iter
  1651  1.2710e-06  5.7003e-09  5.7078e-09  6.4668e-09  0:51:30 1849

 Reversed flow on 51 faces (24.7% area) of pressure-outlet 19.

 Reversed flow on 177 faces (34.6% area) of pressure-outlet 18.
  1652  1.2760e-06  6.0155e-09  5.6722e-09  6.4721e-09  0:51:15 1848

 Reversed flow on 51 faces (24.7% area) of pressure-outlet 19.

 Reversed flow on 177 faces (34.6% area) of pressure-outlet 18.
  1653  1.1713e-06  5.4633e-09  5.1182e-09  5.9300e-09  0:51:02 1847

 Reversed flow on 51 faces (24.7% area) of pressure-outlet 19.

 Reversed flow on 177 faces (34.6% area) of pressure-outlet 18.
  1654  1.5290e-06  7.0628e-09  6.8264e-09  6.5049e-09  0:50:54 1846

 Reversed flow on 51 faces (24.7% area) of pressure-outlet 19.

 Reversed flow on 177 faces (34.6% area) of pressure-outlet 18.
  1655  1.2132e-06  5.4718e-09  5.5295e-09  5.6685e-09  0:50:57 1845

 Reversed flow on 51 faces (24.7% area) of pressure-outlet 19.

 Reversed flow on 177 faces (34.6% area) of pressure-outlet 18.
  1656  1.2210e-06  5.8115e-09  5.5053e-09  5.7375e-09  0:50:49 1844

 Reversed flow on 51 faces (24.7% area) of pressure-outlet 19.

 Reversed flow on 177 faces (34.6% area) of pressure-outlet 18.
  1657  1.1223e-06  5.2818e-09  4.9703e-09  5.3370e-09  0:50:48 1843

 Reversed flow on 51 faces (24.7% area) of pressure-outlet 19.

 Reversed flow on 177 faces (34.6% area) of pressure-outlet 18.
  1658  1.4877e-06  6.8928e-09  6.6773e-09  6.0960e-09  0:50:45 1842

 Reversed flow on 51 faces (24.7% area) of pressure-outlet 19.

 Reversed flow on 177 faces (34.6% area) of pressure-outlet 18.
  1659  1.1823e-06  5.3353e-09  5.4069e-09  5.4717e-09  0:50:42 1841

 Reversed flow on 51 faces (24.7% area) of pressure-outlet 19.

 Reversed flow on 177 faces (34.6% area) of pressure-outlet 18.
  1660  1.2037e-06  5.7310e-09  5.4259e-09  5.8571e-09  0:50:39 1840

 Reversed flow on 51 faces (24.7% area) of pressure-outlet 19.

 Reversed flow on 177 faces (34.6% area) of pressure-outlet 18.
  1661  1.1237e-06  5.2591e-09  4.9420e-09  5.7981e-09  0:50:34 1839

 Reversed flow on 51 faces (24.7% area) of pressure-outlet 19.

 Reversed flow on 177 faces (34.6% area) of pressure-outlet 18.

  iter  continuity  x-velocity  y-velocity  z-velocity     time/iter
  1662  1.5170e-06  6.9225e-09  6.7020e-09  6.8570e-09  0:50:29 1838

 Reversed flow on 51 faces (24.7% area) of pressure-outlet 19.

 Reversed flow on 177 faces (34.6% area) of pressure-outlet 18.
  1663  1.2395e-06  5.4395e-09  5.4938e-09  6.4427e-09  0:50:26 1837

 Reversed flow on 51 faces (24.7% area) of pressure-outlet 19.

 Reversed flow on 177 faces (34.6% area) of pressure-outlet 18.
  1664  1.2854e-06  5.9205e-09  5.5743e-09  6.8342e-09  0:50:25 1836

 Reversed flow on 51 faces (24.7% area) of pressure-outlet 19.

 Reversed flow on 177 faces (34.6% area) of pressure-outlet 18.
  1665  1.2211e-06  5.5093e-09  5.1291e-09  6.6728e-09  0:50:20 1835

 Reversed flow on 51 faces (24.7% area) of pressure-outlet 19.

 Reversed flow on 177 faces (34.6% area) of pressure-outlet 18.
  1666  1.6133e-06  7.2134e-09  6.9023e-09  7.5633e-09  0:50:20 1834

 Reversed flow on 51 faces (24.7% area) of pressure-outlet 19.

 Reversed flow on 177 faces (34.6% area) of pressure-outlet 18.
  1667  1.3267e-06  5.7404e-09  5.6922e-09  6.9348e-09  0:50:26 1833

 Reversed flow on 51 faces (24.7% area) of pressure-outlet 19.

 Reversed flow on 177 faces (34.6% area) of pressure-outlet 18.
  1668  1.3529e-06  6.2151e-09  5.7747e-09  7.0920e-09  0:50:24 1832

 Reversed flow on 51 faces (24.7% area) of pressure-outlet 19.

 Reversed flow on 177 faces (34.6% area) of pressure-outlet 18.
  1669  1.2581e-06  5.7775e-09  5.2960e-09  6.6352e-09  0:50:23 1831

 Reversed flow on 51 faces (24.7% area) of pressure-outlet 19.

 Reversed flow on 177 faces (34.6% area) of pressure-outlet 18.
  1670  1.6167e-06  7.4271e-09  7.0186e-09  7.2435e-09  0:50:25 1830

 Reversed flow on 51 faces (24.7% area) of pressure-outlet 19.

 Reversed flow on 177 faces (34.6% area) of pressure-outlet 18.
  1671  1.2961e-06  5.8835e-09  5.7421e-09  6.3509e-09  0:50:25 1829

 Reversed flow on 51 faces (24.7% area) of pressure-outlet 19.

 Reversed flow on 177 faces (34.6% area) of pressure-outlet 18.
  1672  1.2926e-06  6.2892e-09  5.7565e-09  6.3108e-09  0:50:19 1828

 Reversed flow on 51 faces (24.7% area) of pressure-outlet 19.

 Reversed flow on 177 faces (34.6% area) of pressure-outlet 18.

  iter  continuity  x-velocity  y-velocity  z-velocity     time/iter
  1673  1.1755e-06  5.7592e-09  5.1968e-09  5.7546e-09  0:50:17 1827

 Reversed flow on 51 faces (24.7% area) of pressure-outlet 19.

 Reversed flow on 177 faces (34.6% area) of pressure-outlet 18.
  1674  1.5214e-06  7.3113e-09  6.8537e-09  6.4052e-09  0:50:16 1826

 Reversed flow on 51 faces (24.7% area) of pressure-outlet 19.

 Reversed flow on 177 faces (34.6% area) of pressure-outlet 18.
  1675  1.1990e-06  5.6693e-09  5.5246e-09  5.6112e-09  0:50:57 1825

 Reversed flow on 51 faces (24.7% area) of pressure-outlet 19.

 Reversed flow on 177 faces (34.6% area) of pressure-outlet 18.
  1676  1.1983e-06  5.9909e-09  5.5006e-09  5.6666e-09  0:50:53 1824

 Reversed flow on 51 faces (24.7% area) of pressure-outlet 19.

 Reversed flow on 177 faces (34.6% area) of pressure-outlet 18.
  1677  1.0898e-06  5.4063e-09  4.9302e-09  5.2354e-09  0:50:40 1823

 Reversed flow on 51 faces (24.7% area) of pressure-outlet 19.

 Reversed flow on 177 faces (34.6% area) of pressure-outlet 18.
  1678  1.4478e-06  6.9446e-09  6.6045e-09  5.9922e-09  0:50:32 1822

 Reversed flow on 51 faces (24.7% area) of pressure-outlet 19.

 Reversed flow on 177 faces (34.6% area) of pressure-outlet 18.
  1679  1.1392e-06  5.3054e-09  5.3118e-09  5.4748e-09  0:50:22 1821

 Reversed flow on 51 faces (24.7% area) of pressure-outlet 19.

 Reversed flow on 177 faces (34.6% area) of pressure-outlet 18.
  1680  1.1589e-06  5.6402e-09  5.3324e-09  5.8455e-09  0:50:18 1820

 Reversed flow on 51 faces (24.7% area) of pressure-outlet 19.

 Reversed flow on 177 faces (34.6% area) of pressure-outlet 18.
  1681  1.0771e-06  5.0607e-09  4.8109e-09  5.7104e-09  0:50:15 1819

 Reversed flow on 51 faces (24.7% area) of pressure-outlet 19.

 Reversed flow on 177 faces (34.6% area) of pressure-outlet 18.
  1682  1.4622e-06  6.6479e-09  6.5461e-09  6.6901e-09  0:50:18 1818

 Reversed flow on 51 faces (24.7% area) of pressure-outlet 19.

 Reversed flow on 177 faces (34.6% area) of pressure-outlet 18.
  1683  1.1795e-06  5.0814e-09  5.3149e-09  6.1901e-09  0:50:16 1817

 Reversed flow on 51 faces (24.7% area) of pressure-outlet 19.

 Reversed flow on 177 faces (34.6% area) of pressure-outlet 18.

  iter  continuity  x-velocity  y-velocity  z-velocity     time/iter
  1684  1.2151e-06  5.4870e-09  5.3764e-09  6.4896e-09  0:50:13 1816

 Reversed flow on 51 faces (24.7% area) of pressure-outlet 19.

 Reversed flow on 177 faces (34.6% area) of pressure-outlet 18.
  1685  1.1340e-06  4.9742e-09  4.8777e-09  6.2539e-09  0:50:06 1815

 Reversed flow on 51 faces (24.7% area) of pressure-outlet 19.

 Reversed flow on 177 faces (34.6% area) of pressure-outlet 18.
  1686  1.5224e-06  6.6284e-09  6.6412e-09  7.1295e-09  0:50:00 1814

 Reversed flow on 51 faces (24.7% area) of pressure-outlet 19.

 Reversed flow on 177 faces (34.6% area) of pressure-outlet 18.
  1687  1.2369e-06  5.1241e-09  5.4287e-09  6.5051e-09  0:49:54 1813

 Reversed flow on 51 faces (24.7% area) of pressure-outlet 19.

 Reversed flow on 177 faces (34.6% area) of pressure-outlet 18.
  1688  1.2727e-06  5.5838e-09  5.4969e-09  6.6764e-09  0:49:55 1812

 Reversed flow on 51 faces (24.7% area) of pressure-outlet 19.

 Reversed flow on 177 faces (34.6% area) of pressure-outlet 18.
  1689  1.1891e-06  5.1234e-09  4.9968e-09  6.2989e-09  0:49:56 1811

 Reversed flow on 51 faces (24.7% area) of pressure-outlet 19.

 Reversed flow on 177 faces (34.6% area) of pressure-outlet 18.
  1690  1.5726e-06  6.8404e-09  6.7612e-09  7.0353e-09  0:49:52 1810

 Reversed flow on 51 faces (24.7% area) of pressure-outlet 19.

 Reversed flow on 177 faces (34.6% area) of pressure-outlet 18.
  1691  1.2852e-06  5.3940e-09  5.5503e-09  6.2957e-09  0:49:55 1809

 Reversed flow on 51 faces (24.7% area) of pressure-outlet 19.

 Reversed flow on 177 faces (34.6% area) of pressure-outlet 18.
  1692  1.3129e-06  5.8763e-09  5.6088e-09  6.3912e-09  0:51:54 1808

 Reversed flow on 51 faces (24.7% area) of pressure-outlet 19.

 Reversed flow on 177 faces (34.6% area) of pressure-outlet 18.
  1693  1.2217e-06  5.4254e-09  5.1011e-09  6.0055e-09  0:51:31 1807

 Reversed flow on 51 faces (24.7% area) of pressure-outlet 19.

 Reversed flow on 177 faces (34.6% area) of pressure-outlet 18.
  1694  1.6043e-06  7.1515e-09  6.8617e-09  6.7569e-09  0:51:07 1806

 Reversed flow on 51 faces (24.7% area) of pressure-outlet 19.

 Reversed flow on 177 faces (34.6% area) of pressure-outlet 18.

  iter  continuity  x-velocity  y-velocity  z-velocity     time/iter
  1695  1.3146e-06  5.7243e-09  5.6443e-09  6.1181e-09  0:50:49 1805

 Reversed flow on 51 faces (24.7% area) of pressure-outlet 19.

 Reversed flow on 177 faces (34.6% area) of pressure-outlet 18.
  1696  1.3354e-06  6.2099e-09  5.6974e-09  6.3456e-09  0:50:33 1804

 Reversed flow on 51 faces (24.7% area) of pressure-outlet 19.

 Reversed flow on 177 faces (34.6% area) of pressure-outlet 18.
  1697  1.2322e-06  5.7598e-09  5.2002e-09  6.1885e-09  0:50:24 1803

 Reversed flow on 51 faces (24.7% area) of pressure-outlet 19.

 Reversed flow on 177 faces (34.6% area) of pressure-outlet 18.
  1698  1.6059e-06  7.4748e-09  6.9873e-09  7.2402e-09  0:50:10 1802

 Reversed flow on 51 faces (24.7% area) of pressure-outlet 19.

 Reversed flow on 177 faces (34.6% area) of pressure-outlet 18.
  1699  1.3308e-06  6.0480e-09  5.8264e-09  6.8278e-09  0:49:59 1801

 Reversed flow on 51 faces (24.7% area) of pressure-outlet 19.

 Reversed flow on 177 faces (34.6% area) of pressure-outlet 18.
  1700  1.3718e-06  6.5198e-09  5.9151e-09  7.1965e-09  0:49:51 1800

 Reversed flow on 51 faces (24.7% area) of pressure-outlet 19.

 Reversed flow on 177 faces (34.6% area) of pressure-outlet 18.
  1701  1.2913e-06  6.0661e-09  5.4471e-09  7.0380e-09  0:49:44 1799

 Reversed flow on 51 faces (24.7% area) of pressure-outlet 19.

 Reversed flow on 177 faces (34.6% area) of pressure-outlet 18.
  1702  1.6654e-06  7.7613e-09  7.2444e-09  7.8833e-09  0:49:34 1798

 Reversed flow on 51 faces (24.7% area) of pressure-outlet 19.

 Reversed flow on 177 faces (34.6% area) of pressure-outlet 18.
  1703  1.3733e-06  6.2845e-09  6.0556e-09  7.2298e-09  0:49:33 1797

 Reversed flow on 51 faces (24.7% area) of pressure-outlet 19.

 Reversed flow on 177 faces (34.6% area) of pressure-outlet 18.
  1704  1.3942e-06  6.6543e-09  6.0756e-09  7.3225e-09  0:49:31 1796

 Reversed flow on 51 faces (24.7% area) of pressure-outlet 19.

 Reversed flow on 177 faces (34.6% area) of pressure-outlet 18.
  1705  1.2890e-06  6.0908e-09  5.5331e-09  6.8603e-09  0:49:27 1795

 Reversed flow on 51 faces (24.7% area) of pressure-outlet 19.

 Reversed flow on 177 faces (34.6% area) of pressure-outlet 18.

  iter  continuity  x-velocity  y-velocity  z-velocity     time/iter
  1706  1.6361e-06  7.6688e-09  7.2332e-09  7.4586e-09  0:49:20 1794

 Reversed flow on 51 faces (24.7% area) of pressure-outlet 19.

 Reversed flow on 177 faces (34.6% area) of pressure-outlet 18.
  1707  1.3090e-06  6.0632e-09  5.9342e-09  6.5616e-09  0:49:17 1793

 Reversed flow on 51 faces (24.7% area) of pressure-outlet 19.

 Reversed flow on 177 faces (34.6% area) of pressure-outlet 18.
  1708  1.3027e-06  6.3339e-09  5.8594e-09  6.4321e-09  0:49:13 1792

 Reversed flow on 51 faces (24.7% area) of pressure-outlet 19.

 Reversed flow on 177 faces (34.6% area) of pressure-outlet 18.
  1709  1.1813e-06  5.7193e-09  5.2425e-09  5.8089e-09  0:49:14 1791

 Reversed flow on 51 faces (24.7% area) of pressure-outlet 19.

 Reversed flow on 177 faces (34.6% area) of pressure-outlet 18.
  1710  1.5247e-06  7.2575e-09  6.8958e-09  6.3646e-09  0:49:10 1790

 Reversed flow on 51 faces (24.7% area) of pressure-outlet 19.

 Reversed flow on 177 faces (34.6% area) of pressure-outlet 18.
  1711  1.2000e-06  5.5943e-09  5.5515e-09  5.5699e-09  0:49:14 1789

 Reversed flow on 51 faces (24.7% area) of pressure-outlet 19.

 Reversed flow on 177 faces (34.6% area) of pressure-outlet 18.
  1712  1.2000e-06  5.8618e-09  5.4805e-09  5.6365e-09  0:49:21 1788

 Reversed flow on 51 faces (24.7% area) of pressure-outlet 19.

 Reversed flow on 177 faces (34.6% area) of pressure-outlet 18.
  1713  1.0956e-06  5.2868e-09  4.9214e-09  5.2109e-09  0:49:14 1787

 Reversed flow on 51 faces (24.7% area) of pressure-outlet 19.

 Reversed flow on 177 faces (34.6% area) of pressure-outlet 18.
  1714  1.4652e-06  6.8905e-09  6.6440e-09  5.9715e-09  0:49:14 1786

 Reversed flow on 51 faces (24.7% area) of pressure-outlet 19.

 Reversed flow on 177 faces (34.6% area) of pressure-outlet 18.
  1715  1.1586e-06  5.2860e-09  5.3548e-09  5.3400e-09  0:49:06 1785

 Reversed flow on 51 faces (24.7% area) of pressure-outlet 19.

 Reversed flow on 177 faces (34.6% area) of pressure-outlet 18.
  1716  1.1788e-06  5.6393e-09  5.3655e-09  5.7475e-09  0:48:58 1784

 Reversed flow on 51 faces (24.7% area) of pressure-outlet 19.

 Reversed flow on 177 faces (34.6% area) of pressure-outlet 18.

  iter  continuity  x-velocity  y-velocity  z-velocity     time/iter
  1717  1.1026e-06  5.1584e-09  4.8936e-09  5.7075e-09  0:49:04 1783

 Reversed flow on 51 faces (24.7% area) of pressure-outlet 19.

 Reversed flow on 177 faces (34.6% area) of pressure-outlet 18.
  1718  1.5046e-06  6.8305e-09  6.6883e-09  6.8062e-09  0:49:00 1782

 Reversed flow on 51 faces (24.7% area) of pressure-outlet 19.

 Reversed flow on 177 faces (34.6% area) of pressure-outlet 18.
  1719  1.2281e-06  5.3030e-09  5.4698e-09  6.3969e-09  0:49:00 1781

 Reversed flow on 51 faces (24.7% area) of pressure-outlet 19.

 Reversed flow on 177 faces (34.6% area) of pressure-outlet 18.
  1720  1.2733e-06  5.7534e-09  5.5423e-09  6.7988e-09  0:49:05 1780

 Reversed flow on 51 faces (24.7% area) of pressure-outlet 19.

 Reversed flow on 177 faces (34.6% area) of pressure-outlet 18.
  1721  1.2108e-06  5.3563e-09  5.1039e-09  6.6630e-09  0:49:02 1779

 Reversed flow on 51 faces (24.7% area) of pressure-outlet 19.

 Reversed flow on 177 faces (34.6% area) of pressure-outlet 18.
  1722  1.6112e-06  7.0987e-09  6.9045e-09  7.5806e-09  0:48:59 1778

 Reversed flow on 51 faces (24.7% area) of pressure-outlet 19.

 Reversed flow on 177 faces (34.6% area) of pressure-outlet 18.
  1723  1.3252e-06  5.6188e-09  5.6886e-09  6.9509e-09  0:48:58 1777

 Reversed flow on 51 faces (24.7% area) of pressure-outlet 19.

 Reversed flow on 177 faces (34.6% area) of pressure-outlet 18.
  1724  1.3483e-06  6.0967e-09  5.7506e-09  7.1018e-09  0:48:54 1776

 Reversed flow on 51 faces (24.7% area) of pressure-outlet 19.

 Reversed flow on 177 faces (34.6% area) of pressure-outlet 18.
  1725  1.2583e-06  5.6834e-09  5.2697e-09  6.6836e-09  0:48:49 1775

 Reversed flow on 51 faces (24.7% area) of pressure-outlet 19.

 Reversed flow on 177 faces (34.6% area) of pressure-outlet 18.
  1726  1.6263e-06  7.3771e-09  7.0043e-09  7.3393e-09  0:48:48 1774

 Reversed flow on 51 faces (24.7% area) of pressure-outlet 19.

 Reversed flow on 177 faces (34.6% area) of pressure-outlet 18.
  1727  1.3142e-06  5.8603e-09  5.7279e-09  6.4617e-09  0:48:46 1773

 Reversed flow on 51 faces (24.7% area) of pressure-outlet 19.

 Reversed flow on 177 faces (34.6% area) of pressure-outlet 18.

  iter  continuity  x-velocity  y-velocity  z-velocity     time/iter
  1728  1.3143e-06  6.2840e-09  5.7372e-09  6.3929e-09  0:48:39 1772

 Reversed flow on 51 faces (24.7% area) of pressure-outlet 19.

 Reversed flow on 177 faces (34.6% area) of pressure-outlet 18.
  1729  1.2003e-06  5.7811e-09  5.1880e-09  5.8254e-09  0:48:40 1771

 Reversed flow on 51 faces (24.7% area) of pressure-outlet 19.

 Reversed flow on 177 faces (34.6% area) of pressure-outlet 18.
  1730  1.5482e-06  7.3621e-09  6.8562e-09  6.4341e-09  0:48:45 1770

 Reversed flow on 51 faces (24.7% area) of pressure-outlet 19.

 Reversed flow on 177 faces (34.6% area) of pressure-outlet 18.
  1731  1.2240e-06  5.7730e-09  5.5578e-09  5.6329e-09  0:48:39 1769

 Reversed flow on 51 faces (24.7% area) of pressure-outlet 19.

 Reversed flow on 177 faces (34.6% area) of pressure-outlet 18.
  1732  1.2234e-06  6.1449e-09  5.5573e-09  5.7230e-09  0:48:35 1768

 Reversed flow on 51 faces (24.7% area) of pressure-outlet 19.

 Reversed flow on 177 faces (34.6% area) of pressure-outlet 18.
  1733  1.1094e-06  5.5842e-09  4.9982e-09  5.3424e-09  0:48:35 1767

 Reversed flow on 51 faces (24.7% area) of pressure-outlet 19.

 Reversed flow on 177 faces (34.6% area) of pressure-outlet 18.
  1734  1.4627e-06  7.1130e-09  6.6720e-09  6.2354e-09  0:48:30 1766

 Reversed flow on 51 faces (24.7% area) of pressure-outlet 19.

 Reversed flow on 177 faces (34.6% area) of pressure-outlet 18.
  1735  1.1582e-06  5.5073e-09  5.4112e-09  5.7641e-09  0:48:27 1765

 Reversed flow on 51 faces (24.7% area) of pressure-outlet 19.

 Reversed flow on 177 faces (34.6% area) of pressure-outlet 18.
  1736  1.1885e-06  5.8621e-09  5.4580e-09  6.1578e-09  0:48:24 1764

 Reversed flow on 51 faces (24.7% area) of pressure-outlet 19.

 Reversed flow on 177 faces (34.6% area) of pressure-outlet 18.
  1737  1.1052e-06  5.3029e-09  4.9389e-09  5.9920e-09  0:48:24 1763

 Reversed flow on 51 faces (24.7% area) of pressure-outlet 19.

 Reversed flow on 177 faces (34.6% area) of pressure-outlet 18.
  1738  1.4878e-06  6.8631e-09  6.6510e-09  6.9083e-09  0:48:24 1762

 Reversed flow on 51 faces (24.7% area) of pressure-outlet 19.

 Reversed flow on 177 faces (34.6% area) of pressure-outlet 18.

  iter  continuity  x-velocity  y-velocity  z-velocity     time/iter
  1739  1.2041e-06  5.2979e-09  5.4271e-09  6.3639e-09  0:48:26 1761

 Reversed flow on 51 faces (24.7% area) of pressure-outlet 19.

 Reversed flow on 177 faces (34.6% area) of pressure-outlet 18.
  1740  1.2408e-06  5.6914e-09  5.4867e-09  6.6115e-09  0:48:24 1760

 Reversed flow on 51 faces (24.7% area) of pressure-outlet 19.

 Reversed flow on 177 faces (34.6% area) of pressure-outlet 18.
  1741  1.1570e-06  5.1470e-09  4.9658e-09  6.2640e-09  0:48:23 1759

 Reversed flow on 51 faces (24.7% area) of pressure-outlet 19.

 Reversed flow on 177 faces (34.6% area) of pressure-outlet 18.
  1742  1.5281e-06  6.7421e-09  6.6883e-09  7.0155e-09  0:48:22 1758

 Reversed flow on 51 faces (24.7% area) of pressure-outlet 19.

 Reversed flow on 177 faces (34.6% area) of pressure-outlet 18.
  1743  1.2231e-06  5.1991e-09  5.4491e-09  6.2438e-09  0:48:17 1757

 Reversed flow on 51 faces (24.7% area) of pressure-outlet 19.

 Reversed flow on 177 faces (34.6% area) of pressure-outlet 18.
  1744  1.2345e-06  5.6063e-09  5.4821e-09  6.2901e-09  0:49:05 1756

 Reversed flow on 51 faces (24.7% area) of pressure-outlet 19.

 Reversed flow on 177 faces (34.6% area) of pressure-outlet 18.
  1745  1.1326e-06  5.0690e-09  4.9320e-09  5.7999e-09  0:49:13 1755

 Reversed flow on 51 faces (24.7% area) of pressure-outlet 19.

 Reversed flow on 177 faces (34.6% area) of pressure-outlet 18.
  1746  1.4975e-06  6.6963e-09  6.6421e-09  6.4656e-09  0:49:05 1754

 Reversed flow on 51 faces (24.7% area) of pressure-outlet 19.

 Reversed flow on 177 faces (34.6% area) of pressure-outlet 18.
  1747  1.1957e-06  5.1566e-09  5.3745e-09  5.7006e-09  0:48:52 1753

 Reversed flow on 51 faces (24.7% area) of pressure-outlet 19.

 Reversed flow on 177 faces (34.6% area) of pressure-outlet 18.
  1748  1.2200e-06  5.5687e-09  5.3887e-09  5.8815e-09  0:48:46 1752

 Reversed flow on 51 faces (24.7% area) of pressure-outlet 19.

 Reversed flow on 177 faces (34.6% area) of pressure-outlet 18.
  1749  1.1326e-06  5.0694e-09  4.8620e-09  5.5693e-09  0:48:34 1751

 Reversed flow on 51 faces (24.7% area) of pressure-outlet 19.

 Reversed flow on 177 faces (34.6% area) of pressure-outlet 18.

  iter  continuity  x-velocity  y-velocity  z-velocity     time/iter
  1750  1.5177e-06  6.7679e-09  6.6233e-09  6.4218e-09  0:48:24 1750

 Reversed flow on 51 faces (24.7% area) of pressure-outlet 19.

 Reversed flow on 177 faces (34.6% area) of pressure-outlet 18.
  1751  1.2335e-06  5.2954e-09  5.4041e-09  5.8243e-09  0:48:20 1749

 Reversed flow on 51 faces (24.7% area) of pressure-outlet 19.

 Reversed flow on 177 faces (34.6% area) of pressure-outlet 18.
  1752  1.2676e-06  5.7744e-09  5.4718e-09  6.1182e-09  0:48:17 1748

 Reversed flow on 51 faces (24.7% area) of pressure-outlet 19.

 Reversed flow on 177 faces (34.6% area) of pressure-outlet 18.
  1753  1.1980e-06  5.3599e-09  5.0142e-09  6.0492e-09  0:48:10 1747

 Reversed flow on 51 faces (24.7% area) of pressure-outlet 19.

 Reversed flow on 177 faces (34.6% area) of pressure-outlet 18.
  1754  1.6002e-06  7.1366e-09  6.8381e-09  7.1692e-09  0:48:05 1746

 Reversed flow on 51 faces (24.7% area) of pressure-outlet 19.

 Reversed flow on 177 faces (34.6% area) of pressure-outlet 18.
  1755  1.3303e-06  5.7139e-09  5.6698e-09  6.8243e-09  0:48:02 1745

 Reversed flow on 51 faces (24.7% area) of pressure-outlet 19.

 Reversed flow on 177 faces (34.6% area) of pressure-outlet 18.
  1756  1.3707e-06  6.2258e-09  5.7790e-09  7.2604e-09  0:48:09 1744

 Reversed flow on 51 faces (24.7% area) of pressure-outlet 19.

 Reversed flow on 177 faces (34.6% area) of pressure-outlet 18.
  1757  1.3002e-06  5.8400e-09  5.3506e-09  7.1308e-09  0:48:01 1743

 Reversed flow on 51 faces (24.7% area) of pressure-outlet 19.

 Reversed flow on 177 faces (34.6% area) of pressure-outlet 18.
  1758  1.6979e-06  7.6324e-09  7.1961e-09  8.0863e-09  0:47:59 1742

 Reversed flow on 51 faces (24.7% area) of pressure-outlet 19.

 Reversed flow on 177 faces (34.6% area) of pressure-outlet 18.
  1759  1.4181e-06  6.2224e-09  6.0305e-09  7.4931e-09  0:47:56 1741

 Reversed flow on 51 faces (24.7% area) of pressure-outlet 19.

 Reversed flow on 177 faces (34.6% area) of pressure-outlet 18.
  1760  1.4451e-06  6.6881e-09  6.1121e-09  7.6823e-09  0:47:54 1740

 Reversed flow on 51 faces (24.7% area) of pressure-outlet 19.

 Reversed flow on 177 faces (34.6% area) of pressure-outlet 18.

  iter  continuity  x-velocity  y-velocity  z-velocity     time/iter
  1761  1.3403e-06  6.2292e-09  5.6257e-09  7.2287e-09  0:47:52 1739

 Reversed flow on 51 faces (24.7% area) of pressure-outlet 19.

 Reversed flow on 177 faces (34.6% area) of pressure-outlet 18.
  1762  1.6922e-06  7.9124e-09  7.3897e-09  7.8103e-09  0:47:50 1738

 Reversed flow on 51 faces (24.7% area) of pressure-outlet 19.

 Reversed flow on 177 faces (34.6% area) of pressure-outlet 18.
  1763  1.3716e-06  6.3777e-09  6.1203e-09  6.9089e-09  0:47:55 1737

 Reversed flow on 51 faces (24.7% area) of pressure-outlet 19.

 Reversed flow on 177 faces (34.6% area) of pressure-outlet 18.
  1764  1.3661e-06  6.6899e-09  6.0643e-09  6.7774e-09  0:47:50 1736

 Reversed flow on 51 faces (24.7% area) of pressure-outlet 19.

 Reversed flow on 177 faces (34.6% area) of pressure-outlet 18.
  1765  1.2367e-06  6.0689e-09  5.4401e-09  6.1046e-09  0:47:49 1735

 Reversed flow on 51 faces (24.7% area) of pressure-outlet 19.

 Reversed flow on 177 faces (34.6% area) of pressure-outlet 18.
  1766  1.5654e-06  7.5822e-09  7.0738e-09  6.5961e-09  0:47:50 1734

 Reversed flow on 51 faces (24.7% area) of pressure-outlet 19.

 Reversed flow on 177 faces (34.6% area) of pressure-outlet 18.
  1767  1.2337e-06  5.9188e-09  5.7266e-09  5.7045e-09  0:47:48 1733

 Reversed flow on 51 faces (24.7% area) of pressure-outlet 19.

 Reversed flow on 177 faces (34.6% area) of pressure-outlet 18.
  1768  1.2272e-06  6.1509e-09  5.6268e-09  5.6716e-09  0:47:46 1732

 Reversed flow on 51 faces (24.7% area) of pressure-outlet 19.

 Reversed flow on 177 faces (34.6% area) of pressure-outlet 18.
  1769  1.1094e-06  5.5112e-09  5.0003e-09  5.1988e-09  0:47:43 1731

 Reversed flow on 51 faces (24.7% area) of pressure-outlet 19.

 Reversed flow on 177 faces (34.6% area) of pressure-outlet 18.
  1770  1.4567e-06  7.0277e-09  6.6649e-09  5.9478e-09  0:47:47 1730

 Reversed flow on 51 faces (24.7% area) of pressure-outlet 19.

 Reversed flow on 177 faces (34.6% area) of pressure-outlet 18.
  1771  1.1462e-06  5.4045e-09  5.3807e-09  5.4401e-09  0:47:43 1729

 Reversed flow on 51 faces (24.7% area) of pressure-outlet 19.

 Reversed flow on 177 faces (34.6% area) of pressure-outlet 18.

  iter  continuity  x-velocity  y-velocity  z-velocity     time/iter
  1772  1.1687e-06  5.7134e-09  5.3859e-09  5.8247e-09  0:47:38 1728

 Reversed flow on 51 faces (24.7% area) of pressure-outlet 19.

 Reversed flow on 177 faces (34.6% area) of pressure-outlet 18.
  1773  1.0943e-06  5.1721e-09  4.8919e-09  5.7342e-09  0:47:35 1727

 Reversed flow on 51 faces (24.7% area) of pressure-outlet 19.

 Reversed flow on 177 faces (34.6% area) of pressure-outlet 18.
  1774  1.4844e-06  6.8039e-09  6.6590e-09  6.7743e-09  0:48:04 1726

 Reversed flow on 51 faces (24.7% area) of pressure-outlet 19.

 Reversed flow on 177 faces (34.6% area) of pressure-outlet 18.
  1775  1.2115e-06  5.2824e-09  5.4552e-09  6.3430e-09  0:48:39 1725

 Reversed flow on 51 faces (24.7% area) of pressure-outlet 19.

 Reversed flow on 177 faces (34.6% area) of pressure-outlet 18.
  1776  1.2603e-06  5.7040e-09  5.5288e-09  6.7126e-09  0:48:35 1724

 Reversed flow on 51 faces (24.7% area) of pressure-outlet 19.

 Reversed flow on 177 faces (34.6% area) of pressure-outlet 18.
  1777  1.1961e-06  5.2687e-09  5.0798e-09  6.5349e-09  0:48:18 1723

 Reversed flow on 51 faces (24.7% area) of pressure-outlet 19.

 Reversed flow on 177 faces (34.6% area) of pressure-outlet 18.
  1778  1.5905e-06  6.9689e-09  6.8654e-09  7.4158e-09  0:48:09 1722

 Reversed flow on 51 faces (24.7% area) of pressure-outlet 19.

 Reversed flow on 177 faces (34.6% area) of pressure-outlet 18.
  1779  1.3056e-06  5.4831e-09  5.6611e-09  6.7856e-09  0:47:57 1721

 Reversed flow on 51 faces (24.7% area) of pressure-outlet 19.

 Reversed flow on 177 faces (34.6% area) of pressure-outlet 18.
  1780  1.3309e-06  5.9539e-09  5.7165e-09  6.9048e-09  0:47:57 1720

 Reversed flow on 51 faces (24.7% area) of pressure-outlet 19.

 Reversed flow on 177 faces (34.6% area) of pressure-outlet 18.
  1781  1.2393e-06  5.5404e-09  5.2317e-09  6.4695e-09  0:47:53 1719

 Reversed flow on 51 faces (24.7% area) of pressure-outlet 19.

 Reversed flow on 177 faces (34.6% area) of pressure-outlet 18.
  1782  1.6089e-06  7.2420e-09  6.9735e-09  7.1070e-09  0:47:45 1718

 Reversed flow on 51 faces (24.7% area) of pressure-outlet 19.

 Reversed flow on 177 faces (34.6% area) of pressure-outlet 18.

  iter  continuity  x-velocity  y-velocity  z-velocity     time/iter
  1783  1.2961e-06  5.7260e-09  5.6978e-09  6.2497e-09  0:47:36 1717

 Reversed flow on 51 faces (24.7% area) of pressure-outlet 19.

 Reversed flow on 177 faces (34.6% area) of pressure-outlet 18.
  1784  1.2986e-06  6.1554e-09  5.6932e-09  6.2379e-09  0:47:36 1716

 Reversed flow on 51 faces (24.7% area) of pressure-outlet 19.

 Reversed flow on 177 faces (34.6% area) of pressure-outlet 18.
  1785  1.1936e-06  5.6774e-09  5.1508e-09  5.8130e-09  0:47:30 1715

 Reversed flow on 51 faces (24.7% area) of pressure-outlet 19.

 Reversed flow on 177 faces (34.6% area) of pressure-outlet 18.
  1786  1.5557e-06  7.3080e-09  6.8466e-09  6.5198e-09  0:47:26 1714

 Reversed flow on 51 faces (24.7% area) of pressure-outlet 19.

 Reversed flow on 177 faces (34.6% area) of pressure-outlet 18.
  1787  1.2382e-06  5.7252e-09  5.5383e-09  5.7282e-09  0:47:19 1713

 Reversed flow on 51 faces (24.7% area) of pressure-outlet 19.

 Reversed flow on 177 faces (34.6% area) of pressure-outlet 18.
  1788  1.2399e-06  6.1172e-09  5.5379e-09  5.8031e-09  0:47:11 1712

 Reversed flow on 51 faces (24.7% area) of pressure-outlet 19.

 Reversed flow on 177 faces (34.6% area) of pressure-outlet 18.
  1789  1.1352e-06  5.6193e-09  5.0128e-09  5.4592e-09  0:47:10 1711

 Reversed flow on 51 faces (24.7% area) of pressure-outlet 19.

 Reversed flow on 177 faces (34.6% area) of pressure-outlet 18.
  1790  1.5032e-06  7.2245e-09  6.7355e-09  6.4283e-09  0:47:04 1710

 Reversed flow on 51 faces (24.7% area) of pressure-outlet 19.

 Reversed flow on 177 faces (34.6% area) of pressure-outlet 18.
  1791  1.1995e-06  5.6353e-09  5.4724e-09  5.9674e-09  0:46:59 1709

 Reversed flow on 51 faces (24.7% area) of pressure-outlet 19.

 Reversed flow on 177 faces (34.6% area) of pressure-outlet 18.
  1792  1.2218e-06  6.0173e-09  5.5248e-09  6.3562e-09  0:46:58 1708

 Reversed flow on 51 faces (24.7% area) of pressure-outlet 19.

 Reversed flow on 177 faces (34.6% area) of pressure-outlet 18.
  1793  1.1392e-06  5.5115e-09  5.0454e-09  6.2075e-09  0:46:57 1707

 Reversed flow on 51 faces (24.7% area) of pressure-outlet 19.

 Reversed flow on 177 faces (34.6% area) of pressure-outlet 18.

  iter  continuity  x-velocity  y-velocity  z-velocity     time/iter
  1794  1.5304e-06  7.1144e-09  6.7951e-09  7.1414e-09  0:46:58 1706

 Reversed flow on 51 faces (24.7% area) of pressure-outlet 19.

 Reversed flow on 177 faces (34.6% area) of pressure-outlet 18.
  1795  1.2414e-06  5.5385e-09  5.5550e-09  6.5799e-09  0:47:04 1705

 Reversed flow on 51 faces (24.7% area) of pressure-outlet 19.

 Reversed flow on 177 faces (34.6% area) of pressure-outlet 18.
  1796  1.2668e-06  5.9291e-09  5.6088e-09  6.8023e-09  0:46:59 1704

 Reversed flow on 51 faces (24.7% area) of pressure-outlet 19.

 Reversed flow on 177 faces (34.6% area) of pressure-outlet 18.
  1797  1.1784e-06  5.3992e-09  5.1029e-09  6.4419e-09  0:46:52 1703

 Reversed flow on 51 faces (24.7% area) of pressure-outlet 19.

 Reversed flow on 177 faces (34.6% area) of pressure-outlet 18.
  1798  1.5480e-06  6.9814e-09  6.8175e-09  7.1465e-09  0:46:53 1702

 Reversed flow on 51 faces (24.7% area) of pressure-outlet 19.

 Reversed flow on 177 faces (34.6% area) of pressure-outlet 18.
  1799  1.2401e-06  5.3989e-09  5.5453e-09  6.3434e-09  0:46:47 1701

 Reversed flow on 51 faces (24.7% area) of pressure-outlet 19.

 Reversed flow on 177 faces (34.6% area) of pressure-outlet 18.
  1800  1.2473e-06  5.7677e-09  5.5503e-09  6.3425e-09  0:46:46 1700

 Reversed flow on 51 faces (24.7% area) of pressure-outlet 19.

 Reversed flow on 177 faces (34.6% area) of pressure-outlet 18.
  1801  1.1384e-06  5.2008e-09  4.9722e-09  5.7684e-09  0:46:44 1699

 Reversed flow on 51 faces (24.7% area) of pressure-outlet 19.

 Reversed flow on 177 faces (34.6% area) of pressure-outlet 18.
  1802  1.4882e-06  6.7659e-09  6.6323e-09  6.3228e-09  0:46:42 1698

 Reversed flow on 51 faces (24.7% area) of pressure-outlet 19.

 Reversed flow on 177 faces (34.6% area) of pressure-outlet 18.
  1803  1.1679e-06  5.1778e-09  5.3362e-09  5.4690e-09  0:46:44 1697

 Reversed flow on 51 faces (24.7% area) of pressure-outlet 19.

 Reversed flow on 177 faces (34.6% area) of pressure-outlet 18.
  1804  1.1760e-06  5.5328e-09  5.3265e-09  5.5488e-09  0:46:45 1696

 Reversed flow on 51 faces (24.7% area) of pressure-outlet 19.

 Reversed flow on 177 faces (34.6% area) of pressure-outlet 18.

  iter  continuity  x-velocity  y-velocity  z-velocity     time/iter
  1805  1.0734e-06  4.9519e-09  4.7521e-09  5.1433e-09  0:46:46 1695

 Reversed flow on 51 faces (24.7% area) of pressure-outlet 19.

 Reversed flow on 177 faces (34.6% area) of pressure-outlet 18.
  1806  1.4396e-06  6.5565e-09  6.4463e-09  5.9461e-09  0:46:42 1694

 Reversed flow on 51 faces (24.7% area) of pressure-outlet 19.

 Reversed flow on 177 faces (34.6% area) of pressure-outlet 18.
  1807  1.1499e-06  5.0417e-09  5.2131e-09  5.4055e-09  0:46:46 1693

 Reversed flow on 51 faces (24.7% area) of pressure-outlet 19.

 Reversed flow on 177 faces (34.6% area) of pressure-outlet 18.
  1808  1.1899e-06  5.4806e-09  5.2823e-09  5.8654e-09  0:46:37 1692

 Reversed flow on 51 faces (24.7% area) of pressure-outlet 19.

 Reversed flow on 177 faces (34.6% area) of pressure-outlet 18.
  1809  1.1200e-06  5.0041e-09  4.8143e-09  5.8549e-09  0:46:38 1691

 Reversed flow on 51 faces (24.7% area) of pressure-outlet 19.

 Reversed flow on 177 faces (34.6% area) of pressure-outlet 18.
  1810  1.5239e-06  6.7206e-09  6.6209e-09  7.0115e-09  0:46:39 1690

 Reversed flow on 51 faces (24.7% area) of pressure-outlet 19.

 Reversed flow on 177 faces (34.6% area) of pressure-outlet 18.
  1811  1.2683e-06  5.3253e-09  5.4873e-09  6.7102e-09  0:46:36 1689

 Reversed flow on 51 faces (24.7% area) of pressure-outlet 19.

 Reversed flow on 177 faces (34.6% area) of pressure-outlet 18.
  1812  1.3411e-06  5.8739e-09  5.6266e-09  7.1647e-09  0:46:34 1688

 Reversed flow on 51 faces (24.7% area) of pressure-outlet 19.

 Reversed flow on 177 faces (34.6% area) of pressure-outlet 18.
  1813  1.2916e-06  5.4984e-09  5.2044e-09  7.0239e-09  0:46:31 1687

 Reversed flow on 51 faces (24.7% area) of pressure-outlet 19.

 Reversed flow on 177 faces (34.6% area) of pressure-outlet 18.
  1814  1.6893e-06  7.2974e-09  7.0318e-09  7.9858e-09  0:46:31 1686

 Reversed flow on 51 faces (24.7% area) of pressure-outlet 19.

 Reversed flow on 177 faces (34.6% area) of pressure-outlet 18.
  1815  1.4128e-06  5.9366e-09  5.8919e-09  7.4458e-09  0:46:28 1685

 Reversed flow on 51 faces (24.7% area) of pressure-outlet 19.

 Reversed flow on 177 faces (34.6% area) of pressure-outlet 18.

  iter  continuity  x-velocity  y-velocity  z-velocity     time/iter
  1816  1.4486e-06  6.4665e-09  6.0045e-09  7.6457e-09  0:46:21 1684

 Reversed flow on 51 faces (24.7% area) of pressure-outlet 19.

 Reversed flow on 177 faces (34.6% area) of pressure-outlet 18.
  1817  1.3570e-06  6.0676e-09  5.5417e-09  7.2166e-09  0:46:21 1683

 Reversed flow on 51 faces (24.7% area) of pressure-outlet 19.

 Reversed flow on 177 faces (34.6% area) of pressure-outlet 18.
  1818  1.7184e-06  7.8245e-09  7.3337e-09  7.8340e-09  0:46:21 1682

 Reversed flow on 51 faces (24.7% area) of pressure-outlet 19.

 Reversed flow on 177 faces (34.6% area) of pressure-outlet 18.
  1819  1.4075e-06  6.3776e-09  6.1169e-09  7.0007e-09  0:46:13 1681

 Reversed flow on 51 faces (24.7% area) of pressure-outlet 19.

 Reversed flow on 177 faces (34.6% area) of pressure-outlet 18.
  1820  1.4075e-06  6.7918e-09  6.1280e-09  6.9431e-09  0:46:12 1680

 Reversed flow on 51 faces (24.7% area) of pressure-outlet 19.

 Reversed flow on 177 faces (34.6% area) of pressure-outlet 18.
  1821  1.2780e-06  6.2594e-09  5.5649e-09  6.2730e-09  0:46:09 1679

 Reversed flow on 51 faces (24.7% area) of pressure-outlet 19.

 Reversed flow on 177 faces (34.6% area) of pressure-outlet 18.
  1822  1.6169e-06  7.8537e-09  7.2509e-09  6.8566e-09  0:46:06 1678

 Reversed flow on 51 faces (24.7% area) of pressure-outlet 19.

 Reversed flow on 177 faces (34.6% area) of pressure-outlet 18.
  1823  1.2863e-06  6.2244e-09  5.9168e-09  6.0174e-09  0:46:01 1677

 Reversed flow on 51 faces (24.7% area) of pressure-outlet 19.

 Reversed flow on 177 faces (34.6% area) of pressure-outlet 18.
  1824  1.2760e-06  6.4703e-09  5.8226e-09  5.9885e-09  0:45:58 1676

 Reversed flow on 51 faces (24.7% area) of pressure-outlet 19.

 Reversed flow on 177 faces (34.6% area) of pressure-outlet 18.
  1825  1.1516e-06  5.8275e-09  5.1967e-09  5.4771e-09  0:45:55 1675

 Reversed flow on 51 faces (24.7% area) of pressure-outlet 19.

 Reversed flow on 177 faces (34.6% area) of pressure-outlet 18.
  1826  1.4975e-06  7.3488e-09  6.8645e-09  6.1900e-09  0:45:57 1674

 Reversed flow on 51 faces (24.7% area) of pressure-outlet 19.

 Reversed flow on 177 faces (34.6% area) of pressure-outlet 18.

  iter  continuity  x-velocity  y-velocity  z-velocity     time/iter
  1827  1.1814e-06  5.6772e-09  5.5392e-09  5.6402e-09  0:45:53 1673

 Reversed flow on 51 faces (24.7% area) of pressure-outlet 19.

 Reversed flow on 177 faces (34.6% area) of pressure-outlet 18.
  1828  1.1943e-06  5.9407e-09  5.4855e-09  5.9694e-09  0:45:54 1672

 Reversed flow on 51 faces (24.7% area) of pressure-outlet 19.

 Reversed flow on 177 faces (34.6% area) of pressure-outlet 18.
  1829  1.1083e-06  5.3504e-09  4.9520e-09  5.8421e-09  0:45:48 1671

 Reversed flow on 51 faces (24.7% area) of pressure-outlet 19.

 Reversed flow on 177 faces (34.6% area) of pressure-outlet 18.
  1830  1.4952e-06  6.9547e-09  6.7187e-09  6.8446e-09  0:45:48 1670

 Reversed flow on 51 faces (24.7% area) of pressure-outlet 19.

 Reversed flow on 177 faces (34.6% area) of pressure-outlet 18.
  1831  1.2145e-06  5.3716e-09  5.4854e-09  6.3479e-09  0:45:48 1669

 Reversed flow on 51 faces (24.7% area) of pressure-outlet 19.

 Reversed flow on 177 faces (34.6% area) of pressure-outlet 18.
  1832  1.2514e-06  5.7410e-09  5.5272e-09  6.6479e-09  0:45:48 1668

 Reversed flow on 51 faces (24.7% area) of pressure-outlet 19.

 Reversed flow on 177 faces (34.6% area) of pressure-outlet 18.
  1833  1.1784e-06  5.2750e-09  5.0643e-09  6.4330e-09  0:45:46 1667

 Reversed flow on 51 faces (24.7% area) of pressure-outlet 19.

 Reversed flow on 177 faces (34.6% area) of pressure-outlet 18.
  1834  1.5706e-06  6.9622e-09  6.8633e-09  7.2972e-09  0:45:42 1666

 Reversed flow on 51 faces (24.7% area) of pressure-outlet 19.

 Reversed flow on 177 faces (34.6% area) of pressure-outlet 18.
  1835  1.2790e-06  5.4303e-09  5.6328e-09  6.6279e-09  0:45:41 1665

 Reversed flow on 51 faces (24.7% area) of pressure-outlet 19.

 Reversed flow on 177 faces (34.6% area) of pressure-outlet 18.
  1836  1.3003e-06  5.8484e-09  5.6667e-09  6.7407e-09  0:45:37 1664

 Reversed flow on 51 faces (24.7% area) of pressure-outlet 19.

 Reversed flow on 177 faces (34.6% area) of pressure-outlet 18.
  1837  1.2091e-06  5.4057e-09  5.1687e-09  6.3298e-09  0:45:42 1663

 Reversed flow on 51 faces (24.7% area) of pressure-outlet 19.

 Reversed flow on 177 faces (34.6% area) of pressure-outlet 18.

  iter  continuity  x-velocity  y-velocity  z-velocity     time/iter
  1838  1.5829e-06  7.0928e-09  6.9066e-09  6.9814e-09  0:45:38 1662

 Reversed flow on 51 faces (24.7% area) of pressure-outlet 19.

 Reversed flow on 177 faces (34.6% area) of pressure-outlet 18.
  1839  1.2753e-06  5.5677e-09  5.6258e-09  6.1325e-09  0:45:39 1661

 Reversed flow on 51 faces (24.7% area) of pressure-outlet 19.

 Reversed flow on 177 faces (34.6% area) of pressure-outlet 18.
  1840  1.2826e-06  5.9892e-09  5.6211e-09  6.1500e-09  0:45:36 1660

 Reversed flow on 51 faces (24.7% area) of pressure-outlet 19.

 Reversed flow on 177 faces (34.6% area) of pressure-outlet 18.
  1841  1.1819e-06  5.5131e-09  5.0859e-09  5.7134e-09  0:45:40 1659

 Reversed flow on 51 faces (24.7% area) of pressure-outlet 19.

 Reversed flow on 177 faces (34.6% area) of pressure-outlet 18.
  1842  1.5436e-06  7.1574e-09  6.7923e-09  6.4149e-09  0:45:36 1658

 Reversed flow on 51 faces (24.7% area) of pressure-outlet 19.

 Reversed flow on 177 faces (34.6% area) of pressure-outlet 18.
  1843  1.2334e-06  5.6276e-09  5.5078e-09  5.6915e-09  0:45:37 1657

 Reversed flow on 51 faces (24.7% area) of pressure-outlet 19.

 Reversed flow on 177 faces (34.6% area) of pressure-outlet 18.
  1844  1.2438e-06  6.0480e-09  5.5229e-09  5.8729e-09  0:45:39 1656

 Reversed flow on 51 faces (24.7% area) of pressure-outlet 19.

 Reversed flow on 177 faces (34.6% area) of pressure-outlet 18.
  1845  1.1469e-06  5.5615e-09  5.0113e-09  5.7007e-09  0:45:34 1655

 Reversed flow on 51 faces (24.7% area) of pressure-outlet 19.

 Reversed flow on 177 faces (34.6% area) of pressure-outlet 18.
  1846  1.5176e-06  7.1786e-09  6.7388e-09  6.6835e-09  0:45:33 1654

 Reversed flow on 51 faces (24.7% area) of pressure-outlet 19.

 Reversed flow on 177 faces (34.6% area) of pressure-outlet 18.
  1847  1.2272e-06  5.6439e-09  5.5079e-09  6.2257e-09  0:45:28 1653

 Reversed flow on 51 faces (24.7% area) of pressure-outlet 19.

 Reversed flow on 177 faces (34.6% area) of pressure-outlet 18.
  1848  1.2595e-06  6.0852e-09  5.5817e-09  6.5940e-09  0:45:24 1652

 Reversed flow on 51 faces (24.7% area) of pressure-outlet 19.

 Reversed flow on 177 faces (34.6% area) of pressure-outlet 18.

  iter  continuity  x-velocity  y-velocity  z-velocity     time/iter
  1849  1.1837e-06  5.6173e-09  5.1083e-09  6.4058e-09  0:45:27 1651

 Reversed flow on 51 faces (24.7% area) of pressure-outlet 19.

 Reversed flow on 177 faces (34.6% area) of pressure-outlet 18.
  1850  1.5668e-06  7.2383e-09  6.8542e-09  7.3169e-09  0:45:31 1650

 Reversed flow on 51 faces (24.7% area) of pressure-outlet 19.

 Reversed flow on 177 faces (34.6% area) of pressure-outlet 18.
  1851  1.2732e-06  5.7119e-09  5.6321e-09  6.7260e-09  0:47:24 1649

 Reversed flow on 51 faces (24.7% area) of pressure-outlet 19.

 Reversed flow on 177 faces (34.6% area) of pressure-outlet 18.
  1852  1.2985e-06  6.1423e-09  5.7070e-09  6.9149e-09  0:46:56 1648

 Reversed flow on 51 faces (24.7% area) of pressure-outlet 19.

 Reversed flow on 177 faces (34.6% area) of pressure-outlet 18.
  1853  1.2100e-06  5.6312e-09  5.2103e-09  6.5205e-09  0:46:36 1647

 Reversed flow on 51 faces (24.7% area) of pressure-outlet 19.

 Reversed flow on 177 faces (34.6% area) of pressure-outlet 18.
  1854  1.5717e-06  7.2137e-09  6.9194e-09  7.1679e-09  0:46:15 1646

 Reversed flow on 51 faces (24.7% area) of pressure-outlet 19.

 Reversed flow on 177 faces (34.6% area) of pressure-outlet 18.
  1855  1.2526e-06  5.6304e-09  5.6454e-09  6.3214e-09  0:45:55 1645

 Reversed flow on 51 faces (24.7% area) of pressure-outlet 19.

 Reversed flow on 177 faces (34.6% area) of pressure-outlet 18.
  1856  1.2553e-06  5.9999e-09  5.6515e-09  6.2777e-09  0:45:47 1644

 Reversed flow on 51 faces (24.7% area) of pressure-outlet 19.

 Reversed flow on 177 faces (34.6% area) of pressure-outlet 18.
  1857  1.1432e-06  5.4222e-09  5.0777e-09  5.6904e-09  0:45:38 1643

 Reversed flow on 51 faces (24.7% area) of pressure-outlet 19.

 Reversed flow on 177 faces (34.6% area) of pressure-outlet 18.
  1858  1.4924e-06  6.9532e-09  6.7265e-09  6.2480e-09  0:45:38 1642

 Reversed flow on 51 faces (24.7% area) of pressure-outlet 19.

 Reversed flow on 177 faces (34.6% area) of pressure-outlet 18.
  1859  1.1694e-06  5.3027e-09  5.3913e-09  5.4394e-09  0:45:30 1641

 Reversed flow on 51 faces (24.7% area) of pressure-outlet 19.

 Reversed flow on 177 faces (34.6% area) of pressure-outlet 18.

  iter  continuity  x-velocity  y-velocity  z-velocity     time/iter
  1860  1.1691e-06  5.6200e-09  5.3532e-09  5.5003e-09  0:45:27 1640

 Reversed flow on 51 faces (24.7% area) of pressure-outlet 19.

 Reversed flow on 177 faces (34.6% area) of pressure-outlet 18.
  1861  1.0596e-06  5.0190e-09  4.7591e-09  5.0499e-09  0:45:23 1639

 Reversed flow on 51 faces (24.7% area) of pressure-outlet 19.

 Reversed flow on 177 faces (34.6% area) of pressure-outlet 18.
  1862  1.4199e-06  6.5871e-09  6.4396e-09  5.7736e-09  0:45:16 1638

 Reversed flow on 51 faces (24.7% area) of pressure-outlet 19.

 Reversed flow on 177 faces (34.6% area) of pressure-outlet 18.
  1863  1.1109e-06  4.9851e-09  5.1567e-09  5.1592e-09  0:45:10 1637

 Reversed flow on 51 faces (24.7% area) of pressure-outlet 19.

 Reversed flow on 177 faces (34.6% area) of pressure-outlet 18.
  1864  1.1366e-06  5.3587e-09  5.1830e-09  5.5969e-09  0:45:03 1636

 Reversed flow on 51 faces (24.7% area) of pressure-outlet 19.

 Reversed flow on 177 faces (34.6% area) of pressure-outlet 18.
  1865  1.0588e-06  4.8386e-09  4.6829e-09  5.5603e-09  0:45:00 1635

 Reversed flow on 51 faces (24.7% area) of pressure-outlet 19.

 Reversed flow on 177 faces (34.6% area) of pressure-outlet 18.
  1866  1.4669e-06  6.5112e-09  6.4755e-09  6.7156e-09  0:44:53 1634

 Reversed flow on 51 faces (24.7% area) of pressure-outlet 19.

 Reversed flow on 177 faces (34.6% area) of pressure-outlet 18.
  1867  1.2075e-06  5.0368e-09  5.3055e-09  6.3887e-09  0:44:58 1633

 Reversed flow on 51 faces (24.7% area) of pressure-outlet 19.

 Reversed flow on 177 faces (34.6% area) of pressure-outlet 18.
  1868  1.2728e-06  5.5373e-09  5.4344e-09  6.8651e-09  0:44:55 1632

 Reversed flow on 51 faces (24.7% area) of pressure-outlet 19.

 Reversed flow on 177 faces (34.6% area) of pressure-outlet 18.
  1869  1.2191e-06  5.1450e-09  5.0192e-09  6.7783e-09  0:44:53 1631

 Reversed flow on 51 faces (24.7% area) of pressure-outlet 19.

 Reversed flow on 177 faces (34.6% area) of pressure-outlet 18.
  1870  1.6299e-06  6.9445e-09  6.8661e-09  7.7904e-09  0:44:50 1630

 Reversed flow on 51 faces (24.7% area) of pressure-outlet 19.

 Reversed flow on 177 faces (34.6% area) of pressure-outlet 18.

  iter  continuity  x-velocity  y-velocity  z-velocity     time/iter
  1871  1.3672e-06  5.5590e-09  5.7254e-09  7.2642e-09  0:45:31 1629

 Reversed flow on 51 faces (24.7% area) of pressure-outlet 19.

 Reversed flow on 177 faces (34.6% area) of pressure-outlet 18.
  1872  1.4207e-06  6.1054e-09  5.8412e-09  7.4569e-09  0:45:25 1628

 Reversed flow on 51 faces (24.7% area) of pressure-outlet 19.

 Reversed flow on 177 faces (34.6% area) of pressure-outlet 18.
  1873  1.3363e-06  5.7295e-09  5.3774e-09  7.0672e-09  0:45:18 1627

 Reversed flow on 51 faces (24.7% area) of pressure-outlet 19.

 Reversed flow on 177 faces (34.6% area) of pressure-outlet 18.
  1874  1.7043e-06  7.5216e-09  7.1658e-09  7.7946e-09  0:45:09 1626

 Reversed flow on 51 faces (24.7% area) of pressure-outlet 19.

 Reversed flow on 177 faces (34.6% area) of pressure-outlet 18.
  1875  1.4010e-06  6.1129e-09  5.9582e-09  6.9996e-09  0:45:05 1625

 Reversed flow on 51 faces (24.7% area) of pressure-outlet 19.

 Reversed flow on 177 faces (34.6% area) of pressure-outlet 18.
  1876  1.4166e-06  6.5886e-09  5.9946e-09  6.9837e-09  0:44:58 1624

 Reversed flow on 51 faces (24.7% area) of pressure-outlet 19.

 Reversed flow on 177 faces (34.6% area) of pressure-outlet 18.
  1877  1.3041e-06  6.1242e-09  5.4654e-09  6.4021e-09  0:44:51 1623

 Reversed flow on 51 faces (24.7% area) of pressure-outlet 19.

 Reversed flow on 177 faces (34.6% area) of pressure-outlet 18.
  1878  1.6523e-06  7.8036e-09  7.1983e-09  7.0466e-09  0:44:44 1622

 Reversed flow on 51 faces (24.7% area) of pressure-outlet 19.

 Reversed flow on 177 faces (34.6% area) of pressure-outlet 18.
  1879  1.3366e-06  6.3067e-09  5.9550e-09  6.3138e-09  0:44:39 1621

 Reversed flow on 51 faces (24.7% area) of pressure-outlet 19.

 Reversed flow on 177 faces (34.6% area) of pressure-outlet 18.
  1880  1.3347e-06  6.6755e-09  5.9464e-09  6.2939e-09  0:44:38 1620

 Reversed flow on 51 faces (24.7% area) of pressure-outlet 19.

 Reversed flow on 177 faces (34.6% area) of pressure-outlet 18.
  1881  1.2114e-06  6.0970e-09  5.3747e-09  5.8171e-09  0:44:37 1619

 Reversed flow on 51 faces (24.7% area) of pressure-outlet 19.

 Reversed flow on 177 faces (34.6% area) of pressure-outlet 18.

  iter  continuity  x-velocity  y-velocity  z-velocity     time/iter
  1882  1.5511e-06  7.6501e-09  7.0605e-09  6.6595e-09  0:44:29 1618

 Reversed flow on 51 faces (24.7% area) of pressure-outlet 19.

 Reversed flow on 177 faces (34.6% area) of pressure-outlet 18.
  1883  1.2404e-06  6.0500e-09  5.7907e-09  6.1495e-09  0:44:31 1617

 Reversed flow on 51 faces (24.7% area) of pressure-outlet 19.

 Reversed flow on 177 faces (34.6% area) of pressure-outlet 18.
  1884  1.2602e-06  6.3204e-09  5.7571e-09  6.4548e-09  0:44:26 1616

 Reversed flow on 51 faces (24.7% area) of pressure-outlet 19.

 Reversed flow on 177 faces (34.6% area) of pressure-outlet 18.
  1885  1.1632e-06  5.7025e-09  5.1909e-09  6.2123e-09  0:44:23 1615

 Reversed flow on 51 faces (24.7% area) of pressure-outlet 19.

 Reversed flow on 177 faces (34.6% area) of pressure-outlet 18.
  1886  1.5343e-06  7.2429e-09  6.8930e-09  7.0758e-09  0:44:20 1614

 Reversed flow on 51 faces (24.7% area) of pressure-outlet 19.

 Reversed flow on 177 faces (34.6% area) of pressure-outlet 18.
  1887  1.2449e-06  5.6608e-09  5.6358e-09  6.5073e-09  0:44:16 1613

 Reversed flow on 51 faces (24.7% area) of pressure-outlet 19.

 Reversed flow on 177 faces (34.6% area) of pressure-outlet 18.
  1888  1.2748e-06  5.9889e-09  5.6330e-09  6.7321e-09  0:44:17 1612

 Reversed flow on 51 faces (24.7% area) of pressure-outlet 19.

 Reversed flow on 177 faces (34.6% area) of pressure-outlet 18.
  1889  1.1902e-06  5.4426e-09  5.1190e-09  6.4056e-09  0:44:17 1611

 Reversed flow on 51 faces (24.7% area) of pressure-outlet 19.

 Reversed flow on 177 faces (34.6% area) of pressure-outlet 18.
  1890  1.5649e-06  7.0539e-09  6.8752e-09  7.1686e-09  0:44:14 1610

 Reversed flow on 51 faces (24.7% area) of pressure-outlet 19.

 Reversed flow on 177 faces (34.6% area) of pressure-outlet 18.
  1891  1.2622e-06  5.4993e-09  5.6358e-09  6.4003e-09  0:44:09 1609

 Reversed flow on 51 faces (24.7% area) of pressure-outlet 19.

 Reversed flow on 177 faces (34.6% area) of pressure-outlet 18.
  1892  1.2747e-06  5.8774e-09  5.6473e-09  6.4442e-09  0:44:09 1608

 Reversed flow on 51 faces (24.7% area) of pressure-outlet 19.

 Reversed flow on 177 faces (34.6% area) of pressure-outlet 18.

  iter  continuity  x-velocity  y-velocity  z-velocity     time/iter
  1893  1.1783e-06  5.3909e-09  5.1368e-09  5.9687e-09  0:44:12 1607

 Reversed flow on 51 faces (24.7% area) of pressure-outlet 19.

 Reversed flow on 177 faces (34.6% area) of pressure-outlet 18.
  1894  1.5450e-06  7.0349e-09  6.8695e-09  6.6094e-09  0:44:09 1606

 Reversed flow on 51 faces (24.7% area) of pressure-outlet 19.

 Reversed flow on 177 faces (34.6% area) of pressure-outlet 18.
  1895  1.2320e-06  5.4543e-09  5.5736e-09  5.7875e-09  0:44:07 1605

 Reversed flow on 51 faces (24.7% area) of pressure-outlet 19.

 Reversed flow on 177 faces (34.6% area) of pressure-outlet 18.
  1896  1.2391e-06  5.8205e-09  5.5457e-09  5.9090e-09  0:44:06 1604

 Reversed flow on 51 faces (24.7% area) of pressure-outlet 19.

 Reversed flow on 177 faces (34.6% area) of pressure-outlet 18.
  1897  1.1432e-06  5.3327e-09  5.0125e-09  5.5591e-09  0:44:05 1603

 Reversed flow on 51 faces (24.7% area) of pressure-outlet 19.

 Reversed flow on 177 faces (34.6% area) of pressure-outlet 18.
  1898  1.5182e-06  6.9889e-09  6.7353e-09  6.3191e-09  0:44:06 1602

 Reversed flow on 51 faces (24.7% area) of pressure-outlet 19.

 Reversed flow on 177 faces (34.6% area) of pressure-outlet 18.
  1899  1.2141e-06  5.4324e-09  5.4443e-09  5.6132e-09  0:43:57 1601

 Reversed flow on 51 faces (24.7% area) of pressure-outlet 19.

 Reversed flow on 177 faces (34.6% area) of pressure-outlet 18.
  1900  1.2269e-06  5.8504e-09  5.4516e-09  5.8344e-09  0:44:00 1600

 Reversed flow on 51 faces (24.7% area) of pressure-outlet 19.

 Reversed flow on 177 faces (34.6% area) of pressure-outlet 18.
  1901  1.1412e-06  5.4024e-09  4.9686e-09  5.7552e-09  0:44:01 1599

 Reversed flow on 51 faces (24.7% area) of pressure-outlet 19.

 Reversed flow on 177 faces (34.6% area) of pressure-outlet 18.
  1902  1.5313e-06  7.0952e-09  6.7418e-09  6.8093e-09  0:43:59 1598

 Reversed flow on 51 faces (24.7% area) of pressure-outlet 19.

 Reversed flow on 177 faces (34.6% area) of pressure-outlet 18.
  1903  1.2480e-06  5.5651e-09  5.5061e-09  6.3748e-09  0:43:54 1597

 Reversed flow on 51 faces (24.7% area) of pressure-outlet 19.

 Reversed flow on 177 faces (34.6% area) of pressure-outlet 18.

  iter  continuity  x-velocity  y-velocity  z-velocity     time/iter
  1904  1.2810e-06  6.0194e-09  5.5806e-09  6.7574e-09  0:43:52 1596

 Reversed flow on 51 faces (24.7% area) of pressure-outlet 19.

 Reversed flow on 177 faces (34.6% area) of pressure-outlet 18.
  1905  1.2116e-06  5.5996e-09  5.1383e-09  6.6034e-09  0:43:51 1595

 Reversed flow on 51 faces (24.7% area) of pressure-outlet 19.

 Reversed flow on 177 faces (34.6% area) of pressure-outlet 18.
  1906  1.6038e-06  7.2896e-09  6.9174e-09  7.5064e-09  0:43:46 1594

 Reversed flow on 51 faces (24.7% area) of pressure-outlet 19.

 Reversed flow on 177 faces (34.6% area) of pressure-outlet 18.
  1907  1.3119e-06  5.7752e-09  5.6856e-09  6.8734e-09  0:43:39 1593

 Reversed flow on 51 faces (24.7% area) of pressure-outlet 19.

 Reversed flow on 177 faces (34.6% area) of pressure-outlet 18.
  1908  1.3315e-06  6.2218e-09  5.7592e-09  7.0302e-09  0:43:38 1592

 Reversed flow on 51 faces (24.7% area) of pressure-outlet 19.

 Reversed flow on 177 faces (34.6% area) of pressure-outlet 18.
  1909  1.2358e-06  5.7580e-09  5.2736e-09  6.6372e-09  0:43:33 1591

 Reversed flow on 51 faces (24.7% area) of pressure-outlet 19.

 Reversed flow on 177 faces (34.6% area) of pressure-outlet 18.
  1910  1.5972e-06  7.3813e-09  6.9909e-09  7.2973e-09  0:43:33 1590

 Reversed flow on 51 faces (24.7% area) of pressure-outlet 19.

 Reversed flow on 177 faces (34.6% area) of pressure-outlet 18.
  1911  1.2759e-06  5.8181e-09  5.7085e-09  6.4538e-09  0:43:37 1589

 Reversed flow on 51 faces (24.7% area) of pressure-outlet 19.

 Reversed flow on 177 faces (34.6% area) of pressure-outlet 18.
  1912  1.2793e-06  6.2005e-09  5.7181e-09  6.3965e-09  0:43:36 1588

 Reversed flow on 51 faces (24.7% area) of pressure-outlet 19.

 Reversed flow on 177 faces (34.6% area) of pressure-outlet 18.
  1913  1.1664e-06  5.6360e-09  5.1436e-09  5.7992e-09  0:43:35 1587

 Reversed flow on 51 faces (24.7% area) of pressure-outlet 19.

 Reversed flow on 177 faces (34.6% area) of pressure-outlet 18.
  1914  1.5094e-06  7.1587e-09  6.7890e-09  6.3536e-09  0:43:34 1586

 Reversed flow on 51 faces (24.7% area) of pressure-outlet 19.

 Reversed flow on 177 faces (34.6% area) of pressure-outlet 18.

  iter  continuity  x-velocity  y-velocity  z-velocity     time/iter
  1915  1.1848e-06  5.5268e-09  5.4704e-09  5.5175e-09  0:43:32 1585

 Reversed flow on 51 faces (24.7% area) of pressure-outlet 19.

 Reversed flow on 177 faces (34.6% area) of pressure-outlet 18.
  1916  1.1869e-06  5.8464e-09  5.4520e-09  5.5510e-09  0:43:30 1584

 Reversed flow on 51 faces (24.7% area) of pressure-outlet 19.

 Reversed flow on 177 faces (34.6% area) of pressure-outlet 18.
  1917  1.0760e-06  5.2268e-09  4.8548e-09  5.0923e-09  0:43:24 1583

 Reversed flow on 51 faces (24.7% area) of pressure-outlet 19.

 Reversed flow on 177 faces (34.6% area) of pressure-outlet 18.
  1918  1.4254e-06  6.7316e-09  6.5017e-09  5.8334e-09  0:43:21 1582

 Reversed flow on 51 faces (24.7% area) of pressure-outlet 19.

 Reversed flow on 177 faces (34.6% area) of pressure-outlet 18.
  1919  1.1140e-06  5.1197e-09  5.2221e-09  5.3158e-09  0:43:20 1581

 Reversed flow on 51 faces (24.7% area) of pressure-outlet 19.

 Reversed flow on 177 faces (34.6% area) of pressure-outlet 18.
  1920  1.1375e-06  5.4714e-09  5.2503e-09  5.7009e-09  0:43:25 1580

 Reversed flow on 51 faces (24.7% area) of pressure-outlet 19.

 Reversed flow on 177 faces (34.6% area) of pressure-outlet 18.
  1921  1.0546e-06  4.8911e-09  4.7153e-09  5.5671e-09  0:43:25 1579

 Reversed flow on 51 faces (24.7% area) of pressure-outlet 19.

 Reversed flow on 177 faces (34.6% area) of pressure-outlet 18.
  1922  1.4351e-06  6.4844e-09  6.4459e-09  6.5876e-09  0:43:22 1578

 Reversed flow on 51 faces (24.7% area) of pressure-outlet 19.

 Reversed flow on 177 faces (34.6% area) of pressure-outlet 18.
  1923  1.1643e-06  4.9713e-09  5.2481e-09  6.1743e-09  0:43:20 1577

 Reversed flow on 51 faces (24.7% area) of pressure-outlet 19.

 Reversed flow on 177 faces (34.6% area) of pressure-outlet 18.
  1924  1.2197e-06  5.4203e-09  5.3417e-09  6.5718e-09  0:43:18 1576

 Reversed flow on 51 faces (24.7% area) of pressure-outlet 19.

 Reversed flow on 177 faces (34.6% area) of pressure-outlet 18.
  1925  1.1584e-06  4.9515e-09  4.8712e-09  6.4074e-09  0:43:16 1575

 Reversed flow on 51 faces (24.7% area) of pressure-outlet 19.

 Reversed flow on 177 faces (34.6% area) of pressure-outlet 18.

  iter  continuity  x-velocity  y-velocity  z-velocity     time/iter
  1926  1.5605e-06  6.6632e-09  6.6693e-09  7.3522e-09  0:43:13 1574

 Reversed flow on 51 faces (24.7% area) of pressure-outlet 19.

 Reversed flow on 177 faces (34.6% area) of pressure-outlet 18.
  1927  1.2937e-06  5.2386e-09  5.5201e-09  6.8147e-09  0:43:15 1573

 Reversed flow on 51 faces (24.7% area) of pressure-outlet 19.

 Reversed flow on 177 faces (34.6% area) of pressure-outlet 18.
  1928  1.3390e-06  5.7637e-09  5.6369e-09  7.0123e-09  0:43:16 1572

 Reversed flow on 51 faces (24.7% area) of pressure-outlet 19.

 Reversed flow on 177 faces (34.6% area) of pressure-outlet 18.
  1929  1.2563e-06  5.3616e-09  5.1767e-09  6.6281e-09  0:43:14 1571

 Reversed flow on 51 faces (24.7% area) of pressure-outlet 19.

 Reversed flow on 177 faces (34.6% area) of pressure-outlet 18.
  1930  1.6379e-06  7.1317e-09  6.9698e-09  7.3642e-09  0:43:16 1570

 Reversed flow on 51 faces (24.7% area) of pressure-outlet 19.

 Reversed flow on 177 faces (34.6% area) of pressure-outlet 18.
  1931  1.3564e-06  5.7170e-09  5.7696e-09  6.5842e-09  0:43:11 1569

 Reversed flow on 51 faces (24.7% area) of pressure-outlet 19.

 Reversed flow on 177 faces (34.6% area) of pressure-outlet 18.
  1932  1.3800e-06  6.2101e-09  5.8088e-09  6.6353e-09  0:43:08 1568

 Reversed flow on 51 faces (24.7% area) of pressure-outlet 19.

 Reversed flow on 177 faces (34.6% area) of pressure-outlet 18.
  1933  1.2750e-06  5.7738e-09  5.2830e-09  6.2458e-09  0:43:03 1567

 Reversed flow on 51 faces (24.7% area) of pressure-outlet 19.

 Reversed flow on 177 faces (34.6% area) of pressure-outlet 18.
  1934  1.6344e-06  7.5055e-09  7.0400e-09  7.0233e-09  0:43:03 1566

 Reversed flow on 51 faces (24.7% area) of pressure-outlet 19.

 Reversed flow on 177 faces (34.6% area) of pressure-outlet 18.
  1935  1.3327e-06  6.0332e-09  5.7992e-09  6.3207e-09  0:43:05 1565

 Reversed flow on 51 faces (24.7% area) of pressure-outlet 19.

 Reversed flow on 177 faces (34.6% area) of pressure-outlet 18.
  1936  1.3487e-06  6.4738e-09  5.8264e-09  6.4104e-09  0:43:01 1564

 Reversed flow on 51 faces (24.7% area) of pressure-outlet 19.

 Reversed flow on 177 faces (34.6% area) of pressure-outlet 18.

  iter  continuity  x-velocity  y-velocity  z-velocity     time/iter
  1937  1.2425e-06  6.0071e-09  5.3162e-09  6.0586e-09  0:42:59 1563

 Reversed flow on 51 faces (24.7% area) of pressure-outlet 19.

 Reversed flow on 177 faces (34.6% area) of pressure-outlet 18.
  1938  1.6100e-06  7.7067e-09  7.1036e-09  7.0991e-09  0:42:54 1562

 Reversed flow on 51 faces (24.7% area) of pressure-outlet 19.

 Reversed flow on 177 faces (34.6% area) of pressure-outlet 18.
  1939  1.3090e-06  6.1970e-09  5.8877e-09  6.5987e-09  0:42:50 1561

 Reversed flow on 51 faces (24.7% area) of pressure-outlet 19.

 Reversed flow on 177 faces (34.6% area) of pressure-outlet 18.
  1940  1.3300e-06  6.5543e-09  5.9187e-09  6.8785e-09  0:42:47 1560

 Reversed flow on 51 faces (24.7% area) of pressure-outlet 19.

 Reversed flow on 177 faces (34.6% area) of pressure-outlet 18.
  1941  1.2334e-06  6.0106e-09  5.4059e-09  6.6244e-09  0:42:45 1559

 Reversed flow on 51 faces (24.7% area) of pressure-outlet 19.

 Reversed flow on 177 faces (34.6% area) of pressure-outlet 18.
  1942  1.6099e-06  7.6311e-09  7.1605e-09  7.5130e-09  0:42:44 1558

 Reversed flow on 51 faces (24.7% area) of pressure-outlet 19.

 Reversed flow on 177 faces (34.6% area) of pressure-outlet 18.
  1943  1.3124e-06  6.0450e-09  5.8962e-09  6.8999e-09  0:42:43 1557

 Reversed flow on 51 faces (24.7% area) of pressure-outlet 19.

 Reversed flow on 177 faces (34.6% area) of pressure-outlet 18.
  1944  1.3269e-06  6.3439e-09  5.8711e-09  7.0289e-09  0:42:43 1556

 Reversed flow on 51 faces (24.7% area) of pressure-outlet 19.

 Reversed flow on 177 faces (34.6% area) of pressure-outlet 18.
  1945  1.2248e-06  5.7511e-09  5.3156e-09  6.5912e-09  0:42:39 1555

 Reversed flow on 51 faces (24.7% area) of pressure-outlet 19.

 Reversed flow on 177 faces (34.6% area) of pressure-outlet 18.
  1946  1.5853e-06  7.3313e-09  7.0203e-09  7.2677e-09  0:42:37 1554

 Reversed flow on 51 faces (24.7% area) of pressure-outlet 19.

 Reversed flow on 177 faces (34.6% area) of pressure-outlet 18.
  1947  1.2722e-06  5.7320e-09  5.7214e-09  6.4581e-09  0:42:35 1553

 Reversed flow on 51 faces (24.7% area) of pressure-outlet 19.

 Reversed flow on 177 faces (34.6% area) of pressure-outlet 18.

  iter  continuity  x-velocity  y-velocity  z-velocity     time/iter
  1948  1.2762e-06  6.0399e-09  5.6792e-09  6.4511e-09  0:42:33 1552

 Reversed flow on 51 faces (24.7% area) of pressure-outlet 19.

 Reversed flow on 177 faces (34.6% area) of pressure-outlet 18.
  1949  1.1692e-06  5.4771e-09  5.1161e-09  5.8962e-09  0:42:34 1551

 Reversed flow on 51 faces (24.7% area) of pressure-outlet 19.

 Reversed flow on 177 faces (34.6% area) of pressure-outlet 18.
  1950  1.5249e-06  7.0679e-09  6.8186e-09  6.4643e-09  0:42:39 1550

 Reversed flow on 51 faces (24.7% area) of pressure-outlet 19.

 Reversed flow on 177 faces (34.6% area) of pressure-outlet 18.
  1951  1.2082e-06  5.4703e-09  5.5194e-09  5.6266e-09  0:42:37 1549

 Reversed flow on 51 faces (24.7% area) of pressure-outlet 19.

 Reversed flow on 177 faces (34.6% area) of pressure-outlet 18.
  1952  1.2161e-06  5.8043e-09  5.4939e-09  5.6980e-09  0:42:38 1548

 Reversed flow on 51 faces (24.7% area) of pressure-outlet 19.

 Reversed flow on 177 faces (34.6% area) of pressure-outlet 18.
  1953  1.1172e-06  5.2736e-09  4.9581e-09  5.3031e-09  0:42:36 1547

 Reversed flow on 51 faces (24.7% area) of pressure-outlet 19.

 Reversed flow on 177 faces (34.6% area) of pressure-outlet 18.
  1954  1.4825e-06  6.8800e-09  6.6657e-09  6.0660e-09  0:42:36 1546

 Reversed flow on 51 faces (24.7% area) of pressure-outlet 19.

 Reversed flow on 177 faces (34.6% area) of pressure-outlet 18.
  1955  1.1772e-06  5.3190e-09  5.3968e-09  5.4597e-09  0:42:32 1545

 Reversed flow on 51 faces (24.7% area) of pressure-outlet 19.

 Reversed flow on 177 faces (34.6% area) of pressure-outlet 18.
  1956  1.1990e-06  5.7105e-09  5.4180e-09  5.8643e-09  0:42:33 1544

 Reversed flow on 51 faces (24.7% area) of pressure-outlet 19.

 Reversed flow on 177 faces (34.6% area) of pressure-outlet 18.
  1957  1.1218e-06  5.2384e-09  4.9361e-09  5.8085e-09  0:42:27 1543

 Reversed flow on 51 faces (24.7% area) of pressure-outlet 19.

 Reversed flow on 177 faces (34.6% area) of pressure-outlet 18.
  1958  1.5158e-06  6.9017e-09  6.6980e-09  6.8681e-09  0:42:24 1542

 Reversed flow on 51 faces (24.7% area) of pressure-outlet 19.

 Reversed flow on 177 faces (34.6% area) of pressure-outlet 18.

  iter  continuity  x-velocity  y-velocity  z-velocity     time/iter
  1959  1.2391e-06  5.4211e-09  5.4910e-09  6.4522e-09  0:42:17 1541

 Reversed flow on 51 faces (24.7% area) of pressure-outlet 19.

 Reversed flow on 177 faces (34.6% area) of pressure-outlet 18.
  1960  1.2861e-06  5.9033e-09  5.5730e-09  6.8432e-09  0:42:16 1540

 Reversed flow on 51 faces (24.7% area) of pressure-outlet 19.

 Reversed flow on 177 faces (34.6% area) of pressure-outlet 18.
  1961  1.2219e-06  5.4932e-09  5.1286e-09  6.6802e-09  0:42:14 1539

 Reversed flow on 51 faces (24.7% area) of pressure-outlet 19.

 Reversed flow on 177 faces (34.6% area) of pressure-outlet 18.
  1962  1.6141e-06  7.2019e-09  6.9025e-09  7.5669e-09  0:42:15 1538

 Reversed flow on 51 faces (24.7% area) of pressure-outlet 19.

 Reversed flow on 177 faces (34.6% area) of pressure-outlet 18.
  1963  1.3276e-06  5.7300e-09  5.6938e-09  6.9338e-09  0:42:18 1537

 Reversed flow on 51 faces (24.7% area) of pressure-outlet 19.

 Reversed flow on 177 faces (34.6% area) of pressure-outlet 18.
  1964  1.3536e-06  6.2076e-09  5.7743e-09  7.0866e-09  0:42:11 1536

 Reversed flow on 51 faces (24.7% area) of pressure-outlet 19.

 Reversed flow on 177 faces (34.6% area) of pressure-outlet 18.
  1965  1.2579e-06  5.7725e-09  5.2941e-09  6.6247e-09  0:42:12 1535

 Reversed flow on 51 faces (24.7% area) of pressure-outlet 19.

 Reversed flow on 177 faces (34.6% area) of pressure-outlet 18.
  1966  1.6168e-06  7.4253e-09  7.0166e-09  7.2251e-09  0:42:11 1534

 Reversed flow on 51 faces (24.7% area) of pressure-outlet 19.

 Reversed flow on 177 faces (34.6% area) of pressure-outlet 18.
  1967  1.2965e-06  5.8817e-09  5.7381e-09  6.3326e-09  0:42:06 1533

 Reversed flow on 51 faces (24.7% area) of pressure-outlet 19.

 Reversed flow on 177 faces (34.6% area) of pressure-outlet 18.
  1968  1.2924e-06  6.2888e-09  5.7520e-09  6.2852e-09  0:42:05 1532

 Reversed flow on 51 faces (24.7% area) of pressure-outlet 19.

 Reversed flow on 177 faces (34.6% area) of pressure-outlet 18.
  1969  1.1760e-06  5.7618e-09  5.1931e-09  5.7455e-09  0:42:06 1531

 Reversed flow on 51 faces (24.7% area) of pressure-outlet 19.

 Reversed flow on 177 faces (34.6% area) of pressure-outlet 18.

  iter  continuity  x-velocity  y-velocity  z-velocity     time/iter
  1970  1.5232e-06  7.3168e-09  6.8501e-09  6.4073e-09  0:42:04 1530

 Reversed flow on 51 faces (24.7% area) of pressure-outlet 19.

 Reversed flow on 177 faces (34.6% area) of pressure-outlet 18.
  1971  1.1978e-06  5.6772e-09  5.5236e-09  5.6089e-09  0:42:02 1529

 Reversed flow on 51 faces (24.7% area) of pressure-outlet 19.

 Reversed flow on 177 faces (34.6% area) of pressure-outlet 18.
  1972  1.1987e-06  6.0049e-09  5.5007e-09  5.6607e-09  0:41:57 1528

 Reversed flow on 51 faces (24.7% area) of pressure-outlet 19.

 Reversed flow on 177 faces (34.6% area) of pressure-outlet 18.
  1973  1.0909e-06  5.4250e-09  4.9334e-09  5.2357e-09  0:42:00 1527

 Reversed flow on 51 faces (24.7% area) of pressure-outlet 19.

 Reversed flow on 177 faces (34.6% area) of pressure-outlet 18.
  1974  1.4485e-06  6.9630e-09  6.6101e-09  6.0160e-09  0:41:56 1526

 Reversed flow on 51 faces (24.7% area) of pressure-outlet 19.

 Reversed flow on 177 faces (34.6% area) of pressure-outlet 18.
  1975  1.1411e-06  5.3259e-09  5.3211e-09  5.5208e-09  0:41:50 1525

 Reversed flow on 51 faces (24.7% area) of pressure-outlet 19.

 Reversed flow on 177 faces (34.6% area) of pressure-outlet 18.
  1976  1.1622e-06  5.6620e-09  5.3445e-09  5.8911e-09  0:41:45 1524

 Reversed flow on 51 faces (24.7% area) of pressure-outlet 19.

 Reversed flow on 177 faces (34.6% area) of pressure-outlet 18.
  1977  1.0809e-06  5.0852e-09  4.8252e-09  5.7549e-09  0:41:45 1523

 Reversed flow on 51 faces (24.7% area) of pressure-outlet 19.

 Reversed flow on 177 faces (34.6% area) of pressure-outlet 18.
  1978  1.4661e-06  6.6686e-09  6.5612e-09  6.7244e-09  0:41:50 1522

 Reversed flow on 51 faces (24.7% area) of pressure-outlet 19.

 Reversed flow on 177 faces (34.6% area) of pressure-outlet 18.
  1979  1.1833e-06  5.1007e-09  5.3279e-09  6.2116e-09  0:41:48 1521

 Reversed flow on 51 faces (24.7% area) of pressure-outlet 19.

 Reversed flow on 177 faces (34.6% area) of pressure-outlet 18.
  1980  1.2179e-06  5.5042e-09  5.3847e-09  6.5030e-09  0:41:47 1520

 Reversed flow on 51 faces (24.7% area) of pressure-outlet 19.

 Reversed flow on 177 faces (34.6% area) of pressure-outlet 18.

  iter  continuity  x-velocity  y-velocity  z-velocity     time/iter
  1981  1.1355e-06  4.9892e-09  4.8838e-09  6.2391e-09  0:41:43 1519

 Reversed flow on 51 faces (24.7% area) of pressure-outlet 19.

 Reversed flow on 177 faces (34.6% area) of pressure-outlet 18.
  1982  1.5196e-06  6.6337e-09  6.6427e-09  7.0987e-09  0:41:42 1518

 Reversed flow on 51 faces (24.7% area) of pressure-outlet 19.

 Reversed flow on 177 faces (34.6% area) of pressure-outlet 18.
  1983  1.2323e-06  5.1217e-09  5.4241e-09  6.4597e-09  0:41:43 1517

 Reversed flow on 51 faces (24.7% area) of pressure-outlet 19.

 Reversed flow on 177 faces (34.6% area) of pressure-outlet 18.
  1984  1.2643e-06  5.5744e-09  5.4848e-09  6.6165e-09  0:41:40 1516

 Reversed flow on 51 faces (24.7% area) of pressure-outlet 19.

 Reversed flow on 177 faces (34.6% area) of pressure-outlet 18.
  1985  1.1795e-06  5.1032e-09  4.9766e-09  6.2270e-09  0:41:39 1515

 Reversed flow on 51 faces (24.7% area) of pressure-outlet 19.

 Reversed flow on 177 faces (34.6% area) of pressure-outlet 18.
  1986  1.5615e-06  6.8083e-09  6.7333e-09  6.9505e-09  0:41:37 1514

 Reversed flow on 51 faces (24.7% area) of pressure-outlet 19.

 Reversed flow on 177 faces (34.6% area) of pressure-outlet 18.
  1987  1.2733e-06  5.3534e-09  5.5181e-09  6.2082e-09  0:41:37 1513

 Reversed flow on 51 faces (24.7% area) of pressure-outlet 19.

 Reversed flow on 177 faces (34.6% area) of pressure-outlet 18.
  1988  1.3007e-06  5.8313e-09  5.5750e-09  6.3180e-09  0:41:39 1512

 Reversed flow on 51 faces (24.7% area) of pressure-outlet 19.

 Reversed flow on 177 faces (34.6% area) of pressure-outlet 18.
  1989  1.2107e-06  5.3740e-09  5.0679e-09  5.9385e-09  0:41:37 1511

 Reversed flow on 51 faces (24.7% area) of pressure-outlet 19.

 Reversed flow on 177 faces (34.6% area) of pressure-outlet 18.
  1990  1.5909e-06  7.0980e-09  6.8279e-09  6.7156e-09  0:41:33 1510

 Reversed flow on 51 faces (24.7% area) of pressure-outlet 19.

 Reversed flow on 177 faces (34.6% area) of pressure-outlet 18.
  1991  1.3058e-06  5.6717e-09  5.6165e-09  6.0808e-09  0:41:25 1509

 Reversed flow on 51 faces (24.7% area) of pressure-outlet 19.

 Reversed flow on 177 faces (34.6% area) of pressure-outlet 18.

  iter  continuity  x-velocity  y-velocity  z-velocity     time/iter
  1992  1.3305e-06  6.1592e-09  5.6722e-09  6.3309e-09  0:41:20 1508

 Reversed flow on 51 faces (24.7% area) of pressure-outlet 19.

 Reversed flow on 177 faces (34.6% area) of pressure-outlet 18.
  1993  1.2301e-06  5.7142e-09  5.1795e-09  6.2000e-09  0:41:46 1507

 Reversed flow on 51 faces (24.7% area) of pressure-outlet 19.

 Reversed flow on 177 faces (34.6% area) of pressure-outlet 18.
  1994  1.6046e-06  7.4336e-09  6.9696e-09  7.2530e-09  0:41:49 1506

 Reversed flow on 51 faces (24.7% area) of pressure-outlet 19.

 Reversed flow on 177 faces (34.6% area) of pressure-outlet 18.
  1995  1.3314e-06  6.0122e-09  5.8102e-09  6.8695e-09  0:41:56 1505

 Reversed flow on 51 faces (24.7% area) of pressure-outlet 19.

 Reversed flow on 177 faces (34.6% area) of pressure-outlet 18.
  1996  1.3750e-06  6.4962e-09  5.9053e-09  7.2258e-09  0:41:47 1504

 Reversed flow on 51 faces (24.7% area) of pressure-outlet 19.

 Reversed flow on 177 faces (34.6% area) of pressure-outlet 18.
  1997  1.2961e-06  6.0522e-09  5.4436e-09  7.0523e-09  0:41:36 1503

 Reversed flow on 51 faces (24.7% area) of pressure-outlet 19.

 Reversed flow on 177 faces (34.6% area) of pressure-outlet 18.
  1998  1.6731e-06  7.7572e-09  7.2444e-09  7.9399e-09  0:41:33 1502

 Reversed flow on 51 faces (24.7% area) of pressure-outlet 19.

 Reversed flow on 177 faces (34.6% area) of pressure-outlet 18.
  1999  1.3795e-06  6.2954e-09  6.0625e-09  7.2780e-09  0:41:27 1501

 Reversed flow on 51 faces (24.7% area) of pressure-outlet 19.

 Reversed flow on 177 faces (34.6% area) of pressure-outlet 18.
  2000  1.4020e-06  6.6776e-09  6.0938e-09  7.3596e-09  0:41:19 1500

 Reversed flow on 51 faces (24.7% area) of pressure-outlet 19.

 Reversed flow on 177 faces (34.6% area) of pressure-outlet 18.
  2001  1.2953e-06  6.1218e-09  5.5543e-09  6.8847e-09  0:41:19 1499

 Reversed flow on 51 faces (24.7% area) of pressure-outlet 19.

 Reversed flow on 177 faces (34.6% area) of pressure-outlet 18.
  2002  1.6413e-06  7.7046e-09  7.2566e-09  7.4700e-09  0:41:16 1498

 Reversed flow on 51 faces (24.7% area) of pressure-outlet 19.

 Reversed flow on 177 faces (34.6% area) of pressure-outlet 18.

  iter  continuity  x-velocity  y-velocity  z-velocity     time/iter
  2003  1.3137e-06  6.1040e-09  5.9547e-09  6.5699e-09  0:41:16 1497

 Reversed flow on 51 faces (24.7% area) of pressure-outlet 19.

 Reversed flow on 177 faces (34.6% area) of pressure-outlet 18.
  2004  1.3062e-06  6.3733e-09  5.8805e-09  6.4370e-09  0:41:12 1496

 Reversed flow on 51 faces (24.7% area) of pressure-outlet 19.

 Reversed flow on 177 faces (34.6% area) of pressure-outlet 18.
  2005  1.1829e-06  5.7492e-09  5.2608e-09  5.8019e-09  0:41:13 1495

 Reversed flow on 51 faces (24.7% area) of pressure-outlet 19.

 Reversed flow on 177 faces (34.6% area) of pressure-outlet 18.
  2006  1.5250e-06  7.2822e-09  6.9044e-09  6.3572e-09  0:41:07 1494

 Reversed flow on 51 faces (24.7% area) of pressure-outlet 19.

 Reversed flow on 177 faces (34.6% area) of pressure-outlet 18.
  2007  1.1999e-06  5.6160e-09  5.5554e-09  5.5663e-09  0:41:07 1493

 Reversed flow on 51 faces (24.7% area) of pressure-outlet 19.

 Reversed flow on 177 faces (34.6% area) of pressure-outlet 18.
  2008  1.1978e-06  5.8755e-09  5.4801e-09  5.6225e-09  0:41:03 1492

 Reversed flow on 51 faces (24.7% area) of pressure-outlet 19.

 Reversed flow on 177 faces (34.6% area) of pressure-outlet 18.
  2009  1.0933e-06  5.2939e-09  4.9143e-09  5.1944e-09  0:42:40 1491

 Reversed flow on 51 faces (24.7% area) of pressure-outlet 19.

 Reversed flow on 177 faces (34.6% area) of pressure-outlet 18.
  2010  1.4620e-06  6.8928e-09  6.6370e-09  5.9448e-09  0:42:20 1490

 Reversed flow on 51 faces (24.7% area) of pressure-outlet 19.

 Reversed flow on 177 faces (34.6% area) of pressure-outlet 18.
  2011  1.1548e-06  5.2851e-09  5.3483e-09  5.3346e-09  0:42:03 1489

 Reversed flow on 51 faces (24.7% area) of pressure-outlet 19.

 Reversed flow on 177 faces (34.6% area) of pressure-outlet 18.
  2012  1.1764e-06  5.6362e-09  5.3615e-09  5.7635e-09  0:41:51 1488

 Reversed flow on 51 faces (24.7% area) of pressure-outlet 19.

 Reversed flow on 177 faces (34.6% area) of pressure-outlet 18.
  2013  1.1016e-06  5.1515e-09  4.8901e-09  5.7250e-09  0:41:36 1487

 Reversed flow on 51 faces (24.7% area) of pressure-outlet 19.

 Reversed flow on 177 faces (34.6% area) of pressure-outlet 18.

  iter  continuity  x-velocity  y-velocity  z-velocity     time/iter
  2014  1.5037e-06  6.8224e-09  6.6868e-09  6.8179e-09  0:41:27 1486

 Reversed flow on 51 faces (24.7% area) of pressure-outlet 19.

 Reversed flow on 177 faces (34.6% area) of pressure-outlet 18.
  2015  1.2269e-06  5.2934e-09  5.4699e-09  6.4033e-09  0:41:17 1485

 Reversed flow on 51 faces (24.7% area) of pressure-outlet 19.

 Reversed flow on 177 faces (34.6% area) of pressure-outlet 18.
  2016  1.2726e-06  5.7411e-09  5.5417e-09  6.8006e-09  0:41:11 1484

 Reversed flow on 51 faces (24.7% area) of pressure-outlet 19.

 Reversed flow on 177 faces (34.6% area) of pressure-outlet 18.
  2017  1.2097e-06  5.3419e-09  5.1005e-09  6.6574e-09  0:41:07 1483

 Reversed flow on 51 faces (24.7% area) of pressure-outlet 19.

 Reversed flow on 177 faces (34.6% area) of pressure-outlet 18.
  2018  1.6099e-06  7.0835e-09  6.9019e-09  7.5676e-09  0:41:01 1482

 Reversed flow on 51 faces (24.7% area) of pressure-outlet 19.

 Reversed flow on 177 faces (34.6% area) of pressure-outlet 18.
  2019  1.3235e-06  5.6020e-09  5.6853e-09  6.9328e-09  0:40:56 1481

 Reversed flow on 51 faces (24.7% area) of pressure-outlet 19.

 Reversed flow on 177 faces (34.6% area) of pressure-outlet 18.
  2020  1.3461e-06  6.0804e-09  5.7457e-09  7.0784e-09  0:40:51 1480

 Reversed flow on 51 faces (24.7% area) of pressure-outlet 19.

 Reversed flow on 177 faces (34.6% area) of pressure-outlet 18.
  2021  1.2554e-06  5.6680e-09  5.2628e-09  6.6591e-09  0:40:45 1479

 Reversed flow on 51 faces (24.7% area) of pressure-outlet 19.

 Reversed flow on 177 faces (34.6% area) of pressure-outlet 18.
  2022  1.6241e-06  7.3628e-09  6.9960e-09  7.3094e-09  0:40:41 1478

 Reversed flow on 51 faces (24.7% area) of pressure-outlet 19.

 Reversed flow on 177 faces (34.6% area) of pressure-outlet 18.
  2023  1.3121e-06  5.8467e-09  5.7189e-09  6.4284e-09  0:40:37 1477

 Reversed flow on 51 faces (24.7% area) of pressure-outlet 19.

 Reversed flow on 177 faces (34.6% area) of pressure-outlet 18.
  2024  1.3124e-06  6.2710e-09  5.7271e-09  6.3615e-09  0:40:31 1476

 Reversed flow on 51 faces (24.7% area) of pressure-outlet 19.

 Reversed flow on 177 faces (34.6% area) of pressure-outlet 18.

  iter  continuity  x-velocity  y-velocity  z-velocity     time/iter
  2025  1.1983e-06  5.7697e-09  5.1782e-09  5.8068e-09  0:40:28 1475

 Reversed flow on 51 faces (24.7% area) of pressure-outlet 19.

 Reversed flow on 177 faces (34.6% area) of pressure-outlet 18.
  2026  1.5479e-06  7.3529e-09  6.8487e-09  6.4221e-09  0:40:25 1474

 Reversed flow on 51 faces (24.7% area) of pressure-outlet 19.

 Reversed flow on 177 faces (34.6% area) of pressure-outlet 18.
  2027  1.2244e-06  5.7698e-09  5.5520e-09  5.6208e-09  0:40:25 1473

 Reversed flow on 51 faces (24.7% area) of pressure-outlet 19.

 Reversed flow on 177 faces (34.6% area) of pressure-outlet 18.
  2028  1.2245e-06  6.1455e-09  5.5546e-09  5.7214e-09  0:40:27 1472

 Reversed flow on 51 faces (24.7% area) of pressure-outlet 19.

 Reversed flow on 177 faces (34.6% area) of pressure-outlet 18.
  2029  1.1117e-06  5.5900e-09  4.9984e-09  5.3665e-09  0:40:25 1471

 Reversed flow on 51 faces (24.7% area) of pressure-outlet 19.

 Reversed flow on 177 faces (34.6% area) of pressure-outlet 18.
  2030  1.4637e-06  7.1238e-09  6.6777e-09  6.2829e-09  0:40:26 1470

 Reversed flow on 51 faces (24.7% area) of pressure-outlet 19.

 Reversed flow on 177 faces (34.6% area) of pressure-outlet 18.
  2031  1.1623e-06  5.5233e-09  5.4205e-09  5.8075e-09  0:40:29 1469

 Reversed flow on 51 faces (24.7% area) of pressure-outlet 19.

 Reversed flow on 177 faces (34.6% area) of pressure-outlet 18.
  2032  1.1937e-06  5.8832e-09  5.4691e-09  6.2004e-09  0:40:24 1468

 Reversed flow on 51 faces (24.7% area) of pressure-outlet 19.

 Reversed flow on 177 faces (34.6% area) of pressure-outlet 18.
  2033  1.1110e-06  5.3290e-09  4.9538e-09  6.0341e-09  0:40:23 1467

 Reversed flow on 51 faces (24.7% area) of pressure-outlet 19.

 Reversed flow on 177 faces (34.6% area) of pressure-outlet 18.
  2034  1.4932e-06  6.8922e-09  6.6697e-09  6.9478e-09  0:40:20 1466

 Reversed flow on 51 faces (24.7% area) of pressure-outlet 19.

 Reversed flow on 177 faces (34.6% area) of pressure-outlet 18.
  2035  1.2089e-06  5.3278e-09  5.4449e-09  6.3939e-09  0:40:23 1465

 Reversed flow on 51 faces (24.7% area) of pressure-outlet 19.

 Reversed flow on 177 faces (34.6% area) of pressure-outlet 18.

  iter  continuity  x-velocity  y-velocity  z-velocity     time/iter
  2036  1.2449e-06  5.7226e-09  5.5029e-09  6.6334e-09  0:40:25 1464

 Reversed flow on 51 faces (24.7% area) of pressure-outlet 19.

 Reversed flow on 177 faces (34.6% area) of pressure-outlet 18.
  2037  1.1606e-06  5.1737e-09  4.9841e-09  6.2757e-09  0:40:20 1463

 Reversed flow on 51 faces (24.7% area) of pressure-outlet 19.

 Reversed flow on 177 faces (34.6% area) of pressure-outlet 18.
  2038  1.5302e-06  6.7667e-09  6.7036e-09  7.0093e-09  0:40:19 1462

 Reversed flow on 51 faces (24.7% area) of pressure-outlet 19.

 Reversed flow on 177 faces (34.6% area) of pressure-outlet 18.
  2039  1.2231e-06  5.2172e-09  5.4567e-09  6.2266e-09  0:40:19 1461

 Reversed flow on 51 faces (24.7% area) of pressure-outlet 19.

 Reversed flow on 177 faces (34.6% area) of pressure-outlet 18.
  2040  1.2331e-06  5.6208e-09  5.4837e-09  6.2474e-09  0:40:10 1460

 Reversed flow on 51 faces (24.7% area) of pressure-outlet 19.

 Reversed flow on 177 faces (34.6% area) of pressure-outlet 18.
  2041  1.1278e-06  5.0757e-09  4.9300e-09  5.7464e-09  0:40:25 1459

 Reversed flow on 51 faces (24.7% area) of pressure-outlet 19.

 Reversed flow on 177 faces (34.6% area) of pressure-outlet 18.
  2042  1.4915e-06  6.6930e-09  6.6332e-09  6.4064e-09  0:40:22 1458

 Reversed flow on 51 faces (24.7% area) of pressure-outlet 19.

 Reversed flow on 177 faces (34.6% area) of pressure-outlet 18.
  2043  1.1864e-06  5.1422e-09  5.3575e-09  5.6422e-09  0:40:15 1457

 Reversed flow on 51 faces (24.7% area) of pressure-outlet 19.

 Reversed flow on 177 faces (34.6% area) of pressure-outlet 18.
  2044  1.2102e-06  5.5456e-09  5.3664e-09  5.8274e-09  0:40:12 1456

 Reversed flow on 51 faces (24.7% area) of pressure-outlet 19.

 Reversed flow on 177 faces (34.6% area) of pressure-outlet 18.
  2045  1.1212e-06  5.0368e-09  4.8356e-09  5.5062e-09  0:40:09 1455

 Reversed flow on 51 faces (24.7% area) of pressure-outlet 19.

 Reversed flow on 177 faces (34.6% area) of pressure-outlet 18.
  2046  1.5073e-06  6.7299e-09  6.5918e-09  6.3594e-09  0:40:06 1454

 Reversed flow on 51 faces (24.7% area) of pressure-outlet 19.

 Reversed flow on 177 faces (34.6% area) of pressure-outlet 18.

  iter  continuity  x-velocity  y-velocity  z-velocity     time/iter
  2047  1.2234e-06  5.2535e-09  5.3744e-09  5.7672e-09  0:39:57 1453

 Reversed flow on 51 faces (24.7% area) of pressure-outlet 19.

 Reversed flow on 177 faces (34.6% area) of pressure-outlet 18.
  2048  1.2580e-06  5.7293e-09  5.4434e-09  6.0878e-09  0:39:56 1452

 Reversed flow on 51 faces (24.7% area) of pressure-outlet 19.

 Reversed flow on 177 faces (34.6% area) of pressure-outlet 18.
  2049  1.1870e-06  5.3128e-09  4.9907e-09  6.0614e-09  0:39:56 1451

 Reversed flow on 51 faces (24.7% area) of pressure-outlet 19.

 Reversed flow on 177 faces (34.6% area) of pressure-outlet 18.
  2050  1.5961e-06  7.0909e-09  6.8202e-09  7.1822e-09  0:39:50 1450

 Reversed flow on 51 faces (24.7% area) of pressure-outlet 19.

 Reversed flow on 177 faces (34.6% area) of pressure-outlet 18.
  2051  1.3302e-06  5.6704e-09  5.6542e-09  6.8356e-09  0:39:45 1449

 Reversed flow on 51 faces (24.7% area) of pressure-outlet 19.

 Reversed flow on 177 faces (34.6% area) of pressure-outlet 18.
  2052  1.3731e-06  6.1908e-09  5.7670e-09  7.2721e-09  0:39:42 1448

 Reversed flow on 51 faces (24.7% area) of pressure-outlet 19.

 Reversed flow on 177 faces (34.6% area) of pressure-outlet 18.
  2053  1.3005e-06  5.8088e-09  5.3401e-09  7.1358e-09  0:39:42 1447

 Reversed flow on 51 faces (24.7% area) of pressure-outlet 19.

 Reversed flow on 177 faces (34.6% area) of pressure-outlet 18.
  2054  1.6986e-06  7.6056e-09  7.1828e-09  8.1127e-09  0:39:42 1446

 Reversed flow on 51 faces (24.7% area) of pressure-outlet 19.

 Reversed flow on 177 faces (34.6% area) of pressure-outlet 18.
  2055  1.4205e-06  6.2019e-09  6.0225e-09  7.5011e-09  0:39:39 1445

 Reversed flow on 51 faces (24.7% area) of pressure-outlet 19.

 Reversed flow on 177 faces (34.6% area) of pressure-outlet 18.
  2056  1.4476e-06  6.6749e-09  6.1064e-09  7.6693e-09  0:39:44 1444

 Reversed flow on 51 faces (24.7% area) of pressure-outlet 19.

 Reversed flow on 177 faces (34.6% area) of pressure-outlet 18.
  2057  1.3450e-06  6.2254e-09  5.6227e-09  7.2547e-09  0:39:44 1443

 Reversed flow on 51 faces (24.7% area) of pressure-outlet 19.

 Reversed flow on 177 faces (34.6% area) of pressure-outlet 18.

  iter  continuity  x-velocity  y-velocity  z-velocity     time/iter
  2058  1.6962e-06  7.9221e-09  7.3910e-09  7.8312e-09  0:39:36 1442

 Reversed flow on 51 faces (24.7% area) of pressure-outlet 19.

 Reversed flow on 177 faces (34.6% area) of pressure-outlet 18.
  2059  1.3770e-06  6.3989e-09  6.1291e-09  6.9220e-09  0:39:37 1441

 Reversed flow on 51 faces (24.7% area) of pressure-outlet 19.

 Reversed flow on 177 faces (34.6% area) of pressure-outlet 18.
  2060  1.3708e-06  6.7181e-09  6.0784e-09  6.7750e-09  0:39:36 1440

 Reversed flow on 51 faces (24.7% area) of pressure-outlet 19.

 Reversed flow on 177 faces (34.6% area) of pressure-outlet 18.
  2061  1.2406e-06  6.1015e-09  5.4568e-09  6.0956e-09  0:39:36 1439

 Reversed flow on 51 faces (24.7% area) of pressure-outlet 19.

 Reversed flow on 177 faces (34.6% area) of pressure-outlet 18.
  2062  1.5691e-06  7.6179e-09  7.0890e-09  6.6051e-09  0:39:34 1438

 Reversed flow on 51 faces (24.7% area) of pressure-outlet 19.

 Reversed flow on 177 faces (34.6% area) of pressure-outlet 18.
  2063  1.2374e-06  5.9562e-09  5.7457e-09  5.7191e-09  0:39:31 1437

 Reversed flow on 51 faces (24.7% area) of pressure-outlet 19.

 Reversed flow on 177 faces (34.6% area) of pressure-outlet 18.
  2064  1.2301e-06  6.1826e-09  5.6474e-09  5.6824e-09  0:39:28 1436

 Reversed flow on 51 faces (24.7% area) of pressure-outlet 19.

 Reversed flow on 177 faces (34.6% area) of pressure-outlet 18.
  2065  1.1111e-06  5.5397e-09  5.0154e-09  5.2027e-09  0:39:26 1435

 Reversed flow on 51 faces (24.7% area) of pressure-outlet 19.

 Reversed flow on 177 faces (34.6% area) of pressure-outlet 18.
  2066  1.4571e-06  7.0527e-09  6.6739e-09  5.9687e-09  0:39:27 1434

 Reversed flow on 51 faces (24.7% area) of pressure-outlet 19.

 Reversed flow on 177 faces (34.6% area) of pressure-outlet 18.
  2067  1.1463e-06  5.4254e-09  5.3908e-09  5.4818e-09  0:39:25 1433

 Reversed flow on 51 faces (24.7% area) of pressure-outlet 19.

 Reversed flow on 177 faces (34.6% area) of pressure-outlet 18.
  2068  1.1712e-06  5.7272e-09  5.3917e-09  5.8635e-09  0:39:27 1432

 Reversed flow on 51 faces (24.7% area) of pressure-outlet 19.

 Reversed flow on 177 faces (34.6% area) of pressure-outlet 18.

  iter  continuity  x-velocity  y-velocity  z-velocity     time/iter
  2069  1.0960e-06  5.1820e-09  4.8957e-09  5.7606e-09  0:39:24 1431

 Reversed flow on 51 faces (24.7% area) of pressure-outlet 19.

 Reversed flow on 177 faces (34.6% area) of pressure-outlet 18.
  2070  1.4855e-06  6.8113e-09  6.6625e-09  6.7881e-09  0:39:23 1430

 Reversed flow on 51 faces (24.7% area) of pressure-outlet 19.

 Reversed flow on 177 faces (34.6% area) of pressure-outlet 18.
  2071  1.2125e-06  5.2893e-09  5.4600e-09  6.3517e-09  0:39:16 1429

 Reversed flow on 51 faces (24.7% area) of pressure-outlet 19.

 Reversed flow on 177 faces (34.6% area) of pressure-outlet 18.
  2072  1.2608e-06  5.7081e-09  5.5316e-09  6.7136e-09  0:39:13 1428

 Reversed flow on 51 faces (24.7% area) of pressure-outlet 19.

 Reversed flow on 177 faces (34.6% area) of pressure-outlet 18.
  2073  1.1958e-06  5.2694e-09  5.0807e-09  6.5237e-09  0:39:05 1427

 Reversed flow on 51 faces (24.7% area) of pressure-outlet 19.

 Reversed flow on 177 faces (34.6% area) of pressure-outlet 18.
  2074  1.5889e-06  6.9639e-09  6.8683e-09  7.3948e-09  0:39:06 1426

 Reversed flow on 51 faces (24.7% area) of pressure-outlet 19.

 Reversed flow on 177 faces (34.6% area) of pressure-outlet 18.
  2075  1.3027e-06  5.4757e-09  5.6608e-09  6.7567e-09  0:39:05 1425

 Reversed flow on 51 faces (24.7% area) of pressure-outlet 19.

 Reversed flow on 177 faces (34.6% area) of pressure-outlet 18.
  2076  1.3264e-06  5.9404e-09  5.7120e-09  6.8647e-09  0:39:04 1424

 Reversed flow on 51 faces (24.7% area) of pressure-outlet 19.

 Reversed flow on 177 faces (34.6% area) of pressure-outlet 18.
  2077  1.2346e-06  5.5245e-09  5.2237e-09  6.4252e-09  0:39:03 1423

 Reversed flow on 51 faces (24.7% area) of pressure-outlet 19.

 Reversed flow on 177 faces (34.6% area) of pressure-outlet 18.
  2078  1.6048e-06  7.2246e-09  6.9647e-09  7.0611e-09  0:39:01 1422

 Reversed flow on 51 faces (24.7% area) of pressure-outlet 19.

 Reversed flow on 177 faces (34.6% area) of pressure-outlet 18.
  2079  1.2919e-06  5.7053e-09  5.6875e-09  6.2087e-09  0:39:00 1421

 Reversed flow on 51 faces (24.7% area) of pressure-outlet 19.

 Reversed flow on 177 faces (34.6% area) of pressure-outlet 18.

  iter  continuity  x-velocity  y-velocity  z-velocity     time/iter
  2080  1.2944e-06  6.1334e-09  5.6808e-09  6.2141e-09  0:38:58 1420

 Reversed flow on 51 faces (24.7% area) of pressure-outlet 19.

 Reversed flow on 177 faces (34.6% area) of pressure-outlet 18.
  2081  1.1910e-06  5.6565e-09  5.1381e-09  5.8020e-09  0:38:59 1419

 Reversed flow on 51 faces (24.7% area) of pressure-outlet 19.

 Reversed flow on 177 faces (34.6% area) of pressure-outlet 18.
  2082  1.5533e-06  7.2904e-09  6.8374e-09  6.5072e-09  0:39:02 1418

 Reversed flow on 51 faces (24.7% area) of pressure-outlet 19.

 Reversed flow on 177 faces (34.6% area) of pressure-outlet 18.
  2083  1.2378e-06  5.7135e-09  5.5295e-09  5.7226e-09  0:39:01 1417

 Reversed flow on 51 faces (24.7% area) of pressure-outlet 19.

 Reversed flow on 177 faces (34.6% area) of pressure-outlet 18.
  2084  1.2398e-06  6.1093e-09  5.5324e-09  5.8052e-09  0:39:00 1416

 Reversed flow on 51 faces (24.7% area) of pressure-outlet 19.

 Reversed flow on 177 faces (34.6% area) of pressure-outlet 18.
  2085  1.1363e-06  5.6148e-09  5.0107e-09  5.4863e-09  0:38:59 1415

 Reversed flow on 51 faces (24.7% area) of pressure-outlet 19.

 Reversed flow on 177 faces (34.6% area) of pressure-outlet 18.
  2086  1.5069e-06  7.2268e-09  6.7393e-09  6.4755e-09  0:38:53 1414

 Reversed flow on 51 faces (24.7% area) of pressure-outlet 19.

 Reversed flow on 177 faces (34.6% area) of pressure-outlet 18.
  2087  1.2054e-06  5.6417e-09  5.4798e-09  6.0186e-09  0:38:55 1413

 Reversed flow on 51 faces (24.7% area) of pressure-outlet 19.

 Reversed flow on 177 faces (34.6% area) of pressure-outlet 18.
  2088  1.2286e-06  6.0307e-09  5.5353e-09  6.4062e-09  0:38:51 1412

 Reversed flow on 51 faces (24.7% area) of pressure-outlet 19.

 Reversed flow on 177 faces (34.6% area) of pressure-outlet 18.
  2089  1.1451e-06  5.5322e-09  5.0597e-09  6.2543e-09  0:38:44 1411

 Reversed flow on 51 faces (24.7% area) of pressure-outlet 19.

 Reversed flow on 177 faces (34.6% area) of pressure-outlet 18.
  2090  1.5360e-06  7.1397e-09  6.8116e-09  7.1788e-09  0:38:43 1410

 Reversed flow on 51 faces (24.7% area) of pressure-outlet 19.

 Reversed flow on 177 faces (34.6% area) of pressure-outlet 18.

  iter  continuity  x-velocity  y-velocity  z-velocity     time/iter
  2091  1.2467e-06  5.5670e-09  5.5681e-09  6.6044e-09  0:38:40 1409

 Reversed flow on 51 faces (24.7% area) of pressure-outlet 19.

 Reversed flow on 177 faces (34.6% area) of pressure-outlet 18.
  2092  1.2719e-06  5.9580e-09  5.6242e-09  6.8180e-09  0:38:38 1408

 Reversed flow on 51 faces (24.7% area) of pressure-outlet 19.

 Reversed flow on 177 faces (34.6% area) of pressure-outlet 18.
  2093  1.1812e-06  5.4289e-09  5.1188e-09  6.4504e-09  0:38:37 1407

 Reversed flow on 51 faces (24.7% area) of pressure-outlet 19.

 Reversed flow on 177 faces (34.6% area) of pressure-outlet 18.
  2094  1.5495e-06  7.0122e-09  6.8308e-09  7.1431e-09  0:39:17 1406

 Reversed flow on 51 faces (24.7% area) of pressure-outlet 19.

 Reversed flow on 177 faces (34.6% area) of pressure-outlet 18.
  2095  1.2403e-06  5.4288e-09  5.5551e-09  6.3334e-09  0:39:06 1405

 Reversed flow on 51 faces (24.7% area) of pressure-outlet 19.

 Reversed flow on 177 faces (34.6% area) of pressure-outlet 18.
  2096  1.2476e-06  5.7931e-09  5.5574e-09  6.3240e-09  0:38:53 1404

 Reversed flow on 51 faces (24.7% area) of pressure-outlet 19.

 Reversed flow on 177 faces (34.6% area) of pressure-outlet 18.
  2097  1.1374e-06  5.2192e-09  4.9772e-09  5.7359e-09  0:38:47 1403

 Reversed flow on 51 faces (24.7% area) of pressure-outlet 19.

 Reversed flow on 177 faces (34.6% area) of pressure-outlet 18.
  2098  1.4861e-06  6.7772e-09  6.6315e-09  6.2812e-09  0:38:40 1402

 Reversed flow on 51 faces (24.7% area) of pressure-outlet 19.

 Reversed flow on 177 faces (34.6% area) of pressure-outlet 18.
  2099  1.1647e-06  5.1840e-09  5.3305e-09  5.4306e-09  0:38:40 1401

 Reversed flow on 51 faces (24.7% area) of pressure-outlet 19.

 Reversed flow on 177 faces (34.6% area) of pressure-outlet 18.
  2100  1.1713e-06  5.5331e-09  5.3208e-09  5.5033e-09  0:38:38 1400

 Reversed flow on 51 faces (24.7% area) of pressure-outlet 19.

 Reversed flow on 177 faces (34.6% area) of pressure-outlet 18.
  2101  1.0680e-06  4.9485e-09  4.7425e-09  5.1006e-09  0:38:38 1399

 Reversed flow on 51 faces (24.7% area) of pressure-outlet 19.

 Reversed flow on 177 faces (34.6% area) of pressure-outlet 18.

  iter  continuity  x-velocity  y-velocity  z-velocity     time/iter
  2102  1.4311e-06  6.5416e-09  6.4316e-09  5.8981e-09  0:38:29 1398

 Reversed flow on 51 faces (24.7% area) of pressure-outlet 19.

 Reversed flow on 177 faces (34.6% area) of pressure-outlet 18.
  2103  1.1402e-06  5.0192e-09  5.1954e-09  5.3763e-09  0:38:22 1397

 Reversed flow on 51 faces (24.7% area) of pressure-outlet 19.

 Reversed flow on 177 faces (34.6% area) of pressure-outlet 18.
  2104  1.1802e-06  5.4520e-09  5.2636e-09  5.8568e-09  0:38:20 1396

 Reversed flow on 51 faces (24.7% area) of pressure-outlet 19.

 Reversed flow on 177 faces (34.6% area) of pressure-outlet 18.
  2105  1.1133e-06  4.9700e-09  4.7932e-09  5.8459e-09  0:38:18 1395

 Reversed flow on 51 faces (24.7% area) of pressure-outlet 19.

 Reversed flow on 177 faces (34.6% area) of pressure-outlet 18.
  2106  1.5183e-06  6.6824e-09  6.5991e-09  7.0008e-09  0:38:19 1394

 Reversed flow on 51 faces (24.7% area) of pressure-outlet 19.

 Reversed flow on 177 faces (34.6% area) of pressure-outlet 18.
  2107  1.2627e-06  5.2872e-09  5.4666e-09  6.6958e-09  0:38:13 1393

 Reversed flow on 51 faces (24.7% area) of pressure-outlet 19.

 Reversed flow on 177 faces (34.6% area) of pressure-outlet 18.
  2108  1.3326e-06  5.8337e-09  5.6093e-09  7.1654e-09  0:38:08 1392

 Reversed flow on 51 faces (24.7% area) of pressure-outlet 19.

 Reversed flow on 177 faces (34.6% area) of pressure-outlet 18.
  2109  1.2881e-06  5.4602e-09  5.1914e-09  7.0138e-09  0:38:06 1391

 Reversed flow on 51 faces (24.7% area) of pressure-outlet 19.

 Reversed flow on 177 faces (34.6% area) of pressure-outlet 18.
  2110  1.6891e-06  7.2594e-09  7.0176e-09  7.9695e-09  0:38:07 1390

 Reversed flow on 51 faces (24.7% area) of pressure-outlet 19.

 Reversed flow on 177 faces (34.6% area) of pressure-outlet 18.
  2111  1.4140e-06  5.9005e-09  5.8791e-09  7.4247e-09  0:38:09 1389

 Reversed flow on 51 faces (24.7% area) of pressure-outlet 19.

 Reversed flow on 177 faces (34.6% area) of pressure-outlet 18.
  2112  1.4462e-06  6.4358e-09  5.9909e-09  7.6216e-09  0:38:08 1388

 Reversed flow on 51 faces (24.7% area) of pressure-outlet 19.

 Reversed flow on 177 faces (34.6% area) of pressure-outlet 18.

  iter  continuity  x-velocity  y-velocity  z-velocity     time/iter
  2113  1.3531e-06  6.0393e-09  5.5254e-09  7.1840e-09  0:38:05 1387

 Reversed flow on 51 faces (24.7% area) of pressure-outlet 19.

 Reversed flow on 177 faces (34.6% area) of pressure-outlet 18.
  2114  1.7160e-06  7.7984e-09  7.3154e-09  7.8075e-09  0:38:03 1386

 Reversed flow on 51 faces (24.7% area) of pressure-outlet 19.

 Reversed flow on 177 faces (34.6% area) of pressure-outlet 18.
  2115  1.4068e-06  6.3568e-09  6.1004e-09  6.9559e-09  0:38:05 1385

 Reversed flow on 51 faces (24.7% area) of pressure-outlet 19.

 Reversed flow on 177 faces (34.6% area) of pressure-outlet 18.
  2116  1.4087e-06  6.7776e-09  6.1152e-09  6.9348e-09  0:38:03 1384

 Reversed flow on 51 faces (24.7% area) of pressure-outlet 19.

 Reversed flow on 177 faces (34.6% area) of pressure-outlet 18.
  2117  1.2808e-06  6.2561e-09  5.5561e-09  6.2929e-09  0:38:03 1383

 Reversed flow on 51 faces (24.7% area) of pressure-outlet 19.

 Reversed flow on 177 faces (34.6% area) of pressure-outlet 18.
  2118  1.6209e-06  7.8630e-09  7.2516e-09  6.8870e-09  0:38:00 1382

 Reversed flow on 51 faces (24.7% area) of pressure-outlet 19.

 Reversed flow on 177 faces (34.6% area) of pressure-outlet 18.
  2119  1.2902e-06  6.2424e-09  5.9281e-09  6.0327e-09  0:37:58 1381

 Reversed flow on 51 faces (24.7% area) of pressure-outlet 19.

 Reversed flow on 177 faces (34.6% area) of pressure-outlet 18.
  2120  1.2814e-06  6.5004e-09  5.8379e-09  6.0066e-09  0:37:57 1380

 Reversed flow on 51 faces (24.7% area) of pressure-outlet 19.

 Reversed flow on 177 faces (34.6% area) of pressure-outlet 18.
  2121  1.1572e-06  5.8633e-09  5.2168e-09  5.5028e-09  0:37:54 1379

 Reversed flow on 51 faces (24.7% area) of pressure-outlet 19.

 Reversed flow on 177 faces (34.6% area) of pressure-outlet 18.
  2122  1.5024e-06  7.3884e-09  6.8864e-09  6.2450e-09  0:37:50 1378

 Reversed flow on 51 faces (24.7% area) of pressure-outlet 19.

 Reversed flow on 177 faces (34.6% area) of pressure-outlet 18.
  2123  1.1874e-06  5.7166e-09  5.5683e-09  5.7132e-09  0:37:48 1377

 Reversed flow on 51 faces (24.7% area) of pressure-outlet 19.

 Reversed flow on 177 faces (34.6% area) of pressure-outlet 18.

  iter  continuity  x-velocity  y-velocity  z-velocity     time/iter
  2124  1.2014e-06  5.9754e-09  5.5131e-09  6.0338e-09  0:37:47 1376

 Reversed flow on 51 faces (24.7% area) of pressure-outlet 19.

 Reversed flow on 177 faces (34.6% area) of pressure-outlet 18.
  2125  1.1140e-06  5.3840e-09  4.9728e-09  5.8930e-09  0:37:46 1375

 Reversed flow on 51 faces (24.7% area) of pressure-outlet 19.

 Reversed flow on 177 faces (34.6% area) of pressure-outlet 18.
  2126  1.5004e-06  6.9833e-09  6.7377e-09  6.8844e-09  0:37:46 1374

 Reversed flow on 51 faces (24.7% area) of pressure-outlet 19.

 Reversed flow on 177 faces (34.6% area) of pressure-outlet 18.
  2127  1.2184e-06  5.3971e-09  5.4991e-09  6.3755e-09  0:37:44 1373

 Reversed flow on 51 faces (24.7% area) of pressure-outlet 19.

 Reversed flow on 177 faces (34.6% area) of pressure-outlet 18.
  2128  1.2532e-06  5.7613e-09  5.5340e-09  6.6597e-09  0:37:43 1372

 Reversed flow on 51 faces (24.7% area) of pressure-outlet 19.

 Reversed flow on 177 faces (34.6% area) of pressure-outlet 18.
  2129  1.1791e-06  5.2867e-09  5.0681e-09  6.4195e-09  0:37:41 1371

 Reversed flow on 51 faces (24.7% area) of pressure-outlet 19.

 Reversed flow on 177 faces (34.6% area) of pressure-outlet 18.
  2130  1.5686e-06  6.9678e-09  6.8645e-09  7.2723e-09  0:37:37 1370

 Reversed flow on 51 faces (24.7% area) of pressure-outlet 19.

 Reversed flow on 177 faces (34.6% area) of pressure-outlet 18.
  2131  1.2755e-06  5.4354e-09  5.6305e-09  6.5905e-09  0:37:36 1369

 Reversed flow on 51 faces (24.7% area) of pressure-outlet 19.

 Reversed flow on 177 faces (34.6% area) of pressure-outlet 18.
  2132  1.2958e-06  5.8480e-09  5.6604e-09  6.6961e-09  0:37:34 1368

 Reversed flow on 51 faces (24.7% area) of pressure-outlet 19.

 Reversed flow on 177 faces (34.6% area) of pressure-outlet 18.
  2133  1.2042e-06  5.3965e-09  5.1585e-09  6.2715e-09  0:37:30 1367

 Reversed flow on 51 faces (24.7% area) of pressure-outlet 19.

 Reversed flow on 177 faces (34.6% area) of pressure-outlet 18.
  2134  1.5764e-06  7.0770e-09  6.8938e-09  6.9153e-09  0:37:29 1366

 Reversed flow on 51 faces (24.7% area) of pressure-outlet 19.

 Reversed flow on 177 faces (34.6% area) of pressure-outlet 18.

  iter  continuity  x-velocity  y-velocity  z-velocity     time/iter
  2135  1.2682e-06  5.5474e-09  5.6120e-09  6.0656e-09  0:37:26 1365

 Reversed flow on 51 faces (24.7% area) of pressure-outlet 19.

 Reversed flow on 177 faces (34.6% area) of pressure-outlet 18.
  2136  1.2756e-06  5.9630e-09  5.6046e-09  6.1039e-09  0:37:26 1364

 Reversed flow on 51 faces (24.7% area) of pressure-outlet 19.

 Reversed flow on 177 faces (34.6% area) of pressure-outlet 18.
  2137  1.1764e-06  5.4853e-09  5.0701e-09  5.6713e-09  0:37:22 1363

 Reversed flow on 51 faces (24.7% area) of pressure-outlet 19.

 Reversed flow on 177 faces (34.6% area) of pressure-outlet 18.
  2138  1.5392e-06  7.1311e-09  6.7777e-09  6.3857e-09  0:37:21 1362

 Reversed flow on 51 faces (24.7% area) of pressure-outlet 19.

 Reversed flow on 177 faces (34.6% area) of pressure-outlet 18.
  2139  1.2292e-06  5.6028e-09  5.4969e-09  5.6734e-09  0:37:22 1361

 Reversed flow on 51 faces (24.7% area) of pressure-outlet 19.

 Reversed flow on 177 faces (34.6% area) of pressure-outlet 18.
  2140  1.2406e-06  6.0253e-09  5.5130e-09  5.8842e-09  0:37:15 1360

 Reversed flow on 51 faces (24.7% area) of pressure-outlet 19.

 Reversed flow on 177 faces (34.6% area) of pressure-outlet 18.
  2141  1.1456e-06  5.5417e-09  5.0067e-09  5.7418e-09  0:37:17 1359

 Reversed flow on 51 faces (24.7% area) of pressure-outlet 19.

 Reversed flow on 177 faces (34.6% area) of pressure-outlet 18.
  2142  1.5207e-06  7.1655e-09  6.7379e-09  6.7314e-09  0:37:16 1358

 Reversed flow on 51 faces (24.7% area) of pressure-outlet 19.

 Reversed flow on 177 faces (34.6% area) of pressure-outlet 18.
  2143  1.2313e-06  5.6378e-09  5.5104e-09  6.2747e-09  0:37:16 1357

 Reversed flow on 51 faces (24.7% area) of pressure-outlet 19.

 Reversed flow on 177 faces (34.6% area) of pressure-outlet 18.
  2144  1.2643e-06  6.0849e-09  5.5861e-09  6.6343e-09  0:37:15 1356

 Reversed flow on 51 faces (24.7% area) of pressure-outlet 19.

 Reversed flow on 177 faces (34.6% area) of pressure-outlet 18.
  2145  1.1899e-06  5.6223e-09  5.1165e-09  6.4455e-09  0:37:15 1355

 Reversed flow on 51 faces (24.7% area) of pressure-outlet 19.

 Reversed flow on 177 faces (34.6% area) of pressure-outlet 18.

  iter  continuity  x-velocity  y-velocity  z-velocity     time/iter
  2146  1.5729e-06  7.2490e-09  6.8642e-09  7.3407e-09  0:37:19 1354

 Reversed flow on 51 faces (24.7% area) of pressure-outlet 19.

 Reversed flow on 177 faces (34.6% area) of pressure-outlet 18.
  2147  1.2792e-06  5.7261e-09  5.6413e-09  6.7423e-09  0:37:17 1353

 Reversed flow on 51 faces (24.7% area) of pressure-outlet 19.

 Reversed flow on 177 faces (34.6% area) of pressure-outlet 18.
  2148  1.3026e-06  6.1586e-09  5.7178e-09  6.9244e-09  0:37:12 1352

 Reversed flow on 51 faces (24.7% area) of pressure-outlet 19.

 Reversed flow on 177 faces (34.6% area) of pressure-outlet 18.
  2149  1.2118e-06  5.6533e-09  5.2214e-09  6.5214e-09  0:37:14 1351

 Reversed flow on 51 faces (24.7% area) of pressure-outlet 19.

 Reversed flow on 177 faces (34.6% area) of pressure-outlet 18.
  2150  1.5721e-06  7.2375e-09  6.9279e-09  7.1483e-09  0:37:13 1350

 Reversed flow on 51 faces (24.7% area) of pressure-outlet 19.

 Reversed flow on 177 faces (34.6% area) of pressure-outlet 18.
  2151  1.2527e-06  5.6529e-09  5.6499e-09  6.2943e-09  0:37:09 1349

 Reversed flow on 51 faces (24.7% area) of pressure-outlet 19.

 Reversed flow on 177 faces (34.6% area) of pressure-outlet 18.
  2152  1.2541e-06  6.0201e-09  5.6552e-09  6.2482e-09  0:37:05 1348

 Reversed flow on 51 faces (24.7% area) of pressure-outlet 19.

 Reversed flow on 177 faces (34.6% area) of pressure-outlet 18.
  2153  1.1413e-06  5.4422e-09  5.0796e-09  5.6634e-09  0:37:03 1347

 Reversed flow on 51 faces (24.7% area) of pressure-outlet 19.

 Reversed flow on 177 faces (34.6% area) of pressure-outlet 18.
  2154  1.4904e-06  6.9708e-09  6.7271e-09  6.2353e-09  0:37:05 1346

 Reversed flow on 51 faces (24.7% area) of pressure-outlet 19.

 Reversed flow on 177 faces (34.6% area) of pressure-outlet 18.
  2155  1.1685e-06  5.3173e-09  5.3900e-09  5.4386e-09  0:37:07 1345

 Reversed flow on 51 faces (24.7% area) of pressure-outlet 19.

 Reversed flow on 177 faces (34.6% area) of pressure-outlet 18.
  2156  1.1677e-06  5.6277e-09  5.3532e-09  5.4875e-09  0:37:02 1344

 Reversed flow on 51 faces (24.7% area) of pressure-outlet 19.

 Reversed flow on 177 faces (34.6% area) of pressure-outlet 18.

  iter  continuity  x-velocity  y-velocity  z-velocity     time/iter
  2157  1.0587e-06  5.0283e-09  4.7578e-09  5.0353e-09  0:37:02 1343

 Reversed flow on 51 faces (24.7% area) of pressure-outlet 19.

 Reversed flow on 177 faces (34.6% area) of pressure-outlet 18.
  2158  1.4186e-06  6.5941e-09  6.4374e-09  5.7617e-09  0:37:06 1342

 Reversed flow on 51 faces (24.7% area) of pressure-outlet 19.

 Reversed flow on 177 faces (34.6% area) of pressure-outlet 18.
  2159  1.1088e-06  4.9890e-09  5.1545e-09  5.1590e-09  0:37:01 1341

 Reversed flow on 51 faces (24.7% area) of pressure-outlet 19.

 Reversed flow on 177 faces (34.6% area) of pressure-outlet 18.
  2160  1.1341e-06  5.3587e-09  5.1838e-09  5.6170e-09  0:37:00 1340

 Reversed flow on 51 faces (24.7% area) of pressure-outlet 19.

 Reversed flow on 177 faces (34.6% area) of pressure-outlet 18.
  2161  1.0573e-06  4.8302e-09  4.6806e-09  5.5788e-09  0:36:54 1339

 Reversed flow on 51 faces (24.7% area) of pressure-outlet 19.

 Reversed flow on 177 faces (34.6% area) of pressure-outlet 18.
  2162  1.4628e-06  6.4989e-09  6.4694e-09  6.7182e-09  0:36:51 1338

 Reversed flow on 51 faces (24.7% area) of pressure-outlet 19.

 Reversed flow on 177 faces (34.6% area) of pressure-outlet 18.
  2163  1.2033e-06  5.0190e-09  5.2970e-09  6.3798e-09  0:36:47 1337

 Reversed flow on 51 faces (24.7% area) of pressure-outlet 19.

 Reversed flow on 177 faces (34.6% area) of pressure-outlet 18.
  2164  1.2678e-06  5.5141e-09  5.4213e-09  6.8434e-09  0:36:50 1336

 Reversed flow on 51 faces (24.7% area) of pressure-outlet 19.

 Reversed flow on 177 faces (34.6% area) of pressure-outlet 18.
  2165  1.2135e-06  5.1158e-09  5.0001e-09  6.7453e-09  0:36:49 1335

 Reversed flow on 51 faces (24.7% area) of pressure-outlet 19.

 Reversed flow on 177 faces (34.6% area) of pressure-outlet 18.
  2166  1.6234e-06  6.9112e-09  6.8463e-09  7.7457e-09  0:36:45 1334

 Reversed flow on 51 faces (24.7% area) of pressure-outlet 19.

 Reversed flow on 177 faces (34.6% area) of pressure-outlet 18.
  2167  1.3584e-06  5.5185e-09  5.7035e-09  7.2187e-09  0:38:16 1333

 Reversed flow on 51 faces (24.7% area) of pressure-outlet 19.

 Reversed flow on 177 faces (34.6% area) of pressure-outlet 18.

  iter  continuity  x-velocity  y-velocity  z-velocity     time/iter
  2168  1.4106e-06  6.0660e-09  5.8197e-09  7.4072e-09  0:37:55 1332

 Reversed flow on 51 faces (24.7% area) of pressure-outlet 19.

 Reversed flow on 177 faces (34.6% area) of pressure-outlet 18.
  2169  1.3293e-06  5.6885e-09  5.3551e-09  7.0123e-09  0:37:37 1331

 Reversed flow on 51 faces (24.7% area) of pressure-outlet 19.

 Reversed flow on 177 faces (34.6% area) of pressure-outlet 18.
  2170  1.7003e-06  7.4781e-09  7.1396e-09  7.7313e-09  0:37:25 1330

 Reversed flow on 51 faces (24.7% area) of pressure-outlet 19.

 Reversed flow on 177 faces (34.6% area) of pressure-outlet 18.
  2171  1.3964e-06  6.0706e-09  5.9305e-09  6.9341e-09  0:37:14 1329

 Reversed flow on 51 faces (24.7% area) of pressure-outlet 19.

 Reversed flow on 177 faces (34.6% area) of pressure-outlet 18.
  2172  1.4098e-06  6.5478e-09  5.9673e-09  6.9160e-09  0:37:08 1328

 Reversed flow on 51 faces (24.7% area) of pressure-outlet 19.

 Reversed flow on 177 faces (34.6% area) of pressure-outlet 18.
  2173  1.2985e-06  6.0844e-09  5.4368e-09  6.3763e-09  0:37:00 1327

 Reversed flow on 51 faces (24.7% area) of pressure-outlet 19.

 Reversed flow on 177 faces (34.6% area) of pressure-outlet 18.
  2174  1.6497e-06  7.7698e-09  7.1739e-09  7.0114e-09  0:36:51 1326

 Reversed flow on 51 faces (24.7% area) of pressure-outlet 19.

 Reversed flow on 177 faces (34.6% area) of pressure-outlet 18.
  2175  1.3360e-06  6.2822e-09  5.9360e-09  6.2884e-09  0:36:42 1325

 Reversed flow on 51 faces (24.7% area) of pressure-outlet 19.

 Reversed flow on 177 faces (34.6% area) of pressure-outlet 18.
  2176  1.3367e-06  6.6613e-09  5.9334e-09  6.3224e-09  0:36:37 1324

 Reversed flow on 51 faces (24.7% area) of pressure-outlet 19.

 Reversed flow on 177 faces (34.6% area) of pressure-outlet 18.
  2177  1.2134e-06  6.0964e-09  5.3722e-09  5.8717e-09  0:36:31 1323

 Reversed flow on 51 faces (24.7% area) of pressure-outlet 19.

 Reversed flow on 177 faces (34.6% area) of pressure-outlet 18.
  2178  1.5558e-06  7.6622e-09  7.0725e-09  6.7332e-09  0:36:33 1322

 Reversed flow on 51 faces (24.7% area) of pressure-outlet 19.

 Reversed flow on 177 faces (34.6% area) of pressure-outlet 18.

  iter  continuity  x-velocity  y-velocity  z-velocity     time/iter
  2179  1.2489e-06  6.0732e-09  5.8100e-09  6.2273e-09  0:36:26 1321

 Reversed flow on 51 faces (24.7% area) of pressure-outlet 19.

 Reversed flow on 177 faces (34.6% area) of pressure-outlet 18.
  2180  1.2701e-06  6.3530e-09  5.7830e-09  6.5294e-09  0:36:23 1320

 Reversed flow on 51 faces (24.7% area) of pressure-outlet 19.

 Reversed flow on 177 faces (34.6% area) of pressure-outlet 18.
  2181  1.1722e-06  5.7431e-09  5.2183e-09  6.2819e-09  0:36:22 1319

 Reversed flow on 51 faces (24.7% area) of pressure-outlet 19.

 Reversed flow on 177 faces (34.6% area) of pressure-outlet 18.
  2182  1.5433e-06  7.2864e-09  6.9254e-09  7.1367e-09  0:36:19 1318

 Reversed flow on 51 faces (24.7% area) of pressure-outlet 19.

 Reversed flow on 177 faces (34.6% area) of pressure-outlet 18.
  2183  1.2525e-06  5.6999e-09  5.6669e-09  6.5500e-09  0:36:21 1317

 Reversed flow on 51 faces (24.7% area) of pressure-outlet 19.

 Reversed flow on 177 faces (34.6% area) of pressure-outlet 18.
  2184  1.2805e-06  6.0247e-09  5.6541e-09  6.7503e-09  0:36:17 1316

 Reversed flow on 51 faces (24.7% area) of pressure-outlet 19.

 Reversed flow on 177 faces (34.6% area) of pressure-outlet 18.
  2185  1.1937e-06  5.4717e-09  5.1365e-09  6.4085e-09  0:36:14 1315

 Reversed flow on 51 faces (24.7% area) of pressure-outlet 19.

 Reversed flow on 177 faces (34.6% area) of pressure-outlet 18.
  2186  1.5653e-06  7.0772e-09  6.8842e-09  7.1543e-09  0:36:11 1314

 Reversed flow on 51 faces (24.7% area) of pressure-outlet 19.

 Reversed flow on 177 faces (34.6% area) of pressure-outlet 18.
  2187  1.2593e-06  5.5157e-09  5.6367e-09  6.3664e-09  0:36:11 1313

 Reversed flow on 51 faces (24.7% area) of pressure-outlet 19.

 Reversed flow on 177 faces (34.6% area) of pressure-outlet 18.
  2188  1.2705e-06  5.8837e-09  5.6415e-09  6.3881e-09  0:36:12 1312

 Reversed flow on 51 faces (24.7% area) of pressure-outlet 19.

 Reversed flow on 177 faces (34.6% area) of pressure-outlet 18.
  2189  1.1728e-06  5.3896e-09  5.1266e-09  5.9051e-09  0:36:10 1311

 Reversed flow on 51 faces (24.7% area) of pressure-outlet 19.

 Reversed flow on 177 faces (34.6% area) of pressure-outlet 18.

  iter  continuity  x-velocity  y-velocity  z-velocity     time/iter
  2190  1.5382e-06  7.0294e-09  6.8561e-09  6.5467e-09  0:36:11 1310

 Reversed flow on 51 faces (24.7% area) of pressure-outlet 19.

 Reversed flow on 177 faces (34.6% area) of pressure-outlet 18.
  2191  1.2249e-06  5.4417e-09  5.5573e-09  5.7416e-09  0:36:05 1309

 Reversed flow on 51 faces (24.7% area) of pressure-outlet 19.

 Reversed flow on 177 faces (34.6% area) of pressure-outlet 18.
  2192  1.2331e-06  5.8015e-09  5.5272e-09  5.8722e-09  0:36:01 1308

 Reversed flow on 51 faces (24.7% area) of pressure-outlet 19.

 Reversed flow on 177 faces (34.6% area) of pressure-outlet 18.
  2193  1.1365e-06  5.3073e-09  4.9958e-09  5.5141e-09  0:36:01 1307

 Reversed flow on 51 faces (24.7% area) of pressure-outlet 19.

 Reversed flow on 177 faces (34.6% area) of pressure-outlet 18.
  2194  1.5123e-06  6.9656e-09  6.7190e-09  6.2813e-09  0:35:54 1306

 Reversed flow on 51 faces (24.7% area) of pressure-outlet 19.

 Reversed flow on 177 faces (34.6% area) of pressure-outlet 18.
  2195  1.2085e-06  5.4073e-09  5.4315e-09  5.5821e-09  0:35:50 1305

 Reversed flow on 51 faces (24.7% area) of pressure-outlet 19.

 Reversed flow on 177 faces (34.6% area) of pressure-outlet 18.
  2196  1.2227e-06  5.8234e-09  5.4398e-09  5.8401e-09  0:35:51 1304

 Reversed flow on 51 faces (24.7% area) of pressure-outlet 19.

 Reversed flow on 177 faces (34.6% area) of pressure-outlet 18.
  2197  1.1398e-06  5.3785e-09  4.9626e-09  5.7919e-09  0:35:49 1303

 Reversed flow on 51 faces (24.7% area) of pressure-outlet 19.

 Reversed flow on 177 faces (34.6% area) of pressure-outlet 18.
  2198  1.5327e-06  7.0733e-09  6.7404e-09  6.8543e-09  0:35:50 1302

 Reversed flow on 51 faces (24.7% area) of pressure-outlet 19.

 Reversed flow on 177 faces (34.6% area) of pressure-outlet 18.
  2199  1.2502e-06  5.5503e-09  5.5079e-09  6.4174e-09  0:35:51 1301

 Reversed flow on 51 faces (24.7% area) of pressure-outlet 19.

 Reversed flow on 177 faces (34.6% area) of pressure-outlet 18.
  2200  1.2850e-06  6.0088e-09  5.5849e-09  6.7961e-09  0:35:46 1300

 Reversed flow on 51 faces (24.7% area) of pressure-outlet 19.

 Reversed flow on 177 faces (34.6% area) of pressure-outlet 18.

  iter  continuity  x-velocity  y-velocity  z-velocity     time/iter
  2201  1.2160e-06  5.5937e-09  5.1435e-09  6.6367e-09  0:35:45 1299

 Reversed flow on 51 faces (24.7% area) of pressure-outlet 19.

 Reversed flow on 177 faces (34.6% area) of pressure-outlet 18.
  2202  1.6080e-06  7.2890e-09  6.9211e-09  7.5318e-09  0:35:42 1298

 Reversed flow on 51 faces (24.7% area) of pressure-outlet 19.

 Reversed flow on 177 faces (34.6% area) of pressure-outlet 18.
  2203  1.3159e-06  5.7781e-09  5.6917e-09  6.8827e-09  0:35:39 1297

 Reversed flow on 51 faces (24.7% area) of pressure-outlet 19.

 Reversed flow on 177 faces (34.6% area) of pressure-outlet 18.
  2204  1.3344e-06  6.2246e-09  5.7628e-09  7.0317e-09  0:35:36 1296

 Reversed flow on 51 faces (24.7% area) of pressure-outlet 19.

 Reversed flow on 177 faces (34.6% area) of pressure-outlet 18.
  2205  1.2375e-06  5.7660e-09  5.2765e-09  6.6164e-09  0:35:35 1295

 Reversed flow on 51 faces (24.7% area) of pressure-outlet 19.

 Reversed flow on 177 faces (34.6% area) of pressure-outlet 18.
  2206  1.5983e-06  7.3920e-09  6.9923e-09  7.2750e-09  0:35:36 1294

 Reversed flow on 51 faces (24.7% area) of pressure-outlet 19.

 Reversed flow on 177 faces (34.6% area) of pressure-outlet 18.
  2207  1.2777e-06  5.8289e-09  5.7063e-09  6.4227e-09  0:35:34 1293

 Reversed flow on 51 faces (24.7% area) of pressure-outlet 19.

 Reversed flow on 177 faces (34.6% area) of pressure-outlet 18.
  2208  1.2773e-06  6.2127e-09  5.7154e-09  6.3581e-09  0:35:30 1292

 Reversed flow on 51 faces (24.7% area) of pressure-outlet 19.

 Reversed flow on 177 faces (34.6% area) of pressure-outlet 18.
  2209  1.1642e-06  5.6498e-09  5.1413e-09  5.7503e-09  0:35:29 1291

 Reversed flow on 51 faces (24.7% area) of pressure-outlet 19.

 Reversed flow on 177 faces (34.6% area) of pressure-outlet 18.
  2210  1.5076e-06  7.1718e-09  6.7849e-09  6.3295e-09  0:35:27 1290

 Reversed flow on 51 faces (24.7% area) of pressure-outlet 19.

 Reversed flow on 177 faces (34.6% area) of pressure-outlet 18.
  2211  1.1833e-06  5.5376e-09  5.4685e-09  5.4968e-09  0:35:26 1289

 Reversed flow on 51 faces (24.7% area) of pressure-outlet 19.

 Reversed flow on 177 faces (34.6% area) of pressure-outlet 18.

  iter  continuity  x-velocity  y-velocity  z-velocity     time/iter
  2212  1.1855e-06  5.8607e-09  5.4509e-09  5.5438e-09  0:35:22 1288

 Reversed flow on 51 faces (24.7% area) of pressure-outlet 19.

 Reversed flow on 177 faces (34.6% area) of pressure-outlet 18.
  2213  1.0745e-06  5.2438e-09  4.8581e-09  5.0907e-09  0:35:25 1287

 Reversed flow on 51 faces (24.7% area) of pressure-outlet 19.

 Reversed flow on 177 faces (34.6% area) of pressure-outlet 18.
  2214  1.4248e-06  6.7470e-09  6.5064e-09  5.8628e-09  0:35:25 1286

 Reversed flow on 51 faces (24.7% area) of pressure-outlet 19.

 Reversed flow on 177 faces (34.6% area) of pressure-outlet 18.
  2215  1.1150e-06  5.1307e-09  5.2313e-09  5.3710e-09  0:35:23 1285

 Reversed flow on 51 faces (24.7% area) of pressure-outlet 19.

 Reversed flow on 177 faces (34.6% area) of pressure-outlet 18.
  2216  1.1414e-06  5.4834e-09  5.2608e-09  5.7537e-09  0:35:21 1284

 Reversed flow on 51 faces (24.7% area) of pressure-outlet 19.

 Reversed flow on 177 faces (34.6% area) of pressure-outlet 18.
  2217  1.0592e-06  4.9052e-09  4.7255e-09  5.6163e-09  0:35:18 1283

 Reversed flow on 51 faces (24.7% area) of pressure-outlet 19.

 Reversed flow on 177 faces (34.6% area) of pressure-outlet 18.
  2218  1.4391e-06  6.4989e-09  6.4544e-09  6.6097e-09  0:35:14 1282

 Reversed flow on 51 faces (24.7% area) of pressure-outlet 19.

 Reversed flow on 177 faces (34.6% area) of pressure-outlet 18.
  2219  1.1658e-06  4.9806e-09  5.2576e-09  6.1827e-09  0:35:13 1281

 Reversed flow on 51 faces (24.7% area) of pressure-outlet 19.

 Reversed flow on 177 faces (34.6% area) of pressure-outlet 18.
  2220  1.2197e-06  5.4233e-09  5.3461e-09  6.5646e-09  0:35:10 1280

 Reversed flow on 51 faces (24.7% area) of pressure-outlet 19.

 Reversed flow on 177 faces (34.6% area) of pressure-outlet 18.
  2221  1.1547e-06  4.9482e-09  4.8671e-09  6.3776e-09  0:35:10 1279

 Reversed flow on 51 faces (24.7% area) of pressure-outlet 19.

 Reversed flow on 177 faces (34.6% area) of pressure-outlet 18.
  2222  1.5547e-06  6.6502e-09  6.6626e-09  7.3071e-09  0:35:06 1278

 Reversed flow on 51 faces (24.7% area) of pressure-outlet 19.

 Reversed flow on 177 faces (34.6% area) of pressure-outlet 18.

  iter  continuity  x-velocity  y-velocity  z-velocity     time/iter
  2223  1.2854e-06  5.2170e-09  5.5043e-09  6.7507e-09  0:35:01 1277

 Reversed flow on 51 faces (24.7% area) of pressure-outlet 19.

 Reversed flow on 177 faces (34.6% area) of pressure-outlet 18.
  2224  1.3279e-06  5.7341e-09  5.6135e-09  6.9311e-09  0:35:02 1276

 Reversed flow on 51 faces (24.7% area) of pressure-outlet 19.

 Reversed flow on 177 faces (34.6% area) of pressure-outlet 18.
  2225  1.2450e-06  5.3248e-09  5.1478e-09  6.5394e-09  0:34:57 1275

 Reversed flow on 51 faces (24.7% area) of pressure-outlet 19.

 Reversed flow on 177 faces (34.6% area) of pressure-outlet 18.
  2226  1.6266e-06  7.0881e-09  6.9388e-09  7.2731e-09  0:35:02 1274

 Reversed flow on 51 faces (24.7% area) of pressure-outlet 19.

 Reversed flow on 177 faces (34.6% area) of pressure-outlet 18.
  2227  1.3411e-06  5.6658e-09  5.7344e-09  6.5114e-09  0:34:59 1273

 Reversed flow on 51 faces (24.7% area) of pressure-outlet 19.

 Reversed flow on 177 faces (34.6% area) of pressure-outlet 18.
  2228  1.3693e-06  6.1580e-09  5.7766e-09  6.5798e-09  0:34:59 1272

 Reversed flow on 51 faces (24.7% area) of pressure-outlet 19.

 Reversed flow on 177 faces (34.6% area) of pressure-outlet 18.
  2229  1.2693e-06  5.7204e-09  5.2506e-09  6.2054e-09  0:35:04 1271

 Reversed flow on 51 faces (24.7% area) of pressure-outlet 19.

 Reversed flow on 177 faces (34.6% area) of pressure-outlet 18.
  2230  1.6306e-06  7.4552e-09  7.0101e-09  6.9803e-09  0:34:58 1270

 Reversed flow on 51 faces (24.7% area) of pressure-outlet 19.

 Reversed flow on 177 faces (34.6% area) of pressure-outlet 18.
  2231  1.3272e-06  5.9883e-09  5.7704e-09  6.2828e-09  0:34:57 1269

 Reversed flow on 51 faces (24.7% area) of pressure-outlet 19.

 Reversed flow on 177 faces (34.6% area) of pressure-outlet 18.
  2232  1.3447e-06  6.4351e-09  5.8023e-09  6.4118e-09  0:34:54 1268

 Reversed flow on 51 faces (24.7% area) of pressure-outlet 19.

 Reversed flow on 177 faces (34.6% area) of pressure-outlet 18.
  2233  1.2418e-06  5.9763e-09  5.2992e-09  6.0912e-09  0:34:55 1267

 Reversed flow on 51 faces (24.7% area) of pressure-outlet 19.

 Reversed flow on 177 faces (34.6% area) of pressure-outlet 18.

  iter  continuity  x-velocity  y-velocity  z-velocity     time/iter
  2234  1.6128e-06  7.6869e-09  7.0955e-09  7.1443e-09  0:34:55 1266

 Reversed flow on 51 faces (24.7% area) of pressure-outlet 19.

 Reversed flow on 177 faces (34.6% area) of pressure-outlet 18.
  2235  1.3175e-06  6.1860e-09  5.8866e-09  6.6971e-09  0:34:54 1265

 Reversed flow on 51 faces (24.7% area) of pressure-outlet 19.

 Reversed flow on 177 faces (34.6% area) of pressure-outlet 18.
  2236  1.3381e-06  6.5635e-09  5.9289e-09  6.9710e-09  0:34:48 1264

 Reversed flow on 51 faces (24.7% area) of pressure-outlet 19.

 Reversed flow on 177 faces (34.6% area) of pressure-outlet 18.
  2237  1.2452e-06  6.0354e-09  5.4288e-09  6.7088e-09  0:34:46 1263

 Reversed flow on 51 faces (24.7% area) of pressure-outlet 19.

 Reversed flow on 177 faces (34.6% area) of pressure-outlet 18.
  2238  1.6205e-06  7.6662e-09  7.1887e-09  7.5809e-09  0:34:43 1262

 Reversed flow on 51 faces (24.7% area) of pressure-outlet 19.

 Reversed flow on 177 faces (34.6% area) of pressure-outlet 18.
  2239  1.3225e-06  6.0878e-09  5.9265e-09  6.9514e-09  0:34:42 1261

 Reversed flow on 51 faces (24.7% area) of pressure-outlet 19.

 Reversed flow on 177 faces (34.6% area) of pressure-outlet 18.
  2240  1.3367e-06  6.3927e-09  5.9022e-09  7.0683e-09  0:34:39 1260

 Reversed flow on 51 faces (24.7% area) of pressure-outlet 19.

 Reversed flow on 177 faces (34.6% area) of pressure-outlet 18.
  2241  1.2313e-06  5.7974e-09  5.3458e-09  6.6183e-09  0:34:40 1259

 Reversed flow on 51 faces (24.7% area) of pressure-outlet 19.

 Reversed flow on 177 faces (34.6% area) of pressure-outlet 18.
  2242  1.5889e-06  7.3711e-09  7.0477e-09  7.2665e-09  0:34:38 1258

 Reversed flow on 51 faces (24.7% area) of pressure-outlet 19.

 Reversed flow on 177 faces (34.6% area) of pressure-outlet 18.
  2243  1.2734e-06  5.7692e-09  5.7384e-09  6.4390e-09  0:34:34 1257

 Reversed flow on 51 faces (24.7% area) of pressure-outlet 19.

 Reversed flow on 177 faces (34.6% area) of pressure-outlet 18.
  2244  1.2763e-06  6.0707e-09  5.6871e-09  6.4136e-09  0:34:30 1256

 Reversed flow on 51 faces (24.7% area) of pressure-outlet 19.

 Reversed flow on 177 faces (34.6% area) of pressure-outlet 18.

  iter  continuity  x-velocity  y-velocity  z-velocity     time/iter
  2245  1.1664e-06  5.4962e-09  5.1146e-09  5.8449e-09  0:34:30 1255

 Reversed flow on 51 faces (24.7% area) of pressure-outlet 19.

 Reversed flow on 177 faces (34.6% area) of pressure-outlet 18.
  2246  1.5198e-06  7.0748e-09  6.8094e-09  6.4021e-09  0:34:27 1254

 Reversed flow on 51 faces (24.7% area) of pressure-outlet 19.

 Reversed flow on 177 faces (34.6% area) of pressure-outlet 18.
  2247  1.2024e-06  5.4703e-09  5.5068e-09  5.5765e-09  0:34:25 1253

 Reversed flow on 51 faces (24.7% area) of pressure-outlet 19.

 Reversed flow on 177 faces (34.6% area) of pressure-outlet 18.
  2248  1.2101e-06  5.7967e-09  5.4805e-09  5.6469e-09  0:34:25 1252

 Reversed flow on 51 faces (24.7% area) of pressure-outlet 19.

 Reversed flow on 177 faces (34.6% area) of pressure-outlet 18.
  2249  1.1115e-06  5.2641e-09  4.9427e-09  5.2620e-09  0:34:35 1251

 Reversed flow on 51 faces (24.7% area) of pressure-outlet 19.

 Reversed flow on 177 faces (34.6% area) of pressure-outlet 18.
  2250  1.4761e-06  6.8682e-09  6.6525e-09  6.0333e-09  0:34:29 1250

 Reversed flow on 51 faces (24.7% area) of pressure-outlet 19.

 Reversed flow on 177 faces (34.6% area) of pressure-outlet 18.
  2251  1.1719e-06  5.3034e-09  5.3861e-09  5.4574e-09  0:34:27 1249

 Reversed flow on 51 faces (24.7% area) of pressure-outlet 19.

 Reversed flow on 177 faces (34.6% area) of pressure-outlet 18.
  2252  1.1951e-06  5.6908e-09  5.4121e-09  5.8932e-09  0:34:27 1248

 Reversed flow on 51 faces (24.7% area) of pressure-outlet 19.

 Reversed flow on 177 faces (34.6% area) of pressure-outlet 18.
  2253  1.1214e-06  5.2189e-09  4.9323e-09  5.8441e-09  0:34:25 1247

 Reversed flow on 51 faces (24.7% area) of pressure-outlet 19.

 Reversed flow on 177 faces (34.6% area) of pressure-outlet 18.
  2254  1.5165e-06  6.8850e-09  6.6970e-09  6.9000e-09  0:34:21 1246

 Reversed flow on 51 faces (24.7% area) of pressure-outlet 19.

 Reversed flow on 177 faces (34.6% area) of pressure-outlet 18.
  2255  1.2406e-06  5.4063e-09  5.4919e-09  6.4792e-09  0:34:19 1245

 Reversed flow on 51 faces (24.7% area) of pressure-outlet 19.

 Reversed flow on 177 faces (34.6% area) of pressure-outlet 18.

  iter  continuity  x-velocity  y-velocity  z-velocity     time/iter
  2256  1.2891e-06  5.8897e-09  5.5770e-09  6.8664e-09  0:34:18 1244

 Reversed flow on 51 faces (24.7% area) of pressure-outlet 19.

 Reversed flow on 177 faces (34.6% area) of pressure-outlet 18.
  2257  1.2246e-06  5.4818e-09  5.1323e-09  6.6975e-09  0:34:15 1243

 Reversed flow on 51 faces (24.7% area) of pressure-outlet 19.

 Reversed flow on 177 faces (34.6% area) of pressure-outlet 18.
  2258  1.6165e-06  7.1947e-09  6.9062e-09  7.5751e-09  0:34:14 1242

 Reversed flow on 51 faces (24.7% area) of pressure-outlet 19.

 Reversed flow on 177 faces (34.6% area) of pressure-outlet 18.
  2259  1.3295e-06  5.7229e-09  5.6997e-09  6.9333e-09  0:34:12 1241

 Reversed flow on 51 faces (24.7% area) of pressure-outlet 19.

 Reversed flow on 177 faces (34.6% area) of pressure-outlet 18.
  2260  1.3545e-06  6.2036e-09  5.7764e-09  7.0757e-09  0:34:15 1240

 Reversed flow on 51 faces (24.7% area) of pressure-outlet 19.

 Reversed flow on 177 faces (34.6% area) of pressure-outlet 18.
  2261  1.2571e-06  5.7704e-09  5.2931e-09  6.6006e-09  0:34:12 1239

 Reversed flow on 51 faces (24.7% area) of pressure-outlet 19.

 Reversed flow on 177 faces (34.6% area) of pressure-outlet 18.
  2262  1.6162e-06  7.4255e-09  7.0140e-09  7.1926e-09  0:34:09 1238

 Reversed flow on 51 faces (24.7% area) of pressure-outlet 19.

 Reversed flow on 177 faces (34.6% area) of pressure-outlet 18.
  2263  1.2962e-06  5.8809e-09  5.7338e-09  6.2951e-09  0:34:05 1237

 Reversed flow on 51 faces (24.7% area) of pressure-outlet 19.

 Reversed flow on 177 faces (34.6% area) of pressure-outlet 18.
  2264  1.2912e-06  6.2877e-09  5.7443e-09  6.2399e-09  0:34:03 1236

 Reversed flow on 51 faces (24.7% area) of pressure-outlet 19.

 Reversed flow on 177 faces (34.6% area) of pressure-outlet 18.
  2265  1.1752e-06  5.7630e-09  5.1859e-09  5.7259e-09  0:33:57 1235

 Reversed flow on 51 faces (24.7% area) of pressure-outlet 19.

 Reversed flow on 177 faces (34.6% area) of pressure-outlet 18.
  2266  1.5250e-06  7.3213e-09  6.8438e-09  6.4051e-09  0:33:54 1234

 Reversed flow on 51 faces (24.7% area) of pressure-outlet 19.

 Reversed flow on 177 faces (34.6% area) of pressure-outlet 18.

  iter  continuity  x-velocity  y-velocity  z-velocity     time/iter
  2267  1.1974e-06  5.6828e-09  5.5198e-09  5.5986e-09  0:33:53 1233

 Reversed flow on 51 faces (24.7% area) of pressure-outlet 19.

 Reversed flow on 177 faces (34.6% area) of pressure-outlet 18.
  2268  1.1986e-06  6.0184e-09  5.4992e-09  5.6512e-09  0:33:49 1232

 Reversed flow on 51 faces (24.7% area) of pressure-outlet 19.

 Reversed flow on 177 faces (34.6% area) of pressure-outlet 18.
  2269  1.0914e-06  5.4439e-09  4.9368e-09  5.2327e-09  0:33:45 1231

 Reversed flow on 51 faces (24.7% area) of pressure-outlet 19.

 Reversed flow on 177 faces (34.6% area) of pressure-outlet 18.
  2270  1.4509e-06  6.9821e-09  6.6175e-09  6.0665e-09  0:33:43 1230

 Reversed flow on 51 faces (24.7% area) of pressure-outlet 19.

 Reversed flow on 177 faces (34.6% area) of pressure-outlet 18.
  2271  1.1446e-06  5.3483e-09  5.3354e-09  5.5938e-09  0:33:43 1229

 Reversed flow on 51 faces (24.7% area) of pressure-outlet 19.

 Reversed flow on 177 faces (34.6% area) of pressure-outlet 18.
  2272  1.1681e-06  5.6861e-09  5.3623e-09  5.9670e-09  0:33:41 1228

 Reversed flow on 51 faces (24.7% area) of pressure-outlet 19.

 Reversed flow on 177 faces (34.6% area) of pressure-outlet 18.
  2273  1.0874e-06  5.1168e-09  4.8465e-09  5.8250e-09  0:33:41 1227

 Reversed flow on 51 faces (24.7% area) of pressure-outlet 19.

 Reversed flow on 177 faces (34.6% area) of pressure-outlet 18.
  2274  1.4739e-06  6.6980e-09  6.5849e-09  6.7842e-09  0:33:43 1226

 Reversed flow on 51 faces (24.7% area) of pressure-outlet 19.

 Reversed flow on 177 faces (34.6% area) of pressure-outlet 18.
  2275  1.1900e-06  5.1287e-09  5.3503e-09  6.2527e-09  0:33:40 1225

 Reversed flow on 51 faces (24.7% area) of pressure-outlet 19.

 Reversed flow on 177 faces (34.6% area) of pressure-outlet 18.
  2276  1.2232e-06  5.5299e-09  5.4007e-09  6.5291e-09  0:33:39 1224

 Reversed flow on 51 faces (24.7% area) of pressure-outlet 19.

 Reversed flow on 177 faces (34.6% area) of pressure-outlet 18.
  2277  1.1393e-06  5.0124e-09  4.8972e-09  6.2304e-09  0:33:35 1223

 Reversed flow on 51 faces (24.7% area) of pressure-outlet 19.

 Reversed flow on 177 faces (34.6% area) of pressure-outlet 18.

  iter  continuity  x-velocity  y-velocity  z-velocity     time/iter
  2278  1.5182e-06  6.6468e-09  6.6507e-09  7.0680e-09  0:33:36 1222

 Reversed flow on 51 faces (24.7% area) of pressure-outlet 19.

 Reversed flow on 177 faces (34.6% area) of pressure-outlet 18.
  2279  1.2284e-06  5.1297e-09  5.4243e-09  6.4063e-09  0:33:35 1221

 Reversed flow on 51 faces (24.7% area) of pressure-outlet 19.

 Reversed flow on 177 faces (34.6% area) of pressure-outlet 18.
  2280  1.2557e-06  5.5718e-09  5.4754e-09  6.5443e-09  0:33:35 1220

 Reversed flow on 51 faces (24.7% area) of pressure-outlet 19.

 Reversed flow on 177 faces (34.6% area) of pressure-outlet 18.
  2281  1.1696e-06  5.0885e-09  4.9581e-09  6.1361e-09  0:33:33 1219

 Reversed flow on 51 faces (24.7% area) of pressure-outlet 19.

 Reversed flow on 177 faces (34.6% area) of pressure-outlet 18.
  2282  1.5491e-06  6.7803e-09  6.7050e-09  6.8464e-09  0:33:31 1218

 Reversed flow on 51 faces (24.7% area) of pressure-outlet 19.

 Reversed flow on 177 faces (34.6% area) of pressure-outlet 18.
  2283  1.2597e-06  5.3157e-09  5.4838e-09  6.0954e-09  0:33:30 1217

 Reversed flow on 51 faces (24.7% area) of pressure-outlet 19.

 Reversed flow on 177 faces (34.6% area) of pressure-outlet 18.
  2284  1.2875e-06  5.7858e-09  5.5384e-09  6.2334e-09  0:33:28 1216

 Reversed flow on 51 faces (24.7% area) of pressure-outlet 19.

 Reversed flow on 177 faces (34.6% area) of pressure-outlet 18.
  2285  1.1984e-06  5.3219e-09  5.0319e-09  5.8597e-09  0:33:28 1215

 Reversed flow on 51 faces (24.7% area) of pressure-outlet 19.

 Reversed flow on 177 faces (34.6% area) of pressure-outlet 18.
  2286  1.5759e-06  7.0428e-09  6.7911e-09  6.6672e-09  0:33:27 1214

 Reversed flow on 51 faces (24.7% area) of pressure-outlet 19.

 Reversed flow on 177 faces (34.6% area) of pressure-outlet 18.
  2287  1.2959e-06  5.6187e-09  5.5876e-09  6.0382e-09  0:33:23 1213

 Reversed flow on 51 faces (24.7% area) of pressure-outlet 19.

 Reversed flow on 177 faces (34.6% area) of pressure-outlet 18.
  2288  1.3255e-06  6.1069e-09  5.6465e-09  6.3260e-09  0:33:18 1212

 Reversed flow on 51 faces (24.7% area) of pressure-outlet 19.

 Reversed flow on 177 faces (34.6% area) of pressure-outlet 18.

  iter  continuity  x-velocity  y-velocity  z-velocity     time/iter
  2289  1.2296e-06  5.6674e-09  5.1612e-09  6.2360e-09  0:33:17 1211

 Reversed flow on 51 faces (24.7% area) of pressure-outlet 19.

 Reversed flow on 177 faces (34.6% area) of pressure-outlet 18.
  2290  1.6052e-06  7.3935e-09  6.9546e-09  7.2969e-09  0:33:18 1210

 Reversed flow on 51 faces (24.7% area) of pressure-outlet 19.

 Reversed flow on 177 faces (34.6% area) of pressure-outlet 18.
  2291  1.3339e-06  5.9813e-09  5.7985e-09  6.9298e-09  0:33:15 1209

 Reversed flow on 51 faces (24.7% area) of pressure-outlet 19.

 Reversed flow on 177 faces (34.6% area) of pressure-outlet 18.
  2292  1.3801e-06  6.4757e-09  5.8997e-09  7.2769e-09  0:33:13 1208

 Reversed flow on 51 faces (24.7% area) of pressure-outlet 19.

 Reversed flow on 177 faces (34.6% area) of pressure-outlet 18.
  2293  1.3033e-06  6.0424e-09  5.4456e-09  7.0828e-09  0:33:12 1207

 Reversed flow on 51 faces (24.7% area) of pressure-outlet 19.

 Reversed flow on 177 faces (34.6% area) of pressure-outlet 18.
  2294  1.6830e-06  7.7584e-09  7.2500e-09  8.0097e-09  0:33:08 1206

 Reversed flow on 51 faces (24.7% area) of pressure-outlet 19.

 Reversed flow on 177 faces (34.6% area) of pressure-outlet 18.
  2295  1.3898e-06  6.3112e-09  6.0728e-09  7.3324e-09  0:33:05 1205

 Reversed flow on 51 faces (24.7% area) of pressure-outlet 19.

 Reversed flow on 177 faces (34.6% area) of pressure-outlet 18.
  2296  1.4114e-06  6.7055e-09  6.1170e-09  7.4032e-09  0:33:03 1204

 Reversed flow on 51 faces (24.7% area) of pressure-outlet 19.

 Reversed flow on 177 faces (34.6% area) of pressure-outlet 18.
  2297  1.3031e-06  6.1595e-09  5.5812e-09  6.9046e-09  0:33:02 1203

 Reversed flow on 51 faces (24.7% area) of pressure-outlet 19.

 Reversed flow on 177 faces (34.6% area) of pressure-outlet 18.
  2298  1.6463e-06  7.7506e-09  7.2835e-09  7.4690e-09  0:33:05 1202

 Reversed flow on 51 faces (24.7% area) of pressure-outlet 19.

 Reversed flow on 177 faces (34.6% area) of pressure-outlet 18.
  2299  1.3190e-06  6.1513e-09  5.9771e-09  6.5614e-09  0:33:04 1201

 Reversed flow on 51 faces (24.7% area) of pressure-outlet 19.

 Reversed flow on 177 faces (34.6% area) of pressure-outlet 18.

  iter  continuity  x-velocity  y-velocity  z-velocity     time/iter
  2300  1.3096e-06  6.4194e-09  5.9025e-09  6.4230e-09  0:33:05 1200

 Reversed flow on 51 faces (24.7% area) of pressure-outlet 19.

 Reversed flow on 177 faces (34.6% area) of pressure-outlet 18.
  2301  1.1837e-06  5.7831e-09  5.2787e-09  5.7764e-09  0:33:07 1199

 Reversed flow on 51 faces (24.7% area) of pressure-outlet 19.

 Reversed flow on 177 faces (34.6% area) of pressure-outlet 18.
  2302  1.5245e-06  7.3108e-09  6.9145e-09  6.3413e-09  0:33:05 1198

 Reversed flow on 51 faces (24.7% area) of pressure-outlet 19.

 Reversed flow on 177 faces (34.6% area) of pressure-outlet 18.
  2303  1.1996e-06  5.6410e-09  5.5583e-09  5.5597e-09  0:33:03 1197

 Reversed flow on 51 faces (24.7% area) of pressure-outlet 19.

 Reversed flow on 177 faces (34.6% area) of pressure-outlet 18.
  2304  1.1965e-06  5.8903e-09  5.4805e-09  5.6017e-09  0:33:01 1196

 Reversed flow on 51 faces (24.7% area) of pressure-outlet 19.

 Reversed flow on 177 faces (34.6% area) of pressure-outlet 18.
  2305  1.0911e-06  5.3042e-09  4.9075e-09  5.1749e-09  0:32:57 1195

 Reversed flow on 51 faces (24.7% area) of pressure-outlet 19.

 Reversed flow on 177 faces (34.6% area) of pressure-outlet 18.
  2306  1.4583e-06  6.8992e-09  6.6321e-09  5.9246e-09  0:32:55 1194

 Reversed flow on 51 faces (24.7% area) of pressure-outlet 19.

 Reversed flow on 177 faces (34.6% area) of pressure-outlet 18.
  2307  1.1523e-06  5.2864e-09  5.3448e-09  5.3637e-09  0:32:52 1193

 Reversed flow on 51 faces (24.7% area) of pressure-outlet 19.

 Reversed flow on 177 faces (34.6% area) of pressure-outlet 18.
  2308  1.1754e-06  5.6361e-09  5.3615e-09  5.8081e-09  0:32:51 1192

 Reversed flow on 51 faces (24.7% area) of pressure-outlet 19.

 Reversed flow on 177 faces (34.6% area) of pressure-outlet 18.
  2309  1.1031e-06  5.1487e-09  4.8923e-09  5.7730e-09  0:32:47 1191

 Reversed flow on 51 faces (24.7% area) of pressure-outlet 19.

 Reversed flow on 177 faces (34.6% area) of pressure-outlet 18.
  2310  1.5057e-06  6.8220e-09  6.6919e-09  6.8572e-09  0:32:44 1190

 Reversed flow on 51 faces (24.7% area) of pressure-outlet 19.

 Reversed flow on 177 faces (34.6% area) of pressure-outlet 18.

  iter  continuity  x-velocity  y-velocity  z-velocity     time/iter
  2311  1.2297e-06  5.2911e-09  5.4783e-09  6.4329e-09  0:32:42 1189

 Reversed flow on 51 faces (24.7% area) of pressure-outlet 19.

 Reversed flow on 177 faces (34.6% area) of pressure-outlet 18.
  2312  1.2747e-06  5.7369e-09  5.5490e-09  6.8196e-09  0:32:38 1188

 Reversed flow on 51 faces (24.7% area) of pressure-outlet 19.

 Reversed flow on 177 faces (34.6% area) of pressure-outlet 18.
  2313  1.2107e-06  5.3360e-09  5.1042e-09  6.6622e-09  0:32:35 1187

 Reversed flow on 51 faces (24.7% area) of pressure-outlet 19.

 Reversed flow on 177 faces (34.6% area) of pressure-outlet 18.
  2314  1.6101e-06  7.0757e-09  6.9060e-09  7.5572e-09  0:32:33 1186

 Reversed flow on 51 faces (24.7% area) of pressure-outlet 19.

 Reversed flow on 177 faces (34.6% area) of pressure-outlet 18.
  2315  1.3225e-06  5.5916e-09  5.6872e-09  6.9100e-09  0:32:32 1185

 Reversed flow on 51 faces (24.7% area) of pressure-outlet 19.

 Reversed flow on 177 faces (34.6% area) of pressure-outlet 18.
  2316  1.3440e-06  6.0698e-09  5.7439e-09  7.0421e-09  0:33:03 1184

 Reversed flow on 51 faces (24.7% area) of pressure-outlet 19.

 Reversed flow on 177 faces (34.6% area) of pressure-outlet 18.
  2317  1.2520e-06  5.6562e-09  5.2571e-09  6.6185e-09  0:32:53 1183

 Reversed flow on 51 faces (24.7% area) of pressure-outlet 19.

 Reversed flow on 177 faces (34.6% area) of pressure-outlet 18.
  2318  1.6210e-06  7.3503e-09  6.9874e-09  7.2568e-09  0:32:50 1182

 Reversed flow on 51 faces (24.7% area) of pressure-outlet 19.

 Reversed flow on 177 faces (34.6% area) of pressure-outlet 18.
  2319  1.3082e-06  5.8333e-09  5.7071e-09  6.3710e-09  0:32:44 1181

 Reversed flow on 51 faces (24.7% area) of pressure-outlet 19.

 Reversed flow on 177 faces (34.6% area) of pressure-outlet 18.
  2320  1.3085e-06  6.2569e-09  5.7137e-09  6.3003e-09  0:32:41 1180

 Reversed flow on 51 faces (24.7% area) of pressure-outlet 19.

 Reversed flow on 177 faces (34.6% area) of pressure-outlet 18.
  2321  1.1948e-06  5.7560e-09  5.1643e-09  5.7796e-09  0:33:09 1179

 Reversed flow on 51 faces (24.7% area) of pressure-outlet 19.

 Reversed flow on 177 faces (34.6% area) of pressure-outlet 18.

  iter  continuity  x-velocity  y-velocity  z-velocity     time/iter
  2322  1.5458e-06  7.3400e-09  6.8379e-09  6.3966e-09  0:33:21 1178

 Reversed flow on 51 faces (24.7% area) of pressure-outlet 19.

 Reversed flow on 177 faces (34.6% area) of pressure-outlet 18.
  2323  1.2238e-06  5.7628e-09  5.5412e-09  5.6049e-09  0:33:07 1177

 Reversed flow on 51 faces (24.7% area) of pressure-outlet 19.

 Reversed flow on 177 faces (34.6% area) of pressure-outlet 18.
  2324  1.2238e-06  6.1432e-09  5.5491e-09  5.7116e-09  0:33:00 1176

 Reversed flow on 51 faces (24.7% area) of pressure-outlet 19.

 Reversed flow on 177 faces (34.6% area) of pressure-outlet 18.
  2325  1.1133e-06  5.5926e-09  4.9980e-09  5.3995e-09  0:32:47 1175

 Reversed flow on 51 faces (24.7% area) of pressure-outlet 19.

 Reversed flow on 177 faces (34.6% area) of pressure-outlet 18.
  2326  1.4662e-06  7.1313e-09  6.6848e-09  6.3551e-09  0:34:00 1174

 Reversed flow on 51 faces (24.7% area) of pressure-outlet 19.

 Reversed flow on 177 faces (34.6% area) of pressure-outlet 18.
  2327  1.1679e-06  5.5371e-09  5.4316e-09  5.8843e-09  0:33:39 1173

 Reversed flow on 51 faces (24.7% area) of pressure-outlet 19.

 Reversed flow on 177 faces (34.6% area) of pressure-outlet 18.
  2328  1.2006e-06  5.9065e-09  5.4832e-09  6.2667e-09  0:33:22 1172

 Reversed flow on 51 faces (24.7% area) of pressure-outlet 19.

 Reversed flow on 177 faces (34.6% area) of pressure-outlet 18.
  2329  1.1193e-06  5.3582e-09  4.9717e-09  6.0941e-09  0:33:08 1171

 Reversed flow on 51 faces (24.7% area) of pressure-outlet 19.

 Reversed flow on 177 faces (34.6% area) of pressure-outlet 18.
  2330  1.5012e-06  6.9247e-09  6.6935e-09  7.0016e-09  0:32:57 1170

 Reversed flow on 51 faces (24.7% area) of pressure-outlet 19.

 Reversed flow on 177 faces (34.6% area) of pressure-outlet 18.
  2331  1.2157e-06  5.3622e-09  5.4663e-09  6.4354e-09  0:32:47 1169

 Reversed flow on 51 faces (24.7% area) of pressure-outlet 19.

 Reversed flow on 177 faces (34.6% area) of pressure-outlet 18.
  2332  1.2505e-06  5.7577e-09  5.5215e-09  6.6579e-09  0:32:35 1168

 Reversed flow on 51 faces (24.7% area) of pressure-outlet 19.

 Reversed flow on 177 faces (34.6% area) of pressure-outlet 18.

  iter  continuity  x-velocity  y-velocity  z-velocity     time/iter
  2333  1.1649e-06  5.2072e-09  5.0063e-09  6.2895e-09  0:32:29 1167

 Reversed flow on 51 faces (24.7% area) of pressure-outlet 19.

 Reversed flow on 177 faces (34.6% area) of pressure-outlet 18.
  2334  1.5328e-06  6.7955e-09  6.7215e-09  7.0019e-09  0:32:22 1166

 Reversed flow on 51 faces (24.7% area) of pressure-outlet 19.

 Reversed flow on 177 faces (34.6% area) of pressure-outlet 18.
  2335  1.2219e-06  5.2396e-09  5.4652e-09  6.1908e-09  0:32:13 1165

 Reversed flow on 51 faces (24.7% area) of pressure-outlet 19.

 Reversed flow on 177 faces (34.6% area) of pressure-outlet 18.
  2336  1.2310e-06  5.6367e-09  5.4836e-09  6.1903e-09  0:32:13 1164

 Reversed flow on 51 faces (24.7% area) of pressure-outlet 19.

 Reversed flow on 177 faces (34.6% area) of pressure-outlet 18.
  2337  1.1229e-06  5.0848e-09  4.9270e-09  5.6708e-09  0:32:06 1163

 Reversed flow on 51 faces (24.7% area) of pressure-outlet 19.

 Reversed flow on 177 faces (34.6% area) of pressure-outlet 18.
  2338  1.4838e-06  6.6911e-09  6.6217e-09  6.3242e-09  0:32:02 1162

 Reversed flow on 51 faces (24.7% area) of pressure-outlet 19.

 Reversed flow on 177 faces (34.6% area) of pressure-outlet 18.
  2339  1.1759e-06  5.1261e-09  5.3367e-09  5.5736e-09  0:31:58 1161

 Reversed flow on 51 faces (24.7% area) of pressure-outlet 19.

 Reversed flow on 177 faces (34.6% area) of pressure-outlet 18.
  2340  1.1994e-06  5.5206e-09  5.3405e-09  5.7671e-09  0:31:58 1160

 Reversed flow on 51 faces (24.7% area) of pressure-outlet 19.

 Reversed flow on 177 faces (34.6% area) of pressure-outlet 18.
  2341  1.1098e-06  5.0017e-09  4.8056e-09  5.4310e-09  0:31:58 1159

 Reversed flow on 51 faces (24.7% area) of pressure-outlet 19.

 Reversed flow on 177 faces (34.6% area) of pressure-outlet 18.
  2342  1.4958e-06  6.6913e-09  6.5579e-09  6.2884e-09  0:31:54 1158

 Reversed flow on 51 faces (24.7% area) of pressure-outlet 19.

 Reversed flow on 177 faces (34.6% area) of pressure-outlet 18.
  2343  1.2123e-06  5.2098e-09  5.3426e-09  5.7030e-09  0:31:52 1157

 Reversed flow on 51 faces (24.7% area) of pressure-outlet 19.

 Reversed flow on 177 faces (34.6% area) of pressure-outlet 18.

  iter  continuity  x-velocity  y-velocity  z-velocity     time/iter
  2344  1.2482e-06  5.6842e-09  5.4155e-09  6.0939e-09  0:31:47 1156

 Reversed flow on 51 faces (24.7% area) of pressure-outlet 19.

 Reversed flow on 177 faces (34.6% area) of pressure-outlet 18.
  2345  1.1772e-06  5.2653e-09  4.9687e-09  6.0996e-09  0:31:44 1155

 Reversed flow on 51 faces (24.7% area) of pressure-outlet 19.

 Reversed flow on 177 faces (34.6% area) of pressure-outlet 18.
  2346  1.5935e-06  7.0442e-09  6.8060e-09  7.2232e-09  0:31:43 1154

 Reversed flow on 51 faces (24.7% area) of pressure-outlet 19.

 Reversed flow on 177 faces (34.6% area) of pressure-outlet 18.
  2347  1.3321e-06  5.6298e-09  5.6439e-09  6.8726e-09  0:31:48 1153

 Reversed flow on 51 faces (24.7% area) of pressure-outlet 19.

 Reversed flow on 177 faces (34.6% area) of pressure-outlet 18.
  2348  1.3788e-06  6.1580e-09  5.7618e-09  7.3044e-09  0:31:46 1152

 Reversed flow on 51 faces (24.7% area) of pressure-outlet 19.

 Reversed flow on 177 faces (34.6% area) of pressure-outlet 18.
  2349  1.3040e-06  5.7817e-09  5.3353e-09  7.1635e-09  0:31:44 1151

 Reversed flow on 51 faces (24.7% area) of pressure-outlet 19.

 Reversed flow on 177 faces (34.6% area) of pressure-outlet 18.
  2350  1.7006e-06  7.5824e-09  7.1741e-09  8.1245e-09  0:31:43 1150

 Reversed flow on 51 faces (24.7% area) of pressure-outlet 19.

 Reversed flow on 177 faces (34.6% area) of pressure-outlet 18.
  2351  1.4231e-06  6.1817e-09  6.0157e-09  7.5101e-09  0:31:42 1149

 Reversed flow on 51 faces (24.7% area) of pressure-outlet 19.

 Reversed flow on 177 faces (34.6% area) of pressure-outlet 18.
  2352  1.4502e-06  6.6624e-09  6.1021e-09  7.6499e-09  0:31:38 1148

 Reversed flow on 51 faces (24.7% area) of pressure-outlet 19.

 Reversed flow on 177 faces (34.6% area) of pressure-outlet 18.
  2353  1.3480e-06  6.2214e-09  5.6197e-09  7.2408e-09  0:31:38 1147

 Reversed flow on 51 faces (24.7% area) of pressure-outlet 19.

 Reversed flow on 177 faces (34.6% area) of pressure-outlet 18.
  2354  1.6993e-06  7.9267e-09  7.3871e-09  7.8333e-09  0:31:34 1146

 Reversed flow on 51 faces (24.7% area) of pressure-outlet 19.

 Reversed flow on 177 faces (34.6% area) of pressure-outlet 18.

  iter  continuity  x-velocity  y-velocity  z-velocity     time/iter
  2355  1.3800e-06  6.4133e-09  6.1311e-09  6.9072e-09  0:31:34 1145

 Reversed flow on 51 faces (24.7% area) of pressure-outlet 19.

 Reversed flow on 177 faces (34.6% area) of pressure-outlet 18.
  2356  1.3728e-06  6.7393e-09  6.0855e-09  6.7432e-09  0:31:32 1144

 Reversed flow on 51 faces (24.7% area) of pressure-outlet 19.

 Reversed flow on 177 faces (34.6% area) of pressure-outlet 18.
  2357  1.2420e-06  6.1267e-09  5.4662e-09  6.0558e-09  0:31:33 1143

 Reversed flow on 51 faces (24.7% area) of pressure-outlet 19.

 Reversed flow on 177 faces (34.6% area) of pressure-outlet 18.
  2358  1.5707e-06  7.6450e-09  7.0986e-09  6.5972e-09  0:31:29 1142

 Reversed flow on 51 faces (24.7% area) of pressure-outlet 19.

 Reversed flow on 177 faces (34.6% area) of pressure-outlet 18.
  2359  1.2390e-06  5.9863e-09  5.7584e-09  5.7202e-09  0:31:24 1141

 Reversed flow on 51 faces (24.7% area) of pressure-outlet 19.

 Reversed flow on 177 faces (34.6% area) of pressure-outlet 18.
  2360  1.2319e-06  6.2132e-09  5.6608e-09  5.6872e-09  0:31:23 1140

 Reversed flow on 51 faces (24.7% area) of pressure-outlet 19.

 Reversed flow on 177 faces (34.6% area) of pressure-outlet 18.
  2361  1.1114e-06  5.5640e-09  5.0292e-09  5.2050e-09  0:31:17 1139

 Reversed flow on 51 faces (24.7% area) of pressure-outlet 19.

 Reversed flow on 177 faces (34.6% area) of pressure-outlet 18.
  2362  1.4572e-06  7.0734e-09  6.6821e-09  6.0081e-09  0:31:18 1138

 Reversed flow on 51 faces (24.7% area) of pressure-outlet 19.

 Reversed flow on 177 faces (34.6% area) of pressure-outlet 18.
  2363  1.1485e-06  5.4433e-09  5.4044e-09  5.5513e-09  0:31:16 1137

 Reversed flow on 51 faces (24.7% area) of pressure-outlet 19.

 Reversed flow on 177 faces (34.6% area) of pressure-outlet 18.
  2364  1.1756e-06  5.7421e-09  5.4007e-09  5.9326e-09  0:31:17 1136

 Reversed flow on 51 faces (24.7% area) of pressure-outlet 19.

 Reversed flow on 177 faces (34.6% area) of pressure-outlet 18.
  2365  1.0998e-06  5.1964e-09  4.9029e-09  5.8179e-09  0:31:15 1135

 Reversed flow on 51 faces (24.7% area) of pressure-outlet 19.

 Reversed flow on 177 faces (34.6% area) of pressure-outlet 18.

  iter  continuity  x-velocity  y-velocity  z-velocity     time/iter
  2366  1.4898e-06  6.8231e-09  6.6697e-09  6.8235e-09  0:31:12 1134

 Reversed flow on 51 faces (24.7% area) of pressure-outlet 19.

 Reversed flow on 177 faces (34.6% area) of pressure-outlet 18.
  2367  1.2163e-06  5.2998e-09  5.4706e-09  6.3770e-09  0:31:13 1133

 Reversed flow on 51 faces (24.7% area) of pressure-outlet 19.

 Reversed flow on 177 faces (34.6% area) of pressure-outlet 18.
  2368  1.2631e-06  5.7177e-09  5.5384e-09  6.7243e-09  0:31:10 1132

 Reversed flow on 51 faces (24.7% area) of pressure-outlet 19.

 Reversed flow on 177 faces (34.6% area) of pressure-outlet 18.
  2369  1.1972e-06  5.2750e-09  5.0839e-09  6.5158e-09  0:31:13 1131

 Reversed flow on 51 faces (24.7% area) of pressure-outlet 19.

 Reversed flow on 177 faces (34.6% area) of pressure-outlet 18.
  2370  1.5884e-06  6.9641e-09  6.8747e-09  7.3713e-09  0:31:11 1130

 Reversed flow on 51 faces (24.7% area) of pressure-outlet 19.

 Reversed flow on 177 faces (34.6% area) of pressure-outlet 18.
  2371  1.2999e-06  5.4718e-09  5.6623e-09  6.7160e-09  0:31:09 1129

 Reversed flow on 51 faces (24.7% area) of pressure-outlet 19.

 Reversed flow on 177 faces (34.6% area) of pressure-outlet 18.
  2372  1.3201e-06  5.9306e-09  5.7066e-09  6.8040e-09  0:31:06 1128

 Reversed flow on 51 faces (24.7% area) of pressure-outlet 19.

 Reversed flow on 177 faces (34.6% area) of pressure-outlet 18.
  2373  1.2286e-06  5.5088e-09  5.2127e-09  6.3536e-09  0:31:04 1127

 Reversed flow on 51 faces (24.7% area) of pressure-outlet 19.

 Reversed flow on 177 faces (34.6% area) of pressure-outlet 18.
  2374  1.5985e-06  7.2060e-09  6.9527e-09  6.9856e-09  0:31:00 1126

 Reversed flow on 51 faces (24.7% area) of pressure-outlet 19.

 Reversed flow on 177 faces (34.6% area) of pressure-outlet 18.
  2375  1.2850e-06  5.6810e-09  5.6703e-09  6.1367e-09  0:30:59 1125

 Reversed flow on 51 faces (24.7% area) of pressure-outlet 19.

 Reversed flow on 177 faces (34.6% area) of pressure-outlet 18.
  2376  1.2873e-06  6.1047e-09  5.6605e-09  6.1710e-09  0:30:57 1124

 Reversed flow on 51 faces (24.7% area) of pressure-outlet 19.

 Reversed flow on 177 faces (34.6% area) of pressure-outlet 18.

  iter  continuity  x-velocity  y-velocity  z-velocity     time/iter
  2377  1.1862e-06  5.6282e-09  5.1189e-09  5.7787e-09  0:30:51 1123

 Reversed flow on 51 faces (24.7% area) of pressure-outlet 19.

 Reversed flow on 177 faces (34.6% area) of pressure-outlet 18.
  2378  1.5499e-06  7.2643e-09  6.8218e-09  6.4768e-09  0:30:54 1122

 Reversed flow on 51 faces (24.7% area) of pressure-outlet 19.

 Reversed flow on 177 faces (34.6% area) of pressure-outlet 18.
  2379  1.2355e-06  5.6948e-09  5.5153e-09  5.7040e-09  0:30:54 1121

 Reversed flow on 51 faces (24.7% area) of pressure-outlet 19.

 Reversed flow on 177 faces (34.6% area) of pressure-outlet 18.
  2380  1.2381e-06  6.0950e-09  5.5229e-09  5.7974e-09  0:30:51 1120

 Reversed flow on 51 faces (24.7% area) of pressure-outlet 19.

 Reversed flow on 177 faces (34.6% area) of pressure-outlet 18.
  2381  1.1368e-06  5.6049e-09  5.0077e-09  5.5550e-09  0:30:51 1119

 Reversed flow on 51 faces (24.7% area) of pressure-outlet 19.

 Reversed flow on 177 faces (34.6% area) of pressure-outlet 18.
  2382  1.5107e-06  7.2236e-09  6.7430e-09  6.5571e-09  0:30:49 1118

 Reversed flow on 51 faces (24.7% area) of pressure-outlet 19.

 Reversed flow on 177 faces (34.6% area) of pressure-outlet 18.
  2383  1.2128e-06  5.6424e-09  5.4890e-09  6.0973e-09  0:30:46 1117

 Reversed flow on 51 faces (24.7% area) of pressure-outlet 19.

 Reversed flow on 177 faces (34.6% area) of pressure-outlet 18.
  2384  1.2373e-06  6.0426e-09  5.5496e-09  6.4811e-09  0:30:42 1116

 Reversed flow on 51 faces (24.7% area) of pressure-outlet 19.

 Reversed flow on 177 faces (34.6% area) of pressure-outlet 18.
  2385  1.1550e-06  5.5519e-09  5.0788e-09  6.3226e-09  0:30:39 1115

 Reversed flow on 51 faces (24.7% area) of pressure-outlet 19.

 Reversed flow on 177 faces (34.6% area) of pressure-outlet 18.
  2386  1.5435e-06  7.1652e-09  6.8318e-09  7.2351e-09  0:30:37 1114

 Reversed flow on 51 faces (24.7% area) of pressure-outlet 19.

 Reversed flow on 177 faces (34.6% area) of pressure-outlet 18.
  2387  1.2535e-06  5.5968e-09  5.5851e-09  6.6357e-09  0:30:36 1113

 Reversed flow on 51 faces (24.7% area) of pressure-outlet 19.

 Reversed flow on 177 faces (34.6% area) of pressure-outlet 18.

  iter  continuity  x-velocity  y-velocity  z-velocity     time/iter
  2388  1.2778e-06  5.9898e-09  5.6429e-09  6.8313e-09  0:30:36 1112

 Reversed flow on 51 faces (24.7% area) of pressure-outlet 19.

 Reversed flow on 177 faces (34.6% area) of pressure-outlet 18.
  2389  1.1839e-06  5.4590e-09  5.1358e-09  6.4493e-09  0:30:33 1111

 Reversed flow on 51 faces (24.7% area) of pressure-outlet 19.

 Reversed flow on 177 faces (34.6% area) of pressure-outlet 18.
  2390  1.5502e-06  7.0430e-09  6.8430e-09  7.1217e-09  0:30:33 1110

 Reversed flow on 51 faces (24.7% area) of pressure-outlet 19.

 Reversed flow on 177 faces (34.6% area) of pressure-outlet 18.
  2391  1.2390e-06  5.4573e-09  5.5625e-09  6.3013e-09  0:30:29 1109

 Reversed flow on 51 faces (24.7% area) of pressure-outlet 19.

 Reversed flow on 177 faces (34.6% area) of pressure-outlet 18.
  2392  1.2462e-06  5.8169e-09  5.5612e-09  6.2763e-09  0:30:26 1108

 Reversed flow on 51 faces (24.7% area) of pressure-outlet 19.

 Reversed flow on 177 faces (34.6% area) of pressure-outlet 18.
  2393  1.1346e-06  5.2339e-09  4.9757e-09  5.6754e-09  0:30:24 1107

 Reversed flow on 51 faces (24.7% area) of pressure-outlet 19.

 Reversed flow on 177 faces (34.6% area) of pressure-outlet 18.
  2394  1.4815e-06  6.7841e-09  6.6252e-09  6.2093e-09  0:30:23 1106

 Reversed flow on 51 faces (24.7% area) of pressure-outlet 19.

 Reversed flow on 177 faces (34.6% area) of pressure-outlet 18.
  2395  1.1597e-06  5.1848e-09  5.3189e-09  5.3847e-09  0:30:22 1105

 Reversed flow on 51 faces (24.7% area) of pressure-outlet 19.

 Reversed flow on 177 faces (34.6% area) of pressure-outlet 18.
  2396  1.1660e-06  5.5291e-09  5.3095e-09  5.4482e-09  0:30:18 1104

 Reversed flow on 51 faces (24.7% area) of pressure-outlet 19.

 Reversed flow on 177 faces (34.6% area) of pressure-outlet 18.
  2397  1.0610e-06  4.9402e-09  4.7280e-09  5.0496e-09  0:30:19 1103

 Reversed flow on 51 faces (24.7% area) of pressure-outlet 19.

 Reversed flow on 177 faces (34.6% area) of pressure-outlet 18.
  2398  1.4228e-06  6.5249e-09  6.4154e-09  5.8508e-09  0:30:19 1102

 Reversed flow on 51 faces (24.7% area) of pressure-outlet 19.

 Reversed flow on 177 faces (34.6% area) of pressure-outlet 18.

  iter  continuity  x-velocity  y-velocity  z-velocity     time/iter
  2399  1.1306e-06  4.9960e-09  5.1779e-09  5.3734e-09  0:30:19 1101

 Reversed flow on 51 faces (24.7% area) of pressure-outlet 19.

 Reversed flow on 177 faces (34.6% area) of pressure-outlet 18.
  2400  1.1726e-06  5.4229e-09  5.2496e-09  5.8804e-09  0:30:19 1100

 Reversed flow on 51 faces (24.7% area) of pressure-outlet 19.

 Reversed flow on 177 faces (34.6% area) of pressure-outlet 18.
  2401  1.1090e-06  4.9370e-09  4.7758e-09  5.8702e-09  0:30:19 1099

 Reversed flow on 51 faces (24.7% area) of pressure-outlet 19.

 Reversed flow on 177 faces (34.6% area) of pressure-outlet 18.
  2402  1.5151e-06  6.6492e-09  6.5817e-09  7.0182e-09  0:30:17 1098

 Reversed flow on 51 faces (24.7% area) of pressure-outlet 19.

 Reversed flow on 177 faces (34.6% area) of pressure-outlet 18.
  2403  1.2607e-06  5.2549e-09  5.4506e-09  6.7043e-09  0:30:11 1097

 Reversed flow on 51 faces (24.7% area) of pressure-outlet 19.

 Reversed flow on 177 faces (34.6% area) of pressure-outlet 18.
  2404  1.3309e-06  5.7991e-09  5.5980e-09  7.1699e-09  0:30:06 1096

 Reversed flow on 51 faces (24.7% area) of pressure-outlet 19.

 Reversed flow on 177 faces (34.6% area) of pressure-outlet 18.
  2405  1.2832e-06  5.4263e-09  5.1792e-09  7.0179e-09  0:30:03 1095

 Reversed flow on 51 faces (24.7% area) of pressure-outlet 19.

 Reversed flow on 177 faces (34.6% area) of pressure-outlet 18.
  2406  1.6881e-06  7.2268e-09  7.0064e-09  7.9558e-09  0:30:01 1094

 Reversed flow on 51 faces (24.7% area) of pressure-outlet 19.

 Reversed flow on 177 faces (34.6% area) of pressure-outlet 18.
  2407  1.4142e-06  5.8657e-09  5.8698e-09  7.3976e-09  0:30:00 1093

 Reversed flow on 51 faces (24.7% area) of pressure-outlet 19.

 Reversed flow on 177 faces (34.6% area) of pressure-outlet 18.
  2408  1.4458e-06  6.4059e-09  5.9787e-09  7.5784e-09  0:29:57 1092

 Reversed flow on 51 faces (24.7% area) of pressure-outlet 19.

 Reversed flow on 177 faces (34.6% area) of pressure-outlet 18.
  2409  1.3471e-06  6.0105e-09  5.5081e-09  7.1206e-09  0:29:56 1091

 Reversed flow on 51 faces (24.7% area) of pressure-outlet 19.

 Reversed flow on 177 faces (34.6% area) of pressure-outlet 18.

  iter  continuity  x-velocity  y-velocity  z-velocity     time/iter
  2410  1.7117e-06  7.7697e-09  7.2927e-09  7.7570e-09  0:29:58 1090

 Reversed flow on 51 faces (24.7% area) of pressure-outlet 19.

 Reversed flow on 177 faces (34.6% area) of pressure-outlet 18.
  2411  1.4034e-06  6.3306e-09  6.0788e-09  6.8886e-09  0:29:56 1089

 Reversed flow on 51 faces (24.7% area) of pressure-outlet 19.

 Reversed flow on 177 faces (34.6% area) of pressure-outlet 18.
  2412  1.4051e-06  6.7545e-09  6.0931e-09  6.8629e-09  0:29:55 1088

 Reversed flow on 51 faces (24.7% area) of pressure-outlet 19.

 Reversed flow on 177 faces (34.6% area) of pressure-outlet 18.
  2413  1.2798e-06  6.2377e-09  5.5341e-09  6.2951e-09  0:29:55 1087

 Reversed flow on 51 faces (24.7% area) of pressure-outlet 19.

 Reversed flow on 177 faces (34.6% area) of pressure-outlet 18.
  2414  1.6214e-06  7.8575e-09  7.2399e-09  6.9067e-09  0:30:40 1086

 Reversed flow on 51 faces (24.7% area) of pressure-outlet 19.

 Reversed flow on 177 faces (34.6% area) of pressure-outlet 18.
  2415  1.2931e-06  6.2476e-09  5.9272e-09  6.0345e-09  0:31:31 1085

 Reversed flow on 51 faces (24.7% area) of pressure-outlet 19.

 Reversed flow on 177 faces (34.6% area) of pressure-outlet 18.
  2416  1.2844e-06  6.5179e-09  5.8434e-09  6.0157e-09  0:31:20 1084

 Reversed flow on 51 faces (24.7% area) of pressure-outlet 19.

 Reversed flow on 177 faces (34.6% area) of pressure-outlet 18.
  2417  1.1608e-06  5.8877e-09  5.2311e-09  5.5181e-09  0:31:05 1083

 Reversed flow on 51 faces (24.7% area) of pressure-outlet 19.

 Reversed flow on 177 faces (34.6% area) of pressure-outlet 18.
  2418  1.5073e-06  7.4204e-09  6.9062e-09  6.3507e-09  0:30:56 1082

 Reversed flow on 51 faces (24.7% area) of pressure-outlet 19.

 Reversed flow on 177 faces (34.6% area) of pressure-outlet 18.
  2419  1.1943e-06  5.7532e-09  5.5964e-09  5.8221e-09  0:30:59 1081

 Reversed flow on 51 faces (24.7% area) of pressure-outlet 19.

 Reversed flow on 177 faces (34.6% area) of pressure-outlet 18.
  2420  1.2110e-06  6.0058e-09  5.5456e-09  6.1371e-09  0:30:46 1080

 Reversed flow on 51 faces (24.7% area) of pressure-outlet 19.

 Reversed flow on 177 faces (34.6% area) of pressure-outlet 18.

  iter  continuity  x-velocity  y-velocity  z-velocity     time/iter
  2421  1.1230e-06  5.4178e-09  5.0002e-09  5.9745e-09  0:31:14 1079

 Reversed flow on 51 faces (24.7% area) of pressure-outlet 19.

 Reversed flow on 177 faces (34.6% area) of pressure-outlet 18.
  2422  1.5094e-06  7.0172e-09  6.7637e-09  6.9499e-09  0:31:24 1078

 Reversed flow on 51 faces (24.7% area) of pressure-outlet 19.

 Reversed flow on 177 faces (34.6% area) of pressure-outlet 18.
  2423  1.2252e-06  5.4281e-09  5.5203e-09  6.4232e-09  0:31:19 1077

 Reversed flow on 51 faces (24.7% area) of pressure-outlet 19.

 Reversed flow on 177 faces (34.6% area) of pressure-outlet 18.
  2424  1.2579e-06  5.7866e-09  5.5460e-09  6.6828e-09  0:31:41 1076

 Reversed flow on 51 faces (24.7% area) of pressure-outlet 19.

 Reversed flow on 177 faces (34.6% area) of pressure-outlet 18.
  2425  1.1813e-06  5.3027e-09  5.0772e-09  6.4071e-09  0:31:28 1075

 Reversed flow on 51 faces (24.7% area) of pressure-outlet 19.

 Reversed flow on 177 faces (34.6% area) of pressure-outlet 18.
  2426  1.5670e-06  6.9769e-09  6.8688e-09  7.2395e-09  0:31:29 1074

 Reversed flow on 51 faces (24.7% area) of pressure-outlet 19.

 Reversed flow on 177 faces (34.6% area) of pressure-outlet 18.
  2427  1.2718e-06  5.4435e-09  5.6296e-09  6.5362e-09  0:31:46 1073

 Reversed flow on 51 faces (24.7% area) of pressure-outlet 19.

 Reversed flow on 177 faces (34.6% area) of pressure-outlet 18.
  2428  1.2902e-06  5.8491e-09  5.6529e-09  6.6319e-09  0:31:43 1072

 Reversed flow on 51 faces (24.7% area) of pressure-outlet 19.

 Reversed flow on 177 faces (34.6% area) of pressure-outlet 18.
  2429  1.1983e-06  5.3882e-09  5.1464e-09  6.1860e-09  0:31:57 1071

 Reversed flow on 51 faces (24.7% area) of pressure-outlet 19.

 Reversed flow on 177 faces (34.6% area) of pressure-outlet 18.
  2430  1.5678e-06  7.0590e-09  6.8755e-09  6.8210e-09  0:32:00 1070

 Reversed flow on 51 faces (24.7% area) of pressure-outlet 19.

 Reversed flow on 177 faces (34.6% area) of pressure-outlet 18.
  2431  1.2585e-06  5.5239e-09  5.5922e-09  5.9731e-09  0:31:40 1069

 Reversed flow on 51 faces (24.7% area) of pressure-outlet 19.

 Reversed flow on 177 faces (34.6% area) of pressure-outlet 18.

  iter  continuity  x-velocity  y-velocity  z-velocity     time/iter
  2432  1.2665e-06  5.9321e-09  5.5821e-09  6.0382e-09  0:31:19 1068

 Reversed flow on 51 faces (24.7% area) of pressure-outlet 19.

 Reversed flow on 177 faces (34.6% area) of pressure-outlet 18.
  2433  1.1686e-06  5.4509e-09  5.0492e-09  5.6186e-09  0:31:06 1067

 Reversed flow on 51 faces (24.7% area) of pressure-outlet 19.

 Reversed flow on 177 faces (34.6% area) of pressure-outlet 18.
  2434  1.5330e-06  7.0993e-09  6.7567e-09  6.3470e-09  0:30:58 1066

 Reversed flow on 51 faces (24.7% area) of pressure-outlet 19.

 Reversed flow on 177 faces (34.6% area) of pressure-outlet 18.
  2435  1.2234e-06  5.5731e-09  5.4820e-09  5.6498e-09  0:31:05 1065

 Reversed flow on 51 faces (24.7% area) of pressure-outlet 19.

 Reversed flow on 177 faces (34.6% area) of pressure-outlet 18.
  2436  1.2371e-06  5.9982e-09  5.5024e-09  5.9269e-09  0:30:45 1064

 Reversed flow on 51 faces (24.7% area) of pressure-outlet 19.

 Reversed flow on 177 faces (34.6% area) of pressure-outlet 18.
  2437  1.1460e-06  5.5183e-09  5.0051e-09  5.8145e-09  0:30:32 1063

 Reversed flow on 51 faces (24.7% area) of pressure-outlet 19.

 Reversed flow on 177 faces (34.6% area) of pressure-outlet 18.
  2438  1.5259e-06  7.1504e-09  6.7401e-09  6.8141e-09  0:30:28 1062

 Reversed flow on 51 faces (24.7% area) of pressure-outlet 19.

 Reversed flow on 177 faces (34.6% area) of pressure-outlet 18.
  2439  1.2382e-06  5.6343e-09  5.5173e-09  6.3543e-09  0:30:48 1061

 Reversed flow on 51 faces (24.7% area) of pressure-outlet 19.

 Reversed flow on 177 faces (34.6% area) of pressure-outlet 18.
  2440  1.2733e-06  6.0886e-09  5.5966e-09  6.7014e-09  0:30:53 1060

 Reversed flow on 51 faces (24.7% area) of pressure-outlet 19.

 Reversed flow on 177 faces (34.6% area) of pressure-outlet 18.
  2441  1.1995e-06  5.6314e-09  5.1324e-09  6.5062e-09  0:30:42 1059

 Reversed flow on 51 faces (24.7% area) of pressure-outlet 19.

 Reversed flow on 177 faces (34.6% area) of pressure-outlet 18.
  2442  1.5816e-06  7.2660e-09  6.8803e-09  7.3782e-09  0:30:39 1058

 Reversed flow on 51 faces (24.7% area) of pressure-outlet 19.

 Reversed flow on 177 faces (34.6% area) of pressure-outlet 18.

  iter  continuity  x-velocity  y-velocity  z-velocity     time/iter
  2443  1.2878e-06  5.7461e-09  5.6561e-09  6.7649e-09  0:30:29 1057

 Reversed flow on 51 faces (24.7% area) of pressure-outlet 19.

 Reversed flow on 177 faces (34.6% area) of pressure-outlet 18.
  2444  1.3095e-06  6.1807e-09  5.7343e-09  6.9339e-09  0:30:36 1056

 Reversed flow on 51 faces (24.7% area) of pressure-outlet 19.

 Reversed flow on 177 faces (34.6% area) of pressure-outlet 18.
  2445  1.2136e-06  5.6805e-09  5.2362e-09  6.5062e-09  0:30:15 1055

 Reversed flow on 51 faces (24.7% area) of pressure-outlet 19.

 Reversed flow on 177 faces (34.6% area) of pressure-outlet 18.
  2446  1.5715e-06  7.2669e-09  6.9387e-09  7.1093e-09  0:30:01 1054

 Reversed flow on 51 faces (24.7% area) of pressure-outlet 19.

 Reversed flow on 177 faces (34.6% area) of pressure-outlet 18.
  2447  1.2527e-06  5.6784e-09  5.6530e-09  6.2420e-09  0:29:49 1053

 Reversed flow on 51 faces (24.7% area) of pressure-outlet 19.

 Reversed flow on 177 faces (34.6% area) of pressure-outlet 18.
  2448  1.2523e-06  6.0411e-09  5.6573e-09  6.1917e-09  0:29:51 1052

 Reversed flow on 51 faces (24.7% area) of pressure-outlet 19.

 Reversed flow on 177 faces (34.6% area) of pressure-outlet 18.
  2449  1.1375e-06  5.4611e-09  5.0779e-09  5.6111e-09  0:30:01 1051

 Reversed flow on 51 faces (24.7% area) of pressure-outlet 19.

 Reversed flow on 177 faces (34.6% area) of pressure-outlet 18.
  2450  1.4864e-06  6.9862e-09  6.7232e-09  6.2089e-09  0:29:55 1050

 Reversed flow on 51 faces (24.7% area) of pressure-outlet 19.

 Reversed flow on 177 faces (34.6% area) of pressure-outlet 18.
  2451  1.1666e-06  5.3292e-09  5.3860e-09  5.4312e-09  0:29:47 1049

 Reversed flow on 51 faces (24.7% area) of pressure-outlet 19.

 Reversed flow on 177 faces (34.6% area) of pressure-outlet 18.
  2452  1.1662e-06  5.6330e-09  5.3503e-09  5.4656e-09  0:29:44 1048

 Reversed flow on 51 faces (24.7% area) of pressure-outlet 19.

 Reversed flow on 177 faces (34.6% area) of pressure-outlet 18.
  2453  1.0573e-06  5.0376e-09  4.7566e-09  5.0159e-09  0:29:31 1047

 Reversed flow on 51 faces (24.7% area) of pressure-outlet 19.

 Reversed flow on 177 faces (34.6% area) of pressure-outlet 18.

  iter  continuity  x-velocity  y-velocity  z-velocity     time/iter
  2454  1.4173e-06  6.6010e-09  6.4368e-09  5.7522e-09  0:29:26 1046

 Reversed flow on 51 faces (24.7% area) of pressure-outlet 19.

 Reversed flow on 177 faces (34.6% area) of pressure-outlet 18.
  2455  1.1088e-06  4.9950e-09  5.1565e-09  5.2241e-09  0:29:18 1045

 Reversed flow on 51 faces (24.7% area) of pressure-outlet 19.

 Reversed flow on 177 faces (34.6% area) of pressure-outlet 18.
  2456  1.1333e-06  5.3619e-09  5.1898e-09  5.6742e-09  0:29:12 1044

 Reversed flow on 51 faces (24.7% area) of pressure-outlet 19.

 Reversed flow on 177 faces (34.6% area) of pressure-outlet 18.
  2457  1.0596e-06  4.8261e-09  4.6872e-09  5.6358e-09  0:29:07 1043

 Reversed flow on 51 faces (24.7% area) of pressure-outlet 19.

 Reversed flow on 177 faces (34.6% area) of pressure-outlet 18.
  2458  1.4627e-06  6.4949e-09  6.4733e-09  6.7553e-09  0:29:03 1042

 Reversed flow on 51 faces (24.7% area) of pressure-outlet 19.

 Reversed flow on 177 faces (34.6% area) of pressure-outlet 18.
  2459  1.2035e-06  5.0115e-09  5.3003e-09  6.4007e-09  0:28:59 1041

 Reversed flow on 51 faces (24.7% area) of pressure-outlet 19.

 Reversed flow on 177 faces (34.6% area) of pressure-outlet 18.
  2460  1.2663e-06  5.5007e-09  5.4186e-09  6.8458e-09  0:28:53 1040

 Reversed flow on 51 faces (24.7% area) of pressure-outlet 19.

 Reversed flow on 177 faces (34.6% area) of pressure-outlet 18.
  2461  1.2105e-06  5.0966e-09  4.9885e-09  6.7253e-09  0:28:46 1039

 Reversed flow on 51 faces (24.7% area) of pressure-outlet 19.

 Reversed flow on 177 faces (34.6% area) of pressure-outlet 18.
  2462  1.6190e-06  6.8846e-09  6.8337e-09  7.7056e-09  0:28:44 1038

 Reversed flow on 51 faces (24.7% area) of pressure-outlet 19.

 Reversed flow on 177 faces (34.6% area) of pressure-outlet 18.
  2463  1.3516e-06  5.4865e-09  5.6876e-09  7.1614e-09  0:28:38 1037

 Reversed flow on 51 faces (24.7% area) of pressure-outlet 19.

 Reversed flow on 177 faces (34.6% area) of pressure-outlet 18.
  2464  1.3988e-06  6.0315e-09  5.7999e-09  7.3463e-09  0:28:36 1036

 Reversed flow on 51 faces (24.7% area) of pressure-outlet 19.

 Reversed flow on 177 faces (34.6% area) of pressure-outlet 18.

  iter  continuity  x-velocity  y-velocity  z-velocity     time/iter
  2465  1.3206e-06  5.6518e-09  5.3334e-09  6.9397e-09  0:28:36 1035

 Reversed flow on 51 faces (24.7% area) of pressure-outlet 19.

 Reversed flow on 177 faces (34.6% area) of pressure-outlet 18.
  2466  1.6945e-06  7.4354e-09  7.1134e-09  7.6414e-09  0:28:33 1034

 Reversed flow on 51 faces (24.7% area) of pressure-outlet 19.

 Reversed flow on 177 faces (34.6% area) of pressure-outlet 18.
  2467  1.3909e-06  6.0279e-09  5.8995e-09  6.8420e-09  0:28:30 1033

 Reversed flow on 51 faces (24.7% area) of pressure-outlet 19.

 Reversed flow on 177 faces (34.6% area) of pressure-outlet 18.
  2468  1.4009e-06  6.5048e-09  5.9367e-09  6.8263e-09  0:28:25 1032

 Reversed flow on 51 faces (24.7% area) of pressure-outlet 19.

 Reversed flow on 177 faces (34.6% area) of pressure-outlet 18.
  2469  1.2914e-06  6.0414e-09  5.4045e-09  6.3437e-09  0:28:21 1031

 Reversed flow on 51 faces (24.7% area) of pressure-outlet 19.

 Reversed flow on 177 faces (34.6% area) of pressure-outlet 18.
  2470  1.6453e-06  7.7301e-09  7.1473e-09  6.9789e-09  0:28:21 1030

 Reversed flow on 51 faces (24.7% area) of pressure-outlet 19.

 Reversed flow on 177 faces (34.6% area) of pressure-outlet 18.
  2471  1.3339e-06  6.2535e-09  5.9119e-09  6.2549e-09  0:28:19 1029

 Reversed flow on 51 faces (24.7% area) of pressure-outlet 19.

 Reversed flow on 177 faces (34.6% area) of pressure-outlet 18.
  2472  1.3379e-06  6.6437e-09  5.9196e-09  6.3502e-09  0:28:18 1028

 Reversed flow on 51 faces (24.7% area) of pressure-outlet 19.

 Reversed flow on 177 faces (34.6% area) of pressure-outlet 18.
  2473  1.2163e-06  6.0940e-09  5.3710e-09  5.9691e-09  0:28:13 1027

 Reversed flow on 51 faces (24.7% area) of pressure-outlet 19.

 Reversed flow on 177 faces (34.6% area) of pressure-outlet 18.
  2474  1.5639e-06  7.6746e-09  7.0894e-09  6.8543e-09  0:28:10 1026

 Reversed flow on 51 faces (24.7% area) of pressure-outlet 19.

 Reversed flow on 177 faces (34.6% area) of pressure-outlet 18.
  2475  1.2609e-06  6.0987e-09  5.8349e-09  6.3465e-09  0:28:10 1025

 Reversed flow on 51 faces (24.7% area) of pressure-outlet 19.

 Reversed flow on 177 faces (34.6% area) of pressure-outlet 18.

  iter  continuity  x-velocity  y-velocity  z-velocity     time/iter
  2476  1.2832e-06  6.3945e-09  5.8170e-09  6.6382e-09  0:28:10 1024

 Reversed flow on 51 faces (24.7% area) of pressure-outlet 19.

 Reversed flow on 177 faces (34.6% area) of pressure-outlet 18.
  2477  1.1878e-06  5.7939e-09  5.2552e-09  6.3816e-09  0:28:10 1023

 Reversed flow on 51 faces (24.7% area) of pressure-outlet 19.

 Reversed flow on 177 faces (34.6% area) of pressure-outlet 18.
  2478  1.5573e-06  7.3415e-09  6.9687e-09  7.2276e-09  0:28:11 1022

 Reversed flow on 51 faces (24.7% area) of pressure-outlet 19.

 Reversed flow on 177 faces (34.6% area) of pressure-outlet 18.
  2479  1.2637e-06  5.7506e-09  5.7090e-09  6.6122e-09  0:28:10 1021

 Reversed flow on 51 faces (24.7% area) of pressure-outlet 19.

 Reversed flow on 177 faces (34.6% area) of pressure-outlet 18.
  2480  1.2900e-06  6.0731e-09  5.6871e-09  6.7805e-09  0:28:06 1020

 Reversed flow on 51 faces (24.7% area) of pressure-outlet 19.

 Reversed flow on 177 faces (34.6% area) of pressure-outlet 18.
  2481  1.1992e-06  5.5143e-09  5.1638e-09  6.4152e-09  0:28:03 1019

 Reversed flow on 51 faces (24.7% area) of pressure-outlet 19.

 Reversed flow on 177 faces (34.6% area) of pressure-outlet 18.
  2482  1.5664e-06  7.1130e-09  6.9023e-09  7.1271e-09  0:28:00 1018

 Reversed flow on 51 faces (24.7% area) of pressure-outlet 19.

 Reversed flow on 177 faces (34.6% area) of pressure-outlet 18.
  2483  1.2563e-06  5.5412e-09  5.6427e-09  6.3178e-09  0:27:58 1017

 Reversed flow on 51 faces (24.7% area) of pressure-outlet 19.

 Reversed flow on 177 faces (34.6% area) of pressure-outlet 18.
  2484  1.2667e-06  5.8977e-09  5.6369e-09  6.3128e-09  0:29:06 1016

 Reversed flow on 51 faces (24.7% area) of pressure-outlet 19.

 Reversed flow on 177 faces (34.6% area) of pressure-outlet 18.
  2485  1.1663e-06  5.3928e-09  5.1169e-09  5.8171e-09  0:28:55 1015

 Reversed flow on 51 faces (24.7% area) of pressure-outlet 19.

 Reversed flow on 177 faces (34.6% area) of pressure-outlet 18.
  2486  1.5299e-06  7.0251e-09  6.8405e-09  6.4606e-09  0:28:43 1014

 Reversed flow on 51 faces (24.7% area) of pressure-outlet 19.

 Reversed flow on 177 faces (34.6% area) of pressure-outlet 18.

  iter  continuity  x-velocity  y-velocity  z-velocity     time/iter
  2487  1.2161e-06  5.4299e-09  5.5370e-09  5.6852e-09  0:28:31 1013

 Reversed flow on 51 faces (24.7% area) of pressure-outlet 19.

 Reversed flow on 177 faces (34.6% area) of pressure-outlet 18.
  2488  1.2265e-06  5.7818e-09  5.5077e-09  5.8313e-09  0:28:21 1012

 Reversed flow on 51 faces (24.7% area) of pressure-outlet 19.

 Reversed flow on 177 faces (34.6% area) of pressure-outlet 18.
  2489  1.1297e-06  5.2821e-09  4.9771e-09  5.4620e-09  0:28:23 1011

 Reversed flow on 51 faces (24.7% area) of pressure-outlet 19.

 Reversed flow on 177 faces (34.6% area) of pressure-outlet 18.
  2490  1.5062e-06  6.9424e-09  6.7030e-09  6.2407e-09  0:28:14 1010

 Reversed flow on 51 faces (24.7% area) of pressure-outlet 19.

 Reversed flow on 177 faces (34.6% area) of pressure-outlet 18.
  2491  1.2029e-06  5.3837e-09  5.4197e-09  5.5578e-09  0:28:07 1009

 Reversed flow on 51 faces (24.7% area) of pressure-outlet 19.

 Reversed flow on 177 faces (34.6% area) of pressure-outlet 18.
  2492  1.2200e-06  5.7991e-09  5.4337e-09  5.9124e-09  0:28:02 1008

 Reversed flow on 51 faces (24.7% area) of pressure-outlet 19.

 Reversed flow on 177 faces (34.6% area) of pressure-outlet 18.
  2493  1.1401e-06  5.3572e-09  4.9616e-09  5.8631e-09  0:27:55 1007

 Reversed flow on 51 faces (24.7% area) of pressure-outlet 19.

 Reversed flow on 177 faces (34.6% area) of pressure-outlet 18.
  2494  1.5375e-06  7.0535e-09  6.7468e-09  6.9355e-09  0:27:51 1006

 Reversed flow on 51 faces (24.7% area) of pressure-outlet 19.

 Reversed flow on 177 faces (34.6% area) of pressure-outlet 18.
  2495  1.2560e-06  5.5419e-09  5.5204e-09  6.4946e-09  0:27:44 1005

 Reversed flow on 51 faces (24.7% area) of pressure-outlet 19.

 Reversed flow on 177 faces (34.6% area) of pressure-outlet 18.
  2496  1.2931e-06  6.0069e-09  5.6004e-09  6.8645e-09  0:27:42 1004

 Reversed flow on 51 faces (24.7% area) of pressure-outlet 19.

 Reversed flow on 177 faces (34.6% area) of pressure-outlet 18.
  2497  1.2239e-06  5.5956e-09  5.1582e-09  6.6942e-09  0:27:40 1003

 Reversed flow on 51 faces (24.7% area) of pressure-outlet 19.

 Reversed flow on 177 faces (34.6% area) of pressure-outlet 18.

  iter  continuity  x-velocity  y-velocity  z-velocity     time/iter
  2498  1.6155e-06  7.2971e-09  6.9331e-09  7.5722e-09  0:27:39 1002

 Reversed flow on 51 faces (24.7% area) of pressure-outlet 19.

 Reversed flow on 177 faces (34.6% area) of pressure-outlet 18.
  2499  1.3222e-06  5.7895e-09  5.7066e-09  6.9044e-09  0:27:38 1001

 Reversed flow on 51 faces (24.7% area) of pressure-outlet 19.

 Reversed flow on 177 faces (34.6% area) of pressure-outlet 18.
  2500  1.3389e-06  6.2368e-09  5.7749e-09  7.0329e-09  0:27:35 1000

 Reversed flow on 51 faces (24.7% area) of pressure-outlet 19.

 Reversed flow on 177 faces (34.6% area) of pressure-outlet 18.
  2501  1.2404e-06  5.7818e-09  5.2846e-09  6.5861e-09  0:27:33  999

 Reversed flow on 51 faces (24.7% area) of pressure-outlet 19.

 Reversed flow on 177 faces (34.6% area) of pressure-outlet 18.
  2502  1.5997e-06  7.4086e-09  6.9958e-09  7.2391e-09  0:27:33  998

 Reversed flow on 51 faces (24.7% area) of pressure-outlet 19.

 Reversed flow on 177 faces (34.6% area) of pressure-outlet 18.
  2503  1.2793e-06  5.8451e-09  5.7071e-09  6.3707e-09  0:27:33  997

 Reversed flow on 51 faces (24.7% area) of pressure-outlet 19.

 Reversed flow on 177 faces (34.6% area) of pressure-outlet 18.
  2504  1.2753e-06  6.2280e-09  5.7118e-09  6.3001e-09  0:27:30  996

 Reversed flow on 51 faces (24.7% area) of pressure-outlet 19.

 Reversed flow on 177 faces (34.6% area) of pressure-outlet 18.
  2505  1.1608e-06  5.6651e-09  5.1381e-09  5.6942e-09  0:27:26  995

 Reversed flow on 51 faces (24.7% area) of pressure-outlet 19.

 Reversed flow on 177 faces (34.6% area) of pressure-outlet 18.
  2506  1.5052e-06  7.1853e-09  6.7796e-09  6.2920e-09  0:27:23  994

 Reversed flow on 51 faces (24.7% area) of pressure-outlet 19.

 Reversed flow on 177 faces (34.6% area) of pressure-outlet 18.
  2507  1.1817e-06  5.5478e-09  5.4660e-09  5.4753e-09  0:27:21  993

 Reversed flow on 51 faces (24.7% area) of pressure-outlet 19.

 Reversed flow on 177 faces (34.6% area) of pressure-outlet 18.
  2508  1.1839e-06  5.8759e-09  5.4496e-09  5.5351e-09  0:27:17  992

 Reversed flow on 51 faces (24.7% area) of pressure-outlet 19.

 Reversed flow on 177 faces (34.6% area) of pressure-outlet 18.

  iter  continuity  x-velocity  y-velocity  z-velocity     time/iter
  2509  1.0730e-06  5.2628e-09  4.8625e-09  5.0935e-09  0:27:19  991

 Reversed flow on 51 faces (24.7% area) of pressure-outlet 19.

 Reversed flow on 177 faces (34.6% area) of pressure-outlet 18.
  2510  1.4251e-06  6.7664e-09  6.5158e-09  5.9396e-09  0:27:16  990

 Reversed flow on 51 faces (24.7% area) of pressure-outlet 19.

 Reversed flow on 177 faces (34.6% area) of pressure-outlet 18.
  2511  1.1187e-06  5.1480e-09  5.2482e-09  5.4655e-09  0:27:16  989

 Reversed flow on 51 faces (24.7% area) of pressure-outlet 19.

 Reversed flow on 177 faces (34.6% area) of pressure-outlet 18.
  2512  1.1488e-06  5.5005e-09  5.2794e-09  5.8475e-09  0:27:12  988

 Reversed flow on 51 faces (24.7% area) of pressure-outlet 19.

 Reversed flow on 177 faces (34.6% area) of pressure-outlet 18.
  2513  1.0672e-06  4.9290e-09  4.7456e-09  5.7004e-09  0:27:11  987

 Reversed flow on 51 faces (24.7% area) of pressure-outlet 19.

 Reversed flow on 177 faces (34.6% area) of pressure-outlet 18.
  2514  1.4489e-06  6.5235e-09  6.4738e-09  6.6639e-09  0:27:15  986

 Reversed flow on 51 faces (24.7% area) of pressure-outlet 19.

 Reversed flow on 177 faces (34.6% area) of pressure-outlet 18.
  2515  1.1721e-06  5.0013e-09  5.2787e-09  6.2180e-09  0:27:13  985

 Reversed flow on 51 faces (24.7% area) of pressure-outlet 19.

 Reversed flow on 177 faces (34.6% area) of pressure-outlet 18.
  2516  1.2233e-06  5.4412e-09  5.3603e-09  6.5765e-09  0:27:10  984

 Reversed flow on 51 faces (24.7% area) of pressure-outlet 19.

 Reversed flow on 177 faces (34.6% area) of pressure-outlet 18.
  2517  1.1544e-06  4.9563e-09  4.8740e-09  6.3584e-09  0:27:07  983

 Reversed flow on 51 faces (24.7% area) of pressure-outlet 19.

 Reversed flow on 177 faces (34.6% area) of pressure-outlet 18.
  2518  1.5508e-06  6.6483e-09  6.6657e-09  7.2655e-09  0:27:04  982

 Reversed flow on 51 faces (24.7% area) of pressure-outlet 19.

 Reversed flow on 177 faces (34.6% area) of pressure-outlet 18.
  2519  1.2770e-06  5.2057e-09  5.4960e-09  6.6698e-09  0:27:01  981

 Reversed flow on 51 faces (24.7% area) of pressure-outlet 19.

 Reversed flow on 177 faces (34.6% area) of pressure-outlet 18.

  iter  continuity  x-velocity  y-velocity  z-velocity     time/iter
  2520  1.3161e-06  5.7132e-09  5.5937e-09  6.8323e-09  0:26:59  980

 Reversed flow on 51 faces (24.7% area) of pressure-outlet 19.

 Reversed flow on 177 faces (34.6% area) of pressure-outlet 18.
  2521  1.2337e-06  5.2925e-09  5.1195e-09  6.4281e-09  0:27:01  979

 Reversed flow on 51 faces (24.7% area) of pressure-outlet 19.

 Reversed flow on 177 faces (34.6% area) of pressure-outlet 18.
  2522  1.6142e-06  7.0484e-09  6.9075e-09  7.1584e-09  0:26:57  978

 Reversed flow on 51 faces (24.7% area) of pressure-outlet 19.

 Reversed flow on 177 faces (34.6% area) of pressure-outlet 18.
  2523  1.3236e-06  5.6147e-09  5.6966e-09  6.4169e-09  0:26:56  977

 Reversed flow on 51 faces (24.7% area) of pressure-outlet 19.

 Reversed flow on 177 faces (34.6% area) of pressure-outlet 18.
  2524  1.3566e-06  6.1039e-09  5.7401e-09  6.5133e-09  0:26:55  976

 Reversed flow on 51 faces (24.7% area) of pressure-outlet 19.

 Reversed flow on 177 faces (34.6% area) of pressure-outlet 18.
  2525  1.2627e-06  5.6638e-09  5.2172e-09  6.1604e-09  0:26:54  975

 Reversed flow on 51 faces (24.7% area) of pressure-outlet 19.

 Reversed flow on 177 faces (34.6% area) of pressure-outlet 18.
  2526  1.6272e-06  7.4028e-09  6.9781e-09  6.9322e-09  0:26:56  974

 Reversed flow on 51 faces (24.7% area) of pressure-outlet 19.

 Reversed flow on 177 faces (34.6% area) of pressure-outlet 18.
  2527  1.3222e-06  5.9428e-09  5.7422e-09  6.2484e-09  0:26:52  973

 Reversed flow on 51 faces (24.7% area) of pressure-outlet 19.

 Reversed flow on 177 faces (34.6% area) of pressure-outlet 18.
  2528  1.3405e-06  6.3973e-09  5.7793e-09  6.4113e-09  0:26:51  972

 Reversed flow on 51 faces (24.7% area) of pressure-outlet 19.

 Reversed flow on 177 faces (34.6% area) of pressure-outlet 18.
  2529  1.2423e-06  5.9454e-09  5.2864e-09  6.1861e-09  0:26:47  971

 Reversed flow on 51 faces (24.7% area) of pressure-outlet 19.

 Reversed flow on 177 faces (34.6% area) of pressure-outlet 18.
  2530  1.6171e-06  7.6677e-09  7.0911e-09  7.2219e-09  0:26:42  970

 Reversed flow on 51 faces (24.7% area) of pressure-outlet 19.

 Reversed flow on 177 faces (34.6% area) of pressure-outlet 18.

  iter  continuity  x-velocity  y-velocity  z-velocity     time/iter
  2531  1.3292e-06  6.1758e-09  5.8930e-09  6.8272e-09  0:26:41  969

 Reversed flow on 51 faces (24.7% area) of pressure-outlet 19.

 Reversed flow on 177 faces (34.6% area) of pressure-outlet 18.
  2532  1.3523e-06  6.5778e-09  5.9485e-09  7.0952e-09  0:26:40  968

 Reversed flow on 51 faces (24.7% area) of pressure-outlet 19.

 Reversed flow on 177 faces (34.6% area) of pressure-outlet 18.
  2533  1.2607e-06  6.0675e-09  5.4613e-09  6.8218e-09  0:26:38  967

 Reversed flow on 51 faces (24.7% area) of pressure-outlet 19.

 Reversed flow on 177 faces (34.6% area) of pressure-outlet 18.
  2534  1.6352e-06  7.7093e-09  7.2278e-09  7.6709e-09  0:26:37  966

 Reversed flow on 51 faces (24.7% area) of pressure-outlet 19.

 Reversed flow on 177 faces (34.6% area) of pressure-outlet 18.
  2535  1.3364e-06  6.1428e-09  5.9658e-09  7.0190e-09  0:26:35  965

 Reversed flow on 51 faces (24.7% area) of pressure-outlet 19.

 Reversed flow on 177 faces (34.6% area) of pressure-outlet 18.
  2536  1.3495e-06  6.4517e-09  5.9447e-09  7.1186e-09  0:26:32  964

 Reversed flow on 51 faces (24.7% area) of pressure-outlet 19.

 Reversed flow on 177 faces (34.6% area) of pressure-outlet 18.
  2537  1.2401e-06  5.8568e-09  5.3846e-09  6.6477e-09  0:26:29  963

 Reversed flow on 51 faces (24.7% area) of pressure-outlet 19.

 Reversed flow on 177 faces (34.6% area) of pressure-outlet 18.
  2538  1.5940e-06  7.4231e-09  7.0817e-09  7.2614e-09  0:26:31  962

 Reversed flow on 51 faces (24.7% area) of pressure-outlet 19.

 Reversed flow on 177 faces (34.6% area) of pressure-outlet 18.
  2539  1.2758e-06  5.8165e-09  5.7624e-09  6.4130e-09  0:26:56  961

 Reversed flow on 51 faces (24.7% area) of pressure-outlet 19.

 Reversed flow on 177 faces (34.6% area) of pressure-outlet 18.
  2540  1.2770e-06  6.1103e-09  5.6999e-09  6.3614e-09  0:26:50  960

 Reversed flow on 51 faces (24.7% area) of pressure-outlet 19.

 Reversed flow on 177 faces (34.6% area) of pressure-outlet 18.
  2541  1.1640e-06  5.5216e-09  5.1166e-09  5.7791e-09  0:26:42  959

 Reversed flow on 51 faces (24.7% area) of pressure-outlet 19.

 Reversed flow on 177 faces (34.6% area) of pressure-outlet 18.

  iter  continuity  x-velocity  y-velocity  z-velocity     time/iter
  2542  1.5143e-06  7.0875e-09  6.8014e-09  6.3392e-09  0:26:36  958

 Reversed flow on 51 faces (24.7% area) of pressure-outlet 19.

 Reversed flow on 177 faces (34.6% area) of pressure-outlet 18.
  2543  1.1964e-06  5.4760e-09  5.4963e-09  5.5271e-09  0:26:32  957

 Reversed flow on 51 faces (24.7% area) of pressure-outlet 19.

 Reversed flow on 177 faces (34.6% area) of pressure-outlet 18.
  2544  1.2045e-06  5.7915e-09  5.4680e-09  5.5981e-09  0:26:28  956

 Reversed flow on 51 faces (24.7% area) of pressure-outlet 19.

 Reversed flow on 177 faces (34.6% area) of pressure-outlet 18.
  2545  1.1056e-06  5.2571e-09  4.9278e-09  5.2223e-09  0:26:25  955

 Reversed flow on 51 faces (24.7% area) of pressure-outlet 19.

 Reversed flow on 177 faces (34.6% area) of pressure-outlet 18.
  2546  1.4700e-06  6.8602e-09  6.6409e-09  6.0056e-09  0:26:24  954

 Reversed flow on 51 faces (24.7% area) of pressure-outlet 19.

 Reversed flow on 177 faces (34.6% area) of pressure-outlet 18.
  2547  1.1677e-06  5.2933e-09  5.3809e-09  5.5079e-09  0:26:19  953

 Reversed flow on 51 faces (24.7% area) of pressure-outlet 19.

 Reversed flow on 177 faces (34.6% area) of pressure-outlet 18.
  2548  1.1938e-06  5.6753e-09  5.4136e-09  5.9536e-09  0:26:20  952

 Reversed flow on 51 faces (24.7% area) of pressure-outlet 19.

 Reversed flow on 177 faces (34.6% area) of pressure-outlet 18.
  2549  1.1242e-06  5.2046e-09  4.9356e-09  5.9120e-09  0:26:14  951

 Reversed flow on 51 faces (24.7% area) of pressure-outlet 19.

 Reversed flow on 177 faces (34.6% area) of pressure-outlet 18.
  2550  1.5201e-06  6.8780e-09  6.7047e-09  6.9628e-09  0:26:12  950

 Reversed flow on 51 faces (24.7% area) of pressure-outlet 19.

 Reversed flow on 177 faces (34.6% area) of pressure-outlet 18.
  2551  1.2468e-06  5.4008e-09  5.5030e-09  6.5326e-09  0:26:11  949

 Reversed flow on 51 faces (24.7% area) of pressure-outlet 19.

 Reversed flow on 177 faces (34.6% area) of pressure-outlet 18.
  2552  1.2955e-06  5.8851e-09  5.5904e-09  6.9106e-09  0:26:07  948

 Reversed flow on 51 faces (24.7% area) of pressure-outlet 19.

 Reversed flow on 177 faces (34.6% area) of pressure-outlet 18.

  iter  continuity  x-velocity  y-velocity  z-velocity     time/iter
  2553  1.2300e-06  5.4792e-09  5.1437e-09  6.7282e-09  0:26:04  947

 Reversed flow on 51 faces (24.7% area) of pressure-outlet 19.

 Reversed flow on 177 faces (34.6% area) of pressure-outlet 18.
  2554  1.6216e-06  7.1956e-09  6.9195e-09  7.5902e-09  0:26:03  946

 Reversed flow on 51 faces (24.7% area) of pressure-outlet 19.

 Reversed flow on 177 faces (34.6% area) of pressure-outlet 18.
  2555  1.3326e-06  5.7233e-09  5.7130e-09  6.9336e-09  0:26:01  945

 Reversed flow on 51 faces (24.7% area) of pressure-outlet 19.

 Reversed flow on 177 faces (34.6% area) of pressure-outlet 18.
  2556  1.3545e-06  6.2048e-09  5.7836e-09  7.0414e-09  0:26:00  944

 Reversed flow on 51 faces (24.7% area) of pressure-outlet 19.

 Reversed flow on 177 faces (34.6% area) of pressure-outlet 18.
  2557  1.2553e-06  5.7723e-09  5.2943e-09  6.5573e-09  0:25:59  943

 Reversed flow on 51 faces (24.7% area) of pressure-outlet 19.

 Reversed flow on 177 faces (34.6% area) of pressure-outlet 18.
  2558  1.6151e-06  7.4275e-09  7.0112e-09  7.1417e-09  0:25:55  942

 Reversed flow on 51 faces (24.7% area) of pressure-outlet 19.

 Reversed flow on 177 faces (34.6% area) of pressure-outlet 18.
  2559  1.2942e-06  5.8805e-09  5.7286e-09  6.2348e-09  0:25:54  941

 Reversed flow on 51 faces (24.7% area) of pressure-outlet 19.

 Reversed flow on 177 faces (34.6% area) of pressure-outlet 18.
  2560  1.2882e-06  6.2834e-09  5.7325e-09  6.1814e-09  0:25:52  940

 Reversed flow on 51 faces (24.7% area) of pressure-outlet 19.

 Reversed flow on 177 faces (34.6% area) of pressure-outlet 18.
  2561  1.1720e-06  5.7592e-09  5.1734e-09  5.6951e-09  0:25:51  939

 Reversed flow on 51 faces (24.7% area) of pressure-outlet 19.

 Reversed flow on 177 faces (34.6% area) of pressure-outlet 18.
  2562  1.5252e-06  7.3200e-09  6.8358e-09  6.3957e-09  0:25:47  938

 Reversed flow on 51 faces (24.7% area) of pressure-outlet 19.

 Reversed flow on 177 faces (34.6% area) of pressure-outlet 18.
  2563  1.1968e-06  5.6840e-09  5.5122e-09  5.5832e-09  0:25:48  937

 Reversed flow on 51 faces (24.7% area) of pressure-outlet 19.

 Reversed flow on 177 faces (34.6% area) of pressure-outlet 18.

  iter  continuity  x-velocity  y-velocity  z-velocity     time/iter
  2564  1.1979e-06  6.0264e-09  5.4966e-09  5.6456e-09  0:25:47  936

 Reversed flow on 51 faces (24.7% area) of pressure-outlet 19.

 Reversed flow on 177 faces (34.6% area) of pressure-outlet 18.
  2565  1.0917e-06  5.4589e-09  4.9391e-09  5.2461e-09  0:25:48  935

 Reversed flow on 51 faces (24.7% area) of pressure-outlet 19.

 Reversed flow on 177 faces (34.6% area) of pressure-outlet 18.
  2566  1.4545e-06  7.0006e-09  6.6282e-09  6.1649e-09  0:25:43  934

 Reversed flow on 51 faces (24.7% area) of pressure-outlet 19.

 Reversed flow on 177 faces (34.6% area) of pressure-outlet 18.
  2567  1.1490e-06  5.3701e-09  5.3513e-09  5.6900e-09  0:25:40  933

 Reversed flow on 51 faces (24.7% area) of pressure-outlet 19.

 Reversed flow on 177 faces (34.6% area) of pressure-outlet 18.
  2568  1.1763e-06  5.7098e-09  5.3842e-09  6.0691e-09  0:25:38  932

 Reversed flow on 51 faces (24.7% area) of pressure-outlet 19.

 Reversed flow on 177 faces (34.6% area) of pressure-outlet 18.
  2569  1.0960e-06  5.1505e-09  4.8749e-09  5.9184e-09  0:25:36  931

 Reversed flow on 51 faces (24.7% area) of pressure-outlet 19.

 Reversed flow on 177 faces (34.6% area) of pressure-outlet 18.
  2570  1.4844e-06  6.7349e-09  6.6155e-09  6.8671e-09  0:25:35  930

 Reversed flow on 51 faces (24.7% area) of pressure-outlet 19.

 Reversed flow on 177 faces (34.6% area) of pressure-outlet 18.
  2571  1.1993e-06  5.1616e-09  5.3780e-09  6.3160e-09  0:25:35  929

 Reversed flow on 51 faces (24.7% area) of pressure-outlet 19.

 Reversed flow on 177 faces (34.6% area) of pressure-outlet 18.
  2572  1.2310e-06  5.5613e-09  5.4227e-09  6.5650e-09  0:25:33  928

 Reversed flow on 51 faces (24.7% area) of pressure-outlet 19.

 Reversed flow on 177 faces (34.6% area) of pressure-outlet 18.
  2573  1.1450e-06  5.0405e-09  4.9169e-09  6.2402e-09  0:25:29  927

 Reversed flow on 51 faces (24.7% area) of pressure-outlet 19.

 Reversed flow on 177 faces (34.6% area) of pressure-outlet 18.
  2574  1.5194e-06  6.6692e-09  6.6644e-09  7.0417e-09  0:25:30  926

 Reversed flow on 51 faces (24.7% area) of pressure-outlet 19.

 Reversed flow on 177 faces (34.6% area) of pressure-outlet 18.

  iter  continuity  x-velocity  y-velocity  z-velocity     time/iter
  2575  1.2254e-06  5.1448e-09  5.4302e-09  6.3491e-09  0:25:29  925

 Reversed flow on 51 faces (24.7% area) of pressure-outlet 19.

 Reversed flow on 177 faces (34.6% area) of pressure-outlet 18.
  2576  1.2492e-06  5.5748e-09  5.4694e-09  6.4701e-09  0:25:25  924

 Reversed flow on 51 faces (24.7% area) of pressure-outlet 19.

 Reversed flow on 177 faces (34.6% area) of pressure-outlet 18.
  2577  1.1602e-06  5.0797e-09  4.9428e-09  6.0343e-09  0:25:21  923

 Reversed flow on 51 faces (24.7% area) of pressure-outlet 19.

 Reversed flow on 177 faces (34.6% area) of pressure-outlet 18.
  2578  1.5366e-06  6.7561e-09  6.6776e-09  6.7301e-09  0:25:23  922

 Reversed flow on 51 faces (24.7% area) of pressure-outlet 19.

 Reversed flow on 177 faces (34.6% area) of pressure-outlet 18.
  2579  1.2453e-06  5.2803e-09  5.4500e-09  5.9875e-09  0:25:21  921

 Reversed flow on 51 faces (24.7% area) of pressure-outlet 19.

 Reversed flow on 177 faces (34.6% area) of pressure-outlet 18.
  2580  1.2747e-06  5.7413e-09  5.5021e-09  6.1402e-09  0:25:18  920

 Reversed flow on 51 faces (24.7% area) of pressure-outlet 19.

 Reversed flow on 177 faces (34.6% area) of pressure-outlet 18.
  2581  1.1857e-06  5.2709e-09  4.9955e-09  5.7804e-09  0:25:17  919

 Reversed flow on 51 faces (24.7% area) of pressure-outlet 19.

 Reversed flow on 177 faces (34.6% area) of pressure-outlet 18.
  2582  1.5621e-06  6.9885e-09  6.7531e-09  6.6141e-09  0:25:16  918

 Reversed flow on 51 faces (24.7% area) of pressure-outlet 19.

 Reversed flow on 177 faces (34.6% area) of pressure-outlet 18.
  2583  1.2844e-06  5.5662e-09  5.5578e-09  6.0042e-09  0:25:12  917

 Reversed flow on 51 faces (24.7% area) of pressure-outlet 19.

 Reversed flow on 177 faces (34.6% area) of pressure-outlet 18.
  2584  1.3200e-06  6.0559e-09  5.6257e-09  6.3725e-09  0:25:13  916

 Reversed flow on 51 faces (24.7% area) of pressure-outlet 19.

 Reversed flow on 177 faces (34.6% area) of pressure-outlet 18.
  2585  1.2303e-06  5.6199e-09  5.1479e-09  6.2941e-09  0:25:11  915

 Reversed flow on 51 faces (24.7% area) of pressure-outlet 19.

 Reversed flow on 177 faces (34.6% area) of pressure-outlet 18.

  iter  continuity  x-velocity  y-velocity  z-velocity     time/iter
  2586  1.6095e-06  7.3535e-09  6.9436e-09  7.3685e-09  0:25:08  914

 Reversed flow on 51 faces (24.7% area) of pressure-outlet 19.

 Reversed flow on 177 faces (34.6% area) of pressure-outlet 18.
  2587  1.3379e-06  5.9535e-09  5.7924e-09  6.9956e-09  0:25:06  913

 Reversed flow on 51 faces (24.7% area) of pressure-outlet 19.

 Reversed flow on 177 faces (34.6% area) of pressure-outlet 18.
  2588  1.3882e-06  6.4566e-09  5.8988e-09  7.3490e-09  0:25:06  912

 Reversed flow on 51 faces (24.7% area) of pressure-outlet 19.

 Reversed flow on 177 faces (34.6% area) of pressure-outlet 18.
  2589  1.3131e-06  6.0345e-09  5.4520e-09  7.1332e-09  0:25:01  911

 Reversed flow on 51 faces (24.7% area) of pressure-outlet 19.

 Reversed flow on 177 faces (34.6% area) of pressure-outlet 18.
  2590  1.6931e-06  7.7608e-09  7.2597e-09  8.0547e-09  0:24:59  910

 Reversed flow on 51 faces (24.7% area) of pressure-outlet 19.

 Reversed flow on 177 faces (34.6% area) of pressure-outlet 18.
  2591  1.4012e-06  6.3230e-09  6.0850e-09  7.3937e-09  0:24:58  909

 Reversed flow on 51 faces (24.7% area) of pressure-outlet 19.

 Reversed flow on 177 faces (34.6% area) of pressure-outlet 18.
  2592  1.4202e-06  6.7292e-09  6.1386e-09  7.4457e-09  0:24:58  908

 Reversed flow on 51 faces (24.7% area) of pressure-outlet 19.

 Reversed flow on 177 faces (34.6% area) of pressure-outlet 18.
  2593  1.3088e-06  6.1933e-09  5.6067e-09  6.8978e-09  0:24:57  907

 Reversed flow on 51 faces (24.7% area) of pressure-outlet 19.

 Reversed flow on 177 faces (34.6% area) of pressure-outlet 18.
  2594  1.6503e-06  7.7916e-09  7.3073e-09  7.4523e-09  0:25:00  906

 Reversed flow on 51 faces (24.7% area) of pressure-outlet 19.

 Reversed flow on 177 faces (34.6% area) of pressure-outlet 18.
  2595  1.3233e-06  6.1917e-09  5.9974e-09  6.5341e-09  0:24:57  905

 Reversed flow on 51 faces (24.7% area) of pressure-outlet 19.

 Reversed flow on 177 faces (34.6% area) of pressure-outlet 18.
  2596  1.3116e-06  6.4597e-09  5.9201e-09  6.3924e-09  0:24:54  904

 Reversed flow on 51 faces (24.7% area) of pressure-outlet 19.

 Reversed flow on 177 faces (34.6% area) of pressure-outlet 18.

  iter  continuity  x-velocity  y-velocity  z-velocity     time/iter
  2597  1.1833e-06  5.8169e-09  5.2913e-09  5.7404e-09  0:24:51  903

 Reversed flow on 51 faces (24.7% area) of pressure-outlet 19.

 Reversed flow on 177 faces (34.6% area) of pressure-outlet 18.
  2598  1.5229e-06  7.3342e-09  6.9228e-09  6.3287e-09  0:24:51  902

 Reversed flow on 51 faces (24.7% area) of pressure-outlet 19.

 Reversed flow on 177 faces (34.6% area) of pressure-outlet 18.
  2599  1.1989e-06  5.6594e-09  5.5609e-09  5.5514e-09  0:24:51  901

 Reversed flow on 51 faces (24.7% area) of pressure-outlet 19.

 Reversed flow on 177 faces (34.6% area) of pressure-outlet 18.
  2600  1.1955e-06  5.9042e-09  5.4794e-09  5.5820e-09  0:25:09  900

 Reversed flow on 51 faces (24.7% area) of pressure-outlet 19.

 Reversed flow on 177 faces (34.6% area) of pressure-outlet 18.
  2601  1.0891e-06  5.3127e-09  4.9025e-09  5.1571e-09  0:25:05  899

 Reversed flow on 51 faces (24.7% area) of pressure-outlet 19.

 Reversed flow on 177 faces (34.6% area) of pressure-outlet 18.
  2602  1.4554e-06  6.9048e-09  6.6268e-09  5.9300e-09  0:25:03  898

 Reversed flow on 51 faces (24.7% area) of pressure-outlet 19.

 Reversed flow on 177 faces (34.6% area) of pressure-outlet 18.
  2603  1.1519e-06  5.2889e-09  5.3454e-09  5.4330e-09  0:24:57  897

 Reversed flow on 51 faces (24.7% area) of pressure-outlet 19.

 Reversed flow on 177 faces (34.6% area) of pressure-outlet 18.
  2604  1.1755e-06  5.6363e-09  5.3640e-09  5.8718e-09  0:24:51  896

 Reversed flow on 51 faces (24.7% area) of pressure-outlet 19.

 Reversed flow on 177 faces (34.6% area) of pressure-outlet 18.
  2605  1.1067e-06  5.1477e-09  4.8992e-09  5.8401e-09  0:24:48  895

 Reversed flow on 51 faces (24.7% area) of pressure-outlet 19.

 Reversed flow on 177 faces (34.6% area) of pressure-outlet 18.
  2606  1.5096e-06  6.8252e-09  6.7040e-09  6.9157e-09  0:24:44  894

 Reversed flow on 51 faces (24.7% area) of pressure-outlet 19.

 Reversed flow on 177 faces (34.6% area) of pressure-outlet 18.
  2607  1.2351e-06  5.2952e-09  5.4924e-09  6.4798e-09  0:24:41  893

 Reversed flow on 51 faces (24.7% area) of pressure-outlet 19.

 Reversed flow on 177 faces (34.6% area) of pressure-outlet 18.

  iter  continuity  x-velocity  y-velocity  z-velocity     time/iter
  2608  1.2787e-06  5.7373e-09  5.5606e-09  6.8523e-09  0:24:38  892

 Reversed flow on 51 faces (24.7% area) of pressure-outlet 19.

 Reversed flow on 177 faces (34.6% area) of pressure-outlet 18.
  2609  1.2139e-06  5.3349e-09  5.1118e-09  6.6766e-09  0:24:33  891

 Reversed flow on 51 faces (24.7% area) of pressure-outlet 19.

 Reversed flow on 177 faces (34.6% area) of pressure-outlet 18.
  2610  1.6117e-06  7.0714e-09  6.9152e-09  7.5534e-09  0:24:31  890

 Reversed flow on 51 faces (24.7% area) of pressure-outlet 19.

 Reversed flow on 177 faces (34.6% area) of pressure-outlet 18.
  2611  1.3221e-06  5.5868e-09  5.6930e-09  6.8892e-09  0:24:28  889

 Reversed flow on 51 faces (24.7% area) of pressure-outlet 19.

 Reversed flow on 177 faces (34.6% area) of pressure-outlet 18.
  2612  1.3425e-06  6.0634e-09  5.7449e-09  7.0029e-09  0:24:28  888

 Reversed flow on 51 faces (24.7% area) of pressure-outlet 19.

 Reversed flow on 177 faces (34.6% area) of pressure-outlet 18.
  2613  1.2491e-06  5.6463e-09  5.2521e-09  6.5727e-09  0:24:25  887

 Reversed flow on 51 faces (24.7% area) of pressure-outlet 19.

 Reversed flow on 177 faces (34.6% area) of pressure-outlet 18.
  2614  1.6178e-06  7.3389e-09  6.9799e-09  7.1954e-09  0:24:26  886

 Reversed flow on 51 faces (24.7% area) of pressure-outlet 19.

 Reversed flow on 177 faces (34.6% area) of pressure-outlet 18.
  2615  1.3040e-06  5.8199e-09  5.6957e-09  6.3048e-09  0:24:24  885

 Reversed flow on 51 faces (24.7% area) of pressure-outlet 19.

 Reversed flow on 177 faces (34.6% area) of pressure-outlet 18.
  2616  1.3041e-06  6.2419e-09  5.7003e-09  6.2532e-09  0:24:21  884

 Reversed flow on 51 faces (24.7% area) of pressure-outlet 19.

 Reversed flow on 177 faces (34.6% area) of pressure-outlet 18.
  2617  1.1922e-06  5.7407e-09  5.1514e-09  5.7468e-09  0:24:20  883

 Reversed flow on 51 faces (24.7% area) of pressure-outlet 19.

 Reversed flow on 177 faces (34.6% area) of pressure-outlet 18.
  2618  1.5436e-06  7.3252e-09  6.8272e-09  6.3725e-09  0:24:17  882

 Reversed flow on 51 faces (24.7% area) of pressure-outlet 19.

 Reversed flow on 177 faces (34.6% area) of pressure-outlet 18.

  iter  continuity  x-velocity  y-velocity  z-velocity     time/iter
  2619  1.2229e-06  5.7540e-09  5.5304e-09  5.5974e-09  0:24:14  881

 Reversed flow on 51 faces (24.7% area) of pressure-outlet 19.

 Reversed flow on 177 faces (34.6% area) of pressure-outlet 18.
  2620  1.2234e-06  6.1394e-09  5.5442e-09  5.7151e-09  0:24:14  880

 Reversed flow on 51 faces (24.7% area) of pressure-outlet 19.

 Reversed flow on 177 faces (34.6% area) of pressure-outlet 18.
  2621  1.1156e-06  5.5945e-09  5.0027e-09  5.4837e-09  0:24:13  879

 Reversed flow on 51 faces (24.7% area) of pressure-outlet 19.

 Reversed flow on 177 faces (34.6% area) of pressure-outlet 18.
  2622  1.4721e-06  7.1382e-09  6.6955e-09  6.4452e-09  0:24:12  878

 Reversed flow on 51 faces (24.7% area) of pressure-outlet 19.

 Reversed flow on 177 faces (34.6% area) of pressure-outlet 18.
  2623  1.1755e-06  5.5507e-09  5.4461e-09  5.9814e-09  0:24:11  877

 Reversed flow on 51 faces (24.7% area) of pressure-outlet 19.

 Reversed flow on 177 faces (34.6% area) of pressure-outlet 18.
  2624  1.2091e-06  5.9335e-09  5.5033e-09  6.3512e-09  0:24:08  876

 Reversed flow on 51 faces (24.7% area) of pressure-outlet 19.

 Reversed flow on 177 faces (34.6% area) of pressure-outlet 18.
  2625  1.1308e-06  5.3924e-09  4.9967e-09  6.1710e-09  0:24:09  875

 Reversed flow on 51 faces (24.7% area) of pressure-outlet 19.

 Reversed flow on 177 faces (34.6% area) of pressure-outlet 18.
  2626  1.5118e-06  6.9613e-09  6.7223e-09  7.0713e-09  0:24:06  874

 Reversed flow on 51 faces (24.7% area) of pressure-outlet 19.

 Reversed flow on 177 faces (34.6% area) of pressure-outlet 18.
  2627  1.2246e-06  5.4005e-09  5.4920e-09  6.4883e-09  0:24:03  873

 Reversed flow on 51 faces (24.7% area) of pressure-outlet 19.

 Reversed flow on 177 faces (34.6% area) of pressure-outlet 18.
  2628  1.2581e-06  5.7970e-09  5.5490e-09  6.6899e-09  0:24:02  872

 Reversed flow on 51 faces (24.7% area) of pressure-outlet 19.

 Reversed flow on 177 faces (34.6% area) of pressure-outlet 18.
  2629  1.1703e-06  5.2452e-09  5.0336e-09  6.3069e-09  0:23:58  871

 Reversed flow on 51 faces (24.7% area) of pressure-outlet 19.

 Reversed flow on 177 faces (34.6% area) of pressure-outlet 18.

  iter  continuity  x-velocity  y-velocity  z-velocity     time/iter
  2630  1.5347e-06  6.8279e-09  6.7434e-09  6.9740e-09  0:23:57  870

 Reversed flow on 51 faces (24.7% area) of pressure-outlet 19.

 Reversed flow on 177 faces (34.6% area) of pressure-outlet 18.
  2631  1.2213e-06  5.2662e-09  5.4773e-09  6.1472e-09  0:24:00  869

 Reversed flow on 51 faces (24.7% area) of pressure-outlet 19.

 Reversed flow on 177 faces (34.6% area) of pressure-outlet 18.
  2632  1.2296e-06  5.6547e-09  5.4862e-09  6.1344e-09  0:23:58  868

 Reversed flow on 51 faces (24.7% area) of pressure-outlet 19.

 Reversed flow on 177 faces (34.6% area) of pressure-outlet 18.
  2633  1.1193e-06  5.0973e-09  4.9245e-09  5.5926e-09  0:23:56  867

 Reversed flow on 51 faces (24.7% area) of pressure-outlet 19.

 Reversed flow on 177 faces (34.6% area) of pressure-outlet 18.
  2634  1.4761e-06  6.6912e-09  6.6117e-09  6.2392e-09  0:23:54  866

 Reversed flow on 51 faces (24.7% area) of pressure-outlet 19.

 Reversed flow on 177 faces (34.6% area) of pressure-outlet 18.
  2635  1.1672e-06  5.1126e-09  5.3184e-09  5.5148e-09  0:23:52  865

 Reversed flow on 51 faces (24.7% area) of pressure-outlet 19.

 Reversed flow on 177 faces (34.6% area) of pressure-outlet 18.
  2636  1.1892e-06  5.4983e-09  5.3183e-09  5.7098e-09  0:23:50  864

 Reversed flow on 51 faces (24.7% area) of pressure-outlet 19.

 Reversed flow on 177 faces (34.6% area) of pressure-outlet 18.
  2637  1.0993e-06  4.9729e-09  4.7793e-09  5.3663e-09  0:23:49  863

 Reversed flow on 51 faces (24.7% area) of pressure-outlet 19.

 Reversed flow on 177 faces (34.6% area) of pressure-outlet 18.
  2638  1.4854e-06  6.6557e-09  6.5295e-09  6.2250e-09  0:23:46  862

 Reversed flow on 51 faces (24.7% area) of pressure-outlet 19.

 Reversed flow on 177 faces (34.6% area) of pressure-outlet 18.
  2639  1.2022e-06  5.1701e-09  5.3137e-09  5.6689e-09  0:23:45  861

 Reversed flow on 51 faces (24.7% area) of pressure-outlet 19.

 Reversed flow on 177 faces (34.6% area) of pressure-outlet 18.
  2640  1.2412e-06  5.6439e-09  5.3937e-09  6.1286e-09  0:23:45  860

 Reversed flow on 51 faces (24.7% area) of pressure-outlet 19.

 Reversed flow on 177 faces (34.6% area) of pressure-outlet 18.

  iter  continuity  x-velocity  y-velocity  z-velocity     time/iter
  2641  1.1716e-06  5.2227e-09  4.9506e-09  6.1339e-09  0:23:43  859

 Reversed flow on 51 faces (24.7% area) of pressure-outlet 19.

 Reversed flow on 177 faces (34.6% area) of pressure-outlet 18.
  2642  1.5888e-06  6.9994e-09  6.7922e-09  7.2803e-09  0:24:40  858

 Reversed flow on 51 faces (24.7% area) of pressure-outlet 19.

 Reversed flow on 177 faces (34.6% area) of pressure-outlet 18.
  2643  1.3325e-06  5.5936e-09  5.6403e-09  6.9213e-09  0:24:25  857

 Reversed flow on 51 faces (24.7% area) of pressure-outlet 19.

 Reversed flow on 177 faces (34.6% area) of pressure-outlet 18.
  2644  1.3844e-06  6.1281e-09  5.7609e-09  7.3458e-09  0:24:15  856

 Reversed flow on 51 faces (24.7% area) of pressure-outlet 19.

 Reversed flow on 177 faces (34.6% area) of pressure-outlet 18.
  2645  1.3106e-06  5.7570e-09  5.3338e-09  7.1970e-09  0:24:06  855

 Reversed flow on 51 faces (24.7% area) of pressure-outlet 19.

 Reversed flow on 177 faces (34.6% area) of pressure-outlet 18.
  2646  1.7040e-06  7.5606e-09  7.1697e-09  8.1393e-09  0:24:00  854

 Reversed flow on 51 faces (24.7% area) of pressure-outlet 19.

 Reversed flow on 177 faces (34.6% area) of pressure-outlet 18.
  2647  1.4264e-06  6.1630e-09  6.0131e-09  7.5368e-09  0:23:54  853

 Reversed flow on 51 faces (24.7% area) of pressure-outlet 19.

 Reversed flow on 177 faces (34.6% area) of pressure-outlet 18.
  2648  1.4536e-06  6.6527e-09  6.1013e-09  7.6501e-09  0:23:48  852

 Reversed flow on 51 faces (24.7% area) of pressure-outlet 19.

 Reversed flow on 177 faces (34.6% area) of pressure-outlet 18.
  2649  1.3507e-06  6.2178e-09  5.6182e-09  7.2091e-09  0:23:49  851

 Reversed flow on 51 faces (24.7% area) of pressure-outlet 19.

 Reversed flow on 177 faces (34.6% area) of pressure-outlet 18.
  2650  1.7033e-06  7.9278e-09  7.3825e-09  7.8398e-09  0:24:00  850

 Reversed flow on 51 faces (24.7% area) of pressure-outlet 19.

 Reversed flow on 177 faces (34.6% area) of pressure-outlet 18.
  2651  1.3827e-06  6.4257e-09  6.1321e-09  6.8964e-09  0:23:51  849

 Reversed flow on 51 faces (24.7% area) of pressure-outlet 19.

 Reversed flow on 177 faces (34.6% area) of pressure-outlet 18.

  iter  continuity  x-velocity  y-velocity  z-velocity     time/iter
  2652  1.3763e-06  6.7607e-09  6.0926e-09  6.7215e-09  0:23:45  848

 Reversed flow on 51 faces (24.7% area) of pressure-outlet 19.

 Reversed flow on 177 faces (34.6% area) of pressure-outlet 18.
  2653  1.2438e-06  6.1506e-09  5.4756e-09  6.0458e-09  0:23:39  847

 Reversed flow on 51 faces (24.7% area) of pressure-outlet 19.

 Reversed flow on 177 faces (34.6% area) of pressure-outlet 18.
  2654  1.5740e-06  7.6705e-09  7.1118e-09  6.5916e-09  0:23:34  846

 Reversed flow on 51 faces (24.7% area) of pressure-outlet 19.

 Reversed flow on 177 faces (34.6% area) of pressure-outlet 18.
  2655  1.2424e-06  6.0167e-09  5.7727e-09  5.7290e-09  0:23:30  845

 Reversed flow on 51 faces (24.7% area) of pressure-outlet 19.

 Reversed flow on 177 faces (34.6% area) of pressure-outlet 18.
  2656  1.2349e-06  6.2474e-09  5.6776e-09  5.7088e-09  0:23:26  844

 Reversed flow on 51 faces (24.7% area) of pressure-outlet 19.

 Reversed flow on 177 faces (34.6% area) of pressure-outlet 18.
  2657  1.1135e-06  5.5918e-09  5.0488e-09  5.2341e-09  0:23:22  843

 Reversed flow on 51 faces (24.7% area) of pressure-outlet 19.

 Reversed flow on 177 faces (34.6% area) of pressure-outlet 18.
  2658  1.4596e-06  7.0981e-09  6.7002e-09  6.0913e-09  0:23:18  842

 Reversed flow on 51 faces (24.7% area) of pressure-outlet 19.

 Reversed flow on 177 faces (34.6% area) of pressure-outlet 18.
  2659  1.1528e-06  5.4683e-09  5.4238e-09  5.6332e-09  0:23:16  841

 Reversed flow on 51 faces (24.7% area) of pressure-outlet 19.

 Reversed flow on 177 faces (34.6% area) of pressure-outlet 18.
  2660  1.1823e-06  5.7629e-09  5.4168e-09  6.0154e-09  0:23:12  840

 Reversed flow on 51 faces (24.7% area) of pressure-outlet 19.

 Reversed flow on 177 faces (34.6% area) of pressure-outlet 18.
  2661  1.1057e-06  5.2176e-09  4.9165e-09  5.8896e-09  0:23:09  839

 Reversed flow on 51 faces (24.7% area) of pressure-outlet 19.

 Reversed flow on 177 faces (34.6% area) of pressure-outlet 18.
  2662  1.4970e-06  6.8413e-09  6.6847e-09  6.8717e-09  0:23:06  838

 Reversed flow on 51 faces (24.7% area) of pressure-outlet 19.

 Reversed flow on 177 faces (34.6% area) of pressure-outlet 18.

  iter  continuity  x-velocity  y-velocity  z-velocity     time/iter
  2663  1.2221e-06  5.3169e-09  5.4866e-09  6.4144e-09  0:23:05  837

 Reversed flow on 51 faces (24.7% area) of pressure-outlet 19.

 Reversed flow on 177 faces (34.6% area) of pressure-outlet 18.
  2664  1.2674e-06  5.7324e-09  5.5503e-09  6.7443e-09  0:23:02  836

 Reversed flow on 51 faces (24.7% area) of pressure-outlet 19.

 Reversed flow on 177 faces (34.6% area) of pressure-outlet 18.
  2665  1.2002e-06  5.2860e-09  5.0960e-09  6.5176e-09  0:23:01  835

 Reversed flow on 51 faces (24.7% area) of pressure-outlet 19.

 Reversed flow on 177 faces (34.6% area) of pressure-outlet 18.
  2666  1.5893e-06  6.9699e-09  6.8863e-09  7.3558e-09  0:22:59  834

 Reversed flow on 51 faces (24.7% area) of pressure-outlet 19.

 Reversed flow on 177 faces (34.6% area) of pressure-outlet 18.
  2667  1.2963e-06  5.4725e-09  5.6677e-09  6.6585e-09  0:22:55  833

 Reversed flow on 51 faces (24.7% area) of pressure-outlet 19.

 Reversed flow on 177 faces (34.6% area) of pressure-outlet 18.
  2668  1.3150e-06  5.9250e-09  5.7046e-09  6.7428e-09  0:22:58  832

 Reversed flow on 51 faces (24.7% area) of pressure-outlet 19.

 Reversed flow on 177 faces (34.6% area) of pressure-outlet 18.
  2669  1.2234e-06  5.4959e-09  5.2046e-09  6.2834e-09  0:22:57  831

 Reversed flow on 51 faces (24.7% area) of pressure-outlet 19.

 Reversed flow on 177 faces (34.6% area) of pressure-outlet 18.
  2670  1.5927e-06  7.1893e-09  6.9428e-09  6.9157e-09  0:22:57  830

 Reversed flow on 51 faces (24.7% area) of pressure-outlet 19.

 Reversed flow on 177 faces (34.6% area) of pressure-outlet 18.
  2671  1.2788e-06  5.6586e-09  5.6555e-09  6.0695e-09  0:22:55  829

 Reversed flow on 51 faces (24.7% area) of pressure-outlet 19.

 Reversed flow on 177 faces (34.6% area) of pressure-outlet 18.
  2672  1.2814e-06  6.0775e-09  5.6427e-09  6.1389e-09  0:22:53  828

 Reversed flow on 51 faces (24.7% area) of pressure-outlet 19.

 Reversed flow on 177 faces (34.6% area) of pressure-outlet 18.
  2673  1.1819e-06  5.6015e-09  5.1038e-09  5.7597e-09  0:22:51  827

 Reversed flow on 51 faces (24.7% area) of pressure-outlet 19.

 Reversed flow on 177 faces (34.6% area) of pressure-outlet 18.

  iter  continuity  x-velocity  y-velocity  z-velocity     time/iter
  2674  1.5474e-06  7.2435e-09  6.8092e-09  6.4600e-09  0:22:52  826

 Reversed flow on 51 faces (24.7% area) of pressure-outlet 19.

 Reversed flow on 177 faces (34.6% area) of pressure-outlet 18.
  2675  1.2346e-06  5.6781e-09  5.5069e-09  5.6968e-09  0:22:48  825

 Reversed flow on 51 faces (24.7% area) of pressure-outlet 19.

 Reversed flow on 177 faces (34.6% area) of pressure-outlet 18.
  2676  1.2383e-06  6.0833e-09  5.5170e-09  5.8258e-09  0:22:45  824

 Reversed flow on 51 faces (24.7% area) of pressure-outlet 19.

 Reversed flow on 177 faces (34.6% area) of pressure-outlet 18.
  2677  1.1404e-06  5.5993e-09  5.0110e-09  5.6390e-09  0:22:41  823

 Reversed flow on 51 faces (24.7% area) of pressure-outlet 19.

 Reversed flow on 177 faces (34.6% area) of pressure-outlet 18.
  2678  1.5162e-06  7.2243e-09  6.7510e-09  6.6426e-09  0:22:40  822

 Reversed flow on 51 faces (24.7% area) of pressure-outlet 19.

 Reversed flow on 177 faces (34.6% area) of pressure-outlet 18.
  2679  1.2218e-06  5.6487e-09  5.5031e-09  6.1782e-09  0:22:39  821

 Reversed flow on 51 faces (24.7% area) of pressure-outlet 19.

 Reversed flow on 177 faces (34.6% area) of pressure-outlet 18.
  2680  1.2473e-06  6.0594e-09  5.5707e-09  6.5604e-09  0:22:36  820

 Reversed flow on 51 faces (24.7% area) of pressure-outlet 19.

 Reversed flow on 177 faces (34.6% area) of pressure-outlet 18.
  2681  1.1673e-06  5.5779e-09  5.1024e-09  6.3979e-09  0:22:33  819

 Reversed flow on 51 faces (24.7% area) of pressure-outlet 19.

 Reversed flow on 177 faces (34.6% area) of pressure-outlet 18.
  2682  1.5527e-06  7.1964e-09  6.8556e-09  7.2995e-09  0:22:29  818

 Reversed flow on 51 faces (24.7% area) of pressure-outlet 19.

 Reversed flow on 177 faces (34.6% area) of pressure-outlet 18.
  2683  1.2621e-06  5.6322e-09  5.6076e-09  6.6777e-09  0:22:27  817

 Reversed flow on 51 faces (24.7% area) of pressure-outlet 19.

 Reversed flow on 177 faces (34.6% area) of pressure-outlet 18.
  2684  1.2854e-06  6.0272e-09  5.6672e-09  6.8580e-09  0:22:27  816

 Reversed flow on 51 faces (24.7% area) of pressure-outlet 19.

 Reversed flow on 177 faces (34.6% area) of pressure-outlet 18.

  iter  continuity  x-velocity  y-velocity  z-velocity     time/iter
  2685  1.1898e-06  5.4979e-09  5.1587e-09  6.4626e-09  0:22:25  815

 Reversed flow on 51 faces (24.7% area) of pressure-outlet 19.

 Reversed flow on 177 faces (34.6% area) of pressure-outlet 18.
  2686  1.5534e-06  7.0810e-09  6.8628e-09  7.1173e-09  0:22:25  814

 Reversed flow on 51 faces (24.7% area) of pressure-outlet 19.

 Reversed flow on 177 faces (34.6% area) of pressure-outlet 18.
  2687  1.2405e-06  5.4929e-09  5.5766e-09  6.2859e-09  0:22:23  813

 Reversed flow on 51 faces (24.7% area) of pressure-outlet 19.

 Reversed flow on 177 faces (34.6% area) of pressure-outlet 18.
  2688  1.2472e-06  5.8499e-09  5.5727e-09  6.2458e-09  0:22:25  812

 Reversed flow on 51 faces (24.7% area) of pressure-outlet 19.

 Reversed flow on 177 faces (34.6% area) of pressure-outlet 18.
  2689  1.1343e-06  5.2586e-09  4.9837e-09  5.6355e-09  0:22:25  811

 Reversed flow on 51 faces (24.7% area) of pressure-outlet 19.

 Reversed flow on 177 faces (34.6% area) of pressure-outlet 18.
  2690  1.4795e-06  6.8012e-09  6.6291e-09  6.1743e-09  0:22:23  810

 Reversed flow on 51 faces (24.7% area) of pressure-outlet 19.

 Reversed flow on 177 faces (34.6% area) of pressure-outlet 18.
  2691  1.1587e-06  5.1947e-09  5.3191e-09  5.3579e-09  0:22:17  809

 Reversed flow on 51 faces (24.7% area) of pressure-outlet 19.

 Reversed flow on 177 faces (34.6% area) of pressure-outlet 18.
  2692  1.1641e-06  5.5352e-09  5.3070e-09  5.4125e-09  0:22:14  808

 Reversed flow on 51 faces (24.7% area) of pressure-outlet 19.

 Reversed flow on 177 faces (34.6% area) of pressure-outlet 18.
  2693  1.0563e-06  4.9428e-09  4.7237e-09  5.0184e-09  0:22:12  807

 Reversed flow on 51 faces (24.7% area) of pressure-outlet 19.

 Reversed flow on 177 faces (34.6% area) of pressure-outlet 18.
  2694  1.4177e-06  6.5201e-09  6.4085e-09  5.8335e-09  0:22:10  806

 Reversed flow on 51 faces (24.7% area) of pressure-outlet 19.

 Reversed flow on 177 faces (34.6% area) of pressure-outlet 18.
  2695  1.1238e-06  4.9836e-09  5.1720e-09  5.4023e-09  0:22:07  805

 Reversed flow on 51 faces (24.7% area) of pressure-outlet 19.

 Reversed flow on 177 faces (34.6% area) of pressure-outlet 18.

  iter  continuity  x-velocity  y-velocity  z-velocity     time/iter
  2696  1.1674e-06  5.4049e-09  5.2438e-09  5.9074e-09  0:22:07  804

 Reversed flow on 51 faces (24.7% area) of pressure-outlet 19.

 Reversed flow on 177 faces (34.6% area) of pressure-outlet 18.
  2697  1.1063e-06  4.9127e-09  4.7664e-09  5.8991e-09  0:22:05  803

 Reversed flow on 51 faces (24.7% area) of pressure-outlet 19.

 Reversed flow on 177 faces (34.6% area) of pressure-outlet 18.
  2698  1.5126e-06  6.6255e-09  6.5707e-09  7.0394e-09  0:22:04  802

 Reversed flow on 51 faces (24.7% area) of pressure-outlet 19.

 Reversed flow on 177 faces (34.6% area) of pressure-outlet 18.
  2699  1.2603e-06  5.2287e-09  5.4419e-09  6.7182e-09  0:22:01  801

 Reversed flow on 51 faces (24.7% area) of pressure-outlet 19.

 Reversed flow on 177 faces (34.6% area) of pressure-outlet 18.
  2700  1.3304e-06  5.7718e-09  5.5911e-09  7.1775e-09  0:22:01  800

 Reversed flow on 51 faces (24.7% area) of pressure-outlet 19.

 Reversed flow on 177 faces (34.6% area) of pressure-outlet 18.
  2701  1.2785e-06  5.3965e-09  5.1708e-09  7.0297e-09  0:21:59  799

 Reversed flow on 51 faces (24.7% area) of pressure-outlet 19.

 Reversed flow on 177 faces (34.6% area) of pressure-outlet 18.
  2702  1.6877e-06  7.1987e-09  7.0036e-09  7.9504e-09  0:21:58  798

 Reversed flow on 51 faces (24.7% area) of pressure-outlet 19.

 Reversed flow on 177 faces (34.6% area) of pressure-outlet 18.
  2703  1.4154e-06  5.8343e-09  5.8652e-09  7.3797e-09  0:21:56  797

 Reversed flow on 51 faces (24.7% area) of pressure-outlet 19.

 Reversed flow on 177 faces (34.6% area) of pressure-outlet 18.
  2704  1.4454e-06  6.3798e-09  5.9706e-09  7.5285e-09  0:21:52  796

 Reversed flow on 51 faces (24.7% area) of pressure-outlet 19.

 Reversed flow on 177 faces (34.6% area) of pressure-outlet 18.
  2705  1.3431e-06  5.9855e-09  5.4957e-09  7.0663e-09  0:21:51  795

 Reversed flow on 51 faces (24.7% area) of pressure-outlet 19.

 Reversed flow on 177 faces (34.6% area) of pressure-outlet 18.
  2706  1.7087e-06  7.7447e-09  7.2756e-09  7.7245e-09  0:21:53  794

 Reversed flow on 51 faces (24.7% area) of pressure-outlet 19.

 Reversed flow on 177 faces (34.6% area) of pressure-outlet 18.

  iter  continuity  x-velocity  y-velocity  z-velocity     time/iter
  2707  1.4015e-06  6.3072e-09  6.0630e-09  6.8454e-09  0:21:50  793

 Reversed flow on 51 faces (24.7% area) of pressure-outlet 19.

 Reversed flow on 177 faces (34.6% area) of pressure-outlet 18.
  2708  1.4033e-06  6.7354e-09  6.0762e-09  6.8068e-09  0:21:48  792

 Reversed flow on 51 faces (24.7% area) of pressure-outlet 19.

 Reversed flow on 177 faces (34.6% area) of pressure-outlet 18.
  2709  1.2815e-06  6.2241e-09  5.5196e-09  6.3184e-09  0:21:48  791

 Reversed flow on 51 faces (24.7% area) of pressure-outlet 19.

 Reversed flow on 177 faces (34.6% area) of pressure-outlet 18.
  2710  1.6245e-06  7.8576e-09  7.2350e-09  6.9361e-09  0:21:46  790

 Reversed flow on 51 faces (24.7% area) of pressure-outlet 19.

 Reversed flow on 177 faces (34.6% area) of pressure-outlet 18.
  2711  1.2984e-06  6.2626e-09  5.9326e-09  6.0653e-09  0:21:45  789

 Reversed flow on 51 faces (24.7% area) of pressure-outlet 19.

 Reversed flow on 177 faces (34.6% area) of pressure-outlet 18.
  2712  1.2905e-06  6.5432e-09  5.8590e-09  6.0437e-09  0:21:44  788

 Reversed flow on 51 faces (24.7% area) of pressure-outlet 19.

 Reversed flow on 177 faces (34.6% area) of pressure-outlet 18.
  2713  1.1671e-06  5.9223e-09  5.2532e-09  5.5751e-09  0:21:40  787

 Reversed flow on 51 faces (24.7% area) of pressure-outlet 19.

 Reversed flow on 177 faces (34.6% area) of pressure-outlet 18.
  2714  1.5170e-06  7.4627e-09  6.9353e-09  6.4561e-09  0:21:40  786

 Reversed flow on 51 faces (24.7% area) of pressure-outlet 19.

 Reversed flow on 177 faces (34.6% area) of pressure-outlet 18.
  2715  1.2039e-06  5.8005e-09  5.6308e-09  5.9290e-09  0:21:38  785

 Reversed flow on 51 faces (24.7% area) of pressure-outlet 19.

 Reversed flow on 177 faces (34.6% area) of pressure-outlet 18.
  2716  1.2220e-06  6.0473e-09  5.5856e-09  6.2345e-09  0:21:35  784

 Reversed flow on 51 faces (24.7% area) of pressure-outlet 19.

 Reversed flow on 177 faces (34.6% area) of pressure-outlet 18.
  2717  1.1331e-06  5.4619e-09  5.0379e-09  6.0535e-09  0:21:31  783

 Reversed flow on 51 faces (24.7% area) of pressure-outlet 19.

 Reversed flow on 177 faces (34.6% area) of pressure-outlet 18.

  iter  continuity  x-velocity  y-velocity  z-velocity     time/iter
  2718  1.5190e-06  7.0616e-09  6.7948e-09  7.0158e-09  0:21:29  782

 Reversed flow on 51 faces (24.7% area) of pressure-outlet 19.

 Reversed flow on 177 faces (34.6% area) of pressure-outlet 18.
  2719  1.2330e-06  5.4690e-09  5.5471e-09  6.4755e-09  0:21:27  781

 Reversed flow on 51 faces (24.7% area) of pressure-outlet 19.

 Reversed flow on 177 faces (34.6% area) of pressure-outlet 18.
  2720  1.2643e-06  5.8188e-09  5.5640e-09  6.7152e-09  0:21:26  780

 Reversed flow on 51 faces (24.7% area) of pressure-outlet 19.

 Reversed flow on 177 faces (34.6% area) of pressure-outlet 18.
  2721  1.1848e-06  5.3271e-09  5.0926e-09  6.4143e-09  0:21:25  779

 Reversed flow on 51 faces (24.7% area) of pressure-outlet 19.

 Reversed flow on 177 faces (34.6% area) of pressure-outlet 18.
  2722  1.5678e-06  6.9954e-09  6.8788e-09  7.2238e-09  0:21:26  778

 Reversed flow on 51 faces (24.7% area) of pressure-outlet 19.

 Reversed flow on 177 faces (34.6% area) of pressure-outlet 18.
  2723  1.2705e-06  5.4589e-09  5.6351e-09  6.5034e-09  0:21:25  777

 Reversed flow on 51 faces (24.7% area) of pressure-outlet 19.

 Reversed flow on 177 faces (34.6% area) of pressure-outlet 18.
  2724  1.2875e-06  5.8583e-09  5.6523e-09  6.5911e-09  0:21:23  776

 Reversed flow on 51 faces (24.7% area) of pressure-outlet 19.

 Reversed flow on 177 faces (34.6% area) of pressure-outlet 18.
  2725  1.1951e-06  5.3900e-09  5.1429e-09  6.1278e-09  0:21:20  775

 Reversed flow on 51 faces (24.7% area) of pressure-outlet 19.

 Reversed flow on 177 faces (34.6% area) of pressure-outlet 18.
  2726  1.5625e-06  7.0513e-09  6.8682e-09  6.7547e-09  0:21:17  774

 Reversed flow on 51 faces (24.7% area) of pressure-outlet 19.

 Reversed flow on 177 faces (34.6% area) of pressure-outlet 18.
  2727  1.2521e-06  5.5104e-09  5.5826e-09  5.9222e-09  0:21:15  773

 Reversed flow on 51 faces (24.7% area) of pressure-outlet 19.

 Reversed flow on 177 faces (34.6% area) of pressure-outlet 18.
  2728  1.2620e-06  5.9118e-09  5.5719e-09  5.9953e-09  0:21:16  772

 Reversed flow on 51 faces (24.7% area) of pressure-outlet 19.

 Reversed flow on 177 faces (34.6% area) of pressure-outlet 18.

  iter  continuity  x-velocity  y-velocity  z-velocity     time/iter
  2729  1.1643e-06  5.4281e-09  5.0389e-09  5.5872e-09  0:21:15  771

 Reversed flow on 51 faces (24.7% area) of pressure-outlet 19.

 Reversed flow on 177 faces (34.6% area) of pressure-outlet 18.
  2730  1.5294e-06  7.0783e-09  6.7465e-09  6.3281e-09  0:21:13  770

 Reversed flow on 51 faces (24.7% area) of pressure-outlet 19.

 Reversed flow on 177 faces (34.6% area) of pressure-outlet 18.
  2731  1.2207e-06  5.5531e-09  5.4760e-09  5.6570e-09  0:21:12  769

 Reversed flow on 51 faces (24.7% area) of pressure-outlet 19.

 Reversed flow on 177 faces (34.6% area) of pressure-outlet 18.
  2732  1.2360e-06  5.9802e-09  5.5024e-09  5.9861e-09  0:21:09  768

 Reversed flow on 51 faces (24.7% area) of pressure-outlet 19.

 Reversed flow on 177 faces (34.6% area) of pressure-outlet 18.
  2733  1.1481e-06  5.5040e-09  5.0096e-09  5.8793e-09  0:21:05  767

 Reversed flow on 51 faces (24.7% area) of pressure-outlet 19.

 Reversed flow on 177 faces (34.6% area) of pressure-outlet 18.
  2734  1.5318e-06  7.1421e-09  6.7479e-09  6.8879e-09  0:21:05  766

 Reversed flow on 51 faces (24.7% area) of pressure-outlet 19.

 Reversed flow on 177 faces (34.6% area) of pressure-outlet 18.
  2735  1.2455e-06  5.6370e-09  5.5291e-09  6.4268e-09  0:21:03  765

 Reversed flow on 51 faces (24.7% area) of pressure-outlet 19.

 Reversed flow on 177 faces (34.6% area) of pressure-outlet 18.
  2736  1.2826e-06  6.0969e-09  5.6115e-09  6.7702e-09  0:21:03  764

 Reversed flow on 51 faces (24.7% area) of pressure-outlet 19.

 Reversed flow on 177 faces (34.6% area) of pressure-outlet 18.
  2737  1.2093e-06  5.6446e-09  5.1508e-09  6.5659e-09  0:21:05  763

 Reversed flow on 51 faces (24.7% area) of pressure-outlet 19.

 Reversed flow on 177 faces (34.6% area) of pressure-outlet 18.
  2738  1.5912e-06  7.2853e-09  6.8987e-09  7.4202e-09  0:21:02  762

 Reversed flow on 51 faces (24.7% area) of pressure-outlet 19.

 Reversed flow on 177 faces (34.6% area) of pressure-outlet 18.
  2739  1.2967e-06  5.7689e-09  5.6771e-09  6.7933e-09  0:21:03  761

 Reversed flow on 51 faces (24.7% area) of pressure-outlet 19.

 Reversed flow on 177 faces (34.6% area) of pressure-outlet 18.

  iter  continuity  x-velocity  y-velocity  z-velocity     time/iter
  2740  1.3172e-06  6.2055e-09  5.7544e-09  6.9527e-09  0:21:01  760

 Reversed flow on 51 faces (24.7% area) of pressure-outlet 19.

 Reversed flow on 177 faces (34.6% area) of pressure-outlet 18.
  2741  1.2165e-06  5.7100e-09  5.2538e-09  6.4943e-09  0:20:58  759

 Reversed flow on 51 faces (24.7% area) of pressure-outlet 19.

 Reversed flow on 177 faces (34.6% area) of pressure-outlet 18.
  2742  1.5733e-06  7.2986e-09  6.9537e-09  7.0914e-09  0:20:58  758

 Reversed flow on 51 faces (24.7% area) of pressure-outlet 19.

 Reversed flow on 177 faces (34.6% area) of pressure-outlet 18.
  2743  1.2544e-06  5.7076e-09  5.6622e-09  6.2121e-09  0:20:52  757

 Reversed flow on 51 faces (24.7% area) of pressure-outlet 19.

 Reversed flow on 177 faces (34.6% area) of pressure-outlet 18.
  2744  1.2532e-06  6.0669e-09  5.6652e-09  6.1627e-09  0:20:51  756

 Reversed flow on 51 faces (24.7% area) of pressure-outlet 19.

 Reversed flow on 177 faces (34.6% area) of pressure-outlet 18.
  2745  1.1367e-06  5.4863e-09  5.0844e-09  5.5839e-09  0:20:50  755

 Reversed flow on 51 faces (24.7% area) of pressure-outlet 19.

 Reversed flow on 177 faces (34.6% area) of pressure-outlet 18.
  2746  1.4859e-06  7.0093e-09  6.7276e-09  6.2094e-09  0:20:50  754

 Reversed flow on 51 faces (24.7% area) of pressure-outlet 19.

 Reversed flow on 177 faces (34.6% area) of pressure-outlet 18.
  2747  1.1664e-06  5.3500e-09  5.3907e-09  5.4321e-09  0:20:46  753

 Reversed flow on 51 faces (24.7% area) of pressure-outlet 19.

 Reversed flow on 177 faces (34.6% area) of pressure-outlet 18.
  2748  1.1668e-06  5.6533e-09  5.3556e-09  5.4697e-09  0:20:44  752

 Reversed flow on 51 faces (24.7% area) of pressure-outlet 19.

 Reversed flow on 177 faces (34.6% area) of pressure-outlet 18.
  2749  1.0583e-06  5.0547e-09  4.7653e-09  5.0190e-09  0:20:42  751

 Reversed flow on 51 faces (24.7% area) of pressure-outlet 19.

 Reversed flow on 177 faces (34.6% area) of pressure-outlet 18.
  2750  1.4184e-06  6.6160e-09  6.4432e-09  5.7823e-09  0:20:39  750

 Reversed flow on 51 faces (24.7% area) of pressure-outlet 19.

 Reversed flow on 177 faces (34.6% area) of pressure-outlet 18.

  iter  continuity  x-velocity  y-velocity  z-velocity     time/iter
  2751  1.1117e-06  5.0086e-09  5.1653e-09  5.2757e-09  0:20:38  749

 Reversed flow on 51 faces (24.7% area) of pressure-outlet 19.

 Reversed flow on 177 faces (34.6% area) of pressure-outlet 18.
  2752  1.1346e-06  5.3729e-09  5.1997e-09  5.7160e-09  0:20:36  748

 Reversed flow on 51 faces (24.7% area) of pressure-outlet 19.

 Reversed flow on 177 faces (34.6% area) of pressure-outlet 18.
  2753  1.0619e-06  4.8336e-09  4.6970e-09  5.6737e-09  0:20:35  747

 Reversed flow on 51 faces (24.7% area) of pressure-outlet 19.

 Reversed flow on 177 faces (34.6% area) of pressure-outlet 18.
  2754  1.4622e-06  6.4959e-09  6.4805e-09  6.7766e-09  0:20:34  746

 Reversed flow on 51 faces (24.7% area) of pressure-outlet 19.

 Reversed flow on 177 faces (34.6% area) of pressure-outlet 18.
  2755  1.2026e-06  5.0082e-09  5.3036e-09  6.4101e-09  0:20:34  745

 Reversed flow on 51 faces (24.7% area) of pressure-outlet 19.

 Reversed flow on 177 faces (34.6% area) of pressure-outlet 18.
  2756  1.2637e-06  5.4914e-09  5.4155e-09  6.8409e-09  0:20:34  744

 Reversed flow on 51 faces (24.7% area) of pressure-outlet 19.

 Reversed flow on 177 faces (34.6% area) of pressure-outlet 18.
  2757  1.2071e-06  5.0797e-09  4.9786e-09  6.7041e-09  0:20:33  743

 Reversed flow on 51 faces (24.7% area) of pressure-outlet 19.

 Reversed flow on 177 faces (34.6% area) of pressure-outlet 18.
  2758  1.6146e-06  6.8591e-09  6.8218e-09  7.6725e-09  0:20:30  742

 Reversed flow on 51 faces (24.7% area) of pressure-outlet 19.

 Reversed flow on 177 faces (34.6% area) of pressure-outlet 18.
  2759  1.3454e-06  5.4591e-09  5.6728e-09  7.1170e-09  0:20:25  741

 Reversed flow on 51 faces (24.7% area) of pressure-outlet 19.

 Reversed flow on 177 faces (34.6% area) of pressure-outlet 18.
  2760  1.3878e-06  5.9989e-09  5.7826e-09  7.3070e-09  0:20:24  740

 Reversed flow on 51 faces (24.7% area) of pressure-outlet 19.

 Reversed flow on 177 faces (34.6% area) of pressure-outlet 18.
  2761  1.3139e-06  5.6172e-09  5.3165e-09  6.8904e-09  0:20:21  739

 Reversed flow on 51 faces (24.7% area) of pressure-outlet 19.

 Reversed flow on 177 faces (34.6% area) of pressure-outlet 18.

  iter  continuity  x-velocity  y-velocity  z-velocity     time/iter
  2762  1.6912e-06  7.3970e-09  7.0941e-09  7.5824e-09  0:20:42  738

 Reversed flow on 51 faces (24.7% area) of pressure-outlet 19.

 Reversed flow on 177 faces (34.6% area) of pressure-outlet 18.
  2763  1.3888e-06  5.9902e-09  5.8779e-09  6.7826e-09  0:20:35  737

 Reversed flow on 51 faces (24.7% area) of pressure-outlet 19.

 Reversed flow on 177 faces (34.6% area) of pressure-outlet 18.
  2764  1.3957e-06  6.4687e-09  5.9149e-09  6.7862e-09  0:20:28  736

 Reversed flow on 51 faces (24.7% area) of pressure-outlet 19.

 Reversed flow on 177 faces (34.6% area) of pressure-outlet 18.
  2765  1.2880e-06  6.0066e-09  5.3833e-09  6.3143e-09  0:20:24  735

 Reversed flow on 51 faces (24.7% area) of pressure-outlet 19.

 Reversed flow on 177 faces (34.6% area) of pressure-outlet 18.
  2766  1.6436e-06  7.6971e-09  7.1270e-09  6.9697e-09  0:20:20  734

 Reversed flow on 51 faces (24.7% area) of pressure-outlet 19.

 Reversed flow on 177 faces (34.6% area) of pressure-outlet 18.
  2767  1.3343e-06  6.2308e-09  5.8963e-09  6.2424e-09  0:20:15  733

 Reversed flow on 51 faces (24.7% area) of pressure-outlet 19.

 Reversed flow on 177 faces (34.6% area) of pressure-outlet 18.
  2768  1.3412e-06  6.6314e-09  5.9125e-09  6.3960e-09  0:20:13  732

 Reversed flow on 51 faces (24.7% area) of pressure-outlet 19.

 Reversed flow on 177 faces (34.6% area) of pressure-outlet 18.
  2769  1.2226e-06  6.0956e-09  5.3753e-09  6.0670e-09  0:20:12  731

 Reversed flow on 51 faces (24.7% area) of pressure-outlet 19.

 Reversed flow on 177 faces (34.6% area) of pressure-outlet 18.
  2770  1.5724e-06  7.6909e-09  7.1070e-09  6.9542e-09  0:20:09  730

 Reversed flow on 51 faces (24.7% area) of pressure-outlet 19.

 Reversed flow on 177 faces (34.6% area) of pressure-outlet 18.
  2771  1.2726e-06  6.1269e-09  5.8633e-09  6.4426e-09  0:20:07  729

 Reversed flow on 51 faces (24.7% area) of pressure-outlet 19.

 Reversed flow on 177 faces (34.6% area) of pressure-outlet 18.
  2772  1.2958e-06  6.4390e-09  5.8522e-09  6.7286e-09  0:20:07  728

 Reversed flow on 51 faces (24.7% area) of pressure-outlet 19.

 Reversed flow on 177 faces (34.6% area) of pressure-outlet 18.

  iter  continuity  x-velocity  y-velocity  z-velocity     time/iter
  2773  1.2020e-06  5.8455e-09  5.2946e-09  6.4689e-09  0:20:07  727

 Reversed flow on 51 faces (24.7% area) of pressure-outlet 19.

 Reversed flow on 177 faces (34.6% area) of pressure-outlet 18.
  2774  1.5702e-06  7.3979e-09  7.0095e-09  7.3089e-09  0:20:03  726

 Reversed flow on 51 faces (24.7% area) of pressure-outlet 19.

 Reversed flow on 177 faces (34.6% area) of pressure-outlet 18.
  2775  1.2748e-06  5.8052e-09  5.7503e-09  6.6734e-09  0:20:07  725

 Reversed flow on 51 faces (24.7% area) of pressure-outlet 19.

 Reversed flow on 177 faces (34.6% area) of pressure-outlet 18.
  2776  1.2993e-06  6.1227e-09  5.7262e-09  6.8170e-09  0:20:02  724

 Reversed flow on 51 faces (24.7% area) of pressure-outlet 19.

 Reversed flow on 177 faces (34.6% area) of pressure-outlet 18.
  2777  1.2052e-06  5.5582e-09  5.1922e-09  6.4322e-09  0:20:00  723

 Reversed flow on 51 faces (24.7% area) of pressure-outlet 19.

 Reversed flow on 177 faces (34.6% area) of pressure-outlet 18.
  2778  1.5685e-06  7.1494e-09  6.9233e-09  7.1100e-09  0:19:58  722

 Reversed flow on 51 faces (24.7% area) of pressure-outlet 19.

 Reversed flow on 177 faces (34.6% area) of pressure-outlet 18.
  2779  1.2563e-06  5.5708e-09  5.6531e-09  6.2920e-09  0:19:55  721

 Reversed flow on 51 faces (24.7% area) of pressure-outlet 19.

 Reversed flow on 177 faces (34.6% area) of pressure-outlet 18.
  2780  1.2648e-06  5.9171e-09  5.6390e-09  6.2740e-09  0:19:53  720

 Reversed flow on 51 faces (24.7% area) of pressure-outlet 19.

 Reversed flow on 177 faces (34.6% area) of pressure-outlet 18.
  2781  1.1630e-06  5.4013e-09  5.1133e-09  5.7647e-09  0:19:48  719

 Reversed flow on 51 faces (24.7% area) of pressure-outlet 19.

 Reversed flow on 177 faces (34.6% area) of pressure-outlet 18.
  2782  1.5249e-06  7.0267e-09  6.8333e-09  6.4065e-09  0:19:45  718

 Reversed flow on 51 faces (24.7% area) of pressure-outlet 19.

 Reversed flow on 177 faces (34.6% area) of pressure-outlet 18.
  2783  1.2111e-06  5.4266e-09  5.5260e-09  5.6563e-09  0:19:44  717

 Reversed flow on 51 faces (24.7% area) of pressure-outlet 19.

 Reversed flow on 177 faces (34.6% area) of pressure-outlet 18.

  iter  continuity  x-velocity  y-velocity  z-velocity     time/iter
  2784  1.2216e-06  5.7722e-09  5.4967e-09  5.7995e-09  0:19:43  716

 Reversed flow on 51 faces (24.7% area) of pressure-outlet 19.

 Reversed flow on 177 faces (34.6% area) of pressure-outlet 18.
  2785  1.1254e-06  5.2687e-09  4.9664e-09  5.4310e-09  0:19:42  715

 Reversed flow on 51 faces (24.7% area) of pressure-outlet 19.

 Reversed flow on 177 faces (34.6% area) of pressure-outlet 18.
  2786  1.5021e-06  6.9264e-09  6.6951e-09  6.2149e-09  0:19:40  714

 Reversed flow on 51 faces (24.7% area) of pressure-outlet 19.

 Reversed flow on 177 faces (34.6% area) of pressure-outlet 18.
  2787  1.1992e-06  5.3670e-09  5.4134e-09  5.5626e-09  0:19:37  713

 Reversed flow on 51 faces (24.7% area) of pressure-outlet 19.

 Reversed flow on 177 faces (34.6% area) of pressure-outlet 18.
  2788  1.2188e-06  5.7802e-09  5.4316e-09  5.9498e-09  0:19:36  712

 Reversed flow on 51 faces (24.7% area) of pressure-outlet 19.

 Reversed flow on 177 faces (34.6% area) of pressure-outlet 18.
  2789  1.1406e-06  5.3403e-09  4.9610e-09  5.9033e-09  0:19:36  711

 Reversed flow on 51 faces (24.7% area) of pressure-outlet 19.

 Reversed flow on 177 faces (34.6% area) of pressure-outlet 18.
  2790  1.5403e-06  7.0385e-09  6.7509e-09  6.9806e-09  0:19:35  710

 Reversed flow on 51 faces (24.7% area) of pressure-outlet 19.

 Reversed flow on 177 faces (34.6% area) of pressure-outlet 18.
  2791  1.2593e-06  5.5324e-09  5.5297e-09  6.5396e-09  0:19:33  709

 Reversed flow on 51 faces (24.7% area) of pressure-outlet 19.

 Reversed flow on 177 faces (34.6% area) of pressure-outlet 18.
  2792  1.2979e-06  6.0019e-09  5.6099e-09  6.9071e-09  0:19:32  708

 Reversed flow on 51 faces (24.7% area) of pressure-outlet 19.

 Reversed flow on 177 faces (34.6% area) of pressure-outlet 18.
  2793  1.2289e-06  5.5936e-09  5.1669e-09  6.7310e-09  0:19:30  707

 Reversed flow on 51 faces (24.7% area) of pressure-outlet 19.

 Reversed flow on 177 faces (34.6% area) of pressure-outlet 18.
  2794  1.6209e-06  7.2995e-09  6.9415e-09  7.6013e-09  0:19:28  706

 Reversed flow on 51 faces (24.7% area) of pressure-outlet 19.

 Reversed flow on 177 faces (34.6% area) of pressure-outlet 18.

  iter  continuity  x-velocity  y-velocity  z-velocity     time/iter
  2795  1.3268e-06  5.7949e-09  5.7175e-09  6.9271e-09  0:19:27  705

 Reversed flow on 51 faces (24.7% area) of pressure-outlet 19.

 Reversed flow on 177 faces (34.6% area) of pressure-outlet 18.
  2796  1.3427e-06  6.2453e-09  5.7837e-09  7.0411e-09  0:19:25  704

 Reversed flow on 51 faces (24.7% area) of pressure-outlet 19.

 Reversed flow on 177 faces (34.6% area) of pressure-outlet 18.
  2797  1.2438e-06  5.7919e-09  5.2910e-09  6.5854e-09  0:19:25  703

 Reversed flow on 51 faces (24.7% area) of pressure-outlet 19.

 Reversed flow on 177 faces (34.6% area) of pressure-outlet 18.
  2798  1.6022e-06  7.4206e-09  7.0005e-09  7.2246e-09  0:19:23  702

 Reversed flow on 51 faces (24.7% area) of pressure-outlet 19.

 Reversed flow on 177 faces (34.6% area) of pressure-outlet 18.
  2799  1.2822e-06  5.8587e-09  5.7116e-09  6.3491e-09  0:19:20  701

 Reversed flow on 51 faces (24.7% area) of pressure-outlet 19.

 Reversed flow on 177 faces (34.6% area) of pressure-outlet 18.
  2800  1.2764e-06  6.2422e-09  5.7142e-09  6.2767e-09  0:20:07  700

 Reversed flow on 51 faces (24.7% area) of pressure-outlet 19.

 Reversed flow on 177 faces (34.6% area) of pressure-outlet 18.
  2801  1.1601e-06  5.6811e-09  5.1410e-09  5.6837e-09  0:19:55  699

 Reversed flow on 51 faces (24.7% area) of pressure-outlet 19.

 Reversed flow on 177 faces (34.6% area) of pressure-outlet 18.
  2802  1.5062e-06  7.2016e-09  6.7829e-09  6.2797e-09  0:19:46  698

 Reversed flow on 51 faces (24.7% area) of pressure-outlet 19.

 Reversed flow on 177 faces (34.6% area) of pressure-outlet 18.
  2803  1.1830e-06  5.5650e-09  5.4699e-09  5.4712e-09  0:19:40  697

 Reversed flow on 51 faces (24.7% area) of pressure-outlet 19.

 Reversed flow on 177 faces (34.6% area) of pressure-outlet 18.
  2804  1.1843e-06  5.8950e-09  5.4552e-09  5.5425e-09  0:19:33  696

 Reversed flow on 51 faces (24.7% area) of pressure-outlet 19.

 Reversed flow on 177 faces (34.6% area) of pressure-outlet 18.
  2805  1.0737e-06  5.2852e-09  4.8709e-09  5.1247e-09  0:19:26  695

 Reversed flow on 51 faces (24.7% area) of pressure-outlet 19.

 Reversed flow on 177 faces (34.6% area) of pressure-outlet 18.

  iter  continuity  x-velocity  y-velocity  z-velocity     time/iter
  2806  1.4268e-06  6.7889e-09  6.5291e-09  5.9994e-09  0:19:22  694

 Reversed flow on 51 faces (24.7% area) of pressure-outlet 19.

 Reversed flow on 177 faces (34.6% area) of pressure-outlet 18.
  2807  1.1222e-06  5.1705e-09  5.2640e-09  5.5287e-09  0:19:18  693

 Reversed flow on 51 faces (24.7% area) of pressure-outlet 19.

 Reversed flow on 177 faces (34.6% area) of pressure-outlet 18.
  2808  1.1546e-06  5.5192e-09  5.2964e-09  5.9098e-09  0:19:13  692

 Reversed flow on 51 faces (24.7% area) of pressure-outlet 19.

 Reversed flow on 177 faces (34.6% area) of pressure-outlet 18.
  2809  1.0731e-06  4.9522e-09  4.7634e-09  5.7522e-09  0:19:11  691

 Reversed flow on 51 faces (24.7% area) of pressure-outlet 19.

 Reversed flow on 177 faces (34.6% area) of pressure-outlet 18.
  2810  1.4557e-06  6.5453e-09  6.4895e-09  6.7083e-09  0:19:07  690

 Reversed flow on 51 faces (24.7% area) of pressure-outlet 19.

 Reversed flow on 177 faces (34.6% area) of pressure-outlet 18.
  2811  1.1771e-06  5.0206e-09  5.2934e-09  6.2372e-09  0:19:06  689

 Reversed flow on 51 faces (24.7% area) of pressure-outlet 19.

 Reversed flow on 177 faces (34.6% area) of pressure-outlet 18.
  2812  1.2251e-06  5.4552e-09  5.3715e-09  6.5782e-09  0:19:02  688

 Reversed flow on 51 faces (24.7% area) of pressure-outlet 19.

 Reversed flow on 177 faces (34.6% area) of pressure-outlet 18.
  2813  1.1542e-06  4.9617e-09  4.8811e-09  6.3438e-09  0:18:57  687

 Reversed flow on 51 faces (24.7% area) of pressure-outlet 19.

 Reversed flow on 177 faces (34.6% area) of pressure-outlet 18.
  2814  1.5465e-06  6.6452e-09  6.6657e-09  7.2312e-09  0:18:56  686

 Reversed flow on 51 faces (24.7% area) of pressure-outlet 19.

 Reversed flow on 177 faces (34.6% area) of pressure-outlet 18.
  2815  1.2691e-06  5.1932e-09  5.4871e-09  6.6039e-09  0:18:55  685

 Reversed flow on 51 faces (24.7% area) of pressure-outlet 19.

 Reversed flow on 177 faces (34.6% area) of pressure-outlet 18.
  2816  1.3069e-06  5.6921e-09  5.5758e-09  6.7587e-09  0:18:53  684

 Reversed flow on 51 faces (24.7% area) of pressure-outlet 19.

 Reversed flow on 177 faces (34.6% area) of pressure-outlet 18.

  iter  continuity  x-velocity  y-velocity  z-velocity     time/iter
  2817  1.2243e-06  5.2617e-09  5.0955e-09  6.3485e-09  0:18:50  683

 Reversed flow on 51 faces (24.7% area) of pressure-outlet 19.

 Reversed flow on 177 faces (34.6% area) of pressure-outlet 18.
  2818  1.6041e-06  7.0119e-09  6.8805e-09  7.0803e-09  0:18:49  682

 Reversed flow on 51 faces (24.7% area) of pressure-outlet 19.

 Reversed flow on 177 faces (34.6% area) of pressure-outlet 18.
  2819  1.3121e-06  5.5692e-09  5.6660e-09  6.3473e-09  0:18:46  681

 Reversed flow on 51 faces (24.7% area) of pressure-outlet 19.

 Reversed flow on 177 faces (34.6% area) of pressure-outlet 18.
  2820  1.3453e-06  6.0558e-09  5.7104e-09  6.4754e-09  0:18:44  680

 Reversed flow on 51 faces (24.7% area) of pressure-outlet 19.

 Reversed flow on 177 faces (34.6% area) of pressure-outlet 18.
  2821  1.2557e-06  5.6147e-09  5.1915e-09  6.1212e-09  0:18:43  679

 Reversed flow on 51 faces (24.7% area) of pressure-outlet 19.

 Reversed flow on 177 faces (34.6% area) of pressure-outlet 18.
  2822  1.6243e-06  7.3565e-09  6.9529e-09  6.9012e-09  0:18:40  678

 Reversed flow on 51 faces (24.7% area) of pressure-outlet 19.

 Reversed flow on 177 faces (34.6% area) of pressure-outlet 18.
  2823  1.3203e-06  5.9005e-09  5.7200e-09  6.2269e-09  0:18:39  677

 Reversed flow on 51 faces (24.7% area) of pressure-outlet 19.

 Reversed flow on 177 faces (34.6% area) of pressure-outlet 18.
  2824  1.3374e-06  6.3603e-09  5.7599e-09  6.4155e-09  0:18:37  676

 Reversed flow on 51 faces (24.7% area) of pressure-outlet 19.

 Reversed flow on 177 faces (34.6% area) of pressure-outlet 18.
  2825  1.2426e-06  5.9135e-09  5.2727e-09  6.2383e-09  0:18:35  675

 Reversed flow on 51 faces (24.7% area) of pressure-outlet 19.

 Reversed flow on 177 faces (34.6% area) of pressure-outlet 18.
  2826  1.6208e-06  7.6457e-09  7.0824e-09  7.2649e-09  0:18:33  674

 Reversed flow on 51 faces (24.7% area) of pressure-outlet 19.

 Reversed flow on 177 faces (34.6% area) of pressure-outlet 18.
  2827  1.3355e-06  6.1626e-09  5.8920e-09  6.8699e-09  0:18:32  673

 Reversed flow on 51 faces (24.7% area) of pressure-outlet 19.

 Reversed flow on 177 faces (34.6% area) of pressure-outlet 18.

  iter  continuity  x-velocity  y-velocity  z-velocity     time/iter
  2828  1.3614e-06  6.5782e-09  5.9545e-09  7.1808e-09  0:18:29  672

 Reversed flow on 51 faces (24.7% area) of pressure-outlet 19.

 Reversed flow on 177 faces (34.6% area) of pressure-outlet 18.
  2829  1.2701e-06  6.0837e-09  5.4768e-09  6.9007e-09  0:18:30  671

 Reversed flow on 51 faces (24.7% area) of pressure-outlet 19.

 Reversed flow on 177 faces (34.6% area) of pressure-outlet 18.
  2830  1.6454e-06  7.7383e-09  7.2515e-09  7.7325e-09  0:18:28  670

 Reversed flow on 51 faces (24.7% area) of pressure-outlet 19.

 Reversed flow on 177 faces (34.6% area) of pressure-outlet 18.
  2831  1.3465e-06  6.1807e-09  5.9933e-09  7.0713e-09  0:18:27  669

 Reversed flow on 51 faces (24.7% area) of pressure-outlet 19.

 Reversed flow on 177 faces (34.6% area) of pressure-outlet 18.
  2832  1.3593e-06  6.4942e-09  5.9776e-09  7.1624e-09  0:18:24  668

 Reversed flow on 51 faces (24.7% area) of pressure-outlet 19.

 Reversed flow on 177 faces (34.6% area) of pressure-outlet 18.
  2833  1.2478e-06  5.9042e-09  5.4145e-09  6.6824e-09  0:18:22  667

 Reversed flow on 51 faces (24.7% area) of pressure-outlet 19.

 Reversed flow on 177 faces (34.6% area) of pressure-outlet 18.
  2834  1.5996e-06  7.4698e-09  7.1104e-09  7.2814e-09  0:18:21  666

 Reversed flow on 51 faces (24.7% area) of pressure-outlet 19.

 Reversed flow on 177 faces (34.6% area) of pressure-outlet 18.
  2835  1.2797e-06  5.8562e-09  5.7879e-09  6.4189e-09  0:18:19  665

 Reversed flow on 51 faces (24.7% area) of pressure-outlet 19.

 Reversed flow on 177 faces (34.6% area) of pressure-outlet 18.
  2836  1.2796e-06  6.1447e-09  5.7162e-09  6.3452e-09  0:18:19  664

 Reversed flow on 51 faces (24.7% area) of pressure-outlet 19.

 Reversed flow on 177 faces (34.6% area) of pressure-outlet 18.
  2837  1.1646e-06  5.5477e-09  5.1252e-09  5.7536e-09  0:18:15  663

 Reversed flow on 51 faces (24.7% area) of pressure-outlet 19.

 Reversed flow on 177 faces (34.6% area) of pressure-outlet 18.
  2838  1.5122e-06  7.1034e-09  6.8017e-09  6.3170e-09  0:18:11  662

 Reversed flow on 51 faces (24.7% area) of pressure-outlet 19.

 Reversed flow on 177 faces (34.6% area) of pressure-outlet 18.

  iter  continuity  x-velocity  y-velocity  z-velocity     time/iter
  2839  1.1944e-06  5.4860e-09  5.4934e-09  5.5059e-09  0:18:09  661

 Reversed flow on 51 faces (24.7% area) of pressure-outlet 19.

 Reversed flow on 177 faces (34.6% area) of pressure-outlet 18.
  2840  1.2020e-06  5.7937e-09  5.4627e-09  5.5702e-09  0:18:07  660

 Reversed flow on 51 faces (24.7% area) of pressure-outlet 19.

 Reversed flow on 177 faces (34.6% area) of pressure-outlet 18.
  2841  1.1021e-06  5.2551e-09  4.9204e-09  5.1998e-09  0:18:06  659

 Reversed flow on 51 faces (24.7% area) of pressure-outlet 19.

 Reversed flow on 177 faces (34.6% area) of pressure-outlet 18.
  2842  1.4660e-06  6.8569e-09  6.6342e-09  6.0040e-09  0:18:07  658

 Reversed flow on 51 faces (24.7% area) of pressure-outlet 19.

 Reversed flow on 177 faces (34.6% area) of pressure-outlet 18.
  2843  1.1647e-06  5.2870e-09  5.3782e-09  5.5306e-09  0:18:05  657

 Reversed flow on 51 faces (24.7% area) of pressure-outlet 19.

 Reversed flow on 177 faces (34.6% area) of pressure-outlet 18.
  2844  1.1923e-06  5.6654e-09  5.4126e-09  5.9757e-09  0:18:02  656

 Reversed flow on 51 faces (24.7% area) of pressure-outlet 19.

 Reversed flow on 177 faces (34.6% area) of pressure-outlet 18.
  2845  1.1243e-06  5.1909e-09  4.9359e-09  5.9369e-09  0:18:00  655

 Reversed flow on 51 faces (24.7% area) of pressure-outlet 19.

 Reversed flow on 177 faces (34.6% area) of pressure-outlet 18.
  2846  1.5206e-06  6.8680e-09  6.7067e-09  6.9861e-09  0:18:00  654

 Reversed flow on 51 faces (24.7% area) of pressure-outlet 19.

 Reversed flow on 177 faces (34.6% area) of pressure-outlet 18.
  2847  1.2487e-06  5.3899e-09  5.5070e-09  6.5531e-09  0:18:01  653

 Reversed flow on 51 faces (24.7% area) of pressure-outlet 19.

 Reversed flow on 177 faces (34.6% area) of pressure-outlet 18.
  2848  1.2976e-06  5.8731e-09  5.5941e-09  6.9275e-09  0:18:01  652

 Reversed flow on 51 faces (24.7% area) of pressure-outlet 19.

 Reversed flow on 177 faces (34.6% area) of pressure-outlet 18.
  2849  1.2322e-06  5.4685e-09  5.1467e-09  6.7399e-09  0:18:01  651

 Reversed flow on 51 faces (24.7% area) of pressure-outlet 19.

 Reversed flow on 177 faces (34.6% area) of pressure-outlet 18.

  iter  continuity  x-velocity  y-velocity  z-velocity     time/iter
  2850  1.6236e-06  7.1867e-09  6.9260e-09  7.5970e-09  0:17:57  650

 Reversed flow on 51 faces (24.7% area) of pressure-outlet 19.

 Reversed flow on 177 faces (34.6% area) of pressure-outlet 18.
  2851  1.3339e-06  5.7155e-09  5.7185e-09  6.9347e-09  0:17:55  649

 Reversed flow on 51 faces (24.7% area) of pressure-outlet 19.

 Reversed flow on 177 faces (34.6% area) of pressure-outlet 18.
  2852  1.3543e-06  6.1979e-09  5.7856e-09  7.0232e-09  0:17:52  648

 Reversed flow on 51 faces (24.7% area) of pressure-outlet 19.

 Reversed flow on 177 faces (34.6% area) of pressure-outlet 18.
  2853  1.2553e-06  5.7676e-09  5.2939e-09  6.5403e-09  0:17:52  647

 Reversed flow on 51 faces (24.7% area) of pressure-outlet 19.

 Reversed flow on 177 faces (34.6% area) of pressure-outlet 18.
  2854  1.6156e-06  7.4251e-09  7.0103e-09  7.1238e-09  0:17:51  646

 Reversed flow on 51 faces (24.7% area) of pressure-outlet 19.

 Reversed flow on 177 faces (34.6% area) of pressure-outlet 18.
  2855  1.2945e-06  5.8786e-09  5.7268e-09  6.2142e-09  0:17:50  645

 Reversed flow on 51 faces (24.7% area) of pressure-outlet 19.

 Reversed flow on 177 faces (34.6% area) of pressure-outlet 18.
  2856  1.2884e-06  6.2806e-09  5.7274e-09  6.1633e-09  0:17:47  644

 Reversed flow on 51 faces (24.7% area) of pressure-outlet 19.

 Reversed flow on 177 faces (34.6% area) of pressure-outlet 18.
  2857  1.1729e-06  5.7593e-09  5.1693e-09  5.6899e-09  0:17:47  643

 Reversed flow on 51 faces (24.7% area) of pressure-outlet 19.

 Reversed flow on 177 faces (34.6% area) of pressure-outlet 18.
  2858  1.5267e-06  7.3237e-09  6.8352e-09  6.3919e-09  0:17:46  642

 Reversed flow on 51 faces (24.7% area) of pressure-outlet 19.

 Reversed flow on 177 faces (34.6% area) of pressure-outlet 18.
  2859  1.1998e-06  5.6919e-09  5.5116e-09  5.5879e-09  0:17:52  641

 Reversed flow on 51 faces (24.7% area) of pressure-outlet 19.

 Reversed flow on 177 faces (34.6% area) of pressure-outlet 18.
  2860  1.1988e-06  6.0389e-09  5.5000e-09  5.6545e-09  0:17:48  640

 Reversed flow on 51 faces (24.7% area) of pressure-outlet 19.

 Reversed flow on 177 faces (34.6% area) of pressure-outlet 18.

  iter  continuity  x-velocity  y-velocity  z-velocity     time/iter
  2861  1.0934e-06  5.4773e-09  4.9460e-09  5.2706e-09  0:17:43  639

 Reversed flow on 51 faces (24.7% area) of pressure-outlet 19.

 Reversed flow on 177 faces (34.6% area) of pressure-outlet 18.
  2862  1.4586e-06  7.0225e-09  6.6397e-09  6.2150e-09  0:17:43  638

 Reversed flow on 51 faces (24.7% area) of pressure-outlet 19.

 Reversed flow on 177 faces (34.6% area) of pressure-outlet 18.
  2863  1.1538e-06  5.3928e-09  5.3646e-09  5.7434e-09  0:17:40  637

 Reversed flow on 51 faces (24.7% area) of pressure-outlet 19.

 Reversed flow on 177 faces (34.6% area) of pressure-outlet 18.
  2864  1.1815e-06  5.7353e-09  5.4005e-09  6.1245e-09  0:17:51  636

 Reversed flow on 51 faces (24.7% area) of pressure-outlet 19.

 Reversed flow on 177 faces (34.6% area) of pressure-outlet 18.
  2865  1.1013e-06  5.1816e-09  4.8960e-09  5.9687e-09  0:18:01  635

 Reversed flow on 51 faces (24.7% area) of pressure-outlet 19.

 Reversed flow on 177 faces (34.6% area) of pressure-outlet 18.
  2866  1.4905e-06  6.7664e-09  6.6369e-09  6.9142e-09  0:17:56  634

 Reversed flow on 51 faces (24.7% area) of pressure-outlet 19.

 Reversed flow on 177 faces (34.6% area) of pressure-outlet 18.
  2867  1.2050e-06  5.1886e-09  5.3973e-09  6.3515e-09  0:17:48  633

 Reversed flow on 51 faces (24.7% area) of pressure-outlet 19.

 Reversed flow on 177 faces (34.6% area) of pressure-outlet 18.
  2868  1.2357e-06  5.5866e-09  5.4401e-09  6.5852e-09  0:17:41  632

 Reversed flow on 51 faces (24.7% area) of pressure-outlet 19.

 Reversed flow on 177 faces (34.6% area) of pressure-outlet 18.
  2869  1.1488e-06  5.0623e-09  4.9318e-09  6.2531e-09  0:17:42  631

 Reversed flow on 51 faces (24.7% area) of pressure-outlet 19.

 Reversed flow on 177 faces (34.6% area) of pressure-outlet 18.
  2870  1.5212e-06  6.6880e-09  6.6734e-09  7.0253e-09  0:17:37  630

 Reversed flow on 51 faces (24.7% area) of pressure-outlet 19.

 Reversed flow on 177 faces (34.6% area) of pressure-outlet 18.
  2871  1.2230e-06  5.1562e-09  5.4348e-09  6.3161e-09  0:17:32  629

 Reversed flow on 51 faces (24.7% area) of pressure-outlet 19.

 Reversed flow on 177 faces (34.6% area) of pressure-outlet 18.

  iter  continuity  x-velocity  y-velocity  z-velocity     time/iter
  2872  1.2454e-06  5.5769e-09  5.4673e-09  6.4266e-09  0:17:29  628

 Reversed flow on 51 faces (24.7% area) of pressure-outlet 19.

 Reversed flow on 177 faces (34.6% area) of pressure-outlet 18.
  2873  1.1532e-06  5.0732e-09  4.9329e-09  5.9722e-09  0:17:26  627

 Reversed flow on 51 faces (24.7% area) of pressure-outlet 19.

 Reversed flow on 177 faces (34.6% area) of pressure-outlet 18.
  2874  1.5276e-06  6.7381e-09  6.6606e-09  6.6596e-09  0:17:25  626

 Reversed flow on 51 faces (24.7% area) of pressure-outlet 19.

 Reversed flow on 177 faces (34.6% area) of pressure-outlet 18.
  2875  1.2348e-06  5.2516e-09  5.4261e-09  5.9201e-09  0:17:23  625

 Reversed flow on 51 faces (24.7% area) of pressure-outlet 19.

 Reversed flow on 177 faces (34.6% area) of pressure-outlet 18.
  2876  1.2648e-06  5.7053e-09  5.4752e-09  6.0761e-09  0:17:19  624

 Reversed flow on 51 faces (24.7% area) of pressure-outlet 19.

 Reversed flow on 177 faces (34.6% area) of pressure-outlet 18.
  2877  1.1762e-06  5.2301e-09  4.9675e-09  5.7241e-09  0:17:17  623

 Reversed flow on 51 faces (24.7% area) of pressure-outlet 19.

 Reversed flow on 177 faces (34.6% area) of pressure-outlet 18.
  2878  1.5529e-06  6.9432e-09  6.7244e-09  6.5664e-09  0:17:16  622

 Reversed flow on 51 faces (24.7% area) of pressure-outlet 19.

 Reversed flow on 177 faces (34.6% area) of pressure-outlet 18.
  2879  1.2722e-06  5.5180e-09  5.5304e-09  5.9937e-09  0:17:13  621

 Reversed flow on 51 faces (24.7% area) of pressure-outlet 19.

 Reversed flow on 177 faces (34.6% area) of pressure-outlet 18.
  2880  1.3136e-06  6.0108e-09  5.6074e-09  6.3820e-09  0:17:10  620

 Reversed flow on 51 faces (24.7% area) of pressure-outlet 19.

 Reversed flow on 177 faces (34.6% area) of pressure-outlet 18.
  2881  1.2288e-06  5.5758e-09  5.1325e-09  6.3078e-09  0:17:07  619

 Reversed flow on 51 faces (24.7% area) of pressure-outlet 19.

 Reversed flow on 177 faces (34.6% area) of pressure-outlet 18.
  2882  1.6120e-06  7.3145e-09  6.9296e-09  7.3901e-09  0:17:05  618

 Reversed flow on 51 faces (24.7% area) of pressure-outlet 19.

 Reversed flow on 177 faces (34.6% area) of pressure-outlet 18.

  iter  continuity  x-velocity  y-velocity  z-velocity     time/iter
  2883  1.3384e-06  5.9211e-09  5.7811e-09  7.0135e-09  0:17:03  617

 Reversed flow on 51 faces (24.7% area) of pressure-outlet 19.

 Reversed flow on 177 faces (34.6% area) of pressure-outlet 18.
  2884  1.3910e-06  6.4309e-09  5.8901e-09  7.3974e-09  0:17:01  616

 Reversed flow on 51 faces (24.7% area) of pressure-outlet 19.

 Reversed flow on 177 faces (34.6% area) of pressure-outlet 18.
  2885  1.3180e-06  6.0171e-09  5.4484e-09  7.1653e-09  0:17:01  615

 Reversed flow on 51 faces (24.7% area) of pressure-outlet 19.

 Reversed flow on 177 faces (34.6% area) of pressure-outlet 18.
  2886  1.6987e-06  7.7525e-09  7.2587e-09  8.0677e-09  0:17:02  614

 Reversed flow on 51 faces (24.7% area) of pressure-outlet 19.

 Reversed flow on 177 faces (34.6% area) of pressure-outlet 18.
  2887  1.4094e-06  6.3228e-09  6.0891e-09  7.4472e-09  0:16:58  613

 Reversed flow on 51 faces (24.7% area) of pressure-outlet 19.

 Reversed flow on 177 faces (34.6% area) of pressure-outlet 18.
  2888  1.4264e-06  6.7434e-09  6.1498e-09  7.4917e-09  0:16:55  612

 Reversed flow on 51 faces (24.7% area) of pressure-outlet 19.

 Reversed flow on 177 faces (34.6% area) of pressure-outlet 18.
  2889  1.3156e-06  6.2200e-09  5.6252e-09  6.9247e-09  0:16:53  611

 Reversed flow on 51 faces (24.7% area) of pressure-outlet 19.

 Reversed flow on 177 faces (34.6% area) of pressure-outlet 18.
  2890  1.6563e-06  7.8262e-09  7.3285e-09  7.4702e-09  0:16:50  610

 Reversed flow on 51 faces (24.7% area) of pressure-outlet 19.

 Reversed flow on 177 faces (34.6% area) of pressure-outlet 18.
  2891  1.3294e-06  6.2299e-09  6.0211e-09  6.5436e-09  0:16:49  609

 Reversed flow on 51 faces (24.7% area) of pressure-outlet 19.

 Reversed flow on 177 faces (34.6% area) of pressure-outlet 18.
  2892  1.3174e-06  6.5019e-09  5.9418e-09  6.4046e-09  0:16:46  608

 Reversed flow on 51 faces (24.7% area) of pressure-outlet 19.

 Reversed flow on 177 faces (34.6% area) of pressure-outlet 18.
  2893  1.1874e-06  5.8569e-09  5.3125e-09  5.7522e-09  0:16:44  607

 Reversed flow on 51 faces (24.7% area) of pressure-outlet 19.

 Reversed flow on 177 faces (34.6% area) of pressure-outlet 18.

  iter  continuity  x-velocity  y-velocity  z-velocity     time/iter
  2894  1.5260e-06  7.3660e-09  6.9436e-09  6.3462e-09  0:16:41  606

 Reversed flow on 51 faces (24.7% area) of pressure-outlet 19.

 Reversed flow on 177 faces (34.6% area) of pressure-outlet 18.
  2895  1.2006e-06  5.6886e-09  5.5756e-09  5.5523e-09  0:16:41  605

 Reversed flow on 51 faces (24.7% area) of pressure-outlet 19.

 Reversed flow on 177 faces (34.6% area) of pressure-outlet 18.
  2896  1.1969e-06  5.9312e-09  5.4886e-09  5.5832e-09  0:16:38  604

 Reversed flow on 51 faces (24.7% area) of pressure-outlet 19.

 Reversed flow on 177 faces (34.6% area) of pressure-outlet 18.
  2897  1.0892e-06  5.3321e-09  4.9073e-09  5.1564e-09  0:16:37  603

 Reversed flow on 51 faces (24.7% area) of pressure-outlet 19.

 Reversed flow on 177 faces (34.6% area) of pressure-outlet 18.
  2898  1.4544e-06  6.9169e-09  6.6272e-09  5.9429e-09  0:16:35  602

 Reversed flow on 51 faces (24.7% area) of pressure-outlet 19.

 Reversed flow on 177 faces (34.6% area) of pressure-outlet 18.
  2899  1.1519e-06  5.2972e-09  5.3478e-09  5.4533e-09  0:16:33  601

 Reversed flow on 51 faces (24.7% area) of pressure-outlet 19.

 Reversed flow on 177 faces (34.6% area) of pressure-outlet 18.
  2900  1.1758e-06  5.6403e-09  5.3651e-09  5.8898e-09  0:16:30  600

 Reversed flow on 51 faces (24.7% area) of pressure-outlet 19.

 Reversed flow on 177 faces (34.6% area) of pressure-outlet 18.
  2901  1.1070e-06  5.1489e-09  4.9005e-09  5.8565e-09  0:16:31  599

 Reversed flow on 51 faces (24.7% area) of pressure-outlet 19.

 Reversed flow on 177 faces (34.6% area) of pressure-outlet 18.
  2902  1.5096e-06  6.8270e-09  6.7074e-09  6.9302e-09  0:16:29  598

 Reversed flow on 51 faces (24.7% area) of pressure-outlet 19.

 Reversed flow on 177 faces (34.6% area) of pressure-outlet 18.
  2903  1.2358e-06  5.2946e-09  5.4967e-09  6.4886e-09  0:16:28  597

 Reversed flow on 51 faces (24.7% area) of pressure-outlet 19.

 Reversed flow on 177 faces (34.6% area) of pressure-outlet 18.
  2904  1.2786e-06  5.7322e-09  5.5628e-09  6.8534e-09  0:16:27  596

 Reversed flow on 51 faces (24.7% area) of pressure-outlet 19.

 Reversed flow on 177 faces (34.6% area) of pressure-outlet 18.

  iter  continuity  x-velocity  y-velocity  z-velocity     time/iter
  2905  1.2133e-06  5.3269e-09  5.1127e-09  6.6718e-09  0:16:25  595

 Reversed flow on 51 faces (24.7% area) of pressure-outlet 19.

 Reversed flow on 177 faces (34.6% area) of pressure-outlet 18.
  2906  1.6105e-06  7.0601e-09  6.9163e-09  7.5433e-09  0:16:26  594

 Reversed flow on 51 faces (24.7% area) of pressure-outlet 19.

 Reversed flow on 177 faces (34.6% area) of pressure-outlet 18.
  2907  1.3206e-06  5.5747e-09  5.6926e-09  6.8740e-09  0:16:24  593

 Reversed flow on 51 faces (24.7% area) of pressure-outlet 19.

 Reversed flow on 177 faces (34.6% area) of pressure-outlet 18.
  2908  1.3410e-06  6.0499e-09  5.7422e-09  6.9831e-09  0:16:19  592

 Reversed flow on 51 faces (24.7% area) of pressure-outlet 19.

 Reversed flow on 177 faces (34.6% area) of pressure-outlet 18.
  2909  1.2474e-06  5.6315e-09  5.2476e-09  6.5526e-09  0:16:17  591

 Reversed flow on 51 faces (24.7% area) of pressure-outlet 19.

 Reversed flow on 177 faces (34.6% area) of pressure-outlet 18.
  2910  1.6161e-06  7.3261e-09  6.9762e-09  7.1722e-09  0:16:14  590

 Reversed flow on 51 faces (24.7% area) of pressure-outlet 19.

 Reversed flow on 177 faces (34.6% area) of pressure-outlet 18.
  2911  1.3026e-06  5.8074e-09  5.6912e-09  6.2821e-09  0:16:12  589

 Reversed flow on 51 faces (24.7% area) of pressure-outlet 19.

 Reversed flow on 177 faces (34.6% area) of pressure-outlet 18.
  2912  1.3029e-06  6.2302e-09  5.6942e-09  6.2419e-09  0:16:10  588

 Reversed flow on 51 faces (24.7% area) of pressure-outlet 19.

 Reversed flow on 177 faces (34.6% area) of pressure-outlet 18.
  2913  1.1927e-06  5.7312e-09  5.1467e-09  5.7433e-09  0:16:11  587

 Reversed flow on 51 faces (24.7% area) of pressure-outlet 19.

 Reversed flow on 177 faces (34.6% area) of pressure-outlet 18.
  2914  1.5446e-06  7.3204e-09  6.8249e-09  6.3757e-09  0:16:09  586

 Reversed flow on 51 faces (24.7% area) of pressure-outlet 19.

 Reversed flow on 177 faces (34.6% area) of pressure-outlet 18.
  2915  1.2248e-06  5.7522e-09  5.5294e-09  5.6072e-09  0:16:09  585

 Reversed flow on 51 faces (24.7% area) of pressure-outlet 19.

 Reversed flow on 177 faces (34.6% area) of pressure-outlet 18.

  iter  continuity  x-velocity  y-velocity  z-velocity     time/iter
  2916  1.2257e-06  6.1419e-09  5.5452e-09  5.7334e-09  0:16:07  584

 Reversed flow on 51 faces (24.7% area) of pressure-outlet 19.

 Reversed flow on 177 faces (34.6% area) of pressure-outlet 18.
  2917  1.1192e-06  5.6028e-09  5.0096e-09  5.5258e-09  0:16:05  583

 Reversed flow on 51 faces (24.7% area) of pressure-outlet 19.

 Reversed flow on 177 faces (34.6% area) of pressure-outlet 18.
  2918  1.4779e-06  7.1519e-09  6.7053e-09  6.4927e-09  0:16:04  582

 Reversed flow on 51 faces (24.7% area) of pressure-outlet 19.

 Reversed flow on 177 faces (34.6% area) of pressure-outlet 18.
  2919  1.1808e-06  5.5684e-09  5.4582e-09  6.0321e-09  0:16:03  581

 Reversed flow on 51 faces (24.7% area) of pressure-outlet 19.

 Reversed flow on 177 faces (34.6% area) of pressure-outlet 18.
  2920  1.2146e-06  5.9593e-09  5.5188e-09  6.3935e-09  0:16:00  580

 Reversed flow on 51 faces (24.7% area) of pressure-outlet 19.

 Reversed flow on 177 faces (34.6% area) of pressure-outlet 18.
  2921  1.1376e-06  5.4234e-09  5.0144e-09  6.2110e-09  0:15:57  579

 Reversed flow on 51 faces (24.7% area) of pressure-outlet 19.

 Reversed flow on 177 faces (34.6% area) of pressure-outlet 18.
  2922  1.5191e-06  6.9927e-09  6.7416e-09  7.1099e-09  0:15:57  578

 Reversed flow on 51 faces (24.7% area) of pressure-outlet 19.

 Reversed flow on 177 faces (34.6% area) of pressure-outlet 18.
  2923  1.2301e-06  5.4329e-09  5.5114e-09  6.5217e-09  0:15:54  577

 Reversed flow on 51 faces (24.7% area) of pressure-outlet 19.

 Reversed flow on 177 faces (34.6% area) of pressure-outlet 18.
  2924  1.2627e-06  5.8309e-09  5.5699e-09  6.7145e-09  0:15:52  576

 Reversed flow on 51 faces (24.7% area) of pressure-outlet 19.

 Reversed flow on 177 faces (34.6% area) of pressure-outlet 18.
  2925  1.1742e-06  5.2804e-09  5.0539e-09  6.3256e-09  0:15:50  575

 Reversed flow on 51 faces (24.7% area) of pressure-outlet 19.

 Reversed flow on 177 faces (34.6% area) of pressure-outlet 18.
  2926  1.5373e-06  6.8579e-09  6.7613e-09  6.9754e-09  0:15:47  574

 Reversed flow on 51 faces (24.7% area) of pressure-outlet 19.

 Reversed flow on 177 faces (34.6% area) of pressure-outlet 18.

  iter  continuity  x-velocity  y-velocity  z-velocity     time/iter
  2927  1.2228e-06  5.2913e-09  5.4908e-09  6.1372e-09  0:15:44  573

 Reversed flow on 51 faces (24.7% area) of pressure-outlet 19.

 Reversed flow on 177 faces (34.6% area) of pressure-outlet 18.
  2928  1.2303e-06  5.6743e-09  5.4947e-09  6.1195e-09  0:15:43  572

 Reversed flow on 51 faces (24.7% area) of pressure-outlet 19.

 Reversed flow on 177 faces (34.6% area) of pressure-outlet 18.
  2929  1.1191e-06  5.1134e-09  4.9282e-09  5.5595e-09  0:15:41  571

 Reversed flow on 51 faces (24.7% area) of pressure-outlet 19.

 Reversed flow on 177 faces (34.6% area) of pressure-outlet 18.
  2930  1.4724e-06  6.6984e-09  6.6111e-09  6.1976e-09  0:15:39  570

 Reversed flow on 51 faces (24.7% area) of pressure-outlet 19.

 Reversed flow on 177 faces (34.6% area) of pressure-outlet 18.
  2931  1.1630e-06  5.1117e-09  5.3119e-09  5.4823e-09  0:15:38  569

 Reversed flow on 51 faces (24.7% area) of pressure-outlet 19.

 Reversed flow on 177 faces (34.6% area) of pressure-outlet 18.
  2932  1.1812e-06  5.4874e-09  5.3068e-09  5.6600e-09  0:15:36  568

 Reversed flow on 51 faces (24.7% area) of pressure-outlet 19.

 Reversed flow on 177 faces (34.6% area) of pressure-outlet 18.
  2933  1.0909e-06  4.9552e-09  4.7631e-09  5.3183e-09  0:15:35  567

 Reversed flow on 51 faces (24.7% area) of pressure-outlet 19.

 Reversed flow on 177 faces (34.6% area) of pressure-outlet 18.
  2934  1.4765e-06  6.6293e-09  6.5091e-09  6.1758e-09  0:15:36  566

 Reversed flow on 51 faces (24.7% area) of pressure-outlet 19.

 Reversed flow on 177 faces (34.6% area) of pressure-outlet 18.
  2935  1.1930e-06  5.1374e-09  5.2895e-09  5.6333e-09  0:15:33  565

 Reversed flow on 51 faces (24.7% area) of pressure-outlet 19.

 Reversed flow on 177 faces (34.6% area) of pressure-outlet 18.
  2936  1.2337e-06  5.6070e-09  5.3723e-09  6.1125e-09  0:15:31  564

 Reversed flow on 51 faces (24.7% area) of pressure-outlet 19.

 Reversed flow on 177 faces (34.6% area) of pressure-outlet 18.
  2937  1.1657e-06  5.1830e-09  4.9294e-09  6.1212e-09  0:15:29  563

 Reversed flow on 51 faces (24.7% area) of pressure-outlet 19.

 Reversed flow on 177 faces (34.6% area) of pressure-outlet 18.

  iter  continuity  x-velocity  y-velocity  z-velocity     time/iter
  2938  1.5799e-06  6.9560e-09  6.7725e-09  7.2864e-09  0:15:27  562

 Reversed flow on 51 faces (24.7% area) of pressure-outlet 19.

 Reversed flow on 177 faces (34.6% area) of pressure-outlet 18.
  2939  1.3288e-06  5.5540e-09  5.6271e-09  6.9225e-09  0:15:25  561

 Reversed flow on 51 faces (24.7% area) of pressure-outlet 19.

 Reversed flow on 177 faces (34.6% area) of pressure-outlet 18.
  2940  1.3850e-06  6.0904e-09  5.7495e-09  7.3465e-09  0:15:23  560

 Reversed flow on 51 faces (24.7% area) of pressure-outlet 19.

 Reversed flow on 177 faces (34.6% area) of pressure-outlet 18.
  2941  1.3131e-06  5.7242e-09  5.3221e-09  7.1979e-09  0:15:21  559

 Reversed flow on 51 faces (24.7% area) of pressure-outlet 19.

 Reversed flow on 177 faces (34.6% area) of pressure-outlet 18.
  2942  1.7038e-06  7.5311e-09  7.1581e-09  8.1358e-09  0:15:19  558

 Reversed flow on 51 faces (24.7% area) of pressure-outlet 19.

 Reversed flow on 177 faces (34.6% area) of pressure-outlet 18.
  2943  1.4265e-06  6.1367e-09  6.0022e-09  7.5502e-09  0:15:18  557

 Reversed flow on 51 faces (24.7% area) of pressure-outlet 19.

 Reversed flow on 177 faces (34.6% area) of pressure-outlet 18.
  2944  1.4551e-06  6.6335e-09  6.0933e-09  7.6551e-09  0:15:16  556

 Reversed flow on 51 faces (24.7% area) of pressure-outlet 19.

 Reversed flow on 177 faces (34.6% area) of pressure-outlet 18.
  2945  1.3530e-06  6.2064e-09  5.6118e-09  7.1946e-09  0:15:13  555

 Reversed flow on 51 faces (24.7% area) of pressure-outlet 19.

 Reversed flow on 177 faces (34.6% area) of pressure-outlet 18.
  2946  1.7083e-06  7.9236e-09  7.3784e-09  7.8708e-09  0:15:13  554

 Reversed flow on 51 faces (24.7% area) of pressure-outlet 19.

 Reversed flow on 177 faces (34.6% area) of pressure-outlet 18.
  2947  1.3887e-06  6.4357e-09  6.1350e-09  6.9208e-09  0:15:10  553

 Reversed flow on 51 faces (24.7% area) of pressure-outlet 19.

 Reversed flow on 177 faces (34.6% area) of pressure-outlet 18.
  2948  1.3825e-06  6.7827e-09  6.1050e-09  6.7452e-09  0:15:07  552

 Reversed flow on 51 faces (24.7% area) of pressure-outlet 19.

 Reversed flow on 177 faces (34.6% area) of pressure-outlet 18.

  iter  continuity  x-velocity  y-velocity  z-velocity     time/iter
  2949  1.2495e-06  6.1796e-09  5.4939e-09  6.0679e-09  0:15:06  551

 Reversed flow on 51 faces (24.7% area) of pressure-outlet 19.

 Reversed flow on 177 faces (34.6% area) of pressure-outlet 18.
  2950  1.5803e-06  7.7077e-09  7.1343e-09  6.6139e-09  0:15:07  550

 Reversed flow on 51 faces (24.7% area) of pressure-outlet 19.

 Reversed flow on 177 faces (34.6% area) of pressure-outlet 18.
  2951  1.2494e-06  6.0598e-09  5.7964e-09  5.7608e-09  0:15:03  549

 Reversed flow on 51 faces (24.7% area) of pressure-outlet 19.

 Reversed flow on 177 faces (34.6% area) of pressure-outlet 18.
  2952  1.2410e-06  6.2929e-09  5.7035e-09  5.7460e-09  0:15:03  548

 Reversed flow on 51 faces (24.7% area) of pressure-outlet 19.

 Reversed flow on 177 faces (34.6% area) of pressure-outlet 18.
  2953  1.1181e-06  5.6292e-09  5.0758e-09  5.2739e-09  0:15:02  547

 Reversed flow on 51 faces (24.7% area) of pressure-outlet 19.

 Reversed flow on 177 faces (34.6% area) of pressure-outlet 18.
  2954  1.4637e-06  7.1335e-09  6.7240e-09  6.1347e-09  0:15:01  546

 Reversed flow on 51 faces (24.7% area) of pressure-outlet 19.

 Reversed flow on 177 faces (34.6% area) of pressure-outlet 18.
  2955  1.1565e-06  5.5033e-09  5.4432e-09  5.6737e-09  0:15:00  545

 Reversed flow on 51 faces (24.7% area) of pressure-outlet 19.

 Reversed flow on 177 faces (34.6% area) of pressure-outlet 18.
  2956  1.1865e-06  5.7906e-09  5.4331e-09  6.0532e-09  0:15:00  544

 Reversed flow on 51 faces (24.7% area) of pressure-outlet 19.

 Reversed flow on 177 faces (34.6% area) of pressure-outlet 18.
  2957  1.1089e-06  5.2401e-09  4.9262e-09  5.9185e-09  0:14:59  543

 Reversed flow on 51 faces (24.7% area) of pressure-outlet 19.

 Reversed flow on 177 faces (34.6% area) of pressure-outlet 18.
  2958  1.4991e-06  6.8593e-09  6.6931e-09  6.8911e-09  0:15:33  542

 Reversed flow on 51 faces (24.7% area) of pressure-outlet 19.

 Reversed flow on 177 faces (34.6% area) of pressure-outlet 18.
  2959  1.2240e-06  5.3296e-09  5.4933e-09  6.4199e-09  0:15:24  541

 Reversed flow on 51 faces (24.7% area) of pressure-outlet 19.

 Reversed flow on 177 faces (34.6% area) of pressure-outlet 18.

  iter  continuity  x-velocity  y-velocity  z-velocity     time/iter
  2960  1.2678e-06  5.7415e-09  5.5540e-09  6.7423e-09  0:15:18  540

 Reversed flow on 51 faces (24.7% area) of pressure-outlet 19.

 Reversed flow on 177 faces (34.6% area) of pressure-outlet 18.
  2961  1.1999e-06  5.2924e-09  5.0995e-09  6.5080e-09  0:15:10  539

 Reversed flow on 51 faces (24.7% area) of pressure-outlet 19.

 Reversed flow on 177 faces (34.6% area) of pressure-outlet 18.
  2962  1.5881e-06  6.9720e-09  6.8889e-09  7.3387e-09  0:15:05  538

 Reversed flow on 51 faces (24.7% area) of pressure-outlet 19.

 Reversed flow on 177 faces (34.6% area) of pressure-outlet 18.
  2963  1.2932e-06  5.4685e-09  5.6679e-09  6.6271e-09  0:15:01  537

 Reversed flow on 51 faces (24.7% area) of pressure-outlet 19.

 Reversed flow on 177 faces (34.6% area) of pressure-outlet 18.
  2964  1.3114e-06  5.9161e-09  5.7012e-09  6.7093e-09  0:14:56  536

 Reversed flow on 51 faces (24.7% area) of pressure-outlet 19.

 Reversed flow on 177 faces (34.6% area) of pressure-outlet 18.
  2965  1.2197e-06  5.4830e-09  5.2001e-09  6.2481e-09  0:14:52  535

 Reversed flow on 51 faces (24.7% area) of pressure-outlet 19.

 Reversed flow on 177 faces (34.6% area) of pressure-outlet 18.
  2966  1.5890e-06  7.1741e-09  6.9367e-09  6.8830e-09  0:14:48  534

 Reversed flow on 51 faces (24.7% area) of pressure-outlet 19.

 Reversed flow on 177 faces (34.6% area) of pressure-outlet 18.
  2967  1.2755e-06  5.6406e-09  5.6478e-09  6.0382e-09  0:14:47  533

 Reversed flow on 51 faces (24.7% area) of pressure-outlet 19.

 Reversed flow on 177 faces (34.6% area) of pressure-outlet 18.
  2968  1.2789e-06  6.0569e-09  5.6337e-09  6.1259e-09  0:14:44  532

 Reversed flow on 51 faces (24.7% area) of pressure-outlet 19.

 Reversed flow on 177 faces (34.6% area) of pressure-outlet 18.
  2969  1.1792e-06  5.5818e-09  5.0966e-09  5.7454e-09  0:14:41  531

 Reversed flow on 51 faces (24.7% area) of pressure-outlet 19.

 Reversed flow on 177 faces (34.6% area) of pressure-outlet 18.
  2970  1.5461e-06  7.2285e-09  6.8037e-09  6.4547e-09  0:14:39  530

 Reversed flow on 51 faces (24.7% area) of pressure-outlet 19.

 Reversed flow on 177 faces (34.6% area) of pressure-outlet 18.

  iter  continuity  x-velocity  y-velocity  z-velocity     time/iter
  2971  1.2344e-06  5.6659e-09  5.5032e-09  5.6976e-09  0:14:37  529

 Reversed flow on 51 faces (24.7% area) of pressure-outlet 19.

 Reversed flow on 177 faces (34.6% area) of pressure-outlet 18.
  2972  1.2391e-06  6.0742e-09  5.5139e-09  5.8446e-09  0:14:34  528

 Reversed flow on 51 faces (24.7% area) of pressure-outlet 19.

 Reversed flow on 177 faces (34.6% area) of pressure-outlet 18.
  2973  1.1427e-06  5.5947e-09  5.0128e-09  5.6799e-09  0:14:32  527

 Reversed flow on 51 faces (24.7% area) of pressure-outlet 19.

 Reversed flow on 177 faces (34.6% area) of pressure-outlet 18.
  2974  1.5207e-06  7.2247e-09  6.7554e-09  6.6813e-09  0:14:30  526

 Reversed flow on 51 faces (24.7% area) of pressure-outlet 19.

 Reversed flow on 177 faces (34.6% area) of pressure-outlet 18.
  2975  1.2271e-06  5.6535e-09  5.5093e-09  6.2140e-09  0:14:29  525

 Reversed flow on 51 faces (24.7% area) of pressure-outlet 19.

 Reversed flow on 177 faces (34.6% area) of pressure-outlet 18.
  2976  1.2526e-06  6.0700e-09  5.5803e-09  6.5918e-09  0:14:27  524

 Reversed flow on 51 faces (24.7% area) of pressure-outlet 19.

 Reversed flow on 177 faces (34.6% area) of pressure-outlet 18.
  2977  1.1740e-06  5.5944e-09  5.1150e-09  6.4306e-09  0:14:26  523

 Reversed flow on 51 faces (24.7% area) of pressure-outlet 19.

 Reversed flow on 177 faces (34.6% area) of pressure-outlet 18.
  2978  1.5576e-06  7.2171e-09  6.8677e-09  7.3295e-09  0:14:25  522

 Reversed flow on 51 faces (24.7% area) of pressure-outlet 19.

 Reversed flow on 177 faces (34.6% area) of pressure-outlet 18.
  2979  1.2662e-06  5.6561e-09  5.6209e-09  6.7008e-09  0:14:23  521

 Reversed flow on 51 faces (24.7% area) of pressure-outlet 19.

 Reversed flow on 177 faces (34.6% area) of pressure-outlet 18.
  2980  1.2893e-06  6.0535e-09  5.6804e-09  6.8714e-09  0:14:21  520

 Reversed flow on 51 faces (24.7% area) of pressure-outlet 19.

 Reversed flow on 177 faces (34.6% area) of pressure-outlet 18.
  2981  1.1936e-06  5.5265e-09  5.1721e-09  6.4719e-09  0:14:18  519

 Reversed flow on 51 faces (24.7% area) of pressure-outlet 19.

 Reversed flow on 177 faces (34.6% area) of pressure-outlet 18.

  iter  continuity  x-velocity  y-velocity  z-velocity     time/iter
  2982  1.5556e-06  7.1097e-09  6.8759e-09  7.1231e-09  0:14:16  518

 Reversed flow on 51 faces (24.7% area) of pressure-outlet 19.

 Reversed flow on 177 faces (34.6% area) of pressure-outlet 18.
  2983  1.2419e-06  5.5212e-09  5.5875e-09  6.2874e-09  0:14:15  517

 Reversed flow on 51 faces (24.7% area) of pressure-outlet 19.

 Reversed flow on 177 faces (34.6% area) of pressure-outlet 18.
  2984  1.2482e-06  5.8777e-09  5.5831e-09  6.2406e-09  0:14:27  516

 Reversed flow on 51 faces (24.7% area) of pressure-outlet 19.

 Reversed flow on 177 faces (34.6% area) of pressure-outlet 18.
  2985  1.1352e-06  5.2844e-09  4.9938e-09  5.6304e-09  0:14:25  515

 Reversed flow on 51 faces (24.7% area) of pressure-outlet 19.

 Reversed flow on 177 faces (34.6% area) of pressure-outlet 18.
  2986  1.4796e-06  6.8191e-09  6.6367e-09  6.1703e-09  0:14:21  514

 Reversed flow on 51 faces (24.7% area) of pressure-outlet 19.

 Reversed flow on 177 faces (34.6% area) of pressure-outlet 18.
  2987  1.1590e-06  5.2085e-09  5.3235e-09  5.3492e-09  0:14:15  513

 Reversed flow on 51 faces (24.7% area) of pressure-outlet 19.

 Reversed flow on 177 faces (34.6% area) of pressure-outlet 18.
  2988  1.1640e-06  5.5469e-09  5.3084e-09  5.3994e-09  0:14:12  512

 Reversed flow on 51 faces (24.7% area) of pressure-outlet 19.

 Reversed flow on 177 faces (34.6% area) of pressure-outlet 18.
  2989  1.0543e-06  4.9507e-09  4.7244e-09  4.9975e-09  0:14:07  511

 Reversed flow on 51 faces (24.7% area) of pressure-outlet 19.

 Reversed flow on 177 faces (34.6% area) of pressure-outlet 18.
  2990  1.4139e-06  6.5207e-09  6.4058e-09  5.8184e-09  0:14:05  510

 Reversed flow on 51 faces (24.7% area) of pressure-outlet 19.

 Reversed flow on 177 faces (34.6% area) of pressure-outlet 18.
  2991  1.1181e-06  4.9749e-09  5.1656e-09  5.3924e-09  0:14:04  509

 Reversed flow on 51 faces (24.7% area) of pressure-outlet 19.

 Reversed flow on 177 faces (34.6% area) of pressure-outlet 18.
  2992  1.1607e-06  5.3905e-09  5.2344e-09  5.8925e-09  0:14:02  508

 Reversed flow on 51 faces (24.7% area) of pressure-outlet 19.

 Reversed flow on 177 faces (34.6% area) of pressure-outlet 18.

  iter  continuity  x-velocity  y-velocity  z-velocity     time/iter
  2993  1.1001e-06  4.8903e-09  4.7519e-09  5.8806e-09  0:14:01  507

 Reversed flow on 51 faces (24.7% area) of pressure-outlet 19.

 Reversed flow on 177 faces (34.6% area) of pressure-outlet 18.
  2994  1.5061e-06  6.5982e-09  6.5525e-09  7.0143e-09  0:13:58  506

 Reversed flow on 51 faces (24.7% area) of pressure-outlet 19.

 Reversed flow on 177 faces (34.6% area) of pressure-outlet 18.
  2995  1.2546e-06  5.1956e-09  5.4225e-09  6.6909e-09  0:13:55  505

 Reversed flow on 51 faces (24.7% area) of pressure-outlet 19.

 Reversed flow on 177 faces (34.6% area) of pressure-outlet 18.
  2996  1.3245e-06  5.7372e-09  5.5717e-09  7.1484e-09  0:13:53  504

 Reversed flow on 51 faces (24.7% area) of pressure-outlet 19.

 Reversed flow on 177 faces (34.6% area) of pressure-outlet 18.
  2997  1.2695e-06  5.3571e-09  5.1508e-09  7.0142e-09  0:13:51  503

 Reversed flow on 51 faces (24.7% area) of pressure-outlet 19.

 Reversed flow on 177 faces (34.6% area) of pressure-outlet 18.
  2998  1.6825e-06  7.1604e-09  6.9889e-09  7.9272e-09  0:13:50  502

 Reversed flow on 51 faces (24.7% area) of pressure-outlet 19.

 Reversed flow on 177 faces (34.6% area) of pressure-outlet 18.
  2999  1.4133e-06  5.7939e-09  5.8499e-09  7.3538e-09  0:13:49  501

 Reversed flow on 51 faces (24.7% area) of pressure-outlet 19.

 Reversed flow on 177 faces (34.6% area) of pressure-outlet 18.
  3000  1.4445e-06  6.3434e-09  5.9545e-09  7.4966e-09  0:13:48  500

 Reversed flow on 51 faces (24.7% area) of pressure-outlet 19.

 Reversed flow on 177 faces (34.6% area) of pressure-outlet 18.
  3001  1.3403e-06  5.9520e-09  5.4786e-09  7.0395e-09  0:13:45  499

 Reversed flow on 51 faces (24.7% area) of pressure-outlet 19.

 Reversed flow on 177 faces (34.6% area) of pressure-outlet 18.
  3002  1.7056e-06  7.7136e-09  7.2578e-09  7.6961e-09  0:13:42  498

 Reversed flow on 51 faces (24.7% area) of pressure-outlet 19.

 Reversed flow on 177 faces (34.6% area) of pressure-outlet 18.
  3003  1.3998e-06  6.2772e-09  6.0441e-09  6.8323e-09  0:13:41  497

 Reversed flow on 51 faces (24.7% area) of pressure-outlet 19.

 Reversed flow on 177 faces (34.6% area) of pressure-outlet 18.

  iter  continuity  x-velocity  y-velocity  z-velocity     time/iter
  3004  1.4035e-06  6.7135e-09  6.0608e-09  6.7806e-09  0:13:39  496

 Reversed flow on 51 faces (24.7% area) of pressure-outlet 19.

 Reversed flow on 177 faces (34.6% area) of pressure-outlet 18.
  3005  1.2840e-06  6.2095e-09  5.5092e-09  6.3308e-09  0:13:39  495

 Reversed flow on 51 faces (24.7% area) of pressure-outlet 19.

 Reversed flow on 177 faces (34.6% area) of pressure-outlet 18.
  3006  1.6287e-06  7.8543e-09  7.2301e-09  6.9679e-09  0:13:37  494

 Reversed flow on 51 faces (24.7% area) of pressure-outlet 19.

 Reversed flow on 177 faces (34.6% area) of pressure-outlet 18.
  3007  1.3034e-06  6.2735e-09  5.9374e-09  6.1009e-09  0:13:36  493

 Reversed flow on 51 faces (24.7% area) of pressure-outlet 19.

 Reversed flow on 177 faces (34.6% area) of pressure-outlet 18.
  3008  1.2962e-06  6.5652e-09  5.8744e-09  6.0735e-09  0:13:35  492

 Reversed flow on 51 faces (24.7% area) of pressure-outlet 19.

 Reversed flow on 177 faces (34.6% area) of pressure-outlet 18.
  3009  1.1733e-06  5.9529e-09  5.2735e-09  5.6172e-09  0:13:34  491

 Reversed flow on 51 faces (24.7% area) of pressure-outlet 19.

 Reversed flow on 177 faces (34.6% area) of pressure-outlet 18.
  3010  1.5247e-06  7.5000e-09  6.9616e-09  6.5173e-09  0:13:31  490

 Reversed flow on 51 faces (24.7% area) of pressure-outlet 19.

 Reversed flow on 177 faces (34.6% area) of pressure-outlet 18.
  3011  1.2121e-06  5.8437e-09  5.6584e-09  5.9926e-09  0:13:28  489

 Reversed flow on 51 faces (24.7% area) of pressure-outlet 19.

 Reversed flow on 177 faces (34.6% area) of pressure-outlet 18.
  3012  1.2296e-06  6.0895e-09  5.6159e-09  6.2895e-09  0:13:25  488

 Reversed flow on 51 faces (24.7% area) of pressure-outlet 19.

 Reversed flow on 177 faces (34.6% area) of pressure-outlet 18.
  3013  1.1393e-06  5.4990e-09  5.0663e-09  6.0946e-09  0:13:23  487

 Reversed flow on 51 faces (24.7% area) of pressure-outlet 19.

 Reversed flow on 177 faces (34.6% area) of pressure-outlet 18.
  3014  1.5240e-06  7.0961e-09  6.8154e-09  7.0449e-09  0:13:20  486

 Reversed flow on 51 faces (24.7% area) of pressure-outlet 19.

 Reversed flow on 177 faces (34.6% area) of pressure-outlet 18.

  iter  continuity  x-velocity  y-velocity  z-velocity     time/iter
  3015  1.2370e-06  5.4997e-09  5.5641e-09  6.4960e-09  0:13:19  485

 Reversed flow on 51 faces (24.7% area) of pressure-outlet 19.

 Reversed flow on 177 faces (34.6% area) of pressure-outlet 18.
  3016  1.2666e-06  5.8431e-09  5.5742e-09  6.7242e-09  0:13:19  484

 Reversed flow on 51 faces (24.7% area) of pressure-outlet 19.

 Reversed flow on 177 faces (34.6% area) of pressure-outlet 18.
  3017  1.1850e-06  5.3431e-09  5.0973e-09  6.4127e-09  0:13:17  483

 Reversed flow on 51 faces (24.7% area) of pressure-outlet 19.

 Reversed flow on 177 faces (34.6% area) of pressure-outlet 18.
  3018  1.5666e-06  7.0047e-09  6.8798e-09  7.2034e-09  0:13:17  482

 Reversed flow on 51 faces (24.7% area) of pressure-outlet 19.

 Reversed flow on 177 faces (34.6% area) of pressure-outlet 18.
  3019  1.2679e-06  5.4648e-09  5.6338e-09  6.4779e-09  0:13:15  481

 Reversed flow on 51 faces (24.7% area) of pressure-outlet 19.

 Reversed flow on 177 faces (34.6% area) of pressure-outlet 18.
  3020  1.2841e-06  5.8603e-09  5.6475e-09  6.5601e-09  0:13:14  480

 Reversed flow on 51 faces (24.7% area) of pressure-outlet 19.

 Reversed flow on 177 faces (34.6% area) of pressure-outlet 18.
  3021  1.1914e-06  5.3866e-09  5.1364e-09  6.0894e-09  0:13:12  479

 Reversed flow on 51 faces (24.7% area) of pressure-outlet 19.

 Reversed flow on 177 faces (34.6% area) of pressure-outlet 18.
  3022  1.5581e-06  7.0416e-09  6.8607e-09  6.7124e-09  0:13:11  478

 Reversed flow on 51 faces (24.7% area) of pressure-outlet 19.

 Reversed flow on 177 faces (34.6% area) of pressure-outlet 18.
  3023  1.2469e-06  5.4957e-09  5.5737e-09  5.8875e-09  0:13:08  477

 Reversed flow on 51 faces (24.7% area) of pressure-outlet 19.

 Reversed flow on 177 faces (34.6% area) of pressure-outlet 18.
  3024  1.2575e-06  5.8930e-09  5.5625e-09  5.9652e-09  0:13:07  476

 Reversed flow on 51 faces (24.7% area) of pressure-outlet 19.

 Reversed flow on 177 faces (34.6% area) of pressure-outlet 18.
  3025  1.1603e-06  5.4076e-09  5.0295e-09  5.5634e-09  0:13:05  475

 Reversed flow on 51 faces (24.7% area) of pressure-outlet 19.

 Reversed flow on 177 faces (34.6% area) of pressure-outlet 18.

  iter  continuity  x-velocity  y-velocity  z-velocity     time/iter
  3026  1.5260e-06  7.0574e-09  6.7377e-09  6.3106e-09  0:13:03  474

 Reversed flow on 51 faces (24.7% area) of pressure-outlet 19.

 Reversed flow on 177 faces (34.6% area) of pressure-outlet 18.
  3027  1.2179e-06  5.5325e-09  5.4688e-09  5.6556e-09  0:13:02  473

 Reversed flow on 51 faces (24.7% area) of pressure-outlet 19.

 Reversed flow on 177 faces (34.6% area) of pressure-outlet 18.
  3028  1.2342e-06  5.9601e-09  5.4977e-09  6.0023e-09  0:12:59  472

 Reversed flow on 51 faces (24.7% area) of pressure-outlet 19.

 Reversed flow on 177 faces (34.6% area) of pressure-outlet 18.
  3029  1.1476e-06  5.4870e-09  5.0069e-09  5.9003e-09  0:12:59  471

 Reversed flow on 51 faces (24.7% area) of pressure-outlet 19.

 Reversed flow on 177 faces (34.6% area) of pressure-outlet 18.
  3030  1.5334e-06  7.1292e-09  6.7479e-09  6.9131e-09  0:12:56  470

 Reversed flow on 51 faces (24.7% area) of pressure-outlet 19.

 Reversed flow on 177 faces (34.6% area) of pressure-outlet 18.
  3031  1.2481e-06  5.6300e-09  5.5306e-09  6.4527e-09  0:12:55  469

 Reversed flow on 51 faces (24.7% area) of pressure-outlet 19.

 Reversed flow on 177 faces (34.6% area) of pressure-outlet 18.
  3032  1.2861e-06  6.0935e-09  5.6145e-09  6.7977e-09  0:12:55  468

 Reversed flow on 51 faces (24.7% area) of pressure-outlet 19.

 Reversed flow on 177 faces (34.6% area) of pressure-outlet 18.
  3033  1.2134e-06  5.6449e-09  5.1551e-09  6.5875e-09  0:12:53  467

 Reversed flow on 51 faces (24.7% area) of pressure-outlet 19.

 Reversed flow on 177 faces (34.6% area) of pressure-outlet 18.
  3034  1.5956e-06  7.2901e-09  6.9036e-09  7.4414e-09  0:12:51  466

 Reversed flow on 51 faces (24.7% area) of pressure-outlet 19.

 Reversed flow on 177 faces (34.6% area) of pressure-outlet 18.
  3035  1.3008e-06  5.7771e-09  5.6843e-09  6.8008e-09  0:12:49  465

 Reversed flow on 51 faces (24.7% area) of pressure-outlet 19.

 Reversed flow on 177 faces (34.6% area) of pressure-outlet 18.
  3036  1.3212e-06  6.2166e-09  5.7620e-09  6.9589e-09  0:12:47  464

 Reversed flow on 51 faces (24.7% area) of pressure-outlet 19.

 Reversed flow on 177 faces (34.6% area) of pressure-outlet 18.

  iter  continuity  x-velocity  y-velocity  z-velocity     time/iter
  3037  1.2193e-06  5.7251e-09  5.2607e-09  6.4952e-09  0:12:44  463

 Reversed flow on 51 faces (24.7% area) of pressure-outlet 19.

 Reversed flow on 177 faces (34.6% area) of pressure-outlet 18.
  3038  1.5743e-06  7.3171e-09  6.9607e-09  7.0909e-09  0:12:42  462

 Reversed flow on 51 faces (24.7% area) of pressure-outlet 19.

 Reversed flow on 177 faces (34.6% area) of pressure-outlet 18.
  3039  1.2556e-06  5.7274e-09  5.6686e-09  6.2016e-09  0:12:40  461

 Reversed flow on 51 faces (24.7% area) of pressure-outlet 19.

 Reversed flow on 177 faces (34.6% area) of pressure-outlet 18.
  3040  1.2544e-06  6.0875e-09  5.6704e-09  6.1538e-09  0:12:39  460

 Reversed flow on 51 faces (24.7% area) of pressure-outlet 19.

 Reversed flow on 177 faces (34.6% area) of pressure-outlet 18.
  3041  1.1369e-06  5.5068e-09  5.0901e-09  5.5782e-09  0:12:38  459

 Reversed flow on 51 faces (24.7% area) of pressure-outlet 19.

 Reversed flow on 177 faces (34.6% area) of pressure-outlet 18.
  3042  1.4866e-06  7.0297e-09  6.7327e-09  6.2170e-09  0:12:38  458

 Reversed flow on 51 faces (24.7% area) of pressure-outlet 19.

 Reversed flow on 177 faces (34.6% area) of pressure-outlet 18.
  3043  1.1662e-06  5.3696e-09  5.3968e-09  5.4322e-09  0:12:36  457

 Reversed flow on 51 faces (24.7% area) of pressure-outlet 19.

 Reversed flow on 177 faces (34.6% area) of pressure-outlet 18.
  3044  1.1674e-06  5.6730e-09  5.3620e-09  5.4763e-09  0:12:34  456

 Reversed flow on 51 faces (24.7% area) of pressure-outlet 19.

 Reversed flow on 177 faces (34.6% area) of pressure-outlet 18.
  3045  1.0593e-06  5.0711e-09  4.7732e-09  5.0247e-09  0:12:32  455

 Reversed flow on 51 faces (24.7% area) of pressure-outlet 19.

 Reversed flow on 177 faces (34.6% area) of pressure-outlet 18.
  3046  1.4191e-06  6.6296e-09  6.4492e-09  5.7934e-09  0:12:30  454

 Reversed flow on 51 faces (24.7% area) of pressure-outlet 19.

 Reversed flow on 177 faces (34.6% area) of pressure-outlet 18.
  3047  1.1130e-06  5.0196e-09  5.1707e-09  5.3002e-09  0:12:28  453

 Reversed flow on 51 faces (24.7% area) of pressure-outlet 19.

 Reversed flow on 177 faces (34.6% area) of pressure-outlet 18.

  iter  continuity  x-velocity  y-velocity  z-velocity     time/iter
  3048  1.1359e-06  5.3824e-09  5.2035e-09  5.7228e-09  0:12:26  452

 Reversed flow on 51 faces (24.7% area) of pressure-outlet 19.

 Reversed flow on 177 faces (34.6% area) of pressure-outlet 18.
  3049  1.0607e-06  4.8376e-09  4.7000e-09  5.6725e-09  0:12:26  451

 Reversed flow on 51 faces (24.7% area) of pressure-outlet 19.

 Reversed flow on 177 faces (34.6% area) of pressure-outlet 18.
  3050  1.4600e-06  6.4926e-09  6.4793e-09  6.7673e-09  0:12:26  450

 Reversed flow on 51 faces (24.7% area) of pressure-outlet 19.

 Reversed flow on 177 faces (34.6% area) of pressure-outlet 18.
  3051  1.1977e-06  4.9990e-09  5.2976e-09  6.3870e-09  0:12:24  449

 Reversed flow on 51 faces (24.7% area) of pressure-outlet 19.

 Reversed flow on 177 faces (34.6% area) of pressure-outlet 18.
  3052  1.2576e-06  5.4751e-09  5.4041e-09  6.8091e-09  0:12:22  448

 Reversed flow on 51 faces (24.7% area) of pressure-outlet 19.

 Reversed flow on 177 faces (34.6% area) of pressure-outlet 18.
  3053  1.2000e-06  5.0555e-09  4.9613e-09  6.6618e-09  0:12:21  447

 Reversed flow on 51 faces (24.7% area) of pressure-outlet 19.

 Reversed flow on 177 faces (34.6% area) of pressure-outlet 18.
  3054  1.6070e-06  6.8264e-09  6.8004e-09  7.6249e-09  0:12:20  446

 Reversed flow on 51 faces (24.7% area) of pressure-outlet 19.

 Reversed flow on 177 faces (34.6% area) of pressure-outlet 18.
  3055  1.3371e-06  5.4238e-09  5.6492e-09  7.0652e-09  0:12:18  445

 Reversed flow on 51 faces (24.7% area) of pressure-outlet 19.

 Reversed flow on 177 faces (34.6% area) of pressure-outlet 18.
  3056  1.3793e-06  5.9585e-09  5.7580e-09  7.2576e-09  0:12:16  444

 Reversed flow on 51 faces (24.7% area) of pressure-outlet 19.

 Reversed flow on 177 faces (34.6% area) of pressure-outlet 18.
  3057  1.3028e-06  5.5740e-09  5.2912e-09  6.8500e-09  0:12:13  443

 Reversed flow on 51 faces (24.7% area) of pressure-outlet 19.

 Reversed flow on 177 faces (34.6% area) of pressure-outlet 18.
  3058  1.6845e-06  7.3531e-09  7.0711e-09  7.5368e-09  0:12:11  442

 Reversed flow on 51 faces (24.7% area) of pressure-outlet 19.

 Reversed flow on 177 faces (34.6% area) of pressure-outlet 18.

  iter  continuity  x-velocity  y-velocity  z-velocity     time/iter
  3059  1.3850e-06  5.9452e-09  5.8544e-09  6.7379e-09  0:12:08  441

 Reversed flow on 51 faces (24.7% area) of pressure-outlet 19.

 Reversed flow on 177 faces (34.6% area) of pressure-outlet 18.
  3060  1.3932e-06  6.4274e-09  5.8919e-09  6.7542e-09  0:12:08  440

 Reversed flow on 51 faces (24.7% area) of pressure-outlet 19.

 Reversed flow on 177 faces (34.6% area) of pressure-outlet 18.
  3061  1.2839e-06  5.9677e-09  5.3615e-09  6.2850e-09  0:12:06  439

 Reversed flow on 51 faces (24.7% area) of pressure-outlet 19.

 Reversed flow on 177 faces (34.6% area) of pressure-outlet 18.
  3062  1.6410e-06  7.6622e-09  7.1051e-09  6.9701e-09  0:12:04  438

 Reversed flow on 51 faces (24.7% area) of pressure-outlet 19.

 Reversed flow on 177 faces (34.6% area) of pressure-outlet 18.
  3063  1.3341e-06  6.2030e-09  5.8788e-09  6.2377e-09  0:12:02  437

 Reversed flow on 51 faces (24.7% area) of pressure-outlet 19.

 Reversed flow on 177 faces (34.6% area) of pressure-outlet 18.
  3064  1.3424e-06  6.6127e-09  5.9013e-09  6.3983e-09  0:12:00  436

 Reversed flow on 51 faces (24.7% area) of pressure-outlet 19.

 Reversed flow on 177 faces (34.6% area) of pressure-outlet 18.
  3065  1.2273e-06  6.0861e-09  5.3694e-09  6.1291e-09  0:11:58  435

 Reversed flow on 51 faces (24.7% area) of pressure-outlet 19.

 Reversed flow on 177 faces (34.6% area) of pressure-outlet 18.
  3066  1.5771e-06  7.6965e-09  7.1114e-09  7.0173e-09  0:11:55  434

 Reversed flow on 51 faces (24.7% area) of pressure-outlet 19.

 Reversed flow on 177 faces (34.6% area) of pressure-outlet 18.
  3067  1.2804e-06  6.1458e-09  5.8785e-09  6.4993e-09  0:11:54  433

 Reversed flow on 51 faces (24.7% area) of pressure-outlet 19.

 Reversed flow on 177 faces (34.6% area) of pressure-outlet 18.
  3068  1.3036e-06  6.4687e-09  5.8736e-09  6.7814e-09  0:11:53  432

 Reversed flow on 51 faces (24.7% area) of pressure-outlet 19.

 Reversed flow on 177 faces (34.6% area) of pressure-outlet 18.
  3069  1.2108e-06  5.8805e-09  5.3209e-09  6.5176e-09  0:11:51  431

 Reversed flow on 51 faces (24.7% area) of pressure-outlet 19.

 Reversed flow on 177 faces (34.6% area) of pressure-outlet 18.

  iter  continuity  x-velocity  y-velocity  z-velocity     time/iter
  3070  1.5783e-06  7.4394e-09  7.0355e-09  7.3567e-09  0:11:49  430

 Reversed flow on 51 faces (24.7% area) of pressure-outlet 19.

 Reversed flow on 177 faces (34.6% area) of pressure-outlet 18.
  3071  1.2817e-06  5.8488e-09  5.7785e-09  6.7157e-09  0:11:48  429

 Reversed flow on 51 faces (24.7% area) of pressure-outlet 19.

 Reversed flow on 177 faces (34.6% area) of pressure-outlet 18.
  3072  1.3048e-06  6.1599e-09  5.7550e-09  6.8432e-09  0:11:45  428

 Reversed flow on 51 faces (24.7% area) of pressure-outlet 19.

 Reversed flow on 177 faces (34.6% area) of pressure-outlet 18.
  3073  1.2088e-06  5.5902e-09  5.2110e-09  6.4395e-09  0:11:45  427

 Reversed flow on 51 faces (24.7% area) of pressure-outlet 19.

 Reversed flow on 177 faces (34.6% area) of pressure-outlet 18.
  3074  1.5697e-06  7.1773e-09  6.9355e-09  7.1047e-09  0:11:43  426

 Reversed flow on 51 faces (24.7% area) of pressure-outlet 19.

 Reversed flow on 177 faces (34.6% area) of pressure-outlet 18.
  3075  1.2558e-06  5.5924e-09  5.6590e-09  6.2791e-09  0:11:42  425

 Reversed flow on 51 faces (24.7% area) of pressure-outlet 19.

 Reversed flow on 177 faces (34.6% area) of pressure-outlet 18.
  3076  1.2632e-06  5.9306e-09  5.6385e-09  6.2532e-09  0:11:41  424

 Reversed flow on 51 faces (24.7% area) of pressure-outlet 19.

 Reversed flow on 177 faces (34.6% area) of pressure-outlet 18.
  3077  1.1602e-06  5.4052e-09  5.1080e-09  5.7297e-09  0:11:40  423

 Reversed flow on 51 faces (24.7% area) of pressure-outlet 19.

 Reversed flow on 177 faces (34.6% area) of pressure-outlet 18.
  3078  1.5207e-06  7.0255e-09  6.8256e-09  6.3701e-09  0:11:37  422

 Reversed flow on 51 faces (24.7% area) of pressure-outlet 19.

 Reversed flow on 177 faces (34.6% area) of pressure-outlet 18.
  3079  1.2071e-06  5.4223e-09  5.5167e-09  5.6317e-09  0:11:36  421

 Reversed flow on 51 faces (24.7% area) of pressure-outlet 19.

 Reversed flow on 177 faces (34.6% area) of pressure-outlet 18.
  3080  1.2167e-06  5.7626e-09  5.4870e-09  5.7687e-09  0:11:35  420

 Reversed flow on 51 faces (24.7% area) of pressure-outlet 19.

 Reversed flow on 177 faces (34.6% area) of pressure-outlet 18.

  iter  continuity  x-velocity  y-velocity  z-velocity     time/iter
  3081  1.1213e-06  5.2558e-09  4.9565e-09  5.4027e-09  0:11:33  419

 Reversed flow on 51 faces (24.7% area) of pressure-outlet 19.

 Reversed flow on 177 faces (34.6% area) of pressure-outlet 18.
  3082  1.4977e-06  6.9103e-09  6.6866e-09  6.1898e-09  0:11:30  418

 Reversed flow on 51 faces (24.7% area) of pressure-outlet 19.

 Reversed flow on 177 faces (34.6% area) of pressure-outlet 18.
  3083  1.1951e-06  5.3491e-09  5.4053e-09  5.5517e-09  0:11:27  417

 Reversed flow on 51 faces (24.7% area) of pressure-outlet 19.

 Reversed flow on 177 faces (34.6% area) of pressure-outlet 18.
  3084  1.2160e-06  5.7588e-09  5.4254e-09  5.9550e-09  0:11:27  416

 Reversed flow on 51 faces (24.7% area) of pressure-outlet 19.

 Reversed flow on 177 faces (34.6% area) of pressure-outlet 18.
  3085  1.1394e-06  5.3192e-09  4.9549e-09  5.9114e-09  0:11:27  415

 Reversed flow on 51 faces (24.7% area) of pressure-outlet 19.

 Reversed flow on 177 faces (34.6% area) of pressure-outlet 18.
  3086  1.5400e-06  7.0193e-09  6.7477e-09  6.9911e-09  0:11:24  414

 Reversed flow on 51 faces (24.7% area) of pressure-outlet 19.

 Reversed flow on 177 faces (34.6% area) of pressure-outlet 18.
  3087  1.2594e-06  5.5153e-09  5.5290e-09  6.5520e-09  0:11:22  413

 Reversed flow on 51 faces (24.7% area) of pressure-outlet 19.

 Reversed flow on 177 faces (34.6% area) of pressure-outlet 18.
  3088  1.2987e-06  5.9880e-09  5.6094e-09  6.9196e-09  0:11:20  412

 Reversed flow on 51 faces (24.7% area) of pressure-outlet 19.

 Reversed flow on 177 faces (34.6% area) of pressure-outlet 18.
  3089  1.2302e-06  5.5821e-09  5.1662e-09  6.7423e-09  0:11:19  411

 Reversed flow on 51 faces (24.7% area) of pressure-outlet 19.

 Reversed flow on 177 faces (34.6% area) of pressure-outlet 18.
  3090  1.6226e-06  7.2925e-09  6.9426e-09  7.6113e-09  0:11:17  410

 Reversed flow on 51 faces (24.7% area) of pressure-outlet 19.

 Reversed flow on 177 faces (34.6% area) of pressure-outlet 18.
  3091  1.3289e-06  5.7907e-09  5.7189e-09  6.9364e-09  0:11:15  409

 Reversed flow on 51 faces (24.7% area) of pressure-outlet 19.

 Reversed flow on 177 faces (34.6% area) of pressure-outlet 18.

  iter  continuity  x-velocity  y-velocity  z-velocity     time/iter
  3092  1.3446e-06  6.2443e-09  5.7846e-09  7.0429e-09  0:11:14  408

 Reversed flow on 51 faces (24.7% area) of pressure-outlet 19.

 Reversed flow on 177 faces (34.6% area) of pressure-outlet 18.
  3093  1.2457e-06  5.7930e-09  5.2912e-09  6.5880e-09  0:11:13  407

 Reversed flow on 51 faces (24.7% area) of pressure-outlet 19.

 Reversed flow on 177 faces (34.6% area) of pressure-outlet 18.
  3094  1.6039e-06  7.4258e-09  7.0012e-09  7.2143e-09  0:11:11  406

 Reversed flow on 51 faces (24.7% area) of pressure-outlet 19.

 Reversed flow on 177 faces (34.6% area) of pressure-outlet 18.
  3095  1.2845e-06  5.8667e-09  5.7135e-09  6.3386e-09  0:11:10  405

 Reversed flow on 51 faces (24.7% area) of pressure-outlet 19.

 Reversed flow on 177 faces (34.6% area) of pressure-outlet 18.
  3096  1.2790e-06  6.2528e-09  5.7152e-09  6.2682e-09  0:11:07  404

 Reversed flow on 51 faces (24.7% area) of pressure-outlet 19.

 Reversed flow on 177 faces (34.6% area) of pressure-outlet 18.
  3097  1.1600e-06  5.6950e-09  5.1436e-09  5.6832e-09  0:11:07  403

 Reversed flow on 51 faces (24.7% area) of pressure-outlet 19.

 Reversed flow on 177 faces (34.6% area) of pressure-outlet 18.
  3098  1.5072e-06  7.2184e-09  6.7876e-09  6.2760e-09  0:11:04  402

 Reversed flow on 51 faces (24.7% area) of pressure-outlet 19.

 Reversed flow on 177 faces (34.6% area) of pressure-outlet 18.
  3099  1.1846e-06  5.5844e-09  5.4742e-09  5.4732e-09  0:11:02  401

 Reversed flow on 51 faces (24.7% area) of pressure-outlet 19.

 Reversed flow on 177 faces (34.6% area) of pressure-outlet 18.
  3100  1.1859e-06  5.9143e-09  5.4616e-09  5.5518e-09  0:11:00  400

 Reversed flow on 51 faces (24.7% area) of pressure-outlet 19.

 Reversed flow on 177 faces (34.6% area) of pressure-outlet 18.
  3101  1.0748e-06  5.3076e-09  4.8800e-09  5.1482e-09  0:10:57  399

 Reversed flow on 51 faces (24.7% area) of pressure-outlet 19.

 Reversed flow on 177 faces (34.6% area) of pressure-outlet 18.
  3102  1.4283e-06  6.8122e-09  6.5407e-09  6.0326e-09  0:10:55  398

 Reversed flow on 51 faces (24.7% area) of pressure-outlet 19.

 Reversed flow on 177 faces (34.6% area) of pressure-outlet 18.

  iter  continuity  x-velocity  y-velocity  z-velocity     time/iter
  3103  1.1246e-06  5.1939e-09  5.2761e-09  5.5642e-09  0:10:54  397

 Reversed flow on 51 faces (24.7% area) of pressure-outlet 19.

 Reversed flow on 177 faces (34.6% area) of pressure-outlet 18.
  3104  1.1582e-06  5.5384e-09  5.3099e-09  5.9422e-09  0:10:53  396

 Reversed flow on 51 faces (24.7% area) of pressure-outlet 19.

 Reversed flow on 177 faces (34.6% area) of pressure-outlet 18.
  3105  1.0764e-06  4.9731e-09  4.7772e-09  5.7752e-09  0:10:51  395

 Reversed flow on 51 faces (24.7% area) of pressure-outlet 19.

 Reversed flow on 177 faces (34.6% area) of pressure-outlet 18.
  3106  1.4592e-06  6.5623e-09  6.5002e-09  6.7294e-09  0:10:53  394

 Reversed flow on 51 faces (24.7% area) of pressure-outlet 19.

 Reversed flow on 177 faces (34.6% area) of pressure-outlet 18.
  3107  1.1796e-06  5.0353e-09  5.3004e-09  6.2345e-09  0:10:49  393

 Reversed flow on 51 faces (24.7% area) of pressure-outlet 19.

 Reversed flow on 177 faces (34.6% area) of pressure-outlet 18.
  3108  1.2238e-06  5.4647e-09  5.3765e-09  6.5641e-09  0:10:47  392

 Reversed flow on 51 faces (24.7% area) of pressure-outlet 19.

 Reversed flow on 177 faces (34.6% area) of pressure-outlet 18.
  3109  1.1519e-06  4.9637e-09  4.8824e-09  6.3188e-09  0:10:45  391

 Reversed flow on 51 faces (24.7% area) of pressure-outlet 19.

 Reversed flow on 177 faces (34.6% area) of pressure-outlet 18.
  3110  1.5406e-06  6.6387e-09  6.6595e-09  7.1897e-09  0:10:44  390

 Reversed flow on 51 faces (24.7% area) of pressure-outlet 19.

 Reversed flow on 177 faces (34.6% area) of pressure-outlet 18.
  3111  1.2609e-06  5.1775e-09  5.4743e-09  6.5501e-09  0:10:43  389

 Reversed flow on 51 faces (24.7% area) of pressure-outlet 19.

 Reversed flow on 177 faces (34.6% area) of pressure-outlet 18.
  3112  1.2974e-06  5.6677e-09  5.5561e-09  6.6972e-09  0:10:40  388

 Reversed flow on 51 faces (24.7% area) of pressure-outlet 19.

 Reversed flow on 177 faces (34.6% area) of pressure-outlet 18.
  3113  1.2146e-06  5.2297e-09  5.0706e-09  6.2828e-09  0:10:38  387

 Reversed flow on 51 faces (24.7% area) of pressure-outlet 19.

 Reversed flow on 177 faces (34.6% area) of pressure-outlet 18.

  iter  continuity  x-velocity  y-velocity  z-velocity     time/iter
  3114  1.5944e-06  6.9729e-09  6.8527e-09  7.0165e-09  0:10:38  386

 Reversed flow on 51 faces (24.7% area) of pressure-outlet 19.

 Reversed flow on 177 faces (34.6% area) of pressure-outlet 18.
  3115  1.3024e-06  5.5244e-09  5.6364e-09  6.2853e-09  0:10:36  385

 Reversed flow on 51 faces (24.7% area) of pressure-outlet 19.

 Reversed flow on 177 faces (34.6% area) of pressure-outlet 18.
  3116  1.3328e-06  6.0072e-09  5.6807e-09  6.4441e-09  0:10:59  384

 Reversed flow on 51 faces (24.7% area) of pressure-outlet 19.

 Reversed flow on 177 faces (34.6% area) of pressure-outlet 18.
  3117  1.2475e-06  5.5669e-09  5.1673e-09  6.0831e-09  0:10:53  383

 Reversed flow on 51 faces (24.7% area) of pressure-outlet 19.

 Reversed flow on 177 faces (34.6% area) of pressure-outlet 18.
  3118  1.6206e-06  7.3096e-09  6.9292e-09  6.8704e-09  0:10:48  382

 Reversed flow on 51 faces (24.7% area) of pressure-outlet 19.

 Reversed flow on 177 faces (34.6% area) of pressure-outlet 18.
  3119  1.3189e-06  5.8584e-09  5.6980e-09  6.2048e-09  0:10:43  381

 Reversed flow on 51 faces (24.7% area) of pressure-outlet 19.

 Reversed flow on 177 faces (34.6% area) of pressure-outlet 18.
  3120  1.3338e-06  6.3222e-09  5.7405e-09  6.4053e-09  0:10:38  380

 Reversed flow on 51 faces (24.7% area) of pressure-outlet 19.

 Reversed flow on 177 faces (34.6% area) of pressure-outlet 18.
  3121  1.2414e-06  5.8802e-09  5.2564e-09  6.2771e-09  0:10:34  379

 Reversed flow on 51 faces (24.7% area) of pressure-outlet 19.

 Reversed flow on 177 faces (34.6% area) of pressure-outlet 18.
  3122  1.6232e-06  7.6202e-09  7.0711e-09  7.2925e-09  0:10:32  378

 Reversed flow on 51 faces (24.7% area) of pressure-outlet 19.

 Reversed flow on 177 faces (34.6% area) of pressure-outlet 18.
  3123  1.3392e-06  6.1458e-09  5.8850e-09  6.8843e-09  0:10:29  377

 Reversed flow on 51 faces (24.7% area) of pressure-outlet 19.

 Reversed flow on 177 faces (34.6% area) of pressure-outlet 18.
  3124  1.3683e-06  6.5728e-09  5.9544e-09  7.2429e-09  0:10:26  376

 Reversed flow on 51 faces (24.7% area) of pressure-outlet 19.

 Reversed flow on 177 faces (34.6% area) of pressure-outlet 18.

  iter  continuity  x-velocity  y-velocity  z-velocity     time/iter
  3125  1.2771e-06  6.0940e-09  5.4845e-09  6.9594e-09  0:10:22  375

 Reversed flow on 51 faces (24.7% area) of pressure-outlet 19.

 Reversed flow on 177 faces (34.6% area) of pressure-outlet 18.
  3126  1.6540e-06  7.7624e-09  7.2684e-09  7.7882e-09  0:10:19  374

 Reversed flow on 51 faces (24.7% area) of pressure-outlet 19.

 Reversed flow on 177 faces (34.6% area) of pressure-outlet 18.
  3127  1.3546e-06  6.2140e-09  6.0160e-09  7.1137e-09  0:10:18  373

 Reversed flow on 51 faces (24.7% area) of pressure-outlet 19.

 Reversed flow on 177 faces (34.6% area) of pressure-outlet 18.
  3128  1.3672e-06  6.5340e-09  6.0050e-09  7.1965e-09  0:10:16  372

 Reversed flow on 51 faces (24.7% area) of pressure-outlet 19.

 Reversed flow on 177 faces (34.6% area) of pressure-outlet 18.
  3129  1.2554e-06  5.9490e-09  5.4402e-09  6.7125e-09  0:10:13  371

 Reversed flow on 51 faces (24.7% area) of pressure-outlet 19.

 Reversed flow on 177 faces (34.6% area) of pressure-outlet 18.
  3130  1.6052e-06  7.5152e-09  7.1365e-09  7.3104e-09  0:10:11  370

 Reversed flow on 51 faces (24.7% area) of pressure-outlet 19.

 Reversed flow on 177 faces (34.6% area) of pressure-outlet 18.
  3131  1.2835e-06  5.8948e-09  5.8140e-09  6.4311e-09  0:10:10  369

 Reversed flow on 51 faces (24.7% area) of pressure-outlet 19.

 Reversed flow on 177 faces (34.6% area) of pressure-outlet 18.
  3132  1.2825e-06  6.1799e-09  5.7350e-09  6.3406e-09  0:10:07  368

 Reversed flow on 51 faces (24.7% area) of pressure-outlet 19.

 Reversed flow on 177 faces (34.6% area) of pressure-outlet 18.
  3133  1.1655e-06  5.5772e-09  5.1355e-09  5.7410e-09  0:10:06  367

 Reversed flow on 51 faces (24.7% area) of pressure-outlet 19.

 Reversed flow on 177 faces (34.6% area) of pressure-outlet 18.
  3134  1.5112e-06  7.1240e-09  6.8058e-09  6.3066e-09  0:10:04  366

 Reversed flow on 51 faces (24.7% area) of pressure-outlet 19.

 Reversed flow on 177 faces (34.6% area) of pressure-outlet 18.
  3135  1.1930e-06  5.4992e-09  5.4935e-09  5.4947e-09  0:10:02  365

 Reversed flow on 51 faces (24.7% area) of pressure-outlet 19.

 Reversed flow on 177 faces (34.6% area) of pressure-outlet 18.

  iter  continuity  x-velocity  y-velocity  z-velocity     time/iter
  3136  1.2000e-06  5.8015e-09  5.4594e-09  5.5509e-09  0:10:00  364

 Reversed flow on 51 faces (24.7% area) of pressure-outlet 19.

 Reversed flow on 177 faces (34.6% area) of pressure-outlet 18.
  3137  1.0991e-06  5.2560e-09  4.9149e-09  5.1787e-09  0:09:58  363

 Reversed flow on 51 faces (24.7% area) of pressure-outlet 19.

 Reversed flow on 177 faces (34.6% area) of pressure-outlet 18.
  3138  1.4624e-06  6.8551e-09  6.6286e-09  5.9943e-09  0:09:57  362

 Reversed flow on 51 faces (24.7% area) of pressure-outlet 19.

 Reversed flow on 177 faces (34.6% area) of pressure-outlet 18.
  3139  1.1615e-06  5.2837e-09  5.3743e-09  5.5347e-09  0:09:54  361

 Reversed flow on 51 faces (24.7% area) of pressure-outlet 19.

 Reversed flow on 177 faces (34.6% area) of pressure-outlet 18.
  3140  1.1903e-06  5.6581e-09  5.4094e-09  5.9780e-09  0:09:54  360

 Reversed flow on 51 faces (24.7% area) of pressure-outlet 19.

 Reversed flow on 177 faces (34.6% area) of pressure-outlet 18.
  3141  1.1227e-06  5.1794e-09  4.9336e-09  5.9379e-09  0:09:52  359

 Reversed flow on 51 faces (24.7% area) of pressure-outlet 19.

 Reversed flow on 177 faces (34.6% area) of pressure-outlet 18.
  3142  1.5190e-06  6.8564e-09  6.7051e-09  6.9866e-09  0:09:51  358

 Reversed flow on 51 faces (24.7% area) of pressure-outlet 19.

 Reversed flow on 177 faces (34.6% area) of pressure-outlet 18.
  3143  1.2478e-06  5.3761e-09  5.5064e-09  6.5527e-09  0:09:49  357

 Reversed flow on 51 faces (24.7% area) of pressure-outlet 19.

 Reversed flow on 177 faces (34.6% area) of pressure-outlet 18.
  3144  1.2971e-06  5.8572e-09  5.5922e-09  6.9259e-09  0:09:47  356

 Reversed flow on 51 faces (24.7% area) of pressure-outlet 19.

 Reversed flow on 177 faces (34.6% area) of pressure-outlet 18.
  3145  1.2319e-06  5.4534e-09  5.1442e-09  6.7365e-09  0:09:45  355

 Reversed flow on 51 faces (24.7% area) of pressure-outlet 19.

 Reversed flow on 177 faces (34.6% area) of pressure-outlet 18.
  3146  1.6236e-06  7.1729e-09  6.9266e-09  7.5931e-09  0:09:43  354

 Reversed flow on 51 faces (24.7% area) of pressure-outlet 19.

 Reversed flow on 177 faces (34.6% area) of pressure-outlet 18.

  iter  continuity  x-velocity  y-velocity  z-velocity     time/iter
  3147  1.3334e-06  5.7035e-09  5.7190e-09  6.9295e-09  0:09:42  353

 Reversed flow on 51 faces (24.7% area) of pressure-outlet 19.

 Reversed flow on 177 faces (34.6% area) of pressure-outlet 18.
  3148  1.3535e-06  6.1867e-09  5.7838e-09  7.0140e-09  0:09:41  352

 Reversed flow on 51 faces (24.7% area) of pressure-outlet 19.

 Reversed flow on 177 faces (34.6% area) of pressure-outlet 18.
  3149  1.2550e-06  5.7583e-09  5.2912e-09  6.5318e-09  0:09:41  351

 Reversed flow on 51 faces (24.7% area) of pressure-outlet 19.

 Reversed flow on 177 faces (34.6% area) of pressure-outlet 18.
  3150  1.6162e-06  7.4203e-09  7.0087e-09  7.1170e-09  0:09:39  350

 Reversed flow on 51 faces (24.7% area) of pressure-outlet 19.

 Reversed flow on 177 faces (34.6% area) of pressure-outlet 18.
  3151  1.2952e-06  5.8756e-09  5.7249e-09  6.2099e-09  0:09:37  349

 Reversed flow on 51 faces (24.7% area) of pressure-outlet 19.

 Reversed flow on 177 faces (34.6% area) of pressure-outlet 18.
  3152  1.2895e-06  6.2782e-09  5.7242e-09  6.1582e-09  0:09:35  348

 Reversed flow on 51 faces (24.7% area) of pressure-outlet 19.

 Reversed flow on 177 faces (34.6% area) of pressure-outlet 18.
  3153  1.1750e-06  5.7607e-09  5.1674e-09  5.6892e-09  0:09:32  347

 Reversed flow on 51 faces (24.7% area) of pressure-outlet 19.

 Reversed flow on 177 faces (34.6% area) of pressure-outlet 18.
  3154  1.5287e-06  7.3293e-09  6.8364e-09  6.3906e-09  0:09:31  346

 Reversed flow on 51 faces (24.7% area) of pressure-outlet 19.

 Reversed flow on 177 faces (34.6% area) of pressure-outlet 18.
  3155  1.2034e-06  5.7022e-09  5.5138e-09  5.5946e-09  0:09:29  345

 Reversed flow on 51 faces (24.7% area) of pressure-outlet 19.

 Reversed flow on 177 faces (34.6% area) of pressure-outlet 18.
  3156  1.2006e-06  6.0539e-09  5.5046e-09  5.6663e-09  0:09:29  344

 Reversed flow on 51 faces (24.7% area) of pressure-outlet 19.

 Reversed flow on 177 faces (34.6% area) of pressure-outlet 18.
  3157  1.0953e-06  5.4975e-09  4.9539e-09  5.2911e-09  0:09:27  343

 Reversed flow on 51 faces (24.7% area) of pressure-outlet 19.

 Reversed flow on 177 faces (34.6% area) of pressure-outlet 18.

  iter  continuity  x-velocity  y-velocity  z-velocity     time/iter
  3158  1.4621e-06  7.0460e-09  6.6505e-09  6.2492e-09  0:09:24  342

 Reversed flow on 51 faces (24.7% area) of pressure-outlet 19.

 Reversed flow on 177 faces (34.6% area) of pressure-outlet 18.
  3159  1.1588e-06  5.4162e-09  5.3766e-09  5.7803e-09  0:09:24  341

 Reversed flow on 51 faces (24.7% area) of pressure-outlet 19.

 Reversed flow on 177 faces (34.6% area) of pressure-outlet 18.
  3160  1.1855e-06  5.7615e-09  5.4157e-09  6.1625e-09  0:09:22  340

 Reversed flow on 51 faces (24.7% area) of pressure-outlet 19.

 Reversed flow on 177 faces (34.6% area) of pressure-outlet 18.
  3161  1.1051e-06  5.2124e-09  4.9136e-09  6.0040e-09  0:09:21  339

 Reversed flow on 51 faces (24.7% area) of pressure-outlet 19.

 Reversed flow on 177 faces (34.6% area) of pressure-outlet 18.
  3162  1.4948e-06  6.7982e-09  6.6542e-09  6.9450e-09  0:09:19  338

 Reversed flow on 51 faces (24.7% area) of pressure-outlet 19.

 Reversed flow on 177 faces (34.6% area) of pressure-outlet 18.
  3163  1.2090e-06  5.2169e-09  5.4131e-09  6.3775e-09  0:09:18  337

 Reversed flow on 51 faces (24.7% area) of pressure-outlet 19.

 Reversed flow on 177 faces (34.6% area) of pressure-outlet 18.
  3164  1.2388e-06  5.6106e-09  5.4557e-09  6.5987e-09  0:09:17  336

 Reversed flow on 51 faces (24.7% area) of pressure-outlet 19.

 Reversed flow on 177 faces (34.6% area) of pressure-outlet 18.
  3165  1.1511e-06  5.0830e-09  4.9440e-09  6.2590e-09  0:09:15  335

 Reversed flow on 51 faces (24.7% area) of pressure-outlet 19.

 Reversed flow on 177 faces (34.6% area) of pressure-outlet 18.
  3166  1.5223e-06  6.7052e-09  6.6796e-09  7.0062e-09  0:09:13  334

 Reversed flow on 51 faces (24.7% area) of pressure-outlet 19.

 Reversed flow on 177 faces (34.6% area) of pressure-outlet 18.
  3167  1.2206e-06  5.1668e-09  5.4380e-09  6.2868e-09  0:09:10  333

 Reversed flow on 51 faces (24.7% area) of pressure-outlet 19.

 Reversed flow on 177 faces (34.6% area) of pressure-outlet 18.
  3168  1.2413e-06  5.5816e-09  5.4645e-09  6.3861e-09  0:09:09  332

 Reversed flow on 51 faces (24.7% area) of pressure-outlet 19.

 Reversed flow on 177 faces (34.6% area) of pressure-outlet 18.

  iter  continuity  x-velocity  y-velocity  z-velocity     time/iter
  3169  1.1459e-06  5.0665e-09  4.9234e-09  5.9157e-09  0:09:08  331

 Reversed flow on 51 faces (24.7% area) of pressure-outlet 19.

 Reversed flow on 177 faces (34.6% area) of pressure-outlet 18.
  3170  1.5185e-06  6.7210e-09  6.6445e-09  6.5961e-09  0:09:06  330

 Reversed flow on 51 faces (24.7% area) of pressure-outlet 19.

 Reversed flow on 177 faces (34.6% area) of pressure-outlet 18.
  3171  1.2243e-06  5.2251e-09  5.4037e-09  5.8586e-09  0:09:04  329

 Reversed flow on 51 faces (24.7% area) of pressure-outlet 19.

 Reversed flow on 177 faces (34.6% area) of pressure-outlet 18.
  3172  1.2546e-06  5.6715e-09  5.4489e-09  6.0151e-09  0:09:02  328

 Reversed flow on 51 faces (24.7% area) of pressure-outlet 19.

 Reversed flow on 177 faces (34.6% area) of pressure-outlet 18.
  3173  1.1666e-06  5.1904e-09  4.9395e-09  5.6688e-09  0:09:01  327

 Reversed flow on 51 faces (24.7% area) of pressure-outlet 19.

 Reversed flow on 177 faces (34.6% area) of pressure-outlet 18.
  3174  1.5435e-06  6.8994e-09  6.6956e-09  6.5174e-09  0:09:00  326

 Reversed flow on 51 faces (24.7% area) of pressure-outlet 19.

 Reversed flow on 177 faces (34.6% area) of pressure-outlet 18.
  3175  1.2594e-06  5.4697e-09  5.5028e-09  5.9760e-09  0:08:57  325

 Reversed flow on 51 faces (24.7% area) of pressure-outlet 19.

 Reversed flow on 177 faces (34.6% area) of pressure-outlet 18.
  3176  1.3066e-06  5.9652e-09  5.5872e-09  6.3749e-09  0:08:56  324

 Reversed flow on 51 faces (24.7% area) of pressure-outlet 19.

 Reversed flow on 177 faces (34.6% area) of pressure-outlet 18.
  3177  1.2269e-06  5.5306e-09  5.1146e-09  6.3048e-09  0:08:54  323

 Reversed flow on 51 faces (24.7% area) of pressure-outlet 19.

 Reversed flow on 177 faces (34.6% area) of pressure-outlet 18.
  3178  1.6133e-06  7.2743e-09  6.9130e-09  7.3929e-09  0:08:52  322

 Reversed flow on 51 faces (24.7% area) of pressure-outlet 19.

 Reversed flow on 177 faces (34.6% area) of pressure-outlet 18.
  3179  1.3375e-06  5.8865e-09  5.7663e-09  7.0185e-09  0:08:49  321

 Reversed flow on 51 faces (24.7% area) of pressure-outlet 19.

 Reversed flow on 177 faces (34.6% area) of pressure-outlet 18.

  iter  continuity  x-velocity  y-velocity  z-velocity     time/iter
  3180  1.3912e-06  6.4025e-09  5.8777e-09  7.4145e-09  0:08:49  320

 Reversed flow on 51 faces (24.7% area) of pressure-outlet 19.

 Reversed flow on 177 faces (34.6% area) of pressure-outlet 18.
  3181  1.3202e-06  5.9935e-09  5.4384e-09  7.1839e-09  0:08:48  319

 Reversed flow on 51 faces (24.7% area) of pressure-outlet 19.

 Reversed flow on 177 faces (34.6% area) of pressure-outlet 18.
  3182  1.7022e-06  7.7386e-09  7.2519e-09  8.0684e-09  0:08:46  318

 Reversed flow on 51 faces (24.7% area) of pressure-outlet 19.

 Reversed flow on 177 faces (34.6% area) of pressure-outlet 18.
  3183  1.4157e-06  6.3169e-09  6.0880e-09  7.4899e-09  0:08:44  317

 Reversed flow on 51 faces (24.7% area) of pressure-outlet 19.

 Reversed flow on 177 faces (34.6% area) of pressure-outlet 18.
  3184  1.4339e-06  6.7529e-09  6.1558e-09  7.5310e-09  0:08:43  316

 Reversed flow on 51 faces (24.7% area) of pressure-outlet 19.

 Reversed flow on 177 faces (34.6% area) of pressure-outlet 18.
  3185  1.3219e-06  6.2417e-09  5.6394e-09  6.9579e-09  0:08:40  315

 Reversed flow on 51 faces (24.7% area) of pressure-outlet 19.

 Reversed flow on 177 faces (34.6% area) of pressure-outlet 18.
  3186  1.6626e-06  7.8573e-09  7.3494e-09  7.4923e-09  0:08:39  314

 Reversed flow on 51 faces (24.7% area) of pressure-outlet 19.

 Reversed flow on 177 faces (34.6% area) of pressure-outlet 18.
  3187  1.3359e-06  6.2701e-09  6.0450e-09  6.5610e-09  0:08:37  313

 Reversed flow on 51 faces (24.7% area) of pressure-outlet 19.

 Reversed flow on 177 faces (34.6% area) of pressure-outlet 18.
  3188  1.3241e-06  6.5448e-09  5.9657e-09  6.4259e-09  0:08:35  312

 Reversed flow on 51 faces (24.7% area) of pressure-outlet 19.

 Reversed flow on 177 faces (34.6% area) of pressure-outlet 18.
  3189  1.1924e-06  5.9005e-09  5.3350e-09  5.7737e-09  0:08:34  311

 Reversed flow on 51 faces (24.7% area) of pressure-outlet 19.

 Reversed flow on 177 faces (34.6% area) of pressure-outlet 18.
  3190  1.5301e-06  7.4031e-09  6.9669e-09  6.3692e-09  0:08:32  310

 Reversed flow on 51 faces (24.7% area) of pressure-outlet 19.

 Reversed flow on 177 faces (34.6% area) of pressure-outlet 18.

  iter  continuity  x-velocity  y-velocity  z-velocity     time/iter
  3191  1.2032e-06  5.7228e-09  5.5955e-09  5.5582e-09  0:08:31  309

 Reversed flow on 51 faces (24.7% area) of pressure-outlet 19.

 Reversed flow on 177 faces (34.6% area) of pressure-outlet 18.
  3192  1.1990e-06  5.9631e-09  5.5011e-09  5.5874e-09  0:08:29  308

 Reversed flow on 51 faces (24.7% area) of pressure-outlet 19.

 Reversed flow on 177 faces (34.6% area) of pressure-outlet 18.
  3193  1.0902e-06  5.3563e-09  4.9162e-09  5.1589e-09  0:08:28  307

 Reversed flow on 51 faces (24.7% area) of pressure-outlet 19.

 Reversed flow on 177 faces (34.6% area) of pressure-outlet 18.
  3194  1.4542e-06  6.9341e-09  6.6299e-09  5.9525e-09  0:08:27  306

 Reversed flow on 51 faces (24.7% area) of pressure-outlet 19.

 Reversed flow on 177 faces (34.6% area) of pressure-outlet 18.
  3195  1.1512e-06  5.3110e-09  5.3513e-09  5.4738e-09  0:08:26  305

 Reversed flow on 51 faces (24.7% area) of pressure-outlet 19.

 Reversed flow on 177 faces (34.6% area) of pressure-outlet 18.
  3196  1.1763e-06  5.6467e-09  5.3658e-09  5.8980e-09  0:08:25  304

 Reversed flow on 51 faces (24.7% area) of pressure-outlet 19.

 Reversed flow on 177 faces (34.6% area) of pressure-outlet 18.
  3197  1.1065e-06  5.1519e-09  4.9008e-09  5.8615e-09  0:08:22  303

 Reversed flow on 51 faces (24.7% area) of pressure-outlet 19.

 Reversed flow on 177 faces (34.6% area) of pressure-outlet 18.
  3198  1.5085e-06  6.8301e-09  6.7082e-09  6.9322e-09  0:08:20  302

 Reversed flow on 51 faces (24.7% area) of pressure-outlet 19.

 Reversed flow on 177 faces (34.6% area) of pressure-outlet 18.
  3199  1.2352e-06  5.2956e-09  5.4975e-09  6.4864e-09  0:08:19  301

 Reversed flow on 51 faces (24.7% area) of pressure-outlet 19.

 Reversed flow on 177 faces (34.6% area) of pressure-outlet 18.
  3200  1.2773e-06  5.7265e-09  5.5622e-09  6.8435e-09  0:08:17  300

 Reversed flow on 51 faces (24.7% area) of pressure-outlet 19.

 Reversed flow on 177 faces (34.6% area) of pressure-outlet 18.
  3201  1.2113e-06  5.3181e-09  5.1115e-09  6.6571e-09  0:08:15  299

 Reversed flow on 51 faces (24.7% area) of pressure-outlet 19.

 Reversed flow on 177 faces (34.6% area) of pressure-outlet 18.

  iter  continuity  x-velocity  y-velocity  z-velocity     time/iter
  3202  1.6080e-06  7.0484e-09  6.9147e-09  7.5253e-09  0:08:13  298

 Reversed flow on 51 faces (24.7% area) of pressure-outlet 19.

 Reversed flow on 177 faces (34.6% area) of pressure-outlet 18.
  3203  1.3178e-06  5.5612e-09  5.6895e-09  6.8520e-09  0:08:12  297

 Reversed flow on 51 faces (24.7% area) of pressure-outlet 19.

 Reversed flow on 177 faces (34.6% area) of pressure-outlet 18.
  3204  1.3384e-06  6.0342e-09  5.7367e-09  6.9603e-09  0:08:10  296

 Reversed flow on 51 faces (24.7% area) of pressure-outlet 19.

 Reversed flow on 177 faces (34.6% area) of pressure-outlet 18.
  3205  1.2447e-06  5.6141e-09  5.2404e-09  6.5280e-09  0:08:08  295

 Reversed flow on 51 faces (24.7% area) of pressure-outlet 19.

 Reversed flow on 177 faces (34.6% area) of pressure-outlet 18.
  3206  1.6137e-06  7.3102e-09  6.9706e-09  7.1468e-09  0:08:06  294

 Reversed flow on 51 faces (24.7% area) of pressure-outlet 19.

 Reversed flow on 177 faces (34.6% area) of pressure-outlet 18.
  3207  1.3002e-06  5.7926e-09  5.6849e-09  6.2588e-09  0:08:13  293

 Reversed flow on 51 faces (24.7% area) of pressure-outlet 19.

 Reversed flow on 177 faces (34.6% area) of pressure-outlet 18.
  3208  1.3010e-06  6.2155e-09  5.6865e-09  6.2281e-09  0:08:10  292

 Reversed flow on 51 faces (24.7% area) of pressure-outlet 19.

 Reversed flow on 177 faces (34.6% area) of pressure-outlet 18.
  3209  1.1922e-06  5.7188e-09  5.1403e-09  5.7363e-09  0:08:07  291

 Reversed flow on 51 faces (24.7% area) of pressure-outlet 19.

 Reversed flow on 177 faces (34.6% area) of pressure-outlet 18.
  3210  1.5447e-06  7.3131e-09  6.8206e-09  6.3785e-09  0:08:05  290

 Reversed flow on 51 faces (24.7% area) of pressure-outlet 19.

 Reversed flow on 177 faces (34.6% area) of pressure-outlet 18.
  3211  1.2256e-06  5.7476e-09  5.5265e-09  5.6112e-09  0:08:02  289

 Reversed flow on 51 faces (24.7% area) of pressure-outlet 19.

 Reversed flow on 177 faces (34.6% area) of pressure-outlet 18.
  3212  1.2272e-06  6.1401e-09  5.5431e-09  5.7506e-09  0:08:00  288

 Reversed flow on 51 faces (24.7% area) of pressure-outlet 19.

 Reversed flow on 177 faces (34.6% area) of pressure-outlet 18.

  iter  continuity  x-velocity  y-velocity  z-velocity     time/iter
  3213  1.1215e-06  5.6063e-09  5.0123e-09  5.5518e-09  0:07:57  287

 Reversed flow on 51 faces (24.7% area) of pressure-outlet 19.

 Reversed flow on 177 faces (34.6% area) of pressure-outlet 18.
  3214  1.4824e-06  7.1607e-09  6.7115e-09  6.5240e-09  0:07:55  286

 Reversed flow on 51 faces (24.7% area) of pressure-outlet 19.

 Reversed flow on 177 faces (34.6% area) of pressure-outlet 18.
  3215  1.1847e-06  5.5809e-09  5.4655e-09  6.0657e-09  0:07:52  285

 Reversed flow on 51 faces (24.7% area) of pressure-outlet 19.

 Reversed flow on 177 faces (34.6% area) of pressure-outlet 18.
  3216  1.2179e-06  5.9782e-09  5.5289e-09  6.4259e-09  0:07:50  284

 Reversed flow on 51 faces (24.7% area) of pressure-outlet 19.

 Reversed flow on 177 faces (34.6% area) of pressure-outlet 18.
  3217  1.1420e-06  5.4471e-09  5.0264e-09  6.2354e-09  0:07:48  283

 Reversed flow on 51 faces (24.7% area) of pressure-outlet 19.

 Reversed flow on 177 faces (34.6% area) of pressure-outlet 18.
  3218  1.5240e-06  7.0179e-09  6.7542e-09  7.1320e-09  0:07:47  282

 Reversed flow on 51 faces (24.7% area) of pressure-outlet 19.

 Reversed flow on 177 faces (34.6% area) of pressure-outlet 18.
  3219  1.2334e-06  5.4590e-09  5.5242e-09  6.5403e-09  0:07:46  281

 Reversed flow on 51 faces (24.7% area) of pressure-outlet 19.

 Reversed flow on 177 faces (34.6% area) of pressure-outlet 18.
  3220  1.2654e-06  5.8580e-09  5.5836e-09  6.7286e-09  0:07:44  280

 Reversed flow on 51 faces (24.7% area) of pressure-outlet 19.

 Reversed flow on 177 faces (34.6% area) of pressure-outlet 18.
  3221  1.1761e-06  5.3092e-09  5.0680e-09  6.3335e-09  0:07:42  279

 Reversed flow on 51 faces (24.7% area) of pressure-outlet 19.

 Reversed flow on 177 faces (34.6% area) of pressure-outlet 18.
  3222  1.5384e-06  6.8843e-09  6.7735e-09  6.9777e-09  0:07:41  278

 Reversed flow on 51 faces (24.7% area) of pressure-outlet 19.

 Reversed flow on 177 faces (34.6% area) of pressure-outlet 18.
  3223  1.2234e-06  5.3107e-09  5.4994e-09  6.1306e-09  0:07:40  277

 Reversed flow on 51 faces (24.7% area) of pressure-outlet 19.

 Reversed flow on 177 faces (34.6% area) of pressure-outlet 18.

  iter  continuity  x-velocity  y-velocity  z-velocity     time/iter
  3224  1.2303e-06  5.6899e-09  5.5002e-09  6.1032e-09  0:07:38  276

 Reversed flow on 51 faces (24.7% area) of pressure-outlet 19.

 Reversed flow on 177 faces (34.6% area) of pressure-outlet 18.
  3225  1.1184e-06  5.1257e-09  4.9290e-09  5.5384e-09  0:07:36  275

 Reversed flow on 51 faces (24.7% area) of pressure-outlet 19.

 Reversed flow on 177 faces (34.6% area) of pressure-outlet 18.
  3226  1.4699e-06  6.7049e-09  6.6086e-09  6.1627e-09  0:07:35  274

 Reversed flow on 51 faces (24.7% area) of pressure-outlet 19.

 Reversed flow on 177 faces (34.6% area) of pressure-outlet 18.
  3227  1.1586e-06  5.1103e-09  5.3056e-09  5.4502e-09  0:07:32  273

 Reversed flow on 51 faces (24.7% area) of pressure-outlet 19.

 Reversed flow on 177 faces (34.6% area) of pressure-outlet 18.
  3228  1.1741e-06  5.4762e-09  5.2955e-09  5.6147e-09  0:07:31  272

 Reversed flow on 51 faces (24.7% area) of pressure-outlet 19.

 Reversed flow on 177 faces (34.6% area) of pressure-outlet 18.
  3229  1.0826e-06  4.9384e-09  4.7470e-09  5.2704e-09  0:07:29  271

 Reversed flow on 51 faces (24.7% area) of pressure-outlet 19.

 Reversed flow on 177 faces (34.6% area) of pressure-outlet 18.
  3230  1.4673e-06  6.6040e-09  6.4884e-09  6.1256e-09  0:07:29  270

 Reversed flow on 51 faces (24.7% area) of pressure-outlet 19.

 Reversed flow on 177 faces (34.6% area) of pressure-outlet 18.
  3231  1.1835e-06  5.1049e-09  5.2648e-09  5.5917e-09  0:07:27  269

 Reversed flow on 51 faces (24.7% area) of pressure-outlet 19.

 Reversed flow on 177 faces (34.6% area) of pressure-outlet 18.
  3232  1.2255e-06  5.5696e-09  5.3487e-09  6.0872e-09  0:07:24  268

 Reversed flow on 51 faces (24.7% area) of pressure-outlet 19.

 Reversed flow on 177 faces (34.6% area) of pressure-outlet 18.
  3233  1.1587e-06  5.1431e-09  4.9055e-09  6.0977e-09  0:07:22  267

 Reversed flow on 51 faces (24.7% area) of pressure-outlet 19.

 Reversed flow on 177 faces (34.6% area) of pressure-outlet 18.
  3234  1.5713e-06  6.9116e-09  6.7493e-09  7.2767e-09  0:07:20  266

 Reversed flow on 51 faces (24.7% area) of pressure-outlet 19.

 Reversed flow on 177 faces (34.6% area) of pressure-outlet 18.

  iter  continuity  x-velocity  y-velocity  z-velocity     time/iter
  3235  1.3221e-06  5.5116e-09  5.6089e-09  6.9125e-09  0:07:18  265

 Reversed flow on 51 faces (24.7% area) of pressure-outlet 19.

 Reversed flow on 177 faces (34.6% area) of pressure-outlet 18.
  3236  1.3828e-06  6.0496e-09  5.7337e-09  7.3352e-09  0:07:16  264

 Reversed flow on 51 faces (24.7% area) of pressure-outlet 19.

 Reversed flow on 177 faces (34.6% area) of pressure-outlet 18.
  3237  1.3135e-06  5.6856e-09  5.3060e-09  7.1857e-09  0:07:14  263

 Reversed flow on 51 faces (24.7% area) of pressure-outlet 19.

 Reversed flow on 177 faces (34.6% area) of pressure-outlet 18.
  3238  1.7032e-06  7.4963e-09  7.1424e-09  8.1250e-09  0:07:12  262

 Reversed flow on 51 faces (24.7% area) of pressure-outlet 19.

 Reversed flow on 177 faces (34.6% area) of pressure-outlet 18.
  3239  1.4245e-06  6.1041e-09  5.9865e-09  7.5350e-09  0:07:11  261

 Reversed flow on 51 faces (24.7% area) of pressure-outlet 19.

 Reversed flow on 177 faces (34.6% area) of pressure-outlet 18.
  3240  1.4542e-06  6.6060e-09  6.0777e-09  7.6507e-09  0:07:09  260

 Reversed flow on 51 faces (24.7% area) of pressure-outlet 19.

 Reversed flow on 177 faces (34.6% area) of pressure-outlet 18.
  3241  1.3535e-06  6.1866e-09  5.5987e-09  7.1761e-09  0:07:08  259

 Reversed flow on 51 faces (24.7% area) of pressure-outlet 19.

 Reversed flow on 177 faces (34.6% area) of pressure-outlet 18.
  3242  1.7098e-06  7.9103e-09  7.3683e-09  7.8588e-09  0:07:06  258

 Reversed flow on 51 faces (24.7% area) of pressure-outlet 19.

 Reversed flow on 177 faces (34.6% area) of pressure-outlet 18.
  3243  1.3925e-06  6.4314e-09  6.1280e-09  6.9401e-09  0:07:05  257

 Reversed flow on 51 faces (24.7% area) of pressure-outlet 19.

 Reversed flow on 177 faces (34.6% area) of pressure-outlet 18.
  3244  1.3857e-06  6.7910e-09  6.1069e-09  6.7620e-09  0:07:03  256

 Reversed flow on 51 faces (24.7% area) of pressure-outlet 19.

 Reversed flow on 177 faces (34.6% area) of pressure-outlet 18.
  3245  1.2531e-06  6.1967e-09  5.5037e-09  6.0814e-09  0:07:01  255

 Reversed flow on 51 faces (24.7% area) of pressure-outlet 19.

 Reversed flow on 177 faces (34.6% area) of pressure-outlet 18.

  iter  continuity  x-velocity  y-velocity  z-velocity     time/iter
  3246  1.5849e-06  7.7328e-09  7.1489e-09  6.6306e-09  0:07:00  254

 Reversed flow on 51 faces (24.7% area) of pressure-outlet 19.

 Reversed flow on 177 faces (34.6% area) of pressure-outlet 18.
  3247  1.2548e-06  6.0916e-09  5.8153e-09  5.7854e-09  0:06:58  253

 Reversed flow on 51 faces (24.7% area) of pressure-outlet 19.

 Reversed flow on 177 faces (34.6% area) of pressure-outlet 18.
  3248  1.2458e-06  6.3292e-09  5.7231e-09  5.7769e-09  0:06:57  252

 Reversed flow on 51 faces (24.7% area) of pressure-outlet 19.

 Reversed flow on 177 faces (34.6% area) of pressure-outlet 18.
  3249  1.1220e-06  5.6645e-09  5.0971e-09  5.3109e-09  0:06:54  251

 Reversed flow on 51 faces (24.7% area) of pressure-outlet 19.

 Reversed flow on 177 faces (34.6% area) of pressure-outlet 18.
  3250  1.4670e-06  7.1626e-09  6.7459e-09  6.1756e-09  0:06:52  250

 Reversed flow on 51 faces (24.7% area) of pressure-outlet 19.

 Reversed flow on 177 faces (34.6% area) of pressure-outlet 18.
  3251  1.1600e-06  5.5317e-09  5.4595e-09  5.7057e-09  0:06:50  249

 Reversed flow on 51 faces (24.7% area) of pressure-outlet 19.

 Reversed flow on 177 faces (34.6% area) of pressure-outlet 18.
  3252  1.1900e-06  5.8151e-09  5.4466e-09  6.0804e-09  0:06:48  248

 Reversed flow on 51 faces (24.7% area) of pressure-outlet 19.

 Reversed flow on 177 faces (34.6% area) of pressure-outlet 18.
  3253  1.1108e-06  5.2589e-09  4.9328e-09  5.9371e-09  0:06:46  247

 Reversed flow on 51 faces (24.7% area) of pressure-outlet 19.

 Reversed flow on 177 faces (34.6% area) of pressure-outlet 18.
  3254  1.5001e-06  6.8729e-09  6.6971e-09  6.9022e-09  0:06:45  246

 Reversed flow on 51 faces (24.7% area) of pressure-outlet 19.

 Reversed flow on 177 faces (34.6% area) of pressure-outlet 18.
  3255  1.2244e-06  5.3380e-09  5.4952e-09  6.4147e-09  0:06:43  245

 Reversed flow on 51 faces (24.7% area) of pressure-outlet 19.

 Reversed flow on 177 faces (34.6% area) of pressure-outlet 18.
  3256  1.2668e-06  5.7457e-09  5.5531e-09  6.7298e-09  0:06:42  244

 Reversed flow on 51 faces (24.7% area) of pressure-outlet 19.

 Reversed flow on 177 faces (34.6% area) of pressure-outlet 18.

  iter  continuity  x-velocity  y-velocity  z-velocity     time/iter
  3257  1.1979e-06  5.2943e-09  5.0981e-09  6.4886e-09  0:06:41  243

 Reversed flow on 51 faces (24.7% area) of pressure-outlet 19.

 Reversed flow on 177 faces (34.6% area) of pressure-outlet 18.
  3258  1.5853e-06  6.9702e-09  6.8864e-09  7.3129e-09  0:06:39  242

 Reversed flow on 51 faces (24.7% area) of pressure-outlet 19.

 Reversed flow on 177 faces (34.6% area) of pressure-outlet 18.
  3259  1.2892e-06  5.4611e-09  5.6631e-09  6.5929e-09  0:06:39  241

 Reversed flow on 51 faces (24.7% area) of pressure-outlet 19.

 Reversed flow on 177 faces (34.6% area) of pressure-outlet 18.
  3260  1.3065e-06  5.9024e-09  5.6933e-09  6.6711e-09  0:06:37  240

 Reversed flow on 51 faces (24.7% area) of pressure-outlet 19.

 Reversed flow on 177 faces (34.6% area) of pressure-outlet 18.
  3261  1.2149e-06  5.4665e-09  5.1912e-09  6.2092e-09  0:06:35  239

 Reversed flow on 51 faces (24.7% area) of pressure-outlet 19.

 Reversed flow on 177 faces (34.6% area) of pressure-outlet 18.
  3262  1.5842e-06  7.1544e-09  6.9268e-09  6.8464e-09  0:06:33  238

 Reversed flow on 51 faces (24.7% area) of pressure-outlet 19.

 Reversed flow on 177 faces (34.6% area) of pressure-outlet 18.
  3263  1.2711e-06  5.6181e-09  5.6360e-09  6.0063e-09  0:06:32  237

 Reversed flow on 51 faces (24.7% area) of pressure-outlet 19.

 Reversed flow on 177 faces (34.6% area) of pressure-outlet 18.
  3264  1.2755e-06  6.0327e-09  5.6210e-09  6.1077e-09  0:06:30  236

 Reversed flow on 51 faces (24.7% area) of pressure-outlet 19.

 Reversed flow on 177 faces (34.6% area) of pressure-outlet 18.
  3265  1.1754e-06  5.5574e-09  5.0857e-09  5.7252e-09  0:06:28  235

 Reversed flow on 51 faces (24.7% area) of pressure-outlet 19.

 Reversed flow on 177 faces (34.6% area) of pressure-outlet 18.
  3266  1.5440e-06  7.2091e-09  6.7947e-09  6.4432e-09  0:06:26  234

 Reversed flow on 51 faces (24.7% area) of pressure-outlet 19.

 Reversed flow on 177 faces (34.6% area) of pressure-outlet 18.
  3267  1.2330e-06  5.6494e-09  5.4964e-09  5.6921e-09  0:06:24  233

 Reversed flow on 51 faces (24.7% area) of pressure-outlet 19.

 Reversed flow on 177 faces (34.6% area) of pressure-outlet 18.

  iter  continuity  x-velocity  y-velocity  z-velocity     time/iter
  3268  1.2387e-06  6.0601e-09  5.5076e-09  5.8561e-09  0:06:22  232

 Reversed flow on 51 faces (24.7% area) of pressure-outlet 19.

 Reversed flow on 177 faces (34.6% area) of pressure-outlet 18.
  3269  1.1441e-06  5.5852e-09  5.0110e-09  5.7123e-09  0:06:20  231

 Reversed flow on 51 faces (24.7% area) of pressure-outlet 19.

 Reversed flow on 177 faces (34.6% area) of pressure-outlet 18.
  3270  1.5239e-06  7.2200e-09  6.7562e-09  6.7116e-09  0:06:19  230

 Reversed flow on 51 faces (24.7% area) of pressure-outlet 19.

 Reversed flow on 177 faces (34.6% area) of pressure-outlet 18.
  3271  1.2310e-06  5.6528e-09  5.5115e-09  6.2471e-09  0:06:17  229

 Reversed flow on 51 faces (24.7% area) of pressure-outlet 19.

 Reversed flow on 177 faces (34.6% area) of pressure-outlet 18.
  3272  1.2564e-06  6.0748e-09  5.5857e-09  6.6138e-09  0:06:15  228

 Reversed flow on 51 faces (24.7% area) of pressure-outlet 19.

 Reversed flow on 177 faces (34.6% area) of pressure-outlet 18.
  3273  1.1792e-06  5.6048e-09  5.1231e-09  6.4537e-09  0:06:13  227

 Reversed flow on 51 faces (24.7% area) of pressure-outlet 19.

 Reversed flow on 177 faces (34.6% area) of pressure-outlet 18.
  3274  1.5629e-06  7.2318e-09  6.8750e-09  7.3508e-09  0:06:27  226

 Reversed flow on 51 faces (24.7% area) of pressure-outlet 19.

 Reversed flow on 177 faces (34.6% area) of pressure-outlet 18.
  3275  1.2687e-06  5.6741e-09  5.6301e-09  6.7169e-09  0:06:23  225

 Reversed flow on 51 faces (24.7% area) of pressure-outlet 19.

 Reversed flow on 177 faces (34.6% area) of pressure-outlet 18.
  3276  1.2918e-06  6.0748e-09  5.6905e-09  6.8756e-09  0:06:19  224

 Reversed flow on 51 faces (24.7% area) of pressure-outlet 19.

 Reversed flow on 177 faces (34.6% area) of pressure-outlet 18.
  3277  1.1960e-06  5.5510e-09  5.1812e-09  6.4719e-09  0:06:15  223

 Reversed flow on 51 faces (24.7% area) of pressure-outlet 19.

 Reversed flow on 177 faces (34.6% area) of pressure-outlet 18.
  3278  1.5567e-06  7.1330e-09  6.8842e-09  7.1227e-09  0:06:11  222

 Reversed flow on 51 faces (24.7% area) of pressure-outlet 19.

 Reversed flow on 177 faces (34.6% area) of pressure-outlet 18.

  iter  continuity  x-velocity  y-velocity  z-velocity     time/iter
  3279  1.2421e-06  5.5439e-09  5.5935e-09  6.2820e-09  0:06:08  221

 Reversed flow on 51 faces (24.7% area) of pressure-outlet 19.

 Reversed flow on 177 faces (34.6% area) of pressure-outlet 18.
  3280  1.2481e-06  5.9003e-09  5.5901e-09  6.2283e-09  0:06:06  220

 Reversed flow on 51 faces (24.7% area) of pressure-outlet 19.

 Reversed flow on 177 faces (34.6% area) of pressure-outlet 18.
  3281  1.1348e-06  5.3057e-09  5.0000e-09  5.6187e-09  0:06:04  219

 Reversed flow on 51 faces (24.7% area) of pressure-outlet 19.

 Reversed flow on 177 faces (34.6% area) of pressure-outlet 18.
  3282  1.4791e-06  6.8329e-09  6.6411e-09  6.1605e-09  0:06:01  218

 Reversed flow on 51 faces (24.7% area) of pressure-outlet 19.

 Reversed flow on 177 faces (34.6% area) of pressure-outlet 18.
  3283  1.1585e-06  5.2191e-09  5.3260e-09  5.3360e-09  0:05:59  217

 Reversed flow on 51 faces (24.7% area) of pressure-outlet 19.

 Reversed flow on 177 faces (34.6% area) of pressure-outlet 18.
  3284  1.1633e-06  5.5555e-09  5.3084e-09  5.3913e-09  0:05:57  216

 Reversed flow on 51 faces (24.7% area) of pressure-outlet 19.

 Reversed flow on 177 faces (34.6% area) of pressure-outlet 18.
  3285  1.0531e-06  4.9574e-09  4.7225e-09  4.9753e-09  0:05:54  215

 Reversed flow on 51 faces (24.7% area) of pressure-outlet 19.

 Reversed flow on 177 faces (34.6% area) of pressure-outlet 18.
  3286  1.4097e-06  6.5199e-09  6.4021e-09  5.8015e-09  0:05:53  214

 Reversed flow on 51 faces (24.7% area) of pressure-outlet 19.

 Reversed flow on 177 faces (34.6% area) of pressure-outlet 18.
  3287  1.1136e-06  4.9663e-09  5.1597e-09  5.3843e-09  0:05:51  213

 Reversed flow on 51 faces (24.7% area) of pressure-outlet 19.

 Reversed flow on 177 faces (34.6% area) of pressure-outlet 18.
  3288  1.1548e-06  5.3769e-09  5.2247e-09  5.8750e-09  0:05:50  212

 Reversed flow on 51 faces (24.7% area) of pressure-outlet 19.

 Reversed flow on 177 faces (34.6% area) of pressure-outlet 18.
  3289  1.0937e-06  4.8698e-09  4.7386e-09  5.8595e-09  0:05:48  211

 Reversed flow on 51 faces (24.7% area) of pressure-outlet 19.

 Reversed flow on 177 faces (34.6% area) of pressure-outlet 18.

  iter  continuity  x-velocity  y-velocity  z-velocity     time/iter
  3290  1.4992e-06  6.5713e-09  6.5340e-09  6.9850e-09  0:05:46  210

 Reversed flow on 51 faces (24.7% area) of pressure-outlet 19.

 Reversed flow on 177 faces (34.6% area) of pressure-outlet 18.
  3291  1.2480e-06  5.1628e-09  5.4019e-09  6.6575e-09  0:05:45  209

 Reversed flow on 51 faces (24.7% area) of pressure-outlet 19.

 Reversed flow on 177 faces (34.6% area) of pressure-outlet 18.
  3292  1.3179e-06  5.7019e-09  5.5503e-09  7.1128e-09  0:05:43  208

 Reversed flow on 51 faces (24.7% area) of pressure-outlet 19.

 Reversed flow on 177 faces (34.6% area) of pressure-outlet 18.
  3293  1.2626e-06  5.3174e-09  5.1283e-09  6.9755e-09  0:05:41  207

 Reversed flow on 51 faces (24.7% area) of pressure-outlet 19.

 Reversed flow on 177 faces (34.6% area) of pressure-outlet 18.
  3294  1.6724e-06  7.1176e-09  6.9669e-09  7.9013e-09  0:05:40  206

 Reversed flow on 51 faces (24.7% area) of pressure-outlet 19.

 Reversed flow on 177 faces (34.6% area) of pressure-outlet 18.
  3295  1.4070e-06  5.7516e-09  5.8309e-09  7.3203e-09  0:05:38  205

 Reversed flow on 51 faces (24.7% area) of pressure-outlet 19.

 Reversed flow on 177 faces (34.6% area) of pressure-outlet 18.
  3296  1.4407e-06  6.3014e-09  5.9345e-09  7.4579e-09  0:05:37  204

 Reversed flow on 51 faces (24.7% area) of pressure-outlet 19.

 Reversed flow on 177 faces (34.6% area) of pressure-outlet 18.
  3297  1.3381e-06  5.9131e-09  5.4577e-09  7.0026e-09  0:05:35  203

 Reversed flow on 51 faces (24.7% area) of pressure-outlet 19.

 Reversed flow on 177 faces (34.6% area) of pressure-outlet 18.
  3298  1.7012e-06  7.6766e-09  7.2369e-09  7.6568e-09  0:05:33  202

 Reversed flow on 51 faces (24.7% area) of pressure-outlet 19.

 Reversed flow on 177 faces (34.6% area) of pressure-outlet 18.
  3299  1.3965e-06  6.2417e-09  6.0213e-09  6.8229e-09  0:05:31  201

 Reversed flow on 51 faces (24.7% area) of pressure-outlet 19.

 Reversed flow on 177 faces (34.6% area) of pressure-outlet 18.
  3300  1.4023e-06  6.6849e-09  6.0413e-09  6.7667e-09  0:05:30  200

 Reversed flow on 51 faces (24.7% area) of pressure-outlet 19.

 Reversed flow on 177 faces (34.6% area) of pressure-outlet 18.

  iter  continuity  x-velocity  y-velocity  z-velocity     time/iter
  3301  1.2844e-06  6.1878e-09  5.4935e-09  6.3164e-09  0:05:29  199

 Reversed flow on 51 faces (24.7% area) of pressure-outlet 19.

 Reversed flow on 177 faces (34.6% area) of pressure-outlet 18.
  3302  1.6314e-06  7.8411e-09  7.2187e-09  6.9958e-09  0:05:27  198

 Reversed flow on 51 faces (24.7% area) of pressure-outlet 19.

 Reversed flow on 177 faces (34.6% area) of pressure-outlet 18.
  3303  1.3065e-06  6.2760e-09  5.9347e-09  6.1333e-09  0:05:25  197

 Reversed flow on 51 faces (24.7% area) of pressure-outlet 19.

 Reversed flow on 177 faces (34.6% area) of pressure-outlet 18.
  3304  1.3016e-06  6.5817e-09  5.8836e-09  6.1055e-09  0:05:24  196

 Reversed flow on 51 faces (24.7% area) of pressure-outlet 19.

 Reversed flow on 177 faces (34.6% area) of pressure-outlet 18.
  3305  1.1784e-06  5.9767e-09  5.2884e-09  5.6595e-09  0:05:22  195

 Reversed flow on 51 faces (24.7% area) of pressure-outlet 19.

 Reversed flow on 177 faces (34.6% area) of pressure-outlet 18.
  3306  1.5314e-06  7.5305e-09  6.9845e-09  6.5739e-09  0:05:21  194

 Reversed flow on 51 faces (24.7% area) of pressure-outlet 19.

 Reversed flow on 177 faces (34.6% area) of pressure-outlet 18.
  3307  1.2201e-06  5.8817e-09  5.6820e-09  6.0527e-09  0:05:19  193

 Reversed flow on 51 faces (24.7% area) of pressure-outlet 19.

 Reversed flow on 177 faces (34.6% area) of pressure-outlet 18.
  3308  1.2369e-06  6.1300e-09  5.6438e-09  6.3487e-09  0:05:18  192

 Reversed flow on 51 faces (24.7% area) of pressure-outlet 19.

 Reversed flow on 177 faces (34.6% area) of pressure-outlet 18.
  3309  1.1450e-06  5.5338e-09  5.0948e-09  6.1378e-09  0:05:16  191

 Reversed flow on 51 faces (24.7% area) of pressure-outlet 19.

 Reversed flow on 177 faces (34.6% area) of pressure-outlet 18.
  3310  1.5291e-06  7.1284e-09  6.8359e-09  7.0708e-09  0:05:15  190

 Reversed flow on 51 faces (24.7% area) of pressure-outlet 19.

 Reversed flow on 177 faces (34.6% area) of pressure-outlet 18.
  3311  1.2405e-06  5.5311e-09  5.5796e-09  6.5125e-09  0:05:12  189

 Reversed flow on 51 faces (24.7% area) of pressure-outlet 19.

 Reversed flow on 177 faces (34.6% area) of pressure-outlet 18.

  iter  continuity  x-velocity  y-velocity  z-velocity     time/iter
  3312  1.2683e-06  5.8674e-09  5.5847e-09  6.7293e-09  0:05:11  188

 Reversed flow on 51 faces (24.7% area) of pressure-outlet 19.

 Reversed flow on 177 faces (34.6% area) of pressure-outlet 18.
  3313  1.1848e-06  5.3576e-09  5.1003e-09  6.4064e-09  0:05:10  187

 Reversed flow on 51 faces (24.7% area) of pressure-outlet 19.

 Reversed flow on 177 faces (34.6% area) of pressure-outlet 18.
  3314  1.5647e-06  7.0128e-09  6.8785e-09  7.1760e-09  0:05:08  186

 Reversed flow on 51 faces (24.7% area) of pressure-outlet 19.

 Reversed flow on 177 faces (34.6% area) of pressure-outlet 18.
  3315  1.2644e-06  5.4693e-09  5.6299e-09  6.4465e-09  0:05:06  185

 Reversed flow on 51 faces (24.7% area) of pressure-outlet 19.

 Reversed flow on 177 faces (34.6% area) of pressure-outlet 18.
  3316  1.2799e-06  5.8597e-09  5.6399e-09  6.5213e-09  0:05:04  184

 Reversed flow on 51 faces (24.7% area) of pressure-outlet 19.

 Reversed flow on 177 faces (34.6% area) of pressure-outlet 18.
  3317  1.1868e-06  5.3805e-09  5.1272e-09  6.0448e-09  0:05:02  183

 Reversed flow on 51 faces (24.7% area) of pressure-outlet 19.

 Reversed flow on 177 faces (34.6% area) of pressure-outlet 18.
  3318  1.5528e-06  7.0298e-09  6.8503e-09  6.6642e-09  0:05:01  182

 Reversed flow on 51 faces (24.7% area) of pressure-outlet 19.

 Reversed flow on 177 faces (34.6% area) of pressure-outlet 18.
  3319  1.2408e-06  5.4788e-09  5.5622e-09  5.8469e-09  0:04:59  181

 Reversed flow on 51 faces (24.7% area) of pressure-outlet 19.

 Reversed flow on 177 faces (34.6% area) of pressure-outlet 18.
  3320  1.2521e-06  5.8716e-09  5.5505e-09  5.9301e-09  0:04:57  180

 Reversed flow on 51 faces (24.7% area) of pressure-outlet 19.

 Reversed flow on 177 faces (34.6% area) of pressure-outlet 18.
  3321  1.1554e-06  5.3846e-09  5.0176e-09  5.5353e-09  0:04:56  179

 Reversed flow on 51 faces (24.7% area) of pressure-outlet 19.

 Reversed flow on 177 faces (34.6% area) of pressure-outlet 18.
  3322  1.5217e-06  7.0334e-09  6.7265e-09  6.2897e-09  0:04:54  178

 Reversed flow on 51 faces (24.7% area) of pressure-outlet 19.

 Reversed flow on 177 faces (34.6% area) of pressure-outlet 18.

  iter  continuity  x-velocity  y-velocity  z-velocity     time/iter
  3323  1.2146e-06  5.5090e-09  5.4596e-09  5.6520e-09  0:04:53  177

 Reversed flow on 51 faces (24.7% area) of pressure-outlet 19.

 Reversed flow on 177 faces (34.6% area) of pressure-outlet 18.
  3324  1.2320e-06  5.9370e-09  5.4913e-09  6.0180e-09  0:04:51  176

 Reversed flow on 51 faces (24.7% area) of pressure-outlet 19.

 Reversed flow on 177 faces (34.6% area) of pressure-outlet 18.
  3325  1.1475e-06  5.4675e-09  5.0028e-09  5.9209e-09  0:04:50  175

 Reversed flow on 51 faces (24.7% area) of pressure-outlet 19.

 Reversed flow on 177 faces (34.6% area) of pressure-outlet 18.
  3326  1.5347e-06  7.1148e-09  6.7471e-09  6.9371e-09  0:04:48  174

 Reversed flow on 51 faces (24.7% area) of pressure-outlet 19.

 Reversed flow on 177 faces (34.6% area) of pressure-outlet 18.
  3327  1.2503e-06  5.6211e-09  5.5312e-09  6.4777e-09  0:04:46  173

 Reversed flow on 51 faces (24.7% area) of pressure-outlet 19.

 Reversed flow on 177 faces (34.6% area) of pressure-outlet 18.
  3328  1.2896e-06  6.0884e-09  5.6165e-09  6.8232e-09  0:04:44  172

 Reversed flow on 51 faces (24.7% area) of pressure-outlet 19.

 Reversed flow on 177 faces (34.6% area) of pressure-outlet 18.
  3329  1.2172e-06  5.6439e-09  5.1586e-09  6.6079e-09  0:04:43  171

 Reversed flow on 51 faces (24.7% area) of pressure-outlet 19.

 Reversed flow on 177 faces (34.6% area) of pressure-outlet 18.
  3330  1.5998e-06  7.2936e-09  6.9079e-09  7.4595e-09  0:04:41  170

 Reversed flow on 51 faces (24.7% area) of pressure-outlet 19.

 Reversed flow on 177 faces (34.6% area) of pressure-outlet 18.
  3331  1.3046e-06  5.7843e-09  5.6905e-09  6.8042e-09  0:04:40  169

 Reversed flow on 51 faces (24.7% area) of pressure-outlet 19.

 Reversed flow on 177 faces (34.6% area) of pressure-outlet 18.
  3332  1.3248e-06  6.2278e-09  5.7685e-09  6.9609e-09  0:04:40  168

 Reversed flow on 51 faces (24.7% area) of pressure-outlet 19.

 Reversed flow on 177 faces (34.6% area) of pressure-outlet 18.
  3333  1.2226e-06  5.7401e-09  5.2664e-09  6.4937e-09  0:04:38  167

 Reversed flow on 51 faces (24.7% area) of pressure-outlet 19.

 Reversed flow on 177 faces (34.6% area) of pressure-outlet 18.

  iter  continuity  x-velocity  y-velocity  z-velocity     time/iter
  3334  1.5751e-06  7.3352e-09  6.9666e-09  7.0874e-09  0:04:36  166

 Reversed flow on 51 faces (24.7% area) of pressure-outlet 19.

 Reversed flow on 177 faces (34.6% area) of pressure-outlet 18.
  3335  1.2565e-06  5.7474e-09  5.6743e-09  6.1889e-09  0:04:34  165

 Reversed flow on 51 faces (24.7% area) of pressure-outlet 19.

 Reversed flow on 177 faces (34.6% area) of pressure-outlet 18.
  3336  1.2554e-06  6.1084e-09  5.6747e-09  6.1425e-09  0:04:32  164

 Reversed flow on 51 faces (24.7% area) of pressure-outlet 19.

 Reversed flow on 177 faces (34.6% area) of pressure-outlet 18.
  3337  1.1381e-06  5.5276e-09  5.0950e-09  5.5760e-09  0:04:30  163

 Reversed flow on 51 faces (24.7% area) of pressure-outlet 19.

 Reversed flow on 177 faces (34.6% area) of pressure-outlet 18.
  3338  1.4874e-06  7.0506e-09  6.7385e-09  6.2258e-09  0:04:28  162

 Reversed flow on 51 faces (24.7% area) of pressure-outlet 19.

 Reversed flow on 177 faces (34.6% area) of pressure-outlet 18.
  3339  1.1660e-06  5.3897e-09  5.4030e-09  5.4325e-09  0:04:26  161

 Reversed flow on 51 faces (24.7% area) of pressure-outlet 19.

 Reversed flow on 177 faces (34.6% area) of pressure-outlet 18.
  3340  1.1682e-06  5.6951e-09  5.3683e-09  5.4816e-09  0:04:24  160

 Reversed flow on 51 faces (24.7% area) of pressure-outlet 19.

 Reversed flow on 177 faces (34.6% area) of pressure-outlet 18.
  3341  1.0604e-06  5.0907e-09  4.7821e-09  5.0314e-09  0:04:23  159

 Reversed flow on 51 faces (24.7% area) of pressure-outlet 19.

 Reversed flow on 177 faces (34.6% area) of pressure-outlet 18.
  3342  1.4200e-06  6.6462e-09  6.4577e-09  5.8061e-09  0:04:21  158

 Reversed flow on 51 faces (24.7% area) of pressure-outlet 19.

 Reversed flow on 177 faces (34.6% area) of pressure-outlet 18.
  3343  1.1147e-06  5.0327e-09  5.1783e-09  5.3314e-09  0:04:20  157

 Reversed flow on 51 faces (24.7% area) of pressure-outlet 19.

 Reversed flow on 177 faces (34.6% area) of pressure-outlet 18.
  3344  1.1382e-06  5.3941e-09  5.2089e-09  5.7354e-09  0:04:18  156

 Reversed flow on 51 faces (24.7% area) of pressure-outlet 19.

 Reversed flow on 177 faces (34.6% area) of pressure-outlet 18.

  iter  continuity  x-velocity  y-velocity  z-velocity     time/iter
  3345  1.0600e-06  4.8454e-09  4.7055e-09  5.6768e-09  0:04:16  155

 Reversed flow on 51 faces (24.7% area) of pressure-outlet 19.

 Reversed flow on 177 faces (34.6% area) of pressure-outlet 18.
  3346  1.4582e-06  6.4942e-09  6.4809e-09  6.7610e-09  0:04:15  154

 Reversed flow on 51 faces (24.7% area) of pressure-outlet 19.

 Reversed flow on 177 faces (34.6% area) of pressure-outlet 18.
  3347  1.1934e-06  4.9931e-09  5.2936e-09  6.3644e-09  0:04:13  153

 Reversed flow on 51 faces (24.7% area) of pressure-outlet 19.

 Reversed flow on 177 faces (34.6% area) of pressure-outlet 18.
  3348  1.2517e-06  5.4625e-09  5.3945e-09  6.7765e-09  0:04:11  152

 Reversed flow on 51 faces (24.7% area) of pressure-outlet 19.

 Reversed flow on 177 faces (34.6% area) of pressure-outlet 18.
  3349  1.1928e-06  5.0341e-09  4.9464e-09  6.6187e-09  0:04:09  151

 Reversed flow on 51 faces (24.7% area) of pressure-outlet 19.

 Reversed flow on 177 faces (34.6% area) of pressure-outlet 18.
  3350  1.5988e-06  6.7959e-09  6.7792e-09  7.5730e-09  0:04:07  150

 Reversed flow on 51 faces (24.7% area) of pressure-outlet 19.

 Reversed flow on 177 faces (34.6% area) of pressure-outlet 18.
  3351  1.3283e-06  5.3886e-09  5.6256e-09  7.0074e-09  0:04:06  149

 Reversed flow on 51 faces (24.7% area) of pressure-outlet 19.

 Reversed flow on 177 faces (34.6% area) of pressure-outlet 18.
  3352  1.3700e-06  5.9194e-09  5.7325e-09  7.1991e-09  0:04:05  148

 Reversed flow on 51 faces (24.7% area) of pressure-outlet 19.

 Reversed flow on 177 faces (34.6% area) of pressure-outlet 18.
  3353  1.2899e-06  5.5292e-09  5.2636e-09  6.8036e-09  0:04:02  147

 Reversed flow on 51 faces (24.7% area) of pressure-outlet 19.

 Reversed flow on 177 faces (34.6% area) of pressure-outlet 18.
  3354  1.6765e-06  7.3078e-09  7.0466e-09  7.4831e-09  0:04:01  146

 Reversed flow on 51 faces (24.7% area) of pressure-outlet 19.

 Reversed flow on 177 faces (34.6% area) of pressure-outlet 18.
  3355  1.3800e-06  5.8978e-09  5.8291e-09  6.6851e-09  0:04:00  145

 Reversed flow on 51 faces (24.7% area) of pressure-outlet 19.

 Reversed flow on 177 faces (34.6% area) of pressure-outlet 18.

  iter  continuity  x-velocity  y-velocity  z-velocity     time/iter
  3356  1.3901e-06  6.3844e-09  5.8672e-09  6.7156e-09  0:03:58  144

 Reversed flow on 51 faces (24.7% area) of pressure-outlet 19.

 Reversed flow on 177 faces (34.6% area) of pressure-outlet 18.
  3357  1.2791e-06  5.9265e-09  5.3386e-09  6.2505e-09  0:03:56  143

 Reversed flow on 51 faces (24.7% area) of pressure-outlet 19.

 Reversed flow on 177 faces (34.6% area) of pressure-outlet 18.
  3358  1.6376e-06  7.6257e-09  7.0822e-09  6.9725e-09  0:03:54  142

 Reversed flow on 51 faces (24.7% area) of pressure-outlet 19.

 Reversed flow on 177 faces (34.6% area) of pressure-outlet 18.
  3359  1.3332e-06  6.1725e-09  5.8611e-09  6.2367e-09  0:03:52  141

 Reversed flow on 51 faces (24.7% area) of pressure-outlet 19.

 Reversed flow on 177 faces (34.6% area) of pressure-outlet 18.
  3360  1.3430e-06  6.5917e-09  5.8886e-09  6.4000e-09  0:03:51  140

 Reversed flow on 51 faces (24.7% area) of pressure-outlet 19.

 Reversed flow on 177 faces (34.6% area) of pressure-outlet 18.
  3361  1.2318e-06  6.0748e-09  5.3643e-09  6.1964e-09  0:03:49  139

 Reversed flow on 51 faces (24.7% area) of pressure-outlet 19.

 Reversed flow on 177 faces (34.6% area) of pressure-outlet 18.
  3362  1.5842e-06  7.7015e-09  7.1153e-09  7.0856e-09  0:03:47  138

 Reversed flow on 51 faces (24.7% area) of pressure-outlet 19.

 Reversed flow on 177 faces (34.6% area) of pressure-outlet 18.
  3363  1.2892e-06  6.1657e-09  5.8943e-09  6.5689e-09  0:03:46  137

 Reversed flow on 51 faces (24.7% area) of pressure-outlet 19.

 Reversed flow on 177 faces (34.6% area) of pressure-outlet 18.
  3364  1.3127e-06  6.5009e-09  5.8970e-09  6.8402e-09  0:03:44  136

 Reversed flow on 51 faces (24.7% area) of pressure-outlet 19.

 Reversed flow on 177 faces (34.6% area) of pressure-outlet 18.
  3365  1.2202e-06  5.9208e-09  5.3501e-09  6.5687e-09  0:03:42  135

 Reversed flow on 51 faces (24.7% area) of pressure-outlet 19.

 Reversed flow on 177 faces (34.6% area) of pressure-outlet 18.
  3366  1.5881e-06  7.4857e-09  7.0646e-09  7.4061e-09  0:03:41  134

 Reversed flow on 51 faces (24.7% area) of pressure-outlet 19.

 Reversed flow on 177 faces (34.6% area) of pressure-outlet 18.

  iter  continuity  x-velocity  y-velocity  z-velocity     time/iter
  3367  1.2899e-06  5.8982e-09  5.8090e-09  6.7613e-09  0:03:39  133

 Reversed flow on 51 faces (24.7% area) of pressure-outlet 19.

 Reversed flow on 177 faces (34.6% area) of pressure-outlet 18.
  3368  1.3110e-06  6.2016e-09  5.7876e-09  6.8698e-09  0:03:38  132

 Reversed flow on 51 faces (24.7% area) of pressure-outlet 19.

 Reversed flow on 177 faces (34.6% area) of pressure-outlet 18.
  3369  1.2131e-06  5.6291e-09  5.2351e-09  6.4469e-09  0:03:36  131

 Reversed flow on 51 faces (24.7% area) of pressure-outlet 19.

 Reversed flow on 177 faces (34.6% area) of pressure-outlet 18.
  3370  1.5711e-06  7.2119e-09  6.9503e-09  7.0982e-09  0:03:35  130

 Reversed flow on 51 faces (24.7% area) of pressure-outlet 19.

 Reversed flow on 177 faces (34.6% area) of pressure-outlet 18.
  3371  1.2556e-06  5.6201e-09  5.6684e-09  6.2658e-09  0:03:33  129

 Reversed flow on 51 faces (24.7% area) of pressure-outlet 19.

 Reversed flow on 177 faces (34.6% area) of pressure-outlet 18.
  3372  1.2620e-06  5.9478e-09  5.6400e-09  6.2313e-09  0:03:31  128

 Reversed flow on 51 faces (24.7% area) of pressure-outlet 19.

 Reversed flow on 177 faces (34.6% area) of pressure-outlet 18.
  3373  1.1572e-06  5.4140e-09  5.1040e-09  5.6980e-09  0:03:30  127

 Reversed flow on 51 faces (24.7% area) of pressure-outlet 19.

 Reversed flow on 177 faces (34.6% area) of pressure-outlet 18.
  3374  1.5170e-06  7.0268e-09  6.8182e-09  6.3379e-09  0:03:29  126

 Reversed flow on 51 faces (24.7% area) of pressure-outlet 19.

 Reversed flow on 177 faces (34.6% area) of pressure-outlet 18.
  3375  1.2031e-06  5.4202e-09  5.5075e-09  5.6075e-09  0:03:27  125

 Reversed flow on 51 faces (24.7% area) of pressure-outlet 19.

 Reversed flow on 177 faces (34.6% area) of pressure-outlet 18.
  3376  1.2117e-06  5.7558e-09  5.4773e-09  5.7385e-09  0:03:26  124

 Reversed flow on 51 faces (24.7% area) of pressure-outlet 19.

 Reversed flow on 177 faces (34.6% area) of pressure-outlet 18.
  3377  1.1175e-06  5.2464e-09  4.9467e-09  5.3737e-09  0:03:24  123

 Reversed flow on 51 faces (24.7% area) of pressure-outlet 19.

 Reversed flow on 177 faces (34.6% area) of pressure-outlet 18.

  iter  continuity  x-velocity  y-velocity  z-velocity     time/iter
  3378  1.4933e-06  6.8973e-09  6.6791e-09  6.1632e-09  0:03:22  122

 Reversed flow on 51 faces (24.7% area) of pressure-outlet 19.

 Reversed flow on 177 faces (34.6% area) of pressure-outlet 18.
  3379  1.1909e-06  5.3333e-09  5.3982e-09  5.5433e-09  0:03:20  121

 Reversed flow on 51 faces (24.7% area) of pressure-outlet 19.

 Reversed flow on 177 faces (34.6% area) of pressure-outlet 18.
  3380  1.2133e-06  5.7399e-09  5.4209e-09  5.9664e-09  0:03:18  120

 Reversed flow on 51 faces (24.7% area) of pressure-outlet 19.

 Reversed flow on 177 faces (34.6% area) of pressure-outlet 18.
  3381  1.1386e-06  5.3000e-09  4.9509e-09  5.9261e-09  0:03:17  119

 Reversed flow on 51 faces (24.7% area) of pressure-outlet 19.

 Reversed flow on 177 faces (34.6% area) of pressure-outlet 18.
  3382  1.5401e-06  7.0026e-09  6.7462e-09  7.0064e-09  0:03:15  118

 Reversed flow on 51 faces (24.7% area) of pressure-outlet 19.

 Reversed flow on 177 faces (34.6% area) of pressure-outlet 18.
  3383  1.2598e-06  5.5004e-09  5.5303e-09  6.5677e-09  0:03:13  117

 Reversed flow on 51 faces (24.7% area) of pressure-outlet 19.

 Reversed flow on 177 faces (34.6% area) of pressure-outlet 18.
  3384  1.3000e-06  5.9754e-09  5.6110e-09  6.9340e-09  0:03:12  116

 Reversed flow on 51 faces (24.7% area) of pressure-outlet 19.

 Reversed flow on 177 faces (34.6% area) of pressure-outlet 18.
  3385  1.2316e-06  5.5718e-09  5.1666e-09  6.7535e-09  0:03:11  115

 Reversed flow on 51 faces (24.7% area) of pressure-outlet 19.

 Reversed flow on 177 faces (34.6% area) of pressure-outlet 18.
  3386  1.6243e-06  7.2864e-09  6.9451e-09  7.6197e-09  0:03:09  114

 Reversed flow on 51 faces (24.7% area) of pressure-outlet 19.

 Reversed flow on 177 faces (34.6% area) of pressure-outlet 18.
  3387  1.3308e-06  5.7873e-09  5.7212e-09  6.9419e-09  0:03:07  113

 Reversed flow on 51 faces (24.7% area) of pressure-outlet 19.

 Reversed flow on 177 faces (34.6% area) of pressure-outlet 18.
  3388  1.3461e-06  6.2440e-09  5.7857e-09  7.0443e-09  0:03:06  112

 Reversed flow on 51 faces (24.7% area) of pressure-outlet 19.

 Reversed flow on 177 faces (34.6% area) of pressure-outlet 18.

  iter  continuity  x-velocity  y-velocity  z-velocity     time/iter
  3389  1.2472e-06  5.7947e-09  5.2916e-09  6.5844e-09  0:03:04  111

 Reversed flow on 51 faces (24.7% area) of pressure-outlet 19.

 Reversed flow on 177 faces (34.6% area) of pressure-outlet 18.
  3390  1.6056e-06  7.4304e-09  7.0005e-09  7.1987e-09  0:03:02  110

 Reversed flow on 51 faces (24.7% area) of pressure-outlet 19.

 Reversed flow on 177 faces (34.6% area) of pressure-outlet 18.
  3391  1.2862e-06  5.8738e-09  5.7138e-09  6.3185e-09  0:03:01  109

 Reversed flow on 51 faces (24.7% area) of pressure-outlet 19.

 Reversed flow on 177 faces (34.6% area) of pressure-outlet 18.
  3392  1.2808e-06  6.2623e-09  5.7154e-09  6.2501e-09  0:02:59  108

 Reversed flow on 51 faces (24.7% area) of pressure-outlet 19.

 Reversed flow on 177 faces (34.6% area) of pressure-outlet 18.
  3393  1.1599e-06  5.7075e-09  5.1444e-09  5.6763e-09  0:02:57  107

 Reversed flow on 51 faces (24.7% area) of pressure-outlet 19.

 Reversed flow on 177 faces (34.6% area) of pressure-outlet 18.
  3394  1.5075e-06  7.2334e-09  6.7907e-09  6.2714e-09  0:02:55  106

 Reversed flow on 51 faces (24.7% area) of pressure-outlet 19.

 Reversed flow on 177 faces (34.6% area) of pressure-outlet 18.
  3395  1.1855e-06  5.6026e-09  5.4769e-09  5.4719e-09  0:02:54  105

 Reversed flow on 51 faces (24.7% area) of pressure-outlet 19.

 Reversed flow on 177 faces (34.6% area) of pressure-outlet 18.
  3396  1.1875e-06  5.9327e-09  5.4667e-09  5.5580e-09  0:02:52  104

 Reversed flow on 51 faces (24.7% area) of pressure-outlet 19.

 Reversed flow on 177 faces (34.6% area) of pressure-outlet 18.
  3397  1.0756e-06  5.3295e-09  4.8887e-09  5.1728e-09  0:02:51  103

 Reversed flow on 51 faces (24.7% area) of pressure-outlet 19.

 Reversed flow on 177 faces (34.6% area) of pressure-outlet 18.
  3398  1.4297e-06  6.8355e-09  6.5522e-09  6.0734e-09  0:02:49  102

 Reversed flow on 51 faces (24.7% area) of pressure-outlet 19.

 Reversed flow on 177 faces (34.6% area) of pressure-outlet 18.
  3399  1.1281e-06  5.2186e-09  5.2884e-09  5.6045e-09  0:02:47  101

 Reversed flow on 51 faces (24.7% area) of pressure-outlet 19.

 Reversed flow on 177 faces (34.6% area) of pressure-outlet 18.

  iter  continuity  x-velocity  y-velocity  z-velocity     time/iter
  3400  1.1621e-06  5.5624e-09  5.3244e-09  5.9836e-09  0:02:46  100

 Reversed flow on 51 faces (24.7% area) of pressure-outlet 19.

 Reversed flow on 177 faces (34.6% area) of pressure-outlet 18.
  3401  1.0802e-06  4.9960e-09  4.7927e-09  5.8080e-09  0:02:44   99

 Reversed flow on 51 faces (24.7% area) of pressure-outlet 19.

 Reversed flow on 177 faces (34.6% area) of pressure-outlet 18.
  3402  1.4633e-06  6.5826e-09  6.5135e-09  6.7525e-09  0:02:42   98

 Reversed flow on 51 faces (24.7% area) of pressure-outlet 19.

 Reversed flow on 177 faces (34.6% area) of pressure-outlet 18.
  3403  1.1827e-06  5.0523e-09  5.3091e-09  6.2377e-09  0:02:40   97

 Reversed flow on 51 faces (24.7% area) of pressure-outlet 19.

 Reversed flow on 177 faces (34.6% area) of pressure-outlet 18.
  3404  1.2238e-06  5.4777e-09  5.3830e-09  6.5513e-09  0:02:38   96

 Reversed flow on 51 faces (24.7% area) of pressure-outlet 19.

 Reversed flow on 177 faces (34.6% area) of pressure-outlet 18.
  3405  1.1499e-06  4.9713e-09  4.8859e-09  6.2931e-09  0:02:37   95

 Reversed flow on 51 faces (24.7% area) of pressure-outlet 19.

 Reversed flow on 177 faces (34.6% area) of pressure-outlet 18.
  3406  1.5349e-06  6.6354e-09  6.6552e-09  7.1459e-09  0:02:35   94

 Reversed flow on 51 faces (24.7% area) of pressure-outlet 19.

 Reversed flow on 177 faces (34.6% area) of pressure-outlet 18.
  3407  1.2523e-06  5.1648e-09  5.4624e-09  6.4913e-09  0:02:34   93

 Reversed flow on 51 faces (24.7% area) of pressure-outlet 19.

 Reversed flow on 177 faces (34.6% area) of pressure-outlet 18.
  3408  1.2873e-06  5.6461e-09  5.5368e-09  6.6297e-09  0:02:32   92

 Reversed flow on 51 faces (24.7% area) of pressure-outlet 19.

 Reversed flow on 177 faces (34.6% area) of pressure-outlet 18.
  3409  1.2040e-06  5.1994e-09  5.0452e-09  6.2089e-09  0:02:31   91

 Reversed flow on 51 faces (24.7% area) of pressure-outlet 19.

 Reversed flow on 177 faces (34.6% area) of pressure-outlet 18.
  3410  1.5840e-06  6.9337e-09  6.8231e-09  6.9446e-09  0:02:31   90

 Reversed flow on 51 faces (24.7% area) of pressure-outlet 19.

 Reversed flow on 177 faces (34.6% area) of pressure-outlet 18.

  iter  continuity  x-velocity  y-velocity  z-velocity     time/iter
  3411  1.2917e-06  5.4800e-09  5.6042e-09  6.2232e-09  0:02:31   89

 Reversed flow on 51 faces (24.7% area) of pressure-outlet 19.

 Reversed flow on 177 faces (34.6% area) of pressure-outlet 18.
  3412  1.3189e-06  5.9574e-09  5.6486e-09  6.4098e-09  0:02:29   88

 Reversed flow on 51 faces (24.7% area) of pressure-outlet 19.

 Reversed flow on 177 faces (34.6% area) of pressure-outlet 18.
  3413  1.2383e-06  5.5173e-09  5.1414e-09  6.0407e-09  0:02:27   87

 Reversed flow on 51 faces (24.7% area) of pressure-outlet 19.

 Reversed flow on 177 faces (34.6% area) of pressure-outlet 18.
  3414  1.6167e-06  7.2610e-09  6.9037e-09  6.8353e-09  0:02:24   86

 Reversed flow on 51 faces (24.7% area) of pressure-outlet 19.

 Reversed flow on 177 faces (34.6% area) of pressure-outlet 18.
  3415  1.3173e-06  5.8145e-09  5.6747e-09  6.1783e-09  0:02:22   85

 Reversed flow on 51 faces (24.7% area) of pressure-outlet 19.

 Reversed flow on 177 faces (34.6% area) of pressure-outlet 18.
  3416  1.3302e-06  6.2829e-09  5.7200e-09  6.4034e-09  0:02:20   84

 Reversed flow on 51 faces (24.7% area) of pressure-outlet 19.

 Reversed flow on 177 faces (34.6% area) of pressure-outlet 18.
  3417  1.2396e-06  5.8464e-09  5.2404e-09  6.3000e-09  0:02:18   83

 Reversed flow on 51 faces (24.7% area) of pressure-outlet 19.

 Reversed flow on 177 faces (34.6% area) of pressure-outlet 18.
  3418  1.6248e-06  7.5905e-09  7.0570e-09  7.3289e-09  0:02:16   82

 Reversed flow on 51 faces (24.7% area) of pressure-outlet 19.

 Reversed flow on 177 faces (34.6% area) of pressure-outlet 18.
  3419  1.3430e-06  6.1267e-09  5.8771e-09  6.9054e-09  0:02:15   81

 Reversed flow on 51 faces (24.7% area) of pressure-outlet 19.

 Reversed flow on 177 faces (34.6% area) of pressure-outlet 18.
  3420  1.3746e-06  6.5653e-09  5.9545e-09  7.2962e-09  0:02:13   80

 Reversed flow on 51 faces (24.7% area) of pressure-outlet 19.

 Reversed flow on 177 faces (34.6% area) of pressure-outlet 18.
  3421  1.2858e-06  6.1007e-09  5.4908e-09  7.0198e-09  0:02:11   79

 Reversed flow on 51 faces (24.7% area) of pressure-outlet 19.

 Reversed flow on 177 faces (34.6% area) of pressure-outlet 18.

  iter  continuity  x-velocity  y-velocity  z-velocity     time/iter
  3422  1.6622e-06  7.7830e-09  7.2830e-09  7.8418e-09  0:02:09   78

 Reversed flow on 51 faces (24.7% area) of pressure-outlet 19.

 Reversed flow on 177 faces (34.6% area) of pressure-outlet 18.
  3423  1.3628e-06  6.2450e-09  6.0403e-09  7.1518e-09  0:02:08   77

 Reversed flow on 51 faces (24.7% area) of pressure-outlet 19.

 Reversed flow on 177 faces (34.6% area) of pressure-outlet 18.
  3424  1.3750e-06  6.5734e-09  6.0324e-09  7.2266e-09  0:02:06   76

 Reversed flow on 51 faces (24.7% area) of pressure-outlet 19.

 Reversed flow on 177 faces (34.6% area) of pressure-outlet 18.
  3425  1.2626e-06  5.9931e-09  5.4671e-09  6.7372e-09  0:02:04   75

 Reversed flow on 51 faces (24.7% area) of pressure-outlet 19.

 Reversed flow on 177 faces (34.6% area) of pressure-outlet 18.
  3426  1.6104e-06  7.5613e-09  7.1609e-09  7.3319e-09  0:02:02   74

 Reversed flow on 51 faces (24.7% area) of pressure-outlet 19.

 Reversed flow on 177 faces (34.6% area) of pressure-outlet 18.
  3427  1.2873e-06  5.9369e-09  5.8383e-09  6.4372e-09  0:02:01   73

 Reversed flow on 51 faces (24.7% area) of pressure-outlet 19.

 Reversed flow on 177 faces (34.6% area) of pressure-outlet 18.
  3428  1.2851e-06  6.2156e-09  5.7549e-09  6.3287e-09  0:01:59   72

 Reversed flow on 51 faces (24.7% area) of pressure-outlet 19.

 Reversed flow on 177 faces (34.6% area) of pressure-outlet 18.
  3429  1.1658e-06  5.6068e-09  5.1451e-09  5.7191e-09  0:01:59   71

 Reversed flow on 51 faces (24.7% area) of pressure-outlet 19.

 Reversed flow on 177 faces (34.6% area) of pressure-outlet 18.
  3430  1.5098e-06  7.1436e-09  6.8100e-09  6.2891e-09  0:01:57   70

 Reversed flow on 51 faces (24.7% area) of pressure-outlet 19.

 Reversed flow on 177 faces (34.6% area) of pressure-outlet 18.
  3431  1.1912e-06  5.5135e-09  5.4927e-09  5.4776e-09  0:01:55   69

 Reversed flow on 51 faces (24.7% area) of pressure-outlet 19.

 Reversed flow on 177 faces (34.6% area) of pressure-outlet 18.
  3432  1.1972e-06  5.8107e-09  5.4548e-09  5.5351e-09  0:01:58   68

 Reversed flow on 51 faces (24.7% area) of pressure-outlet 19.

 Reversed flow on 177 faces (34.6% area) of pressure-outlet 18.

  iter  continuity  x-velocity  y-velocity  z-velocity     time/iter
  3433  1.0960e-06  5.2568e-09  4.9077e-09  5.1551e-09  0:01:55   67

 Reversed flow on 51 faces (24.7% area) of pressure-outlet 19.

 Reversed flow on 177 faces (34.6% area) of pressure-outlet 18.
  3434  1.4584e-06  6.8523e-09  6.6221e-09  5.9865e-09  0:01:53   66

 Reversed flow on 51 faces (24.7% area) of pressure-outlet 19.

 Reversed flow on 177 faces (34.6% area) of pressure-outlet 18.
  3435  1.1579e-06  5.2803e-09  5.3696e-09  5.5442e-09  0:01:50   65

 Reversed flow on 51 faces (24.7% area) of pressure-outlet 19.

 Reversed flow on 177 faces (34.6% area) of pressure-outlet 18.
  3436  1.1891e-06  5.6516e-09  5.4054e-09  5.9867e-09  0:01:48   64

 Reversed flow on 51 faces (24.7% area) of pressure-outlet 19.

 Reversed flow on 177 faces (34.6% area) of pressure-outlet 18.
  3437  1.1216e-06  5.1690e-09  4.9314e-09  5.9437e-09  0:01:46   63

 Reversed flow on 51 faces (24.7% area) of pressure-outlet 19.

 Reversed flow on 177 faces (34.6% area) of pressure-outlet 18.
  3438  1.5177e-06  6.8458e-09  6.7038e-09  6.9904e-09  0:01:44   62

 Reversed flow on 51 faces (24.7% area) of pressure-outlet 19.

 Reversed flow on 177 faces (34.6% area) of pressure-outlet 18.
  3439  1.2472e-06  5.3645e-09  5.5070e-09  6.5542e-09  0:01:42   61

 Reversed flow on 51 faces (24.7% area) of pressure-outlet 19.

 Reversed flow on 177 faces (34.6% area) of pressure-outlet 18.
  3440  1.2965e-06  5.8421e-09  5.5906e-09  6.9233e-09  0:01:40   60

 Reversed flow on 51 faces (24.7% area) of pressure-outlet 19.

 Reversed flow on 177 faces (34.6% area) of pressure-outlet 18.
  3441  1.2314e-06  5.4392e-09  5.1413e-09  6.7295e-09  0:01:38   59

 Reversed flow on 51 faces (24.7% area) of pressure-outlet 19.

 Reversed flow on 177 faces (34.6% area) of pressure-outlet 18.
  3442  1.6229e-06  7.1588e-09  6.9263e-09  7.5825e-09  0:01:36   58

 Reversed flow on 51 faces (24.7% area) of pressure-outlet 19.

 Reversed flow on 177 faces (34.6% area) of pressure-outlet 18.
  3443  1.3322e-06  5.6904e-09  5.7185e-09  6.9154e-09  0:01:35   57

 Reversed flow on 51 faces (24.7% area) of pressure-outlet 19.

 Reversed flow on 177 faces (34.6% area) of pressure-outlet 18.

  iter  continuity  x-velocity  y-velocity  z-velocity     time/iter
  3444  1.3513e-06  6.1740e-09  5.7798e-09  6.9934e-09  0:01:33   56

 Reversed flow on 51 faces (24.7% area) of pressure-outlet 19.

 Reversed flow on 177 faces (34.6% area) of pressure-outlet 18.
  3445  1.2531e-06  5.7459e-09  5.2856e-09  6.5098e-09  0:01:31   55

 Reversed flow on 51 faces (24.7% area) of pressure-outlet 19.

 Reversed flow on 177 faces (34.6% area) of pressure-outlet 18.
  3446  1.6151e-06  7.4114e-09  7.0034e-09  7.0954e-09  0:01:29   54

 Reversed flow on 51 faces (24.7% area) of pressure-outlet 19.

 Reversed flow on 177 faces (34.6% area) of pressure-outlet 18.
  3447  1.2942e-06  5.8679e-09  5.7188e-09  6.1933e-09  0:01:28   53

 Reversed flow on 51 faces (24.7% area) of pressure-outlet 19.

 Reversed flow on 177 faces (34.6% area) of pressure-outlet 18.
  3448  1.2889e-06  6.2707e-09  5.7163e-09  6.1485e-09  0:01:26   52

 Reversed flow on 51 faces (24.7% area) of pressure-outlet 19.

 Reversed flow on 177 faces (34.6% area) of pressure-outlet 18.
  3449  1.1755e-06  5.7554e-09  5.1598e-09  5.6914e-09  0:01:24   51

 Reversed flow on 51 faces (24.7% area) of pressure-outlet 19.

 Reversed flow on 177 faces (34.6% area) of pressure-outlet 18.
  3450  1.5288e-06  7.3276e-09  6.8325e-09  6.3802e-09  0:01:23   50

 Reversed flow on 51 faces (24.7% area) of pressure-outlet 19.

 Reversed flow on 177 faces (34.6% area) of pressure-outlet 18.
  3451  1.2055e-06  5.7056e-09  5.5114e-09  5.5912e-09  0:01:21   49

 Reversed flow on 51 faces (24.7% area) of pressure-outlet 19.

 Reversed flow on 177 faces (34.6% area) of pressure-outlet 18.
  3452  1.2017e-06  6.0617e-09  5.5044e-09  5.6698e-09  0:01:19   48

 Reversed flow on 51 faces (24.7% area) of pressure-outlet 19.

 Reversed flow on 177 faces (34.6% area) of pressure-outlet 18.
  3453  1.0957e-06  5.5104e-09  4.9576e-09  5.3161e-09  0:01:18   47

 Reversed flow on 51 faces (24.7% area) of pressure-outlet 19.

 Reversed flow on 177 faces (34.6% area) of pressure-outlet 18.
  3454  1.4647e-06  7.0632e-09  6.6588e-09  6.2878e-09  0:01:16   46

 Reversed flow on 51 faces (24.7% area) of pressure-outlet 19.

 Reversed flow on 177 faces (34.6% area) of pressure-outlet 18.

  iter  continuity  x-velocity  y-velocity  z-velocity     time/iter
  3455  1.1634e-06  5.4352e-09  5.3859e-09  5.8211e-09  0:01:14   45

 Reversed flow on 51 faces (24.7% area) of pressure-outlet 19.

 Reversed flow on 177 faces (34.6% area) of pressure-outlet 18.
  3456  1.1892e-06  5.7836e-09  5.4284e-09  6.2032e-09  0:01:13   44

 Reversed flow on 51 faces (24.7% area) of pressure-outlet 19.

 Reversed flow on 177 faces (34.6% area) of pressure-outlet 18.
  3457  1.1087e-06  5.2390e-09  4.9290e-09  6.0415e-09  0:01:11   43

 Reversed flow on 51 faces (24.7% area) of pressure-outlet 19.

 Reversed flow on 177 faces (34.6% area) of pressure-outlet 18.
  3458  1.4988e-06  6.8255e-09  6.6701e-09  6.9749e-09  0:01:09   42

 Reversed flow on 51 faces (24.7% area) of pressure-outlet 19.

 Reversed flow on 177 faces (34.6% area) of pressure-outlet 18.
  3459  1.2125e-06  5.2438e-09  5.4268e-09  6.4015e-09  0:01:08   41

 Reversed flow on 51 faces (24.7% area) of pressure-outlet 19.

 Reversed flow on 177 faces (34.6% area) of pressure-outlet 18.
  3460  1.2417e-06  5.6323e-09  5.4697e-09  6.6103e-09  0:01:06   40

 Reversed flow on 51 faces (24.7% area) of pressure-outlet 19.

 Reversed flow on 177 faces (34.6% area) of pressure-outlet 18.
  3461  1.1528e-06  5.1015e-09  4.9549e-09  6.2564e-09  0:01:04   39

 Reversed flow on 51 faces (24.7% area) of pressure-outlet 19.

 Reversed flow on 177 faces (34.6% area) of pressure-outlet 18.
  3462  1.5226e-06  6.7202e-09  6.6841e-09  6.9924e-09  0:01:03   38

 Reversed flow on 51 faces (24.7% area) of pressure-outlet 19.

 Reversed flow on 177 faces (34.6% area) of pressure-outlet 18.
  3463  1.2186e-06  5.1777e-09  5.4382e-09  6.2507e-09  0:01:01   37

 Reversed flow on 51 faces (24.7% area) of pressure-outlet 19.

 Reversed flow on 177 faces (34.6% area) of pressure-outlet 18.
  3464  1.2365e-06  5.5846e-09  5.4601e-09  6.3348e-09  0:00:59   36

 Reversed flow on 51 faces (24.7% area) of pressure-outlet 19.

 Reversed flow on 177 faces (34.6% area) of pressure-outlet 18.
  3465  1.1394e-06  5.0587e-09  4.9123e-09  5.8524e-09  0:00:58   35

 Reversed flow on 51 faces (24.7% area) of pressure-outlet 19.

 Reversed flow on 177 faces (34.6% area) of pressure-outlet 18.

  iter  continuity  x-velocity  y-velocity  z-velocity     time/iter
  3466  1.5085e-06  6.7036e-09  6.6261e-09  6.5207e-09  0:00:56   34

 Reversed flow on 51 faces (24.7% area) of pressure-outlet 19.

 Reversed flow on 177 faces (34.6% area) of pressure-outlet 18.
  3467  1.2128e-06  5.1973e-09  5.3791e-09  5.7888e-09  0:00:55   33

 Reversed flow on 51 faces (24.7% area) of pressure-outlet 19.

 Reversed flow on 177 faces (34.6% area) of pressure-outlet 18.
  3468  1.2435e-06  5.6359e-09  5.4200e-09  5.9453e-09  0:00:53   32

 Reversed flow on 51 faces (24.7% area) of pressure-outlet 19.

 Reversed flow on 177 faces (34.6% area) of pressure-outlet 18.
  3469  1.1562e-06  5.1492e-09  4.9080e-09  5.6064e-09  0:00:51   31

 Reversed flow on 51 faces (24.7% area) of pressure-outlet 19.

 Reversed flow on 177 faces (34.6% area) of pressure-outlet 18.
  3470  1.5330e-06  6.8542e-09  6.6637e-09  6.4617e-09  0:00:50   30

 Reversed flow on 51 faces (24.7% area) of pressure-outlet 19.

 Reversed flow on 177 faces (34.6% area) of pressure-outlet 18.
  3471  1.2483e-06  5.4195e-09  5.4722e-09  5.9487e-09  0:00:48   29

 Reversed flow on 51 faces (24.7% area) of pressure-outlet 19.

 Reversed flow on 177 faces (34.6% area) of pressure-outlet 18.
  3472  1.2962e-06  5.9161e-09  5.5626e-09  6.3748e-09  0:00:46   28

 Reversed flow on 51 faces (24.7% area) of pressure-outlet 19.

 Reversed flow on 177 faces (34.6% area) of pressure-outlet 18.
  3473  1.2235e-06  5.4832e-09  5.0946e-09  6.3070e-09  0:00:45   27

 Reversed flow on 51 faces (24.7% area) of pressure-outlet 19.

 Reversed flow on 177 faces (34.6% area) of pressure-outlet 18.
  3474  1.6135e-06  7.2298e-09  6.8953e-09  7.3981e-09  0:00:43   26

 Reversed flow on 51 faces (24.7% area) of pressure-outlet 19.

 Reversed flow on 177 faces (34.6% area) of pressure-outlet 18.
  3475  1.3383e-06  5.8487e-09  5.7501e-09  7.0264e-09  0:00:41   25

 Reversed flow on 51 faces (24.7% area) of pressure-outlet 19.

 Reversed flow on 177 faces (34.6% area) of pressure-outlet 18.
  3476  1.3911e-06  6.3703e-09  5.8651e-09  7.4193e-09  0:00:40   24

 Reversed flow on 51 faces (24.7% area) of pressure-outlet 19.

 Reversed flow on 177 faces (34.6% area) of pressure-outlet 18.

  iter  continuity  x-velocity  y-velocity  z-velocity     time/iter
  3477  1.3213e-06  5.9651e-09  5.4254e-09  7.2032e-09  0:00:38   23

 Reversed flow on 51 faces (24.7% area) of pressure-outlet 19.

 Reversed flow on 177 faces (34.6% area) of pressure-outlet 18.
  3478  1.7051e-06  7.7197e-09  7.2417e-09  8.0706e-09  0:00:36   22

 Reversed flow on 51 faces (24.7% area) of pressure-outlet 19.

 Reversed flow on 177 faces (34.6% area) of pressure-outlet 18.
  3479  1.4191e-06  6.3043e-09  6.0835e-09  7.4833e-09  0:00:35   21

 Reversed flow on 51 faces (24.7% area) of pressure-outlet 19.

 Reversed flow on 177 faces (34.6% area) of pressure-outlet 18.
  3480  1.4389e-06  6.7503e-09  6.1533e-09  7.5632e-09  0:00:33   20

 Reversed flow on 51 faces (24.7% area) of pressure-outlet 19.

 Reversed flow on 177 faces (34.6% area) of pressure-outlet 18.
  3481  1.3249e-06  6.2515e-09  5.6429e-09  6.9780e-09  0:00:31   19

 Reversed flow on 51 faces (24.7% area) of pressure-outlet 19.

 Reversed flow on 177 faces (34.6% area) of pressure-outlet 18.
  3482  1.6665e-06  7.8775e-09  7.3604e-09  7.4982e-09  0:00:30   18

 Reversed flow on 51 faces (24.7% area) of pressure-outlet 19.

 Reversed flow on 177 faces (34.6% area) of pressure-outlet 18.
  3483  1.3399e-06  6.2971e-09  6.0589e-09  6.5635e-09  0:00:28   17

 Reversed flow on 51 faces (24.7% area) of pressure-outlet 19.

 Reversed flow on 177 faces (34.6% area) of pressure-outlet 18.
  3484  1.3283e-06  6.5749e-09  5.9821e-09  6.4300e-09  0:00:26   16

 Reversed flow on 51 faces (24.7% area) of pressure-outlet 19.

 Reversed flow on 177 faces (34.6% area) of pressure-outlet 18.
  3485  1.1956e-06  5.9330e-09  5.3489e-09  5.7905e-09  0:00:25   15

 Reversed flow on 51 faces (24.7% area) of pressure-outlet 19.

 Reversed flow on 177 faces (34.6% area) of pressure-outlet 18.
  3486  1.5330e-06  7.4355e-09  6.9822e-09  6.3901e-09  0:00:23   14

 Reversed flow on 51 faces (24.7% area) of pressure-outlet 19.

 Reversed flow on 177 faces (34.6% area) of pressure-outlet 18.
  3487  1.2045e-06  5.7483e-09  5.6118e-09  5.5646e-09  0:00:21   13

 Reversed flow on 51 faces (24.7% area) of pressure-outlet 19.

 Reversed flow on 177 faces (34.6% area) of pressure-outlet 18.

  iter  continuity  x-velocity  y-velocity  z-velocity     time/iter
  3488  1.2004e-06  5.9870e-09  5.5096e-09  5.5845e-09  0:00:20   12

 Reversed flow on 51 faces (24.7% area) of pressure-outlet 19.

 Reversed flow on 177 faces (34.6% area) of pressure-outlet 18.
  3489  1.0904e-06  5.3759e-09  4.9217e-09  5.1551e-09  0:00:18   11

 Reversed flow on 51 faces (24.7% area) of pressure-outlet 19.

 Reversed flow on 177 faces (34.6% area) of pressure-outlet 18.
  3490  1.4529e-06  6.9468e-09  6.6305e-09  5.9638e-09  0:00:17   10

 Reversed flow on 51 faces (24.7% area) of pressure-outlet 19.

 Reversed flow on 177 faces (34.6% area) of pressure-outlet 18.
  3491  1.1506e-06  5.3207e-09  5.3525e-09  5.5024e-09  0:00:15    9

 Reversed flow on 51 faces (24.7% area) of pressure-outlet 19.

 Reversed flow on 177 faces (34.6% area) of pressure-outlet 18.
  3492  1.1768e-06  5.6495e-09  5.3653e-09  5.9147e-09  0:00:13    8

 Reversed flow on 51 faces (24.7% area) of pressure-outlet 19.

 Reversed flow on 177 faces (34.6% area) of pressure-outlet 18.
  3493  1.1061e-06  5.1521e-09  4.8999e-09  5.8727e-09  0:00:12    7

 Reversed flow on 51 faces (24.7% area) of pressure-outlet 19.

 Reversed flow on 177 faces (34.6% area) of pressure-outlet 18.
  3494  1.5074e-06  6.8311e-09  6.7086e-09  6.9380e-09  0:00:10    6

 Reversed flow on 51 faces (24.7% area) of pressure-outlet 19.

 Reversed flow on 177 faces (34.6% area) of pressure-outlet 18.
  3495  1.2346e-06  5.2938e-09  5.4978e-09  6.4861e-09  0:00:08    5

 Reversed flow on 51 faces (24.7% area) of pressure-outlet 19.

 Reversed flow on 177 faces (34.6% area) of pressure-outlet 18.
  3496  1.2761e-06  5.7209e-09  5.5599e-09  6.8331e-09  0:00:07    4

 Reversed flow on 51 faces (24.7% area) of pressure-outlet 19.

 Reversed flow on 177 faces (34.6% area) of pressure-outlet 18.
  3497  1.2091e-06  5.3073e-09  5.1095e-09  6.6378e-09  0:00:05    3

 Reversed flow on 51 faces (24.7% area) of pressure-outlet 19.

 Reversed flow on 177 faces (34.6% area) of pressure-outlet 18.
  3498  1.6048e-06  7.0344e-09  6.9109e-09  7.4999e-09  0:00:03    2

 Reversed flow on 51 faces (24.7% area) of pressure-outlet 19.

 Reversed flow on 177 faces (34.6% area) of pressure-outlet 18.

  iter  continuity  x-velocity  y-velocity  z-velocity     time/iter
  3499  1.3139e-06  5.5451e-09  5.6839e-09  6.8192e-09  0:00:02    1

 Reversed flow on 51 faces (24.7% area) of pressure-outlet 19.

 Reversed flow on 177 faces (34.6% area) of pressure-outlet 18.
  3500  1.3343e-06  6.0153e-09  5.7276e-09  6.9255e-09  0:00:00    0

> 
adjoint/                parallel/               server/
define/                 parametric-study/       solve/
display/                plot/                   surface/
exit                    preferences/            turbo-setup/
file/                   print-license-usage     views/
mesh/                   report/

> ; ===========================================================
; DATA EXPORT
; ===========================================================

adjoint/                parallel/               server/
define/                 parametric-study/       solve/
display/                plot/                   surface/
exit                    preferences/            turbo-setup/
file/                   print-license-usage     views/
mesh/                   report/

> /surface/zone-surface interior-data fluid_domain

> 
adjoint/                parallel/               server/
define/                 parametric-study/       solve/
display/                plot/                   surface/
exit                    preferences/            turbo-setup/
file/                   print-license-usage     views/
mesh/                   report/

> ; Save case and data
/file/write-case-data "results/coronary2/Re350/bifurcation_Re350.cas.h5"Fast-loading "C:\PROGRA~1\ANSYSI~1\v252\fluent\fluent25.2.0\\addons\afd\lib\hdfio.bin"
Done.

Writing to DESKTOP-BBN4MI6:"C:\Users\radie\Desktop\1_TrainingSIMS\realvesselSIM2\results/coronary2/Re350/bifurcation_Re350.cas.h5" in NODE0 mode and compression level 1 ...
Grouping cells for Laplace smoothing ...
      700623 cells,     1 zone  ...
     1564982 faces,     5 zones ...
      256491 nodes,     1 zone  ...
  Done.
Done.

Writing to DESKTOP-BBN4MI6:"C:\Users\radie\Desktop\1_TrainingSIMS\realvesselSIM2\results/coronary2/Re350/bifurcation_Re350.dat.h5" in NODE0 mode and compression level 1 ...
  Writing results.
Done.


> 
adjoint/                parallel/               server/
define/                 parametric-study/       solve/
display/                plot/                   surface/
exit                    preferences/            turbo-setup/
file/                   print-license-usage     views/
mesh/                   report/

> ; Export interior field data
/file/export/ascii "results/coronary2/Re350/interior_full_Re350.csv" interior-data () no x-coordinate y-coordinate z-coordinate pressure x-velocity y-velocity z-velocity velocity-magnitude ()

Location/Cell-Centered?,
if Cell-Centered not chosen, node values of scalars are reported [no] ; Respond to the single prompt:
; Location/Cell-Centered? [no]
no

Writing "results/coronary2/Re350/interior_full_Re350.csv"...

Writing information to ascii file ...
Done.


> 
adjoint/                parallel/               server/
define/                 parametric-study/       solve/
display/                plot/                   surface/
exit                    preferences/            turbo-setup/
file/                   print-license-usage     views/
mesh/                   report/

> ; Export wall data
/file/export/ascii "results/coronary2/Re350/wall_data_Re350.csv" wall-fluid_domain () no x-coordinate y-coordinate z-coordinate pressure wall-shear x-wall-shear y-wall-shear z-wall-shear ()

Location/Cell-Centered?,
if Cell-Centered not chosen, node values of scalars are reported [no] ; Location/Cell-Centered? [no]
no

Writing "results/coronary2/Re350/wall_data_Re350.csv"...

Writing information to ascii file ...
Done.


> 
adjoint/                parallel/               server/
define/                 parametric-study/       solve/
display/                plot/                   surface/
exit                    preferences/            turbo-setup/
file/                   print-license-usage     views/
mesh/                   report/

> ; Export outlet data
/file/export/ascii "results/coronary2/Re350/outlets_Re350.csv" outlet_1 outlet_2 () no x-coordinate y-coordinate z-coordinate pressure velocity-magnitude ()

Location/Cell-Centered?,
if Cell-Centered not chosen, node values of scalars are reported [no] ; Location/Cell-Centered? [no]
no

Writing "results/coronary2/Re350/outlets_Re350.csv"...

Writing information to ascii file ...
Done.


> 
adjoint/                parallel/               server/
define/                 parametric-study/       solve/
display/                plot/                   surface/
exit                    preferences/            turbo-setup/
file/                   print-license-usage     views/
mesh/                   report/

> /exit 
Posting ANSYS Product Improvement Program performance data 
Done.
Auto-Transcript Stop Time:  10:18:44, 25 Feb 2026 E. Australia Standard Time 
Total Transcript Time: 1 Hour 39 Minute 21 Second.

Automatic transcript closed.
